Station_Name,Long,Medium,Short,Total_Trains
CST-MUMBAI,83,11,933,1027
KALYAN JN,229,19,580,828
THANE,134,17,645,796
SEALDAH,42,24,679,745
CHENNAI BEAC,0,0,738,738
HOWRAH JN.,177,62,460,699
DADAR,100,25,473,598
DUM DUM JN.,2,14,447,463
KURLA,0,0,462,462
TAMBARAM,48,18,368,434
VIJAYWADA JN,333,36,47,416
GHAT KOPAR,0,0,406,406
BIDHANNAGAR,10,2,392,404
PANVEL,109,4,287,400
MULUND,0,0,393,393
MUMBAI (MATU,0,0,393,393
MUMBAI (BYCU,0,0,392,392
LUCKNOW JN.,287,45,53,385
KANPUR CENTR,297,36,50,383
VADODARA JN.,314,26,36,376
BHANDUP,0,0,373,373
VIKHROLI,0,0,370,370
VIDYAVIHAR,0,0,356,356
NEW DELHI,193,52,111,356
NAHUR,0,0,355,355
MUMBAI(PAREL,0,0,346,346
MUMBAI (CHIN,0,0,344,344
MUMBAI (MASJ,0,0,344,344
MUMBAI SANDH,0,0,344,344
MUMBAI CURRE,0,0,344,344
PERAMBUR,30,16,296,342
BANDEL JN.,54,40,231,325
BARDDHAMAN J,123,41,155,319
SURAT,262,42,12,316
KHARAGPUR,168,53,88,309
CHENNAI EGMO,70,18,221,309
NAIHATI JN.,32,28,247,307
LILUAH,0,1,305,306
AHMEDABAD,240,33,32,305
BALLYGUNGE J,0,0,300,300
BHUSAVAL JN.,280,18,0,298
BELUR,0,0,295,295
VILLIVAKKAM,0,0,293,293
MUGHAL SARAI,259,17,16,292
ITARSI,277,14,0,291
AVADI,2,0,289,291
SECUNDERABAD,147,40,101,288
AMBATTUR,0,0,281,281
PUNE JN.,193,17,68,278
AMBALA CANTT,175,57,42,274
VEYSARPADI,0,0,274,274
BASIN BRIDGE,0,1,267,268
DOMBIVLI,0,0,267,267
MOOR MARKET,0,0,267,267
SHRIRAMPUR,11,4,251,266
SEORAPHULI J,8,10,247,265
DIVA JN,0,4,261,265
BARRACKPORE,4,20,240,264
ASANSOL MAIN,172,28,63,263
GHAZIABAD JN,131,39,92,262
CHENGALPATTU,59,22,173,254
NAGPUR JN.(C,239,7,6,252
HAZRAT NIZAM,168,12,69,249
KALVA,0,0,248,248
KOPAR,0,0,248,248
MUMBRA,0,0,248,248
BHUBANESWAR,208,26,14,248
PATNA JN.,137,40,69,246
JHANSI JN,222,21,3,246
KATPADI JN,181,44,20,245
PATTABIRAM E,0,0,244,244
ANAND JN.,163,20,60,243
DELHI JN.,76,42,122,240
BHOPAL,221,14,4,239
MORADABAD JN,165,25,48,238
BALLY,0,2,236,238
UTTARPARA,0,0,238,238
KHURDA ROAD,198,18,20,236
SONARPUR JN.,0,0,235,235
LUDHIANA JN.,159,44,32,235
KONNAGAR,0,0,235,235
VISAKHAPATNA,199,23,11,233
VELACHEERY,0,0,233,233
RISHRA,0,0,233,233
HINDMOTOR,0,0,231,231
VARANASI JN.,185,31,14,230
THIRUMAYILAI,0,0,230,230
SANTRAGACHI,75,25,130,230
ARAKKONAM JN,74,33,120,227
AMBERNATH,2,2,221,225
RAJAHMUNDRY,197,11,12,220
GORAKHPUR JN,152,17,50,219
BELGHARIA,0,2,217,219
SODPUR,0,2,217,219
JADABPUR,0,0,217,217
DHAKURIA,0,0,217,217
ST. THOMAS M,0,0,217,217
GARIA,0,0,217,217
.BAGHAJATIN,0,0,217,217
KODAMBAKKAM,0,0,214,214
PALLAVARAM,0,0,214,214
ERODE JN.,169,25,20,214
MANMAD JN.,186,23,3,212
MATHURA JN.,160,16,36,212
KHARDAHA,0,1,209,210
SALEM JN.,168,22,20,210
TITA GARH,2,0,208,210
AGARPARA,0,0,210,210
TIRUVALLUR,6,8,195,209
RANAGHAT JN.,0,18,189,207
TRICHUR,170,19,17,206
ALLAHABAD JN,182,11,12,205
GUDUR JN.,178,10,15,203
SHYAM NAGAR,2,2,196,200
NARENDRAPUR,0,0,200,200
ONGOLE,178,12,8,198
JOLARPETTAI,155,32,10,197
RENIGUNTA JN,170,7,20,197
MAMBALAM,14,8,174,196
NELLORE,175,10,10,195
RAVLI JN,0,0,192,192
CHENNAI CENT,144,39,9,192
KOTA,164,19,6,189
CUTTACK JN.,154,17,18,189
ICHHAPUR,2,2,184,188
TIRUNINRAVUR,0,0,186,186
KACHEGUDA,65,16,105,186
PALTA,0,0,186,186
COIMBATORE,140,24,22,186
YESVANTPUR J,134,34,18,186
THAKURLI,0,0,185,185
VASHI,0,0,185,185
KORATTUR,0,0,184,184
THIRUMULLAIV,0,0,184,184
ANNANUR,0,0,184,184
PATTARAVAKKA,0,0,184,184
KANKINARA,2,1,181,184
VIZIANAGARAM,163,11,9,183
RAIPUR JN.,140,19,24,183
TIRUCHIRAPPA,76,32,75,183
JAIPUR JN.,152,24,4,180
BARAUNI JN.,135,18,26,179
QUILON,132,17,30,179
JABALPUR,158,18,2,178
BARASAT JN.,0,0,178,178
NADIAD JN.,131,20,26,177
AGRA CANTT,148,8,20,176
SAMASTIPUR J,121,16,36,173
CHANDAN NAGA,10,6,157,173
CHUCHURA,6,8,157,171
RATLAM JN,143,10,18,171
GUINDY,0,0,170,170
BAREILLY JN.,140,20,10,170
SAIDAPET,0,0,169,169
TIRUSULAM,0,0,169,169
CHENNAI PARK,0,0,169,169
BILASPUR JN.,128,21,20,169
MINAMBAKKAM,0,0,169,169
CHENNAI CHET,0,0,169,169
NUNGAMBAKKAM,0,0,169,169
CHENNAI FORT,0,0,169,169
PALAVANTHANG,0,0,169,169
CHROMEPET,0,0,168,168
TAMBARAM SAN,0,0,168,168
VAPI,131,26,10,167
KRANTIVIRA S,74,36,57,167
KANCHRAPARA,0,12,154,166
KALYANI JN.,0,12,154,166
KATNI,143,22,0,165
KIUL JN.,112,17,35,164
ALWAYE,138,16,10,164
KARJAT,57,5,102,164
DURG,124,11,28,163
SATNA,145,14,4,163
PALAKKAD JN,140,10,12,162
DUMDUM CANTO,0,0,161,161
BEGAMPET,34,10,116,160
TIRUPPUR,136,18,6,160
JALANDHAR CI,76,28,56,160
LINGAMPALLI,32,12,116,160
GWALIOR JN,140,14,6,160
BIRATI,0,0,159,159
MADHYAM GRAM,0,0,159,159
DURGAPUR,114,19,25,158
GAYA JN.,94,17,47,158
JAGADAL,1,0,157,158
LONAVLA,102,5,50,157
BARUIPUR JN.,0,0,156,156
SAHARANPUR J,96,29,31,156
JASIDIH JN.,102,12,42,156
CHHAPRA JN.,127,10,18,155
BHARUCH JN.,117,28,10,155
HINDU COLLEG,0,0,155,155
PATTABIRAM W,0,0,155,155
TITVALA,0,2,153,155
BALHARSHAH,138,12,4,154
PATNA SAHEB,100,24,30,154
BALASORE,125,15,12,152
KAYANKULAM J,114,15,23,152
SAMALKOT JN.,137,11,4,152
WARANGAL,126,18,7,151
NEW JALPAIGU,129,8,14,151
MUZAFFARPUR,111,8,30,149
ELURU,135,9,4,148
HALISAHAR,0,5,143,148
TIRUPATI,102,22,23,147
BADLAPUR,2,2,143,147
BINA,119,18,10,147
MALLIKPUR,0,0,146,146
SUBHASGRAM,0,0,146,146
BERHAMPUR,131,7,7,145
JALGAON JN.,135,10,0,145
BHADRESHWAR,0,0,144,144
BAIDYABATI,0,0,144,144
DURGANAGAR,0,0,144,144
TENALI JN.,97,16,30,143
BORIVLI,112,23,8,143
HOOGHLY,0,0,143,143
MANKUNDU,0,0,143,143
KHANDWA JN.,136,2,4,142
SHORANUR JN.,98,19,25,142
TATANAGAR JN,88,16,37,141
GONDIA JN.,100,15,26,141
ANAND VIHAR,85,6,49,140
HRIDAYPUR,0,0,139,139
VALSAD,94,34,11,139
LOKMANYA TIL,137,2,0,139
NASIK ROAD,121,16,2,139
DAUND JN.,105,16,17,138
NEW BARRACKP,0,0,137,137
ERNAKULAM. J,89,14,34,137
BISHARPARA-K,0,0,137,137
MECHEDA,16,9,111,136
KATIHAR JN.,69,22,45,136
GONDA JN.,112,15,8,135
KRISHNA RAJA,72,28,35,135
SAWAI MADHOP,123,12,0,135
JALANDHAR CA,99,11,25,135
ULUBARIA,8,6,120,134
AKOLA JN.,122,12,0,134
HAJIPUR JN.,105,10,18,133
CHAKDAHA,0,12,121,133
VILLUPURAM J,77,33,23,133
RAMPUR HAT,70,28,33,131
BHADRAKH,106,15,9,130
KISHANGANJ,111,16,2,129
PANSKURA,19,16,94,129
REWARI JN.,62,42,25,129
SHAHJAHANPUR,87,14,28,129
AMRITSAR JN.,73,24,30,127
AJMER JN.,105,14,8,127
NAGDA JN,106,8,12,126
VASAI ROAD,102,5,19,126
MALDA TOWN,92,26,8,126
KAZIPET JN.,93,25,7,125
HAFIZPETA,2,8,114,124
UJJAIN JN,104,8,12,124
JHARSUGUDA J,107,9,8,124
MADHUPUR JN.,92,10,20,122
BADNERA JN.,100,6,16,122
BAGNAN,6,8,108,122
SAHIBABAD,12,15,94,121
GUNTAKAL JN.,103,12,6,121
SIMURALI,0,4,117,121
ERNAKULAM TO,98,13,10,121
NEW BONGAIGA,99,16,6,121
ROYAPURAM,0,0,120,120
WASHERMANPET,0,0,120,120
GUWAHATI,79,24,16,119
TUNDLA JN,94,10,14,118
PANIPAT JN.,65,19,34,118
HYDERABAD DE,38,14,66,118
MAHESANA JN,90,6,22,118
FALAKNUMA,4,13,101,118
MOKAMA JN.,74,24,20,118
PUTTLUR,0,0,117,117
BANGARPET JN,55,20,42,117
VEPPAMPATTU,0,0,117,117
SEVVAPET ROA,0,0,117,117
KOTTAYAM,90,11,15,116
RAJENDRANAGA,44,20,52,116
SURENDRANAGA,85,11,20,116
DANAPUR,79,14,22,115
PAYRA DANGA,0,4,111,115
MADANPUR,0,4,111,115
VIRAMGAM JN,102,9,4,115
SOLAPUR,81,28,6,115
ANDUL,3,2,110,115
JHAJHA,94,6,14,114
CALICUT,88,18,8,114
MADGOAN JN.,92,8,14,114
BAKHTIYARPUR,66,24,24,114
ROURKELA,94,8,12,114
BAURIA JN,2,4,108,114
ARA,83,8,22,113
ULHASNAGAR,2,2,109,113
DANKUNI JN.,0,0,113,113
FARIDABAD,58,6,48,112
BAMANGACHHI,0,0,112,112
DATTAPUKUR,0,0,112,112
DHANBAD JN.,66,18,27,111
JAMMU TAWI,98,4,8,110
SITAFALMANDI,6,3,101,110
UNNAO JN.,60,18,32,110
PALPARA,0,1,108,109
HUBLI JN.,73,26,10,109
VITHALWADI,0,0,109,109
KANNUR,86,16,7,109
FULESWAR,2,2,105,109
HITECH CITY,0,0,108,108
BORABANDA,0,0,108,108
CHENGANNUR,86,11,11,108
GUNTUR JN.,56,23,29,108
NATURE CURE,0,0,108,108
PALANPUR JN,94,12,2,108
CHANDANAGAR,0,0,108,108
FATEHNAGAR,0,0,108,108
PALASA,92,11,5,108
BHARATNAGAR,0,0,108,108
BEAS JN,68,24,16,108
TILAK BRIDGE,1,7,99,107
BARA BANKI J,80,13,14,107
KAMAKHYA JN,81,16,10,107
IGATPURI,92,12,2,106
SONPUR JN.,79,6,20,105
JODHPUR JN.,82,21,2,105
SHIVAJI BRID,0,6,99,105
KORUKKUPET,0,1,103,104
TIRUVOTTIYUR,0,1,103,104
ENNORE,0,1,103,104
TONDIARPET,0,1,103,104
TIRUVALLA,82,11,11,104
CHENGEL,2,0,101,103
MALAKPET,4,9,90,103
SANKRAIL,1,0,102,103
BASTI,91,4,8,103
NALPUR,2,0,101,103
MINJUR,0,1,101,102
ROHTAK JN.,35,22,45,102
ATTIPATTU,0,1,101,102
PONNERI,0,1,101,102
MADURAI JN,66,20,16,102
ADRA,28,30,44,102
DELHI-SHAHDA,14,23,65,102
TRIVANDRUM C,73,15,14,102
JAJPUR KEONJ,84,13,5,102
DABIR PURA,4,7,90,101
ATTIPATTU PU,0,1,100,101
HUPPUGUDA,4,7,90,101
BUXAR,87,8,6,101
YAKUT PURA,4,7,90,101
DUVVADA,89,8,4,101
KOLAGHAT,2,0,99,101
DEULTI,2,0,98,100
ABU ROAD,94,4,2,100
PURNA  JN.,78,19,3,100
MAJERHAT,0,0,100,100
HABIBGANJ,94,6,0,100
PHULERA JN.,83,14,2,99
KHAGARIA JN.,55,18,26,99
VIDYA NAGAR,2,3,94,99
KOLKATA,56,12,31,99
ALIGARH JN.,70,9,20,99
JAMAI-OSMANI,2,3,94,99
ARTS COLLAGE,2,3,94,99
JAMALPUR JN.,42,16,41,99
BELAPUR C.B.,0,0,99,99
NANDED,80,14,5,99
SIWAN JN.,67,4,28,99
BANGALORE CA,51,20,28,99
KHAMMAM,82,10,6,98
SIRPURKAGHAZ,84,11,3,98
RAMRAJATALA,1,0,97,98
NSC BOSE J G,62,24,12,98
KULGACHIA,2,0,96,98
PURI,77,11,10,98
BANDRA TERMI,92,4,2,98
BIRSHIBPUR,2,0,96,98
GUMMIDIPUNDI,2,1,95,98
KALINARAYANP,0,11,87,98
GANGPUR,0,0,97,97
NEW COOCH BE,79,12,6,97
SAKTI GARH J,0,0,97,97
TIKIAPARA,0,0,96,96
RAJKOT,75,13,8,96
BANGAON JN.,0,0,96,96
MERTA ROAD J,66,4,26,96
DASHNAGAR,0,0,95,95
BHARATPUR JN,71,12,12,95
RATNAGIRI,89,6,0,95
INDORE BG,59,7,28,94
MARWAR JN.,84,8,2,94
DAHANU ROAD,26,16,52,94
RANGIYA JN.,60,18,16,94
CHIRALA,76,12,6,94
KAVARAIPPETT,0,1,93,94
PATHANKOT CA,85,2,6,93
SRIKAKULAM R,83,7,3,93
KADAMBATTUR,0,0,93,93
GHORAGHATA,0,0,93,93
DARBHANGA JN,56,10,26,92
WARDHA JN.,80,4,8,92
DHARMAVARAM,86,4,2,92
BARSOI JN.,62,18,12,92
GUMA,0,0,91,91
ASHOKNAGAR R,0,0,91,91
DELHI CANTT,51,18,22,91
BIRA,0,0,91,91
MIDNAPORE,22,26,43,91
ARSIKERE JN.,55,30,6,91
HABRA,0,0,91,91
DINDIGUL JN,66,18,6,90
ABADA,1,0,89,90
ANKLESHWAR J,65,17,8,90
KATWA JN.,16,16,58,90
CHITTARANJAN,70,10,10,90
GURGAON,49,18,22,89
BOLPUR,47,26,16,89
PHAGWARA JN.,56,22,11,89
GOOTY JN.,87,0,2,89
DAHOD,74,4,10,88
BETUL,82,2,4,88
TIRUNELVELI,44,13,30,87
DEORIA SADAR,75,6,6,87
RANCHI,42,33,12,87
BHOGPUR,2,0,85,87
MURI,44,33,10,87
MIRAJ JN.,54,14,18,86
NEW ALIPUR (,0,0,85,85
ROORKEE,60,19,6,85
TIRUVALANGAD,0,0,85,85
NAVSARI,50,30,5,85
NEW FARAKKA,59,22,4,85
FATUHA,39,16,30,85
BHATAPARA,66,13,5,84
KURUKSHETRA,36,21,27,84
TADEPALLI GU,71,9,4,84
SHAKUR BASTI,19,14,51,84
GULBARGA,65,12,7,84
ANANTAPUR,78,4,2,84
KODERMA,60,10,13,83
LAKE GARDENS,0,0,83,83
TOLLY GANJ,0,0,83,83
PIPARIYA,75,8,0,83
KASARAGOD,73,5,5,83
RAJPURA JN.,43,26,14,83
HARIDWAR JN,45,28,10,83
RAMGUNDAM,68,11,3,82
BATHINDA JN,30,33,19,82
CHANDRAPUR (,78,2,2,82
PARBHANI JN.,66,13,3,82
DEHRI-ON-SON,58,12,12,82
MALKAJGIRI,34,5,43,82
FAIZABAD JN.,62,10,10,82
SASARAM,60,8,14,82
LAKSHMIKANTA,0,0,81,81
RAE BARELI J,42,17,22,81
DELHI-SARAI,43,18,20,81
TUMKUR,52,20,8,80
TIRUR,58,17,5,80
AZIMGANJ JN.,16,22,42,80
FALNA,75,4,0,79
WIMCO NAGAR,0,0,79,79
KOPARGAON,71,8,0,79
ANDAL JN.,25,17,37,79
KATHIVAKKAM,0,0,79,79
BHAGALPUR,40,18,20,78
PURULIA JN.,30,23,25,78
ANUPPAMBATTU,0,0,78,78
ASANGAON,0,2,76,78
VASIND,0,2,76,78
KRISHNA NAGA,0,18,60,78
AMBIVLI,0,2,76,78
CHAKARADHARP,62,6,10,78
SHAHAD,0,2,76,78
MANGALORE JN,64,6,8,78
BANKURA,26,28,24,78
LUCKEESARAI,42,13,23,78
KHADAVALI,0,2,76,78
GODHRA JN.,60,2,15,77
LAKSAR JN.,56,17,4,77
WADI JN.,63,12,2,77
MIRZAPUR,69,2,6,77
MYSORE JN.,30,16,30,76
BALLIA,60,6,10,76
RAICHUR,68,6,2,76
NANDIYAMBAKK,0,0,76,76
AUNRIHAR JN.,39,16,21,76
NERAL,2,0,74,76
BALUGAN,62,7,6,75
MACHHALANDAP,0,0,75,75
TIRUTTANI,27,3,45,75
DELHI-KISHAN,11,12,52,75
GOBARDANGA,0,0,75,75
RANI GANJ,35,15,25,75
MEERUT CITY,38,19,18,75
YAMUNANAGER,44,19,11,74
SAMBALPUR JN,56,12,6,74
SULLURUPETTA,29,5,40,74
SAUGOR,66,6,2,74
SAINTHIA JN.,26,26,22,74
BHATNI JN.,50,6,18,74
BIRUR JN.,41,28,4,73
MANKAPUR JN.,53,8,12,73
NIZAMABAD,53,5,15,73
BEGU SARAI,45,16,12,73
DHONE JN,63,6,4,73
KAMARKUNDU J,4,4,65,73
PUNDOOAH,3,3,67,73
ETAWAH,53,8,12,73
VANGANI,0,0,73,73
BHIVPURI ROA,0,0,73,73
HATHIDAH JN,39,19,14,72
CHAMPA JN.,48,11,13,72
ANAKAPALLE,60,8,4,72
NIDADAVOLU J,43,11,18,72
BARH,40,20,12,72
HARDOI,60,8,4,72
ANUPPUR JN.,48,20,4,72
NARSINGHPUR,64,8,0,72
TARAKESHWAR,0,0,72,72
MAVELIKARA,49,11,11,71
VIDISHA,61,8,2,71
MANIKPUR JN.,64,3,4,71
RAJNANDGAON,52,9,10,71
MAHBUBNAGAR,51,13,7,71
HAPUR JN.,41,16,14,71
PARTAPGARH J,40,17,14,71
NEW ALIPURDU,67,4,0,71
JANAI ROAD,0,0,71,71
WANKANER,51,7,12,70
JIND JN,21,20,29,70
THALASSERY,50,16,4,70
GOBRA,0,0,70,70
BEGAMPUR,0,0,70,70
SULTANPUR JN,48,8,14,70
VIRUDUNAGAR,49,13,8,70
NANDURBAR,63,6,1,70
BARUI PARA,0,0,70,70
NARAYAN PAKU,0,0,70,70
LALITPUR,62,6,2,70
MAGRA,1,3,66,70
PAKUR,47,12,10,69
KHALILABAD,59,2,8,69
GUDIVADA JN.,26,9,34,69
KHAIRATABAD,2,5,62,69
KOKRAJHAR,57,12,0,69
SINGUR,0,0,69,69
DEWAS,56,7,6,69
NANDAIGAJAN,0,0,69,69
BALLABGARH,19,2,48,69
DIARA,0,0,69,69
NASIBPUR,0,0,69,69
ALLEPPEY,44,8,16,68
AURANGABAD,55,10,3,68
NABADWIP DHA,16,16,36,68
TITLA GARH J,58,10,0,68
DAMOH,60,6,2,68
UDUPI,58,8,2,68
THANJAVUR JN,23,13,32,68
MALKAPUR,62,6,0,68
JAMES STREET,0,0,68,68
BOISAR,31,15,22,68
SANJIVAIAH P,0,0,68,68
THAKURNAGAR,0,0,67,67
JALNA,54,10,3,67
SEWAGRAM,61,4,2,67
KARUR JN.,42,11,14,67
KURNOOL TOWN,53,10,4,67
KARNAL,39,17,11,67
MEMARI,2,2,63,67
MAU JN.,42,10,15,67
KHANYAN,0,1,66,67
MUDKHED JN.,53,10,4,67
BOKARO STEEL,38,20,8,66
PANDHURNA,62,2,2,66
ORAI,60,6,0,66
SONIPAT,28,13,25,66
KURDUVADI JN,42,22,2,66
BELA NAGAR,0,0,66,66
HINDUPUR,62,0,4,66
SHIVAJINAGAR,10,2,54,66
BAINCHI,1,2,63,66
JAUNPUR JN.,46,6,14,66
CHANDIGARH,35,25,6,66
GANDHINAGAR,46,14,6,66
SIRHIND JN.,40,15,11,66
FIROZPUR CAN,14,12,40,66
CHITTAURGARH,41,14,10,65
BAPATIA,49,10,6,65
MALIYA,0,0,65,65
CHANDPARA,0,0,65,65
NALIKUL,0,0,65,65
NAJIBABAD JN,34,13,18,65
VRIDHA CHALA,43,14,8,65
MANSI JN.,25,18,22,65
KAMARKUNDU H,0,0,65,65
ADI SAPTAGRA,0,1,64,65
DAVANGERE,45,14,6,65
TALANDU,0,1,64,65
BANDIKUI JN.,47,12,6,65
BIKANER JN.,47,8,10,65
HARI PAL,0,0,65,65
CHANDANPUR,0,0,64,64
DHARWAD,47,11,6,64
MIRZAPUR BAN,0,0,64,64
KISHANGARH,54,10,0,64
BHABUA ROAD,50,8,6,64
KATHUA,58,2,4,64
BARHIYA,42,12,10,64
SIMHACHALAM,30,20,14,64
SHUJALPUR,56,6,2,64
PARVATIPURAM,54,6,4,64
DAKHINESWAR,18,0,46,64
LUMDING JN.,46,16,2,64
CHINCHVAD,14,2,48,64
PALWAL,14,2,48,64
BALARAMBATI,0,0,64,64
MANTHRALAYAM,62,2,0,64
SHAHDOL,48,16,0,64
SHAHGANJ JN.,51,6,6,63
AHMADNAGAR,57,4,2,63
NAGERCOIL JN,44,5,14,63
HAPA,53,8,2,63
BAHIR KHANDA,0,0,63,63
MADHUSUDANPU,0,0,63,63
ALWAR JN.,47,12,4,63
LOKNATH,0,0,63,63
MANINAGAR,26,15,22,63
DHURI JN.,32,25,6,63
KAIKALA,0,0,63,63
MAYILADUTURA,23,16,24,63
SIMLAGARH,0,0,62,62
KAWR,50,8,4,62
KHADKI,10,2,50,62
MANCHIRYAL,48,11,3,62
SANHATI,0,0,62,62
DEBIPUR,0,0,62,62
BUDGE BUDGE,0,0,62,62
ABHAIPUR,38,11,13,62
BRACE BRIDGE,0,0,62,62
AKRA,0,0,62,62
SANTOSH PUR,0,0,62,62
BAGILA,0,0,62,62
NANGI,0,0,62,62
BALICHAK,2,8,52,62
BAINCHI GRAM,0,0,62,62
MAKSI JN,48,9,4,61
SADAR BAZAR,1,4,56,61
RAJA-KI-MAND,45,4,12,61
RAMPUR,45,14,2,61
MAIHAR,47,14,0,61
VADAKARA,40,16,4,60
GUNA,46,10,4,60
VIKRABAD JN.,40,12,8,60
BIDYADHARPUR,0,0,60,60
KALIKAPUR,0,0,60,60
CHAMPAHATI,0,0,60,60
DEGANA JN.,54,4,2,60
BAHADURGARH,21,14,24,59
GHAZIPUR CIT,45,6,8,59
GHUTIARI SHA,0,0,59,59
KAMAREDDI,45,5,9,59
MAHBUBABAD,34,18,6,58
HAUR,2,4,52,58
HARDA,56,2,0,58
NECKLACE ROA,0,0,58,58
HISAR JN,18,38,2,58
CANNING,0,0,58,58
RAIGARH,47,7,4,58
DILDARNAGAR,40,8,10,58
AGRA  FORT,44,10,4,58
TALDI,0,0,58,58
ALIPUR DUAR,26,22,10,58
LAKDI KA PUL,0,0,58,58
RAYAGADA JN.,46,8,4,58
AYODHYA,40,10,8,58
TALEGAON,8,2,48,58
AMBALA CITY,26,18,14,58
NAUGACHIA,43,10,4,57
GURAP,0,0,57,57
GOURDAHA (HA,0,0,57,57
MORENA,49,6,2,57
BELMURI,0,0,57,57
GADWAL,43,12,2,57
VIRAR,6,13,38,57
RADHAMOHANPU,2,4,51,57
MUZAFFARNAGA,32,17,8,57
SULTANGANJ,28,16,13,57
PIALI,0,0,57,57
RAMGANJ MAND,49,2,6,57
KASARA,13,8,36,57
BHILAI POWER,30,8,19,57
CUDDAPAH,49,0,8,57
ADONI,55,2,0,57
MATHURAPUR R,0,0,56,56
SUBZI MANDI,26,9,21,56
CHANDRAPURA,28,22,6,56
HAJIGARH,0,0,56,56
DAYA BASTI,0,6,50,56
HOTAR,0,0,56,56
LUNI JN.,41,15,0,56
MAGRAHAT,0,0,56,56
TUGALAKABAD,8,0,48,56
NERUL,0,0,56,56
VIVEKANANDPU,0,6,50,56
BOLARUM,17,4,35,56
GANGAPUR CIT,46,10,0,56
GOCHARAN,0,0,56,56
BIRNAGAR,0,10,46,56
AMETHI,35,13,8,56
KALYANPUR,0,0,56,56
DHAPDHAPI,0,0,56,56
JAYNAGAR MAJ,0,0,56,56
MANGALORE CE,34,13,9,56
PORA BAZAR,0,0,56,56
KASGANJ JN.,22,8,26,56
AMBIKA KALNA,10,10,36,56
BAHARU F,0,0,56,56
TAHERPUR,0,10,46,56
DAKSHIN BARA,0,0,56,56
OTTAPPALAM,40,8,8,56
DAKSHIN DURG,0,0,56,56
SURJYAPUR,0,0,56,56
BADKULLA,0,10,46,56
KOVILPATTI,43,13,0,56
JAKHAL JN.,25,26,4,55
MASAGRAM,0,0,55,55
CHIPLUN,51,4,0,55
TUNI,42,8,5,55
HOGLAHALT E,0,0,55,55
VIVEK VIHAR,0,10,45,55
KAVALI,41,12,2,55
DURGAPURA,51,4,0,55
CHHEOKI,55,0,0,55
JAMNAGAR,45,8,2,55
NABAGRAM,0,0,54,54
YADGIR,51,3,0,54
UTTAR RADHAN,0,0,54,54
UDHNA JN.,26,22,6,54
BARHARWA JN.,24,10,20,54
DHAMUA,0,0,54,54
BASULDANGA,0,0,54,54
JAUGRAM,0,0,54,54
OKHLA,6,0,48,54
AMLA JN.,44,2,8,54
NETRA,0,0,54,54
MADHABPUR,0,0,54,54
SAHIBGANJ,26,12,16,54
PENDRA ROAD,44,8,2,54
SAGAULI JN.,30,2,22,54
KHUSROPUR,26,12,16,54
DEULA,0,0,54,54
PARASNATH,40,10,4,54
CHITTOOR,36,11,7,54
SATUR,43,11,0,54
JHAPANDANGA,0,0,54,54
DIAMOND HARB,0,0,54,54
BAYANA,38,10,6,54
PIMPRI,4,2,48,54
HARIHAR JN.,33,14,6,53
MAHEMADAVAD,17,14,22,53
GURUDAS NAGA,0,0,53,53
LONDA JN.,42,6,5,53
SABARMATI JN,37,4,12,53
PALGHAR,15,16,22,53
YERRA GUNTLA,49,0,4,53
BISHNUPUR,14,28,11,53
BELGAUM,39,6,8,53
CHANGANACHER,33,9,11,53
MEDCHAL,18,5,30,53
ACHHNERA JN.,32,6,14,52
RASULPUR,0,0,52,52
MELMARUVATHU,29,13,10,52
EGATTUR,0,0,52,52
PHILLAUR JN.,30,8,14,52
PALSIT,0,0,52,52
UDHAMPUR,44,2,6,52
BURHANPUR,50,2,0,52
PANA GARH,14,15,23,52
BETHERIA GHO,0,0,52,52
VARKALA,34,11,7,52
SRI KALAHAST,42,4,6,52
PATHANKOT JN,10,6,36,52
KHURJA JN,28,2,22,52
JANGHAI JN.,35,9,8,52
DEHU ROAD,4,2,46,52
AMROHA,29,12,10,51
THIVIM,41,2,8,51
PAYYANUR,43,5,3,51
MADPUR,2,2,46,50
WHITE FIELD,13,6,31,50
HOSHANGABAD,44,6,0,50
HAVERI,34,12,4,50
TINPAHAR JN.,16,8,26,50
BHIWANI JN.,16,20,14,50
JAMUI,34,6,10,50
GIRI MAIDAN,0,10,40,50
KHANA JN.,8,10,32,50
SAHARSA JN.,16,8,26,50
SHIKOHABAD J,34,8,8,50
NARKATIAGANJ,24,0,26,50
DONGAR GARH,28,9,13,50
YELAHANKA JN,42,2,6,50
JOYCHANDI PA,24,7,18,49
JALESWAR,30,12,7,49
VANCHI MANIY,30,11,8,49
GANJ BASODA,39,8,2,49
BELLAMPALLI,35,11,3,49
TIPTUR,29,18,2,49
FARIDABAD NE,1,0,48,49
DAUSA,39,8,2,49
CHATRAPUR,36,7,6,49
SHYAM CHAK,2,1,46,49
KHIRAI,1,0,48,49
KENGERI,20,6,22,48
KARUNAGAPPAL,22,11,15,48
MUMBAI CENTR,25,20,3,48
KESINGA,42,6,0,48
DAPODI,1,1,46,48
RANIBENNUR,32,12,4,48
DHENKANAL,38,8,2,48
ASAOTI,2,0,46,48
JAKPUR,2,0,46,48
BHIWANDI ROA,34,0,14,48
SAKHIGOPAL,32,6,10,48
ANGAMALI (FO,26,12,10,48
CHALISGAON J,38,4,6,48
SILIGURI JN.,16,20,12,48
GOKULPUR,0,8,40,48
MEGHNAGAR,42,2,4,48
NALGONDA,34,10,4,48
MIRYALAGUDA,32,10,6,48
AKURDI,1,1,46,48
SENJIPANAMBA,0,0,47,47
HATIA,28,16,3,47
CHALAKUDI,25,12,10,47
VARANASI CIT,18,16,13,47
MANAVUR,0,0,47,47
GYANPUR ROAD,36,4,7,47
VANIYAMBADI,31,14,2,47
NIDUBROLU,33,8,6,47
MOSUR,0,0,47,47
PULIYAMANGAL,0,0,47,47
DORNAKAL JN.,19,18,10,47
KADUR,17,28,2,47
DHANIOIAKHAL,0,0,47,47
KATNI MURWAR,41,6,0,47
SIBAICHANDI,0,0,47,47
BOBBILI JN.,30,4,12,46
KANHANGAD,38,5,3,46
AHMADPUR JN.,18,16,12,46
KASARWADI,0,0,46,46
BHAWANI MAND,44,2,0,46
BALANGIR,38,8,0,46
IRINJALAKUDA,24,12,10,46
NALHATI JN.,12,12,22,46
MUMBAI VADAL,0,0,46,46
HOJAI,30,14,2,46
AKALTARA,22,11,13,46
SEHORE,38,6,2,46
NIMO,0,0,46,46
LALKUA JN.,12,14,20,46
GHORAWADI,0,0,46,46
BALLY GHAT,0,0,46,46
BALLY HALT,0,0,46,46
ANGUL,38,6,2,46
AMALNER,40,6,0,46
BARANAGAR RO,0,0,46,46
BARGARH ROAD,38,8,0,46
GADAG JN.,34,12,0,46
KHAGRAGHAT R,12,12,22,46
LAHERIA SARA,24,8,14,46
PALLA ROAD,0,0,46,46
BHANDARA RD,33,5,8,46
SATARA,40,2,4,46
TANDUR,34,8,4,46
RAJCHANDRAPU,0,0,46,46
BARKAKANA,24,12,10,46
FARRUKHABAD,22,8,15,45
SALAR,11,12,22,45
DALSINGH SAR,31,10,4,45
DIMAPUR,33,10,2,45
HOOGHLY GHAT,2,1,42,45
GARIFA,2,1,42,45
MARIANI JN.,33,8,4,45
SOMPETA,37,7,1,45
BEGDAEWAI,0,0,45,45
PATLIPUTRA,25,8,12,45
NARWANA JN.,19,14,12,45
DEVLALI,32,10,2,44
LEBUTALA,0,0,44,44
GHOVARASH GH,0,0,44,44
NIHALGARH,34,4,6,44
SHAHABAD,30,12,2,44
NIMDANRI,0,0,44,44
BERCHHA,38,4,2,44
HARUA ROAD,0,0,44,44
GHORADONGRI,42,2,0,44
MANDYA,24,4,16,44
BAHIRA KALIB,0,0,44,44
BIHTA,22,8,14,44
NAGAUR,38,0,6,44
RATANAGARH J,20,10,14,44
JHARGRAM,6,12,26,44
BASIRHAT,0,0,44,44
BHASILA,0,0,44,44
KAZIPARA  HA,0,0,44,44
NAGARSOL,34,6,4,44
CHAMPAPUKUR,0,0,44,44
KANKRA MIRZA,0,0,44,44
KAREA KADAMB,0,0,44,44
BARPETA ROAD,30,8,6,44
BARIARPUR,20,14,10,44
SHAMGARH,42,2,0,44
BHYABLA,0,0,44,44
HASANABAD,0,0,44,44
MALATI PUR,0,0,44,44
DABRA,36,8,0,44
KUMBAKONAM,19,11,14,44
KUDAL,40,4,0,44
BAPUDHAM MOT,26,2,16,44
TILDA,26,13,5,44
BHIMAVARAM T,24,5,15,44
TAKI ROAD,0,0,44,44
FIROZABAD,34,4,6,44
BELIAGHATA R,0,0,44,44
KUTTIPPURAM,28,11,5,44
TUMSAR RD,25,5,14,44
MADHYAMPUR,0,0,44,44
UMARIA,32,12,0,44
SONDALIA,0,0,44,44
TADIPATRI,43,0,0,43
TAPRI JN.,13,13,17,43
BASAR,37,4,2,43
SHRI MATA VA,41,2,0,43
SHANTIPUR JN,0,0,43,43
BANGALORE EA,13,5,25,43
BAHIRPUYA HA,0,0,43,43
MAKRANA JN.,38,2,3,43
DIPHU,33,10,0,43
SANGRAMPUR,0,0,43,43
MUNIGUDA,36,4,2,42
KANPUR ANWAR,23,8,11,42
CHANDAUSI JN,22,8,12,42
BALA GARH,0,6,36,42
DHAULPUR,34,6,2,42
DIGHWARA,32,4,6,42
KAPTANGANJ J,20,2,20,42
PIDUGURALLA,28,9,5,42
DUMRAON,30,8,4,42
JIRAT,0,6,36,42
TALIT,2,8,32,42
DHAMANGAON,34,4,4,42
PRAYAG JN.,16,16,10,42
PURBA STHALI,0,6,36,42
PARPANANGADI,24,13,5,42
KHAMARGACHHI,0,6,36,42
BACHWARA JN.,16,12,14,42
DEOBAND,21,13,8,42
BHILWARA,30,8,4,42
BHIMAVARAM J,6,5,31,42
SADULPUR JN,20,20,2,42
RAZAMPETA,40,0,2,42
KOSI KALAN,21,2,19,42
SITARAMPUR J,8,12,22,42
SAKRI JN.,20,8,14,42
BANSH BARIA,0,6,36,42
TRIBENI,0,6,36,42
SOMRA BAZAR,0,6,36,42
ANAND NAGAR,13,11,18,42
KUNTIGHAT,0,6,36,42
GARWA ROAD J,22,16,4,42
ANUGRAH NARA,28,8,6,42
SHEGAON,36,6,0,42
AKBARPUR JN.,36,6,0,42
SHRI GANGANA,11,12,19,42
ANARA,6,15,21,42
NANGLOI,7,11,24,42
BAIRAGARH,34,6,2,42
GUPTIPARA,0,6,36,42
VINDHYACHAL,34,2,6,42
SHERTALAI,22,7,12,41
SIHORAROAD,27,14,0,41
BILIMORA JN.,11,25,5,41
SELU,35,6,0,41
SANGLI,35,2,4,41
SINGAPERUMAL,0,0,41,41
HIJLI,24,4,13,41
SAMUDRA GARH,0,5,36,41
KAIKALUR,23,5,13,41
DHATRI GRAM,0,5,36,41
BEAWAR,37,2,2,41
BHOJUDIH JN.,14,12,15,41
AKIVIDU,23,5,13,41
CHANDER NAGA,0,0,41,41
CHAPARMUKH J,23,10,8,41
PAKALA JN.,19,15,7,41
BADSHAHNAGAR,28,8,5,41
KODAIKKANAL,25,12,4,41
PALI MARWAR,39,2,0,41
DALKOLHA,25,16,0,41
PATAUDI ROAD,21,4,16,41
KAMSHET,2,2,37,41
GEDE,0,0,40,40
DUMURDAHA,0,5,35,40
INDARA JN.,14,8,18,40
HINDAUN CITY,30,10,0,40
DURAUNDHA JN,10,4,26,40
RAXAUL JN.,20,2,18,40
BETTIAH,24,0,16,40
ANNAVARAM,28,8,4,40
SAMAKHIYALI,36,4,0,40
SIMRI BAKHTI,14,8,18,40
SATTENAPALLE,28,9,3,40
GANDHIDHAM J,36,4,0,40
GARHI HARSAR,10,4,26,40
GHATSILA,10,14,16,40
AGRADWIP,0,4,36,40
GUSKARA,12,14,14,40
HABIBPUR,0,0,40,40
KARMALI,30,2,8,40
QUILANDI,26,10,4,40
DATIA,32,8,0,40
PATULI,0,4,36,40
TALCHER ROAD,30,8,2,40
DHUPGURI,36,2,2,40
PARTUR,34,6,0,40
DALTONGANJ,22,14,4,40
MADHIRA,24,10,6,40
NAILA,16,11,13,40
DAINHAT,0,4,36,40
PHULIA,0,0,40,40
LALAGUDA GAT,2,3,35,40
BAGHNAPARA,0,4,36,40
NOKHA,34,0,6,40
CHUNAR JN.,28,6,6,40
KUPPAM,17,14,8,39
KOSAMBA JN.,15,18,6,39
VADGAON,1,1,37,39
LAKSHMIPUR,0,3,36,39
PHULWARI SHA,8,8,23,39
PEDDAPALLI,21,11,7,39
BHANDARTIKUR,0,3,36,39
SHALIMAR,25,7,7,39
BURNPUR,14,7,18,39
BHADOHI,28,9,2,39
RAMANAGARAM,15,4,20,39
BELAPUR,34,4,1,39
BEHULA,0,4,35,39
JADCHARLA,23,11,5,39
WARIA,5,10,24,39
NEW TINSUKIA,29,2,8,39
KANKAVALI,34,4,0,38
JHALIDA,8,23,7,38
JAMTARA,18,10,10,38
BHAINA H,0,0,38,38
SAMPLA,6,10,22,38
KAHALGAON,20,12,6,38
RAGHUNATHPUR,14,10,14,38
ATGAON,0,2,36,38
DUAN,0,0,38,38
BELA,0,6,32,38
BAZARASU,6,10,22,38
JAYNAGAR,22,8,8,38
KALINAGAR,0,2,36,38
BELLARY JN.,30,6,2,38
SANGRUR,18,18,2,38
SINGARAYAKON,28,8,2,38
ZAFARABAD JN,20,4,14,38
NARKHER,30,4,4,38
BAHIRGACHHI,0,0,38,38
MAYURHAT,0,0,38,38
BIBHUTI BHUS,0,0,38,38
MADANMAHAL,25,8,5,38
BAGULA,0,0,38,38
NADIKUDE JN.,22,9,7,38
KANTABANJI,34,4,0,38
PULGAON JN.,30,4,4,38
TINDIVANAM,18,12,8,38
KOCHUVELI,28,3,7,38
BANPUR,0,0,38,38
MAGARWARA,0,6,32,38
ARANGHATA,0,0,38,38
GAURIGANJ,18,12,8,38
PODANUR JN.,24,4,10,38
KANPUR BRIDG,0,6,32,38
TARAK NAGAR,0,0,38,38
RAJGANGPUR,26,8,4,38
DEHRA DUN,22,14,2,38
BAREILLY CIT,2,6,30,38
PRANTIK,8,18,12,38
MAJHDIA,0,0,38,38
DHARMABAD,29,6,2,37
KANHE,0,0,37,37
JAGADHRI WOR,14,16,7,37
JANGAON,15,16,6,37
KAKINADA TOW,30,3,4,37
HARISH NAGAR,0,0,37,37
GOALPARA  TO,31,6,0,37
SAMALKHA,12,6,19,37
MAVLI JN.,19,14,4,37
BALAMAU JN.,21,4,12,37
BANKIMNAGAR,0,0,37,37
GUDUVANCHERI,0,0,37,37
SHASAN ROAD,0,0,37,37
IDGAH,15,8,14,37
RUTHIYAI JN,30,7,0,37
CHOPAN,16,18,3,37
PANCHBHERIA,0,0,37,37
KRISHNAMOHAN,0,0,37,37
KHARDI,0,1,36,37
BAIYYAPPANAH,4,2,31,37
MALUR,6,4,27,37
CHANDIL JN.,10,14,13,37
MALAVLI,0,0,37,37
KASHIPUR JN,4,7,26,37
WADAKANCHERI,20,7,9,36
CHAKIA,18,2,16,36
SAPHALE,3,12,21,36
BIJAPUR JN,18,14,4,36
VANDALUR,0,0,36,36
MURARAI,16,10,10,36
CHANCHAI,0,0,36,36
PALASDARI,0,0,36,36
MADHUBANI,20,8,8,36
KHANNA,24,6,6,36
KHACHROD,26,6,4,36
PATEL NAGAR,0,4,32,36
CHURU,20,10,6,36
UMDANAGAR,6,11,19,36
UMBERMALLI,0,0,36,36
BIHIYA,22,8,6,36
PHAPHAMAU JN,12,16,8,36
THANSIT,0,0,36,36
KATTANGULATH,0,0,36,36
PONMALAI (GO,0,7,29,36
KARAD,32,2,2,36
PILIBHIT JN.,0,0,36,36
ZAMANIA,24,8,4,36
GULZARBAGH,8,2,26,36
HINGANGHAT,32,2,2,36
BHAGAT-KI-KO,21,15,0,36
ASHOK NAGAR,24,8,4,36
KAJRA,14,9,13,36
SAMSI,18,12,6,36
CAVALRY BARR,2,4,30,36
KANJARI BORI,3,10,22,35
JAGI ROAD,19,8,8,35
VENKATAGIRI,25,4,6,35
MURTAJAPUR J,29,6,0,35
CHHATRAPATI,23,4,8,35
CHIKJAJUR JN,11,16,8,35
MEERUT CANT,14,11,10,35
CHIDAMBARAM,18,11,6,35
KASHI,23,8,4,35
PILKHUA,17,10,8,35
TAMLUK,12,4,19,35
LATUR ROAD,30,5,0,35
LASUR,26,6,3,35
MANGALA GIRI,10,13,12,35
KOTTAVALASA,16,12,7,35
ALUABARI ROA,21,14,0,35
KODURU,33,0,2,35
KRISHANA CAN,6,8,21,35
GANAUR,11,5,19,35
SURATGARH JN,16,2,17,35
FEROK,21,9,5,35
BOLARUM BAZA,2,3,29,34
GHATPRABHA,22,6,6,34
GOTAN,30,4,0,34
TADA,0,1,33,34
SAFILGUDA HA,2,3,29,34
SITAPUR CANT,22,0,12,34
SIRKAZHI,17,11,6,34
ICHCHA PURAM,26,7,1,34
BELERHAT,0,3,31,34
INDRAGARH SU,28,6,0,34
HINGOLI(DECC,28,6,0,34
SASTHANKOTTA,10,9,15,34
ARAMBAKKAM,0,1,33,34
BARWADIH JN,14,16,4,34
DHARHARA,12,9,13,34
RAMAKISTA PU,2,3,29,34
JEHANABAD,0,12,22,34
ELAVUR,0,1,33,34
AMMUGUDA HAL,2,3,29,34
BACHHRAWN,14,14,6,34
KHAIRTHAL,28,6,0,34
AZAMGARH,26,0,8,34
TAREGNA,0,12,22,34
PATTAMBI,20,9,5,34
TANUKU,18,2,14,34
ALWAL HALT,2,3,29,34
KOT KAPURA J,10,12,12,34
KOVVUR,16,8,10,34
KHARIAR ROAD,30,4,0,34
PARLI VAIJNA,24,8,2,34
DAYANANDNAGA,2,3,29,34
MAHE,18,12,4,34
BAGAHA,22,0,12,34
PALAM,8,4,22,34
BIDADI,11,3,20,34
URULI,14,8,12,34
MAHASAMUND,30,4,0,34
NARELA,10,3,21,34
BAMRA,22,8,4,34
VIDYASAGAR,16,8,10,34
MANAMADURAI,18,6,10,34
MANCHESWAR,16,10,8,34
MANDUADIH,20,6,8,34
CHAKULIA,6,12,16,34
WASHIM,28,6,0,34
GOWDAVALLI H,6,3,24,33
SIROHI ROAD,29,4,0,33
GADARWARA,25,8,0,33
FATEHPUR,26,0,7,33
ROHA,25,4,4,33
ROTEGAON,24,6,3,33
BIDAR,22,3,8,33
GORAKHPUR CA,4,6,23,33
BENOY BADAL,0,0,33,33
RUDAULI,25,4,4,33
BANASWADI,24,4,5,33
ALLAHABAD CI,22,4,7,33
FURKATING JN,23,8,2,33
KALYANI SIMA,0,0,33,33
MIYAGAM KARJ,13,14,6,33
KALYANI GHOS,0,0,33,33
KALYANI SILP,0,0,33,33
NIMACH,19,10,4,33
SHADNAGAR,15,13,5,33
MODINAGAR,12,11,10,33
KHAMBHALIYA,24,6,2,32
SURAIMANPUR,24,6,2,32
HARIPAD,18,2,12,32
PUNARAKH,14,8,10,32
MAHENDRAGARH,12,20,0,32
WALAJAH ROAD,4,18,10,32
BITRAGUNTA,21,9,2,32
HARISHCHANDR,14,12,6,32
JANGIPUR ROA,8,12,12,32
VANGAON,2,10,20,32
BUDALUR,4,6,22,32
MANWATH ROAD,26,6,0,32
GIDHAUR,16,6,10,32
KAMPTEE,13,5,14,32
BHAVNAGAR TE,12,4,16,32
AMBALAPUZHA,18,2,12,32
SAMBALPUR RO,20,6,6,32
GARBETA,0,24,8,32
GAHMAR,22,8,2,32
GAJRAULA JN.,8,10,14,32
BARABHUM,6,12,14,32
SON NAGAR JN,10,12,10,32
CHITTAPUR,26,6,0,32
DASUA,24,2,6,32
BAREJADI NAN,3,9,20,32
ATHMAL GOLA,14,8,10,32
ITWARI JN.,7,3,22,32
UDAIPUR CITY,18,10,4,32
OKHA,24,6,2,32
SHRI MAHABIR,22,10,0,32
MHOW,2,0,30,32
PIRPAINTI,16,10,6,32
MANANPUR,16,6,10,32
DWARKA,24,6,2,32
SITAMARHI,20,0,12,32
BHACHAU,28,4,0,32
ROZA JN,16,6,10,32
HAIAGHAT,12,6,14,32
PONDICHERRY,16,6,10,32
TIRUPATTUR,22,4,6,32
RAJKHARSAWAN,14,6,12,32
ELAMANCHILI,22,6,4,32
BARAKAR,9,10,12,31
DHOLA JN,17,4,10,31
DIBRUGARH,27,2,2,31
NABA RAYNAGA,0,0,31,31
BHILAINAGAR,8,4,19,31
SRIDHAM,23,8,0,31
JIAGANJ,0,18,13,31
SATBERIAHALT,0,0,31,31
KIM,9,16,6,31
LALGOLA,0,18,13,31
SIMALUGURI J,23,4,4,31
GUNDLA POCHA,2,3,26,31
KUNDAPURA,21,8,2,31
FAKIRAGRAM J,19,12,0,31
SACHIWALAYA,0,8,23,31
BHILAI,8,4,19,31
BOTAD,19,2,10,31
BUDVEL,4,8,19,31
MALLARPUR,7,12,12,31
BELDANGA,0,18,13,31
BELDA,13,9,9,31
MANDSOR,21,8,2,31
HAZARIBAGH R,16,10,5,31
TOHANA,15,14,2,31
GOPAL NAGAR,0,0,31,31
MANKAR,2,7,22,31
PLASSEY,0,18,13,31
BETHUADAHARI,0,18,13,31
VASAD JN.,3,8,20,31
MAJHERGRAM,0,0,31,31
CHANNA PATNA,13,4,14,31
GANGNAPUR,0,0,31,31
BADARPUR JN.,15,6,10,31
KELVE ROAD,0,10,21,31
KANNAUJ,18,6,7,31
BERHAMPORE C,0,18,13,31
MARRI PALEM.,6,14,11,31
RANA PRATAP,17,10,4,31
JAUNPUR CITY,23,4,4,31
MURSHIDABAD,0,18,13,31
SAWANTWADI R,23,4,4,31
AKAIPUR H,0,0,31,31
ASTHAL BOHAR,0,4,27,31
KUMEDPUR,14,8,8,30
KUMAR DUBI,8,10,12,30
KWAKDWIP,0,0,30,30
AMBUR,6,22,2,30
SINI JN,12,8,10,30
BANKA GHAT,4,6,20,30
BARACHAK JN.,2,8,20,30
ARIYALUR,18,8,4,30
SAMBA,24,2,4,30
KULITTURAI,14,5,11,30
SIURI,14,6,10,30
AZIMGANJ  CI,0,6,24,30
SISWA BAZAR,18,0,12,30
PHAPHUND,18,4,8,30
TORI,16,12,2,30
HATHRAS CITY,18,2,10,30
HATHRAS JN.,20,4,6,30
KESAMUDRAM,10,16,4,30
RUPSA JN.,6,10,14,30
SIHOR JN(GUJ,10,4,16,30
VAITARNA,0,8,22,30
TRIPUNITTURA,10,8,12,30
IZZATNAGAR J,4,6,20,30
UDAIRAMPUR,0,0,30,30
CHANDRAKONA,2,22,6,30
KASHINAGAR-H,0,0,30,30
CHIKBANAVAR,8,14,8,30
KARANJALI,0,0,30,30
MUSAFIRKHANA,20,4,6,30
BUDGAM,0,0,30,30
NISCHINDAPUR,0,0,30,30
MOTIPUR,12,2,16,30
KATOL,26,2,2,30
SAI NAGAR SH,20,8,2,30
NANDYAL,22,2,6,30
UNJHA,22,6,2,30
KALKA,6,10,14,30
SHANKARPALLI,12,10,8,30
AKBARNAGAR,10,12,8,30
KANCHIPURAM,4,3,23,30
MUKERIAN,22,2,6,30
MEHSI,12,2,16,30
DHOLI,20,4,6,30
BURHWAL JN.,18,4,8,30
MUNGAOLI,18,8,4,30
AMRAVATI,12,0,18,30
LOHARU JN,10,20,0,30
TEGHRA,8,8,14,30
LANKA,16,12,2,30
KULPI-FLAG,0,0,30,30
SORO,14,12,4,30
NAUPADA JN.,16,9,4,29
BYNDOOR,19,8,2,29
BHILAD,5,14,10,29
ONDAGRARM,0,18,11,29
UCHANA,9,8,12,29
KARELI,21,8,0,29
ALAM NAGAR,20,4,5,29
RAIKA BAGH P,19,8,2,29
PRINCEP GHAT,0,0,29,29
PURNEA JN.,6,2,21,29
TIRUPPADIRIP,15,8,6,29
TIRUMALPUR,0,2,27,29
CHARLAPALLI,11,6,12,29
EDEN GARDENS,0,0,29,29
THIRUVARUR J,10,5,14,29
BHATKAL,21,8,0,29
HOSUR,19,4,6,29
PAPANASAM,6,9,14,29
BHAGWANGOLA,0,16,13,29
KALI PAHARI,0,4,24,28
KARAUTA,6,6,16,28
SIDHAPUR,20,6,2,28
VALLIYUR,20,6,2,28
NAMKHANA,0,0,28,28
AMAUSI,0,4,24,28
RANGAPARA NO,2,12,14,28
JAITIPUR,0,4,24,28
AONLA,16,4,8,28
NAYUDUPETA,18,3,7,28
MOR,14,4,10,28
SARNATH,3,12,13,28
BURHAR,12,16,0,28
MAROLI,5,18,5,28
NIMTITA,8,8,12,28
SONIK,0,4,24,28
CUDDALORE PO,11,9,8,28
DHRANGADHRA,22,2,4,28
GANGA KHER,20,6,2,28
AJGAIN,0,4,24,28
DULLAHAPUR,9,10,9,28
BHONGIR,8,12,8,28
MANKATHA,14,4,10,28
BABINA,22,4,2,28
PIRAVAM ROAD,8,8,12,28
PIPARSAND,0,4,24,28
PALEJ,8,14,6,28
MAKHDUMPUR G,0,6,22,28
GARHMUKTESAR,6,10,12,28
ADITYAPUR,6,6,16,28
MALERKOTLA,14,12,2,28
GANGSAR JAIT,10,10,8,28
MANAK NAGAR,0,4,24,28
BANASTHALI N,24,4,0,28
HANUMANGARH,12,6,10,28
VIKRAMGARH A,26,2,0,28
MADDUR,12,2,14,28
KHARSIA,17,7,4,28
KHURAI,20,6,2,28
KUMHARI,5,4,19,28
KUMTA,20,8,0,28
SALEMPUR JN.,10,6,12,28
SALBONI,0,22,6,28
KUDACHI,16,6,6,28
ABOHAR,9,11,8,28
KUSUMBHI,0,4,24,28
BISNUPRIYA H,0,0,28,28
TANUR,12,11,5,28
PUNTAMBA,20,6,2,28
RAIRAKHOL,22,6,0,28
HARAUNI,0,4,24,28
MALLESWARAM,11,8,9,28
SERAM,22,6,0,28
LALBAGH COUR,0,6,22,28
LATEHER,16,12,0,28
KUDRA,14,8,6,28
DWARAPUDI,18,8,2,28
BELHA,12,11,5,28
ANAPARTI,16,10,2,28
PARAVUR,14,9,5,28
SANDILA,20,4,4,28
AMALSAD,5,18,5,28
HOTGI JN.,10,12,6,28
MALKHEDI,22,4,2,28
SANJAN,5,10,12,27
JAMIKUNTA,13,11,3,27
PORBANDAR,15,6,6,27
SILCHAR,9,6,12,27
JUNAGADH JN,10,7,10,27
JETALSAR JN,8,9,10,27
BARRA BAZAR,0,0,27,27
ANDHERI,15,7,5,27
SRIRANGAM,14,6,7,27
AJNI,19,4,4,27
DEBAGRAM,0,14,13,27
REMOUNT ROAD,0,0,27,27
BAGH BAZAR,0,0,27,27
COSSIMBAZAR,0,14,13,27
RANI,25,2,0,27
UMBERGAON RO,5,12,10,27
SOVABAZAR-AH,0,0,27,27
SHAMLI,3,4,20,27
REJINAGAR,0,14,13,27
KHIDIRPUR,0,0,27,27
PUNPUN,0,5,22,27
KHATAULI,10,9,8,27
BIYAVRA RAJG,24,3,0,27
KHED,23,4,0,27
BABATPUR,11,8,8,27
TYAKAL,0,2,25,27
ISMAILA HARY,1,4,22,27
TALLA,0,0,27,27
MANDAWALI CH,0,0,27,27
MANGOLPURI,1,4,22,27
CHHATNA,0,18,9,27
MALOUT,9,11,6,26
HARINAGAR,14,0,12,26
GOSHAINGANJ,22,4,0,26
SIMULTALA,14,4,8,26
BIJAINAGAR,16,6,4,26
PALAKOLLU,6,2,18,26
GANGATIKURI,0,4,22,26
CHOWRIGACHA,0,4,22,26
NAUGARH,9,11,6,26
NEORA,6,8,12,26
UMRI,18,6,2,26
NARASAPUR,6,2,18,26
MULTAI,22,2,2,26
PIPRAICH,6,2,18,26
HASSAN JN.,8,14,4,26
BANAHI,12,8,6,26
GHOGHA,10,10,6,26
KEDGAON,6,8,12,26
TIRUVERUMBUR,2,2,22,26
BELTHARA ROA,16,6,4,26
KARAIKKUDI,12,6,8,26
USALAPUR,16,8,2,26
NANDURA,20,6,0,26
KULHARIA,6,8,12,26
BIRSINGHPUR,14,12,0,26
KOTSHILA,2,17,7,26
SADISOPUR,8,8,10,26
NEYYATTINKAR,12,3,11,26
KARAGOLA ROA,12,10,4,26
KULTI,6,8,12,26
YUSUFPUR,16,4,6,26
DARYABAD,18,4,4,26
ROHAD NAGAR,0,4,22,26
BANSIPUR,12,4,10,26
TEHTA,0,4,22,26
LASAL GAON,16,8,2,26
NADAUL,0,4,22,26
NADWAN,0,4,22,26
TETULMARI,8,6,12,26
RAMESWARAM,14,6,6,26
JAIS,10,10,6,26
FAZILKA JN.,2,2,22,26
MUNDKA HALT,0,4,22,26
MERTALA PHAL,0,0,26,26
MARKAPUR ROA,22,2,2,26
BAHADURPUR,0,11,15,26
NARASARAOPET,22,2,2,26
BAGALKOT,16,10,0,26
JALPAIGURI R,20,4,2,26
KARNA SUBARN,0,4,22,26
SUNAM,10,14,2,26
JAIRAMNAGAR,4,9,13,26
SAKTI,15,7,4,26
KHUDIRAM BOS,16,4,6,26
RAFIGANJ,12,8,6,26
LAKHMINIA,6,12,8,26
PUTUR,10,2,14,26
ALNAVAR JN.,19,4,3,26
PUNKUNNAM,4,5,17,26
LOHIAN KHAS,4,2,20,26
VERKA JN.,0,2,24,26
POKHRAYAN,20,6,0,26
MAIRWA,17,0,9,26
KHARAWAR,0,4,22,26
GHEVRA,0,4,22,26
BRAJARAJNAGA,21,5,0,26
ASAUDAH,0,4,22,26
TRIVANDRAM P,13,6,7,26
SWADINPUR,2,4,20,26
BARHNI,9,11,6,26
TENYA,0,4,22,26
BABHNAN,18,2,6,26
VELLORE CANT,10,7,9,26
MIRZAPALI,10,5,11,26
ATTILI,10,2,14,26
HOSPET JN.,24,2,0,26
GAMHARIA,4,6,15,25
DELHI-SAFDAR,15,0,10,25
SABARMATI,11,8,6,25
KRISHNAPUR,0,12,13,25
MURAGACHHA,0,12,13,25
KADIPUR,0,12,13,25
DHUBULIA,0,12,13,25
SHAJAPUR,22,3,0,25
ARAMBAG,0,0,25,25
THANA BHAWAN,0,6,19,25
BIJWASAN,1,2,22,25
JALALGANJ,9,8,8,25
THANA BIHPUR,11,10,4,25
SARONA,3,4,18,25
JHANTIPAHARI,0,16,9,25
MAYAPUR,0,0,25,25
KANDRA,4,10,11,25
MUHAMMADABAD,17,0,8,25
BHATPAR RANI,15,0,10,25
NAGAPPATTINA,8,3,14,25
SARGACHNI,0,12,13,25
JAKHANIAN,6,10,9,25
RAJGRAM,8,7,10,25
PANDAVAPURA,11,2,12,25
PATIPUKUR,0,0,25,25
PATHARIA,17,6,2,25
PEPPEGANJ,0,9,16,25
HOODI,0,2,23,25
DHARMAPURI,19,4,2,25
PAGLA CHANDI,0,12,13,25
UDVADA,5,12,8,25
THURAVUR,8,5,12,25
DHANAURI,4,3,18,25
AMGAON,12,6,7,25
BHABTA,0,12,13,25
RAJAWARI,0,12,13,25
BARARA,4,14,7,25
BARAUT,1,4,20,25
ADARSH NAGAR,3,1,21,25
EKMA,9,4,12,25
AMLAI,10,14,0,24
SOLAGAMPATTI,0,2,22,24
DEROL,16,2,6,24
KOPARIA,4,2,18,24
BISHANPUR HA,0,6,18,24
KUCHAMAN CIT,22,2,0,24
EKLAKHI,4,10,10,24
FARIDKOT,10,10,4,24
FAKHARPUR HA,0,4,20,24
BHADAURA,14,8,2,24
PUDUKKOTTAI,12,6,6,24
RAJA-KA-SAHA,2,6,16,24
RAIWALA JN.,8,8,8,24
GOTRA,0,4,20,24
POTHAHI,0,2,22,24
PITHAPURAM,14,6,4,24
ALER,6,12,6,24
HARCHANDPUR,6,12,6,24
PATRATU,12,12,0,24
TIRORA,13,5,6,24
HATKANANGALE,14,2,8,24
COLONELGANJ,14,6,4,24
EKCHARI,8,10,6,24
ERANIEL,10,3,11,24
PARAMAKKUDI,12,6,6,24
PARAJ,0,2,22,24
AKKAMPET,0,0,24,24
CHHARRA,0,7,17,24
RAMANATHAPUR,12,6,6,24
RAKHA MINES,4,4,16,24
RAJGARH,16,6,2,24
PANKI,10,6,8,24
INDI ROAD,8,12,4,24
BADLI,1,2,21,24
SARDIHA,0,4,20,24
SARASWATI NA,2,4,18,24
ALAKKUDI,0,2,22,24
BATALA JN.,6,2,16,24
JHAMATPUR BA,0,4,20,24
BAGALIA,0,7,17,24
NOLI,0,4,20,24
JARWAL ROAD,15,6,3,24
DADRI,2,2,20,24
RAJBANDH,0,2,22,24
THAN,17,7,0,24
GIDDARBAHA,7,11,6,24
NANGAL DAM,4,13,7,24
NEW MAL JN.,12,6,6,24
BAGHPAT ROAD,0,4,20,24
SHAHABAD MUH,0,2,22,24
BHAVNAGAR PA,4,4,16,24
ANNIGERI,14,10,0,24
UNCHAHAR JN.,8,8,8,24
BAJVA,0,6,18,24
NALBARI,10,8,6,24
BASTA,10,8,6,24
AKANAPET,10,5,9,24
SAHIBPUR KAM,6,8,10,24
GALSI,0,2,22,24
SABOUR,12,6,6,24
GAURIBIDANUR,22,0,2,24
RENGALI,14,4,6,24
SHAHPUR PATO,12,2,10,24
BHOJIPURA JN,0,4,20,24
BASAI DHANKO,0,2,22,24
MAURIGRAM,0,0,24,24
KANNIYAKUMAR,16,2,6,24
KANNAPURAM,18,3,3,24
MOHUDA,10,8,6,24
AIT JN,8,6,10,24
MIRZA-CHEUKI,10,8,6,24
SUNEHRA,0,4,20,24
MAULA ALI,12,7,5,24
BARNALA,12,9,3,24
CHIPURUPALLE,14,7,3,24
CHINNAGANJAM,12,6,6,24
GARH-DHRUBBE,0,7,17,24
MAILANI JN.,0,12,12,24
AHERA,0,4,20,24
BOINDA,18,6,0,24
KHEKRA,0,4,20,24
BANDA JN,16,7,1,24
SINGAPUR ROA,16,8,0,24
MALIHATI TAL,0,4,20,24
KHALARI,12,12,0,24
MAHOBA,12,5,7,24
MACHILIPATNA,2,6,16,24
BARANG JN.,8,8,8,24
KUSTAUR,0,7,17,24
BARAUNI FLAG,4,6,14,24
KOELWAR,6,8,10,24
DASHARATHPUR,8,3,13,24
DARJEELING,0,0,24,24
SRINAGAR,2,0,22,24
SRI SATYA SA,24,0,0,24
WANSJALIYA J,11,6,6,23
TARAPITH ROA,3,8,12,23
RATHDHANA,1,1,21,23
RAMNAGAR,2,5,16,23
UDGIR,20,3,0,23
NIRAKARPUR,10,7,6,23
NIMBAHERA,9,10,4,23
TANDA-URMAR,15,2,6,23
PENDURTI,6,10,7,23
SAMDARI,10,13,0,23
PATIALA,11,9,3,23
PARDI,5,10,8,23
PRADHAN KHUN,0,4,19,23
BIBINAGAR,2,9,12,23
FATEHGARH,10,6,7,23
GADADHARPUR,3,8,12,23
CHERVATTUR,16,3,4,23
GONDAL,10,7,6,23
RANOLI,0,6,17,23
MANIRAM,0,9,14,23
BONDAMUNDA J,11,4,8,23
SONADANGA,0,10,13,23
KHALLIKOT,10,7,6,23
SINGRAULI,13,10,0,23
MADHUKUNDA,0,7,16,23
KOPPAL,21,2,0,23
VIRAVASARAM,4,2,17,23
BARSOLA,3,8,12,23
MURADI,0,7,16,23
MANDI BAMORA,15,6,2,23
CAMPIERGANJ,0,9,14,23
SHANKARGARH,22,1,0,23
SHOHRATGARH,6,11,6,23
NAMKOM,2,17,4,23
PACHORA JN.,19,4,0,23
SHAHABAD MAR,7,3,13,23
COIMBATORE N,5,4,14,23
VERAVAL,10,7,6,23
NAINI JN.,14,3,6,23
SAHEBTALA  H,0,0,22,22
CHILAKALPUDI,0,6,16,22
BHALUI,8,4,10,22
RAMBHADDARPU,2,6,14,22
ROOP NAGAR,4,13,5,22
RUPRA ROAD,16,6,0,22
RAU,0,0,22,22
BHALUKA ROAD,6,10,6,22
CHIRAYINKIL,10,7,5,22
KULEM,16,0,6,22
ZAHIRABAD,18,2,2,22
GATORA,3,9,10,22
RAMPURA PHUL,10,9,3,22
GIDDALUR,20,2,0,22
RAMPUR DUMRA,8,4,10,22
BEML NAGAR,0,0,22,22
PARSA BAZAR,0,0,22,22
TILHAR,14,6,2,22
BELAKOBA,2,4,16,22
SAMBHU,0,8,14,22
COROMANDEL,0,0,22,22
TALJHARI,8,4,10,22
BHARTHANA,14,4,4,22
TALL JN.,2,6,14,22
SANVORDEM CU,16,0,6,22
BEHTA HAZIPU,0,2,20,22
OORGAUM,0,0,22,22
HOLAMBI KALA,0,1,21,22
CHANPATIA,6,0,16,22
SANAT NAGAR,4,10,8,22
GURDASPUR,6,2,14,22
QUAZIGUND,0,0,22,22
GUDLAVALLERU,0,6,16,22
PEDANA,0,6,16,22
AWANTIPURA,0,0,22,22
CHAUSA,12,8,2,22
TONDAMANPATT,0,2,20,22
PENU KONDA,20,0,2,22
THAWE JN.,2,2,18,22
TAPA,10,9,3,22
QASIMPUR KHE,0,4,18,22
GURARU,8,8,6,22
GOVINDPURI,6,10,6,22
BHAGWANPUR,12,4,6,22
NAGORE,6,2,14,22
CHAKAND,0,0,22,22
ANJI SHAHABA,14,4,4,22
DODBELE,6,8,8,22
JHINJHAK,12,4,6,22
DONAKONDA,18,2,2,22
JUKEHI,10,12,0,22
NAWADAH,8,1,13,22
CHAMPION,0,0,22,22
NAYA GHAZIAB,6,6,10,22
JWALAPUR,8,10,4,22
NILESHWAR,16,3,3,22
NUSRATABAD K,0,2,20,22
JANAKPUR ROA,12,0,10,22
NORLA  ROAD,16,6,0,22
NPA SIVARAMP,1,3,18,22
PARASSALA,8,3,11,22
KANDHLA,0,4,18,22
SHIMOGA TOWN,2,14,6,22
VADLAMANNADU,0,6,16,22
MORAPPUR,8,8,6,22
AJAIBPUR,0,2,20,22
MANOHARABAD,2,5,15,22
MUNROTURUTTU,0,7,15,22
Saifee Nagar,0,0,22,22
KALOL,8,2,12,22
MURADNAGAR,5,7,10,22
DHULIAN GANG,4,10,8,22
SHIVNARAYANP,8,8,6,22
KADAKAVUR,10,7,5,22
NAKAHA JUNGL,0,8,14,22
BASMAT,16,6,0,22
VASCO-DA-GAM,16,0,6,22
BHEDIA,4,8,10,22
ANANTNAG,0,0,22,22
SHOLINGUR,2,10,10,22
"BALRAMPUR,",11,11,0,22
SURATHKAL,12,8,2,22
MARIPAT,0,2,20,22
MARIKUPPAM,0,0,22,22
KAMTAUL,12,0,10,22
VETAPALEM,10,6,6,22
MALIPUR,16,6,0,22
AMBODALA,16,4,2,22
ANANDPUR SAH,4,13,5,22
VARTREJ,2,4,16,22
BORAKI HALT,0,2,20,22
KAVUTARAM,0,6,16,22
KHODIYAR,4,2,16,22
BANIHAL,0,0,22,22
DHAMARA GHAT,2,2,18,22
KHORASON ROA,16,0,6,22
KURSELA,8,10,4,22
LABHA,8,6,8,22
LOKMANYA NAG,0,0,22,22
WADIARAM,8,5,9,22
KONDAPURAM,22,0,0,22
KOTALPUKUR,8,4,10,22
DANKAUR,0,2,20,22
SUJRA,0,4,18,22
DESARI,10,2,10,22
DEVAN GONTHI,0,2,20,22
DELANG,6,6,10,22
SONGADH,10,4,8,22
INDRABIL,0,12,9,21
HARSANA KALA,0,1,20,21
PANOLI,5,10,6,21
KAPAN  HALT,3,9,9,21
PANDHARPUR,6,11,4,21
CHAURI CHAUR,12,4,5,21
SAFEDABAD,1,6,14,21
SADAT,4,8,9,21
SACHIN,0,16,5,21
PEDAKAKANI H,4,5,12,21
RURA,11,4,6,21
KANTHI FS,8,2,11,21
AZAMNAGAR RO,13,6,2,21
PHEPHNA JN.,3,6,12,21
SOHAGPUR,17,4,0,21
TARI GOPPULA,0,3,18,21
CHOLA,3,2,16,21
DIGHA FS,8,2,11,21
LEHRA GAGA,5,14,2,21
KALUPARA GHA,8,7,6,21
KESHOD,8,7,6,21
VATVA,0,6,15,21
CHITRAKUTDHA,16,5,0,21
LALGARH JN.,17,4,0,21
DUGGIRALA,8,4,9,21
KANIJ,0,6,15,21
MALHOUR,1,6,14,21
KALAIKUNDA,0,2,19,21
RAMSAGAR,0,10,11,21
GODAVRI,5,6,10,21
KHANAPUR,6,5,10,21
NAMBURU,4,5,12,21
NENPUR,0,6,15,21
NEKONDA,7,10,4,21
NANDESARI,0,5,16,21
BIJURI,0,16,5,21
KHEMASULI PH,0,2,19,21
GOTHAJ,0,6,15,21
JULANA,7,4,10,21
UREN,5,3,13,21
SHIBLUN,0,1,20,21
KHERA KALAN,0,1,20,21
JORAVARNAGAR,11,2,8,21
JUGAUR,1,6,14,21
BHALKI,18,3,0,21
BHAKTINAGAR,8,7,6,21
RATANPUR,7,4,10,21
GHOLVAD,3,10,8,21
PITAMBARPUR,13,6,2,21
MASUDAN,4,3,13,20
AKODIA,14,4,2,20
PANJGAM,0,0,20,20
KARAIKAL,6,2,12,20
ALAWALPUR ID,0,2,18,20
BHILDI JN,10,10,0,20
KARGI ROAD,10,8,2,20
SAKRIGALI,6,4,10,20
MIRKHAL,8,9,3,20
BARKA HALT,0,2,18,20
TARIKERE,2,14,4,20
SOHWAL,12,4,4,20
DEVAKOTTAI R,12,4,4,20
KORBA,7,4,9,20
UTARSANDA,0,5,15,20
BYATRAYANHAL,0,2,18,20
RUPNARAYANPU,6,4,10,20
GALUDIH,4,2,14,20
RUSERA GHAT,6,2,12,20
TARSARAI,6,0,14,20
AILAM HALT,0,2,18,20
PERINAD,0,5,15,20
LAKHERI,16,4,0,20
AMMANABROLU,8,6,6,20
HASIMARA,10,6,4,20
MOHIUDDINNAG,8,2,10,20
SADURA,0,0,20,20
MANPUR JN.,0,3,17,20
KATHGODAM,6,10,4,20
BETAMCHERLA,16,2,2,20
CHAU MAHLA,18,2,0,20
TANGLA,0,10,10,20
MASKANWA,14,0,6,20
KARAMBELI,0,10,10,20
SANDAL KALAN,0,1,19,20
MATHURA PUR,6,4,10,20
KYATSANDRA,4,8,8,20
KOTMA,0,16,4,20
KOTMI SONAR,3,8,9,20
PAMPORA,0,0,20,20
PAYANGADI,14,3,3,20
OCHIRA,0,5,15,20
TIMMAPUR,4,11,5,20
NUZVID,8,8,4,20
HADAPSAR,2,6,12,20
GHASO,0,8,12,20
GHARAUNDA,6,3,11,20
GAURI BAZAR,10,5,5,20
GARPOS,12,4,4,20
DIWANA,0,1,19,20
GERATPUR,0,5,15,20
RAWATGANJ F,0,6,14,20
BHADRAVATI,2,14,4,20
BAGDIHI,12,4,4,20
RAYBAG,8,6,6,20
KAURIA JUNGL,0,6,14,20
KAZHAKUTTAM,8,5,7,20
PINGLI,8,9,3,20
PIARDOBA,0,12,8,20
OLD MALDA,4,4,12,20
KAMALPUR HAL,0,6,14,20
GETOR JAGATP,10,8,2,20
VEDAYAPALEM,6,4,10,20
DOKRA HALT,0,4,16,20
REWA,12,8,0,20
HALDIPADA,2,8,10,20
HALDWANI,6,10,4,20
ADUTHURAI,2,6,12,20
UDALGURI,0,10,10,20
SIVAGANGA,12,4,4,20
MANJATTIDAL,0,2,18,20
GANGAPUR ROA,12,6,2,20
MANJARI BUDR,2,6,12,20
NIGOHAN,4,10,6,20
JAWAI BANDH,18,2,0,20
NIDAMANGALAM,2,6,12,20
LONI,2,6,12,20
BANPAS,4,6,10,20
KISHANPUR,2,4,14,20
JEUR,8,12,0,20
RASRA,12,2,6,20
PIRTALA,0,11,9,20
SEMAPUR,6,10,4,20
DIGUVAMETTA,18,2,0,20
LOHARPURWA (,0,6,14,20
NIMBAL,7,10,3,20
PUDUKAD,4,6,10,20
SIRSA,6,14,0,20
LINGARAJ TEM,4,8,8,20
DHAMPUR,14,4,2,20
BAGBAHRA,16,4,0,20
VINUKONDA,16,2,2,20
THERUBALI,14,4,2,20
NAGINA,14,4,2,20
GUMANI,6,4,10,20
KICHHA,4,6,10,20
NEPA NAGAR,18,2,0,20
NANDALUR,18,0,2,20
DHARIWAL,4,2,14,20
BODARWAR,0,2,18,20
KALA PIPAL,14,4,2,20
KAKARGHATTI,6,0,14,20
KAKAPORA,0,0,20,20
VENDODU,10,4,6,20
TILAIYA,2,1,17,20
GUDIATTAM,8,10,2,20
NATHNAGAR,8,4,8,20
SUWASRA,18,2,0,20
BIJBIARA,0,0,20,20
NANDGAON,16,4,0,20
RAMCHAURA HA,0,6,14,20
BOKAJAN,12,6,2,20
JIBANTI,0,2,18,20
MAHESH KHUNT,6,10,4,20
MAHAWAN KHOR,0,6,14,20
UNAULA,0,2,18,20
UNCHEHARA,8,12,0,20
RAJNAGAR,8,4,8,20
GONIANA,6,6,8,20
BAIDYANATHDH,0,0,20,20
THALWARA,2,4,14,20
NARAYANPUR,6,10,4,20
SHIVPURI,14,6,0,20
DAKANIYA TAL,12,2,6,20
DALBHUMGARH,0,4,16,20
DALGAON,10,6,4,20
NASIRABAD,14,6,0,20
CHATA,6,2,12,20
TORANAGALLU,18,2,0,20
KARPOORIGRAM,12,2,6,20
KARTARPUR,8,4,8,20
YEVAT,2,6,12,20
SUGAPAHARI H,0,0,20,20
PATAS,2,6,12,20
HILLAR SHAHA,0,0,20,20
CHARKHI DADR,4,12,4,20
WARORA,16,2,2,20
BADAMI,9,10,0,19
ADILABAD,13,4,2,19
RAJLU GARHI,0,1,18,19
JHAPATERDHAL,3,6,10,19
SHOLAVANDAN,7,8,4,19
GOMTINAGAR F,9,5,5,19
JOGBANI,4,0,15,19
ATARRA,14,5,0,19
BORIDAND,0,14,5,19
KHALISPUR,7,4,8,19
KHALILPUR,1,2,16,19
BHEDUASOL,0,8,11,19
KINWAT,13,4,2,19
DAMODAR JN.,0,3,16,19
RAMKANALI JN,0,3,16,19
BHODWAL MAJR,0,1,18,19
AHMED GARH,7,10,2,19
KAKINADA POR,14,3,2,19
NAKODAR JN.,2,0,17,19
KADETHAN,2,5,12,19
NOADAR DHAL,3,6,10,19
UJIARPUR,9,6,4,19
NABIPUR,5,8,6,19
SAYAN,3,10,6,19
NANDGANJ,5,6,8,19
UPPALUR,0,1,18,19
BATASPUR,3,6,10,19
MUAZZAMPUR N,5,6,8,19
TULSIPUR,8,11,0,19
KOPAI,3,6,10,19
CHANDLODIYA,13,6,0,19
USMANABAD,16,3,0,19
VEJANDLA,0,6,13,19
TATISILWAI,0,15,4,19
CHAINWA,5,4,10,19
LATUR,16,3,0,19
SIRJAM,0,10,9,19
ASAIPUR JOBN,17,0,2,19
PUGALUR,11,2,6,19
ALMATTI,9,10,0,19
KANTAKAPALLE,6,6,7,19
BANSHLAI BRI,5,4,10,19
KORU KONDA,6,6,7,19
TIRUMANGALAM,7,6,6,19
KAPASAN,5,10,4,19
MANSA,7,12,0,19
DUNGRI,0,14,5,19
BERO,0,3,16,19
PALUR,0,2,17,19
DELHI-AZADPU,0,1,18,19
ARARIYA COUR,4,0,15,19
CHATRA,5,4,10,19
ALAMANDA,6,6,7,19
DANTAN,6,6,7,19
SAHJANWA,9,2,8,19
FORBESGANJ J,4,0,15,19
MUDDANURU,19,0,0,19
PICHKURIRDHA,3,6,10,19
PIPALSANA,0,5,14,19
MAZHOM,0,0,18,18
MAHIPAL ROAD,0,6,12,18
SIKANDARPUR,0,2,16,18
GULDHAR,1,7,10,18
RAMGANGA,0,2,16,18
KHUTBAV,2,4,12,18
KILA RAIPUR,6,10,2,18
DHURWASIN  H,0,14,4,18
BAHERI,2,6,10,18
CHILBILA JN,2,8,8,18
NAWA CITY,16,2,0,18
MADHRANAGAR,0,1,17,18
MACHARYA,0,2,16,18
KHIRKIYA,16,2,0,18
KHODIYAR MAN,2,4,12,18
NAYANDAHALLI,2,2,14,18
CHHAPRA KACH,4,4,10,18
SHEIKHPURA,4,1,13,18
KHERLI,10,4,4,18
BAHRAICH,0,12,6,18
BAIHATOLA,0,14,4,18
GORAUL,8,4,6,18
RAJGIR,4,0,14,18
NARSIPATNAM,8,6,4,18
NANPARA JN.,0,12,6,18
HODAL,0,0,18,18
KUNDARKHI,0,2,16,18
KUNDA HARNAM,8,8,2,18
GOSAI GAON H,10,8,0,18
MEHNAR ROAD,6,2,10,18
WALAJABAD,0,1,17,18
DURGAUTI,8,6,4,18
BELGAHNA,10,6,2,18
PATLI,0,2,16,18
BHIMSEN,10,8,0,18
HOLENARSIPUR,4,10,4,18
AKSHAYWAT RA,6,2,10,18
WAIR,0,2,16,18
KUMBHAWAS MU,0,2,16,18
HIRA NAGAR,12,2,4,18
YALVIGI,4,10,4,18
WAZERGANJ,2,1,15,18
INCHHAPURI,0,2,16,18
MERTA CITY,0,0,18,18
PASIVEDALA H,4,4,10,18
JANKAMPET JN,6,5,7,18
SILYARI,3,10,5,18
JAPLA,8,6,4,18
ANTU,4,10,4,18
DIVINE NAGAR,6,2,10,18
DINANAGAR,4,0,14,18
NABINAGAR RO,8,6,4,18
NABHA,8,9,1,18
TENKASI,4,0,14,18
NEW BHUJ,16,2,0,18
KALIANPUR,1,6,11,18
KALIAN CHAK,4,4,10,18
JAYASINGPUR,8,2,8,18
JATAULA JORI,0,2,16,18
PUNDAG,2,10,6,18
NEW HALFLONG,14,4,0,18
NAGARUNTARI,8,10,0,18
SENGOTTAI JN,4,0,14,18
CASTLE ROCK,16,2,0,18
RANUJ,0,0,18,18
NADBAI,10,4,4,18
SEOHARA,12,4,2,18
AMBLIYASAN J,2,2,14,18
NAZIRGANJ,8,6,4,18
MAKHU,4,2,12,18
NALANDA,4,0,14,18
NALLA PADU J,8,5,5,18
RAMAVARAPPAD,0,1,17,18
ASRA HALT,0,2,16,18
TAJ NAGAR,0,2,16,18
GIDHNI,0,4,14,18
BAIRAGNIA,10,0,8,18
KANAS ROAD,6,4,8,18
MULANTURUTTI,0,6,12,18
RISIA,0,12,6,18
CHAGALLU,4,4,10,18
RETANG,4,6,8,18
GHANPUR,2,12,4,18
MANDAPAM,8,4,6,18
DABILPUR HAL,2,5,11,18
KANHAN JN.,2,2,14,18
MUKTAPUR,2,2,14,18
CHANDIA ROAD,8,10,0,18
PHULPUR,12,2,4,18
GANKAR,0,6,12,18
GARJAIPUR,0,11,7,18
MUKUNDARAYAP,2,6,10,18
SARAIMIR,12,0,6,18
HANSI,0,16,2,18
JALAMB JN.,12,6,0,18
RENUKUT,8,10,0,18
GHATKESAR,0,6,12,18
BAWLI HALT,0,2,16,18
KOKPARA,0,4,14,18
PIPRA,0,2,16,18
LAR ROAD,8,6,4,18
KHADA,6,0,12,18
SATNALI,4,14,0,18
MALLANWALA K,4,2,12,18
KALUMNA,2,2,14,18
KHAJAULI,6,4,8,18
SATROD,0,16,2,18
DIDWANA,14,2,2,18
JANDIALA,6,4,8,18
SONAILI,2,6,10,18
BARADWAR,7,7,4,18
BARAMULLA,0,0,18,18
DESHNOKE,16,0,2,18
BIHAR SHARIF,4,0,14,18
JAITWAR,14,0,4,18
PHALODI,12,6,0,18
CHANDUR,12,4,2,18
RUKADI,8,2,8,18
BAKUDI,4,4,10,18
TARAORI,6,1,11,18
MANIGRAM,0,6,12,18
SUJANGARH,14,2,2,18
VISHWAMITRI,5,7,6,18
KORAPUT JN.,8,10,0,18
GANGRAUL HAL,0,2,16,18
TWINING GANJ,6,8,4,18
JAGRAON,2,4,12,18
PERNEM,10,2,6,18
BANSTOLA P.H,0,2,16,18
HASANPUR ROA,4,2,12,18
BADLA GHAT,0,2,16,18
DUDHANI,10,6,2,18
MORVI,4,0,14,18
MARARIKULAM,4,2,12,18
SANKARPUR,4,4,10,18
DOSAPADU,0,1,17,18
JAKHIM,4,8,6,18
MANOHARPUR,12,2,4,18
BAMNIA,12,2,4,18
TARANA ROAD,10,6,2,18
UTRAITIA JN,0,8,10,18
LADNUN,14,2,2,18
KUTRALAM,2,4,12,18
PANDAUL,6,4,8,18
SONBARSA KAC,0,2,16,18
MORAK,10,2,6,18
MORINDA,2,11,5,18
MOHARAJPUR,4,4,10,18
MOGA,2,4,12,18
CUMBUM,16,2,0,18
KARAMNASA,8,6,4,18
SAHIBZADA AJ,4,14,0,18
MATHURA CANT,6,2,10,18
TIRUVANNAMAL,8,7,3,18
HATHBANDH,5,8,5,18
MATERA,0,12,6,18
CHAURA BH,4,4,10,18
PAWAPURI ROA,4,0,14,18
SOPORE,0,0,18,18
BHUDPUR,0,2,16,18
HARRAD,0,14,4,18
VAIKAM ROAD,2,4,12,18
VADOD,0,6,12,18
BHULANPUR F,9,2,7,18
SAKALDIHA,6,8,4,18
VALIVADE,8,2,8,18
MAUHARI,0,14,4,18
KARISATH,4,8,6,18
ETTUMANUR,2,4,12,18
FALAKATA,14,2,2,18
BHAROLI,2,0,16,18
WARISALIGANJ,4,1,13,18
ADAS ROAD,0,6,12,18
HEJJALA,1,2,14,17
HIMAYATNAGAR,11,4,2,17
IDAPPALLI,5,2,10,17
TSUNDURU,5,6,6,17
KRISHNA,13,4,0,17
VYARA,10,6,1,17
PEDDAVADLAPU,4,4,9,17
INDUPALLI,0,1,16,17
BADNAPUR,8,6,3,17
JAISALMER,11,6,0,17
BARAN,12,5,0,17
CHANDERIYA J,9,8,0,17
VIRPUR,4,7,6,17
BATHNA KRITT,0,0,17,17
OBRADAM,6,8,3,17
BHUSANDPUR,4,7,6,17
TIMARNI,15,2,0,17
TILBHITA,3,4,10,17
METYAL SAHAR,0,8,9,17
SINDHU DURG,13,4,0,17
JATKANHAR,3,4,10,17
SILLI,0,13,4,17
BHESTAN,0,12,5,17
LUCKNOW CITY,10,2,5,17
GUJRAN-BALWA,0,2,15,17
JHARKHANDI F,8,9,0,17
JOARA,9,6,2,17
NARAYANPUR T,12,5,0,17
ANCHELI,0,12,5,17
CHILKA,6,7,4,17
MAHPUR,0,8,9,17
KHANDRAWALI,0,2,15,17
NAGAR NABI,3,4,10,17
CARMELARAM,9,2,6,17
VALLIUKUNNU,5,7,5,17
MAUR,7,10,0,17
SALEKASA,7,3,7,17
FATEH NAGAR,5,8,4,17
MUSRA,3,4,10,17
KALYANPUR RO,3,4,10,17
SATSANG NAGA,0,0,17,17
MALIYA HATIN,4,7,6,17
VEDCHHA,0,12,5,17
KANDALA,7,4,6,17
MUKUNDWADI H,8,6,3,17
GANJAM,4,7,6,17
SANTALDIH,0,6,11,17
MOHIUDDINPUR,0,7,10,17
SANGAM JAGAR,0,4,13,17
PARTAPUR,0,7,10,17
KUHURI,4,7,6,17
WENA,4,0,12,16
KULITALAI,6,0,10,16
KUMBLA,8,3,5,16
MEHIDPUR ROA,14,2,0,16
KASHI CHAK,2,1,13,16
MAYAKONDA,2,8,6,16
EKAMBARAKUPP,2,1,13,16
TAMNA,0,8,8,16
TALWANDI,2,2,12,16
HONNAVAR,10,6,0,16
KURALI,0,11,5,16
SRI RAMNAGAR,7,9,0,16
BINNAGURI,8,4,4,16
TULIN,0,9,7,16
SUDHRANA,0,12,4,16
SUDHANI,2,12,2,16
SORBHOG,2,8,6,16
KURUPPANTARA,0,4,12,16
KOTTARAKKARA,0,6,10,16
PAYYOLI,2,10,4,16
HATHUA,0,2,14,16
PANIYAHAWA,4,0,12,16
PANDORI,0,0,16,16
PANDABESWAR,2,4,10,16
BHIMADOLU,6,6,4,16
LACHHMANPUR,6,4,6,16
TALCHER,12,2,2,16
TALBAHAT,10,4,2,16
TANGUTURU,8,6,2,16
BHUCHCHU,6,7,3,16
BUNDI,12,4,0,16
BADSHAHPUR,6,6,4,16
PETLAD JN.,0,0,16,16
AMMASANDRA,6,8,2,16
AMLORI SARSA,0,2,14,16
KOSLI,0,12,4,16
DAURALA,1,7,8,16
HARPALPUR,12,3,1,16
HARNAUT,4,0,12,16
BAZPUR,4,4,8,16
SAGARDIGHI,0,4,12,16
KAPURTHALA,2,2,12,16
SAIDRAJA,6,6,4,16
SAIDAPUR,12,4,0,16
KARAMSAD,0,0,16,16
PAHARPUR,6,6,4,16
PADADHARI,10,6,0,16
DEVANUR,2,14,0,16
PACHRUKHI,0,4,12,16
HARI SHANKAR,12,4,0,16
LAMBHUA,8,4,4,16
DANGOAPOSI,4,4,8,16
SUJNIPARA,0,4,12,16
VISHNUPURAM,8,6,2,16
AGAS,0,0,16,16
AGARTALA,6,2,8,16
TARN TARAN,0,0,16,16
MORGRAM,0,4,12,16
MARKONA,4,8,4,16
MARIAHU,10,0,6,16
BARPALI,8,8,0,16
SANKARIDRUG,4,2,10,16
BHATIEL,0,0,16,16
HAMRE,0,0,16,16
SIRARI,2,1,13,16
LIMBGAON,8,7,1,16
LAXMIBAINAGA,2,0,14,16
BHUTESHWAR,0,4,12,16
KARANPURATO,2,4,10,16
KARIMGANJ JN,4,2,10,16
EZHUKONE,0,6,10,16
SALMARI,0,6,10,16
BYADGI,4,8,4,16
KANTADIH,0,8,8,16
AJAMPUR,6,10,0,16
BIKRAMSHILA,6,4,6,16
BARIPADA PH,0,4,12,16
KANSBAHAL,8,4,4,16
ARNI ROAD,6,7,3,16
NUJELLA,0,2,14,16
NOWROZABAD,6,10,0,16
BAWANI KHERA,0,14,2,16
HAIDARNAGAR,6,6,4,16
TINSUKIA JN.,2,2,12,16
NIPHAD,6,8,2,16
ROSHANPUR,0,2,14,16
KANINA KHAS,2,14,0,16
KANIMAHULI P,0,4,12,16
BALANAGAR,4,7,5,16
DUHAI,0,6,10,16
MANHERU,0,12,4,16
MANGAON,12,4,0,16
TARAPUR,0,0,16,16
CANACONA,6,6,4,16
SIMARIA,8,4,4,16
KIRATPUR SAH,0,11,5,16
KODUMUDI,7,3,6,16
SITAPUR CITY,4,2,10,16
AUVANEESWARA,0,6,10,16
CHANDAULI MA,6,6,4,16
CHERIYANAD,0,7,9,16
NILOKHERI,2,3,11,16
NILJE,0,4,12,16
GARLA,2,10,4,16
GARHWA,6,10,0,16
GARHI MANIKP,8,8,0,16
MUHAMMADGANJ,6,6,4,16
MUGMA,0,4,12,16
MUGAT,6,8,2,16
RUNDHI,0,0,16,16
ROWTA BAGAN,0,6,10,16
JATUSANA,0,12,4,16
PUNPUN GHAT,0,0,16,16
PUNALUR,0,6,10,16
NIDVANDA,2,8,6,16
NIDAMANURU,0,1,15,16
SULTANPUR LO,2,2,12,16
MUKURIA,0,6,10,16
MANDI GOBIND,10,0,6,16
MANDAWAR MAH,8,4,4,16
TALAJA PANCH,0,4,12,16
BANKATA,6,0,10,16
KISHANGARH B,0,12,4,16
NEW MORINDA,2,9,5,16
NEW MISAMARI,0,6,10,16
GULLAGUDA,2,8,6,16
NELLORE SOUT,2,4,10,16
BHIGVAN,6,10,0,16
BOGRI ROAD,0,8,8,16
AHIRAN H,0,4,12,16
THANPAR NAGA,0,4,12,16
NAYAGAON,6,4,6,16
JHARLI,0,12,4,16
KHURDPUR,0,2,14,16
KAMPUR,8,6,2,16
MURHIPAR,2,4,10,16
MURDESHWAR,10,6,0,16
URMA,0,8,8,16
CHAIBASA,4,2,10,16
CHITGIDDA,2,8,6,16
KILIKOLLUR,0,6,10,16
ATUL,0,8,8,16
TIHU,2,8,6,16
NAWAPARA ROA,12,4,0,16
NAUTANWA,4,0,12,16
GORESWAR,0,6,10,16
RAJALDESAR,4,8,4,16
GOURINATHDHA,0,9,7,16
RAIL COACH F,2,2,12,16
SURIAWAN,8,6,2,16
SHOLAKA,0,0,16,16
MALKHAID ROA,10,6,0,16
MALIYA MIYAN,14,0,2,16
KALUBATHAN,0,4,12,16
DADPUR BH,2,4,10,16
MANDAVALLI,0,5,11,16
CHHOTI KHATU,12,2,2,16
CHHOTA AMBAN,0,4,12,16
NAR TOWN,0,0,16,16
NAPASAR,4,8,4,16
RAJMAHAL,0,0,16,16
DHEKIAJULI R,0,6,10,16
SHIMOGA,2,10,4,16
MAHALI MARUP,2,6,8,16
AMARDA ROAD,4,6,6,16
BIJNI,2,8,6,16
UNTARI ROAD,6,6,4,16
RAY,6,10,0,16
ASANBONI,0,2,14,16
RAVER,14,2,0,16
RAVALPALLI K,2,8,6,16
KAMALAPURAM,12,0,4,16
BANCHARI,0,0,16,16
BANAVAR,2,14,0,16
DODBALLAPUR,14,0,2,16
SATHI,0,0,16,16
BANAPURA,14,2,0,16
VIJAYPUR JAM,10,2,4,16
BOMMIDI,4,6,6,16
VIDYAPATINAG,4,2,10,16
KHATKURA PH,0,4,12,16
ANKORAH (AKO,6,6,4,16
RAMGARH CANT,10,2,4,16
NAGALAPALLE,2,8,6,16
KALITALAVADI,0,0,16,16
KALISINDH,10,4,2,16
TENNERU HALT,0,1,15,16
SAYAMA,0,0,16,16
SEWAPURI,8,6,2,16
RAMDEVRA,10,6,0,16
GOLLAPALLI,4,7,5,16
NALWAR,12,4,0,16
DAHINA-ZAINA,2,14,0,16
MAJRI JN.,12,2,2,16
MAJHOWALIA,2,0,14,16
MAJBAT,0,6,10,16
CHUDAWA,8,7,1,16
VALLABH VIDH,0,0,16,16
MAU RANIPUR,12,3,1,16
SALAUNA,2,2,12,16
SALANPUR,2,4,10,16
GOILKERA,10,2,4,16
RAMGARHWA F,4,2,10,16
NAGERCOIL TO,4,3,9,16
GHUGHULI,4,0,12,16
RANINAGAR JA,2,4,10,16
KALANAUR KAL,2,4,10,16
KALAMBOLI,0,4,12,16
BONGAIGAON,4,6,6,16
KHAMBHAT,0,0,16,16
TELTA,2,12,2,16
YAWARPURA,0,0,16,16
WANPARTI ROA,6,10,0,16
DATIVLI,0,4,12,16
SRI DUNGARGA,4,8,4,16
HOSHIARPUR,0,2,14,16
BELPAHAR,11,5,0,16
PATTAN,0,0,16,16
PATIA HALT,2,6,8,16
PATHSHALA,2,8,6,16
DAUDPUR,2,4,10,16
PARK CIRCUS,0,0,16,16
SRIRANGAPATT,4,0,12,16
KUNDARA,0,6,10,16
PARMALKASA,1,4,10,15
DAULATABAD,6,6,3,15
MEJA ROAD,7,2,6,15
BHANVAD,7,2,6,15
PATHRAD HALT,5,8,2,15
DABHAURA,14,1,0,15
VENKATACHALE,2,4,9,15
KALANOUR,0,8,7,15
RAMPUR MANIH,1,4,10,15
RANAVAV,3,6,6,15
RANIPATRA,0,0,15,15
BAITARANI RO,4,6,5,15
LADHOWAL,0,1,14,15
ITOLA,3,6,6,15
DARAZPUR,0,8,7,15
KUSIARGAON,0,0,15,15
SAKHOTI TAND,0,7,8,15
TANDWAL,0,8,7,15
BARMER,6,7,2,15
BUDHLADA,7,8,0,15
GHUM,0,0,15,15
MALIHABAD,8,2,5,15
TIRUPARANKUN,3,6,6,15
SOJAT ROAD,13,0,2,15
DEORI,7,8,0,15
KARANJGOAN,6,6,3,15
GANGADHARPUR,2,7,6,15
PILI BANGAN,11,2,2,15
PILKHANI,0,8,7,15
JALALGARH,0,0,15,15
PABLI KHAS,0,7,8,15
LAKSHANNATH,2,6,7,15
SIWAN KACHER,0,2,13,15
SLEEMNABAD,7,8,0,15
SINGHPUR,3,12,0,15
SIR GURUDAS,0,0,15,15
SIRAJNAGAR,0,9,6,15
DHAMDHAMIA,2,4,9,15
RASMARA,1,4,10,15
RAUTARA,0,0,15,15
BASAVANA BAG,5,10,0,15
BATHNAHA,0,0,15,15
JALALKHALI H,0,0,15,15
MANSURPUR,0,7,8,15
BARSHI,12,3,0,15
KARMAD,8,4,3,15
ARARIYA,0,0,15,15
MIANGRAM,0,0,15,15
PIPRIDIH,0,6,9,15
LIMDI,5,2,8,15
MOTICHUR,2,5,8,15
RAWATPUR,0,4,11,15
MUSTAFABAD,0,8,7,15
ANGALAKUDURU,0,2,13,15
SIMRAHA,0,0,15,15
SINDI,9,4,2,15
GURSAHAIGANJ,2,6,7,15
MANIKUI,0,8,7,15
MANJESHWAR,7,3,5,15
DUKHERI,0,8,7,15
DORAHA,5,4,6,15
JAWAD ROAD,3,8,4,15
POTUL,6,6,3,15
NIKURSINI,2,6,7,15
GANGANIA,3,2,10,15
GARH BANALI,0,0,15,15
SARUPATHAR,9,4,2,15
KADAMBUR,9,6,0,15
SARUPSAR JN.,0,0,15,15
SARDARGARH,0,0,15,15
ROHANA KALAN,0,7,8,15
TARUR,6,6,3,15
LUNKARANSAR,13,2,0,15
BANI BIHAR,2,6,7,15
MURARPUR HAL,6,2,7,15
BAKAL,1,4,10,15
BAKHRABAD,0,6,9,15
ANCHURI PH,0,6,9,15
DHOBHI,9,0,6,15
DALAN,0,0,15,15
NAVAGADH,4,5,6,15
GOSALPUR,7,8,0,15
CHIKALTHAN,8,4,3,15
JORAWASAN,0,10,5,15
NARAYANGARH,0,6,9,15
KESRI,0,8,7,15
KETO HALLI H,1,2,12,15
SARSAWA,0,8,7,15
CHILUVUR,2,4,9,15
TEKA BIGHA,2,4,9,15
KASBA,0,0,15,15
PARSODA,6,6,3,15
SRINIVASANAG,2,4,9,15
KUNKI BH,0,8,7,15
PARIAWAN KAL,8,6,0,14
KUCHMAN,2,8,4,14
SRIVAIKUNTAM,2,2,10,14
VAITHISVARAN,2,6,6,14
TALVADIYA,8,2,4,14
CHAS ROAD PH,0,7,7,14
BADAUN,2,2,10,14
PATAN,0,0,14,14
VENDRA HALT,0,2,12,14
BHATTIPROLU,0,4,10,14
RAMPUR  HALT,0,3,11,14
KAJRAT NAWAD,6,4,4,14
NAGROTA SURI,0,2,12,14
GODAPEASAL,0,8,6,14
HARSAR DEHRI,0,2,12,14
CHANERA,12,2,0,14
CHANGSARI,4,4,6,14
PATTIKKAD HA,0,0,14,14
LACHYAN,2,10,2,14
LAHABON HALT,2,4,8,14
PANCHOT,0,0,14,14
PANGAON,10,4,0,14
HATHURAN,0,8,6,14
BIRPURUSOTHA,4,4,6,14
JIWDHARA,0,0,14,14
GOTHAN GAM,0,8,6,14
SHRI BHADRIY,8,6,0,14
MANAPARAI,3,9,2,14
MANCHILI,0,0,14,14
MANDA ROAD,6,2,6,14
GAROTH,12,2,0,14
GHANAULI,0,9,5,14
REN,8,4,2,14
KALUNGA,6,4,4,14
BHATTU,0,14,0,14
NANDPUR BHAT,0,2,12,14
BHAGWANSAR,0,0,14,14
DAULATPUR HA,0,10,4,14
BHIRA KHERI,0,12,2,14
ACHARYA NARE,8,4,2,14
CHINCHLI,2,6,6,14
CHAJLI,0,12,2,14
URKURA,3,6,5,14
KAMAN,0,0,14,14
REPALLE,0,4,10,14
KHAJAURAHO,2,6,6,14
ANGADIPURAM,0,0,14,14
DHIRPUR,0,1,13,14
AMGURI,8,4,2,14
SURAVALI (H),0,2,12,14
NARGANJO HAL,2,4,8,14
JNANA BHARAT,1,2,11,14
NASRALA,0,0,14,14
BAHADUR SING,0,12,2,14
JIRADEI,6,0,8,14
JITA KHERI,0,12,2,14
UMROLI,0,0,14,14
UNDI,0,3,11,14
NAZARETH,2,2,10,14
BASUCHAK HAL,0,6,8,14
BASWA,6,6,2,14
BODWAD,8,6,0,14
SIKANDRA RAO,2,2,10,14
KILA ZAFARGA,0,4,10,14
GULER,0,2,12,14
RAGHURAJ SIN,2,4,8,14
GUBBI,4,8,2,14
MADDIKERA,10,2,2,14
MADHAVNAGAR,4,8,2,14
BANGROD,6,4,4,14
CHIRGAON,8,6,0,14
CHITRADURG,8,2,4,14
KAIMGANJ,2,6,6,14
KADAVAKUDURU,2,6,6,14
DUDHINAGAR,4,10,0,14
AMBATURAI,2,8,4,14
DABTARA,2,4,8,14
KECHKI,0,10,4,14
MANDHAR,3,6,5,14
MANDI ADAMPU,0,14,0,14
ROBERTSGANJ,8,6,0,14
DHANUVACHAPU,1,2,11,14
MADHOSINGH,3,4,7,14
MADURANTAKAM,4,2,8,14
KHOIRABARI,0,6,8,14
DHARMANAGAR,6,2,6,14
DHAURA,10,2,2,14
DHEENA,2,8,4,14
PUTLACHERUVU,0,3,11,14
JHALAWAR ROA,12,2,0,14
KINANA,0,4,10,14
UPPU GUNDURU,2,6,6,14
MAGHAR,8,0,6,14
DHODA KHERI,0,1,13,14
DHOLA MAJRA,0,1,13,14
DHINOJ,0,0,14,14
MAHENDRANATH,0,4,10,14
THANDLA ROAD,8,2,4,14
RAJGHAT PH,2,6,6,14
GOPALPUR BAL,2,6,6,14
GOLLAPROLU,4,6,4,14
NANGAL MUNDI,2,12,0,14
NANGUNERI,8,4,2,14
NAGAL,0,7,7,14
GURUVAYUR,2,4,8,14
POWERPET,4,6,4,14
GURNAY,0,12,2,14
DALHOUSI ROA,0,2,12,14
DALMAU JN.,2,4,8,14
JAWALAMUKHI,0,2,12,14
JAWANWALA SH,0,2,12,14
JENAPUR ROAD,4,4,6,14
NILAMBUR ROA,0,0,14,14
TIKUNIA,0,12,2,14
JATDUMRI HAL,0,0,14,14
RUDRAPUR CIT,6,6,2,14
RUNKHERA,6,4,4,14
ROMANA ALBEL,0,6,8,14
GANJ DUNDWAR,2,6,6,14
DONDAICHA,8,6,0,14
DHANDARI KAL,8,0,6,14
TARAON,0,6,8,14
KAYALPATTINA,2,2,10,14
SARAGBUNDIA,1,4,9,14
SARAI BANJAR,0,3,11,14
JANKIDAIPUR,4,4,6,14
NIMPURATHROU,0,2,12,14
JARAUDA NARA,0,7,7,14
TIKEKARWADI,0,10,4,14
TIKIRAPAL PH,2,4,8,14
CHERUKARA HA,0,0,14,14
CHETTINAD,4,4,6,14
JANDRAPETA H,2,6,6,14
UKHRA,0,4,10,14
CHAND BHAN,0,6,8,14
UMESHNAGAR,0,6,8,14
KODAGANUR,2,6,6,14
KIRLOSKAR WA,10,2,2,14
AMDARA,2,12,0,14
MAHESHI,4,2,8,14
MAHRAWAL,0,2,12,14
TAKARI,10,2,2,14
ANKAI,6,7,1,14
SHAM CHAURAS,0,0,14,14
MAHUAWA KHUR,0,0,14,14
BOLINNA DOAB,0,0,14,14
BAREILLY JN,2,2,10,14
KAMAKHYAGURI,8,6,0,14
RAVINDRAKHAN,0,11,3,14
MAJORDE JN.,0,2,12,14
MAKANSAR,0,0,14,14
SEYDUNGANALL,2,2,10,14
NIPANIA,3,6,5,14
PONDURU,4,7,3,14
NUAGAON-MAYU,2,6,6,14
NURPUR ROAD,0,2,12,14
OBAIDULLA GA,12,2,0,14
PIPRADIH,0,0,14,14
SAMBALPUR CI,12,2,0,14
SAMLAYA JN.,6,2,6,14
KARKELI,4,10,0,14
DUBRAJPUR,0,4,10,14
BAMANHERI,0,7,7,14
BRIJMANGANJ,0,10,4,14
SANKHARI,0,0,14,14
APPIKATLA,2,6,6,14
SANOSARA,2,4,8,14
SITALPUR,4,4,6,14
KANTH,8,4,2,14
KATRA,2,4,8,14
MANUBOLU,1,4,9,14
SANGOLA,4,6,4,14
KATHUNANGAL,0,0,14,14
DUDWA,0,12,2,14
UTRAN,0,8,6,14
KARKHELI,6,6,2,14
KARONA HALT,0,0,14,14
FARHEDI HALT,0,1,13,14
KARJARA,0,1,13,14
KARAVADI,2,6,6,14
PIPRAIGAON,4,6,4,14
TILDANGA,0,6,8,14
LANJI GARH R,4,6,4,14
LIMKHERA,6,2,6,14
TADWAL,2,10,2,14
BASNI,1,13,0,14
GOLHALLI,2,6,6,14
ANKUSPUR,0,6,8,14
DING,0,14,0,14
DISA,6,8,0,14
ANVARDIKANPE,0,6,8,14
VENTRAPRAGAD,0,1,13,14
KALDHARI,0,2,12,14
RAPARLA HALT,2,6,6,14
GOHANA,0,0,14,14
RAMGOVINDSIN,0,0,14,14
FATEHSINGHPU,8,6,0,14
HALDIA,4,2,8,14
PIPOLOD,6,2,6,14
ODELA,0,11,3,14
SAHATWAR,8,4,2,14
SAHERI (HALT,0,6,8,14
FURSATGANJ,2,8,4,14
MODLIMB,2,10,2,14
MODUKURU HAL,2,6,6,14
MOHRI,0,1,13,14
ARUMUGANERI,2,2,10,14
ARUNACHAL,0,4,10,14
MOTARI HALT,4,4,6,14
UGAR KHURD,2,6,6,14
DANAULI PHUL,0,8,6,14
LALGANJ,2,4,8,14
LALGOPALGANJ,8,6,0,14
BIHAIROGANJ,2,0,12,14
PHUSRO,8,4,2,14
KOPA SAMHOTA,0,4,10,14
HARIPUR GRAM,4,4,6,14
HARISINGA,0,4,10,14
HARMUTI,2,12,0,14
DAURAM MADHE,2,4,8,14
LAILAKH MAMA,4,4,6,14
KOSAD,0,8,6,14
SOMNA,0,2,12,14
SOMNATH,4,6,4,14
BADMAL,8,6,0,14
SOHANSRA,2,12,0,14
CHANDRAGIRI,0,7,7,14
TURKI,0,8,6,14
PHESAR,2,6,6,14
TUVVUR HALT,0,0,14,14
PAHLEJAGHAT,0,4,10,14
JAI JAI WANT,0,4,10,14
SAGARPALI,0,4,10,14
JAINTIPURA,0,0,14,14
TIRUNNAVAYA,0,9,5,14
MINCHNAL,2,10,2,14
TALHERI BAZU,0,7,7,14
BILPUR,6,6,2,14
VANIYAMBALAM,0,0,14,14
BHULI,0,4,10,14
AKBAR GANJ,4,4,6,14
CHAKARBHATHA,3,6,5,14
RANPUR,4,2,8,14
KHARBAO,0,0,14,14
MAJHGAWAN,10,0,4,14
MALARNA,8,6,0,14
MALATIPATPUR,4,4,6,14
VEMURU HALT,0,4,10,14
KOTTA PANDIL,2,6,6,14
KRISHNA DEVA,1,2,11,14
KURUMBUR,2,2,10,14
STUARTPURAM,2,6,6,14
DANWAR,0,2,12,14
PALIA KALAN,0,12,2,14
TIRUCHENDUR,2,2,10,14
TIRUKKOVILUR,4,7,3,14
PALLIKONA HA,0,4,10,14
DARA,6,2,6,14
KOTHARI ROAD,1,4,9,14
SAIYEDPUR BH,0,6,8,14
VALAPUZHA HA,0,0,14,14
KARAINTHI,0,4,10,14
MATARI,0,4,10,14
SADHOO GARH,0,3,11,14
PARSIPUR,8,4,2,14
HIREHALLI,2,6,6,14
ZERPUR PALI,2,12,0,14
KUCHAVARAM H,1,3,10,14
MCCLUSKIEGAN,2,12,0,14
MELATUR HALT,0,0,14,14
SAMAR GOPALP,0,4,10,14
ERRUPALEM,4,4,6,14
PANPOSH,6,4,4,14
HIND,0,4,10,14
KUMRABAD ROH,1,4,9,14
WRS COLONY,3,6,5,14
DARYAPUR,0,2,12,14
KASIMPUR HAL,0,10,4,14
KATAKHAL JN.,0,6,8,14
TALARA,0,2,12,14
ADINA,0,4,10,14
SUDSAR,2,8,4,14
ADIPUR,12,2,0,14
KULPAHAR,10,3,1,14
KUMARBAGH,0,0,14,14
KULWA,0,2,12,14
CHINNARAVURU,0,4,10,14
TEK NEWAS,0,4,10,14
BUGGANAPALLI,10,2,2,14
WANEGAON HAL,6,7,1,14
MAYYANAD,2,7,5,14
HIRAKUND,6,8,0,14
BELRAYAN,0,12,2,14
KURICHEDU,10,2,2,14
HOLE-ALUR,4,10,0,14
PARSABAD,4,6,4,14
SISVINHALLI,5,8,0,13
SIRNAPALLI,2,3,8,13
LALGUDI,0,6,7,13
PIPLIA,5,6,2,13
NIYALISHPARA,0,2,11,13
DAKOR,0,0,13,13
BANKHEDI,9,4,0,13
MAHAJAN,11,2,0,13
SAHID MATANG,0,0,13,13
SHIUPUR,1,4,8,13
KOTABOMMALI,4,7,2,13
KONDAPALLI,2,6,5,13
WADHWAN CITY,3,2,8,13
VYASANAGAR,1,8,4,13
NIM-KA-THANA,5,8,0,13
PALLIYADI H.,1,3,9,13
TRIPAL,0,2,11,13
SAHASRAKUND,7,4,2,13
NICHITPUR,0,4,9,13
PANAPAKAM,0,6,7,13
BENAPUR,0,4,9,13
MADANKATA,1,2,10,13
UMRETH,0,0,13,13
NEW GUNTUR,11,2,0,13
BALARAMAPURA,0,2,11,13
KARAJGI,2,7,4,13
KANTI,0,0,13,13
BEOHARI,7,6,0,13
SADANAPURA,0,0,13,13
TUTICORIN,5,0,8,13
KOLAKALUR HA,2,4,7,13
KAPILAS ROAD,4,4,5,13
ODE,0,0,13,13
BAGRATAWA,9,4,0,13
HAIDERGARH,4,3,6,13
TILARU,4,7,2,13
SUDAMDIH,0,4,9,13
RUKNI,0,4,9,13
PIPRAHAN,0,0,13,13
PANIA JOB,3,3,7,13
HURMUJPUR (H,0,4,9,13
JAKHAPURA JN,4,4,5,13
NAZARBAG,0,0,13,13
BMY H CABIN,1,3,9,13
DHANMANDAL,6,2,5,13
PORADANGA,0,2,11,13
RAFALESHWAR,0,0,13,13
PANIARA HALT,0,4,9,13
BHOKAR,7,4,2,13
ANGUA PH,2,4,7,13
BARETA,5,8,0,13
RAGHUNATHBAR,0,0,13,13
GUDMA,3,3,7,13
NAYAK DIH HA,0,4,9,13
DADHAPARA,2,6,5,13
SATHAJAGAT,5,4,4,13
BORTALAO,3,3,7,13
SARKONI,1,4,8,13
DAGORI,2,6,5,13
NARNAUL,5,8,0,13
NANGAL PATHA,0,9,4,13
RAJAGODA,0,0,13,13
BILHAUR,2,4,7,13
SANKA,0,4,9,13
WADSA,4,7,2,13
KALPI,7,6,0,13
USKA BAZAR,0,9,4,13
CHACHURA BIN,10,3,0,13
BARYAL HIMAC,0,2,11,13
KAMALGANJ,2,4,7,13
SANGMESHWAR,9,4,0,13
RINGUS JN.,5,8,0,13
BALOTRA JN.,6,7,0,13
RAMBHA,2,7,4,13
CHURCHGATE,0,0,13,13
BHALEJ,0,0,13,13
KARIMUDDINPU,3,4,6,13
BHARMAR,0,2,11,13
SALICHAUKA,9,4,0,13
BARRAJPUR,2,4,7,13
KULITTURAI W,1,3,9,13
BIRAPATTI,1,4,8,13
DAREKASA,3,3,7,13
SRUNGAVRUKSH,0,0,13,13
HATTA ROAD,0,0,12,12
BABRALA,2,4,6,12
PATIALI,0,6,6,12
BANTAWALA,4,2,6,12
TRILOCHAN MA,0,4,8,12
INDIA PAPER,2,4,6,12
HATPURAINI H,0,2,10,12
PARAIYA,0,6,6,12
PARADEEP,2,2,8,12
IMLI,0,0,12,12
IKRAN,0,2,10,12
HUSAINPUR,0,0,12,12
PANTNAGAR,0,4,8,12
PANPALI  PH,4,4,4,12
TIRUVALAM,0,2,10,12
ALIGANJ,0,0,12,12
ALAMPUR,2,2,8,12
LAKSHMIPUR R,6,6,0,12
DANIYAWAN BA,2,0,10,12
DANGARWA,2,2,8,12
PANCHRA,0,2,10,12
PANCH RUKHI,0,2,10,12
DEKARGAON,0,2,10,12
BHIMGARA JN.,0,2,10,12
BARALA,0,0,12,12
BARAHAT,0,2,10,12
DEPALSAR,2,6,4,12
DEOGHAR,0,4,8,12
AMMAPALI,2,4,6,12
SOLDEVANAHAL,0,6,6,12
KORATTI ANGA,0,2,10,12
BHUPADEOPUR,3,5,4,12
CHEBROL,4,4,4,12
PENNADA AGRA,0,0,12,12
PALGHAT TOWN,4,2,6,12
PALAYAMKOTTA,0,2,10,12
PANDARAVADAI,0,0,12,12
KOIRIPUR,4,4,4,12
PANYAM,8,2,2,12
KOPARLAHAR,0,2,10,12
SOHAL,0,0,12,12
SOGORA,4,4,4,12
SIWANI,2,10,0,12
SIVUNGAON,6,4,2,12
KOLNUR,0,9,3,12
KOLLIKHUTHA,0,2,10,12
VISHWANATH C,0,12,0,12
KIRAOLI,6,2,4,12
LOHAPUR,0,0,12,12
PERECHERLA,8,2,2,12
PERALAM JN.,2,4,6,12
TIRUPATI WES,0,5,7,12
PALANI,4,2,6,12
PALSORAMKDN,0,4,8,12
DANDUPUR,4,4,4,12
DEVARGUDDA,2,6,4,12
VIRBHADRA,2,4,6,12
BERAWANYA,4,4,4,12
KANJIKODE,0,4,8,12
KANALUS,4,6,2,12
GAJAPATI NAG,8,2,2,12
SAHADAI BUZU,0,2,10,12
MOKALSAR,6,6,0,12
KAPARPURA,0,0,12,12
MOHANLALGANJ,0,8,4,12
MODRAN,6,6,0,12
MOTURU,0,1,11,12
MOTH,6,6,0,12
VADANAM KURU,0,0,12,12
TARLUPADU,10,2,0,12
PAKKI,1,5,6,12
SINGHIAGHAT,0,0,12,12
JAGUDAN,2,2,8,12
ISMAILPUR,0,6,6,12
SIRATHU,8,0,4,12
DHALGAON,2,6,4,12
BANMANKHI JN,2,4,6,12
PAJIAN,0,0,12,12
HANWANT,1,11,0,12
AYYAMPET,0,0,12,12
AWATARNAGAR,2,4,6,12
PHIRANGIPURA,8,2,2,12
SIKAR JN.,0,8,4,12
SIHO,4,2,6,12
PINDRA ROAD,2,4,6,12
PILERU,8,4,0,12
OLLUR,0,2,10,12
UJALVAV,2,2,8,12
CHANDPUR SIA,2,4,6,12
JAITHARI,4,8,0,12
PACHHAPUR,2,4,6,12
JALALABAD,0,0,12,12
JAKOLARI,0,0,12,12
JAKHLAUN,8,2,2,12
PALAMPUR HIM,0,2,10,12
BMY G CABIN,1,1,10,12
SWAMI MALAI,0,0,12,12
KHODRI,4,6,2,12
HALDAUR,2,4,6,12
PIPLODA BAGL,0,4,8,12
DHANERA,6,6,0,12
KIRODIMALNAG,3,5,4,12
BMY C CABIN,2,1,9,12
LUNSU  HALT,0,2,10,12
DAMAN JODI,6,6,0,12
SUNDARAPERUM,0,0,12,12
SULTANPUR KA,0,2,10,12
SILAUT,4,2,6,12
LOTTEGOLLAHA,0,4,8,12
BANO,6,4,2,12
BAGDOGRA,0,12,0,12
BICHIA,0,12,0,12
TILRATH,0,6,6,12
PIRO,0,0,12,12
NUNKHAR,2,4,6,12
NOHBACHHAMAD,0,2,10,12
OLAPUR,0,0,12,12
BAGHAULI,6,2,4,12
CHANDOK,6,4,2,12
SHRIRAJNAGAR,0,8,4,12
BHIKNUR,2,3,7,12
SHRI MAKRI N,2,6,4,12
VILLIANUR HA,0,2,10,12
NIWAR,6,6,0,12
GAJJELAKONDA,8,2,2,12
MODELGRAM,0,0,12,12
MISAMARI,0,4,8,12
KARAMTOLLA,2,4,6,12
KANTHALIYA R,0,2,10,12
MUDDALINGANA,2,4,6,12
RUDAIN,0,6,6,12
KANKAHA,0,8,4,12
KANJIRAMMITA,0,0,12,12
HANDIA KHAS,3,2,7,12
GURHA KEMLA,2,10,0,12
PRATAP BAGH,0,0,12,12
GURU HARSAHA,0,0,12,12
POTKAPALLI,0,9,3,12
JALOR,6,6,0,12
MADWARANI,1,4,7,12
MADANA PALLE,8,4,0,12
MACHAVARAM H,2,4,6,12
DHANSU,0,12,0,12
POCHARAM HAL,0,8,4,12
BICHPURI,0,2,10,12
NIWARI,8,3,1,12
UKLANA,0,12,0,12
UKHALI HALT,4,6,2,12
UJHANI,0,2,10,12
ALWAR TIRUNA,0,2,10,12
TIKIRI,6,6,0,12
PULLA,4,4,4,12
JAMALPUR SHA,0,12,0,12
KHONGSARA,4,6,2,12
KHOJEWALA,0,0,12,12
SHIVANI,4,8,0,12
DHAUNI,0,2,10,12
DHARUADIHI,4,4,4,12
NINGALA,2,2,8,12
TAKIPUR,0,0,12,12
KHAT,2,2,8,12
MAHMUDABAD (,4,0,8,12
KHETIA,0,0,12,12
MAIKALGANJ,6,2,4,12
NIMDIH,0,8,4,12
NILGIRI ROAD,2,6,4,12
PUNSIA H,0,2,10,12
PUNNAPRA,0,0,12,12
POLUR,2,7,3,12
POLLACHI,4,2,6,12
DHONDI HALT,4,6,2,12
MAHALAM,0,0,12,12
MAHWAL,0,0,12,12
BONA KALU,2,4,6,12
BOLSA,6,4,2,12
BOJAWAS HALT,2,10,0,12
KHATU,8,2,2,12
SHEDBAL,0,6,6,12
KHARA,0,0,12,12
KHANTAPARA,2,6,4,12
BETNOTI PH,0,4,8,12
BETHAMPURDI,0,8,4,12
NISHANGARA,0,12,0,12
ANKOLA,6,6,0,12
DHUTRA,4,4,4,12
BASUDEOPUR C,0,2,10,12
TANGARMUNDA,4,4,4,12
BULLUANA,1,5,6,12
BULANDSHAHR,4,0,8,12
GARAHANI,0,0,12,12
GANNAVARAM,4,4,4,12
GARHNOKHA,0,0,12,12
MUKTSAR,2,2,8,12
KANHADGAON,0,0,12,12
KANGRA MANDI,0,2,10,12
KANGRA,0,2,10,12
FIROZPUR CIT,0,0,12,12
SAHAWAR TOWN,0,6,6,12
PUNDI,2,6,4,12
CHANDAFORT,2,7,3,12
RADHIKAPUR,0,4,8,12
POKHARNI NAR,4,6,2,12
SAVANUR,2,6,4,12
NEW BALRAMPU,0,6,6,12
BHADRACHALAM,0,8,4,12
DARYAOGANJ,0,6,6,12
BHOJO,8,2,2,12
TADAKAL PUDI,0,8,4,12
ANJAR,10,2,0,12
WYNDHAMGANJ,4,8,0,12
ANGAR GHAT,0,0,12,12
KHANDIKAR,0,4,8,12
GULEDAGUDDA,2,10,0,12
NEMAM,0,1,11,12
NELLAYI,0,2,10,12
KHAGA,8,0,4,12
BANASANDRA,2,8,2,12
JHAWAR HALT,0,0,12,12
JHARRADIH,3,5,4,12
CHAMARDIGHI,0,0,12,12
CHAMARAJAPUR,0,0,12,12
BASUDEBPUR H,0,4,8,12
JASWANTNAGAR,4,2,6,12
BONIDANGA,0,4,8,12
KUNDGOL,2,6,4,12
MALKAPURAM,8,2,2,12
CHHIPADOHAR,2,10,0,12
CHHINA,0,0,12,12
THATHANKULAM,0,2,10,12
THARSA,2,2,8,12
KUNDANGANJ,0,8,4,12
RAIBHA,0,2,10,12
RAHIMABAD,5,2,5,12
ADHARTAL,6,6,0,12
GUDGERI,2,6,4,12
ATTUR,4,4,4,12
RAHAMA,2,2,8,12
KUMAHU,0,6,6,12
NAYA NAGAR,0,0,12,12
SATHIAON,4,0,8,12
DOIWALA,6,4,2,12
SAUNSHI,2,6,4,12
SATULUR,8,2,2,12
DIGHA BRIDGE,0,2,10,12
DIBRUGARH TO,4,0,8,12
DILAWARNAGAR,5,2,5,12
SEMRA,0,0,12,12
SASALU,2,6,4,12
ABHANPUR JN.,0,0,12,12
NAVABPALEM,4,4,4,12
BAHANAGA BAZ,2,6,4,12
JOGIARA,2,0,10,12
JHULASAN,2,2,8,12
MANDAMARI,0,9,3,12
MANDAGERE,0,8,4,12
KESHORAI PAT,8,4,0,12
KENDUKANA,4,2,6,12
VATLUR,4,4,4,12
UNA HIMACHAL,2,8,2,12
BATHINDA CAN,2,7,3,12
JHUSI,2,3,7,12
RAIGANJ,0,4,8,12
RAIBOJHA,0,12,0,12
FARUKHNAGAR,0,2,10,12
MIHINPURWA,0,12,0,12
CHIMALPAHAD,0,8,4,12
CHIT BARAGAO,2,4,6,12
ROBERTSON,3,5,4,12
BARUNA,0,8,4,12
KANAKPURA,10,0,2,12
MULLANPUR,0,0,12,12
MULKI,4,6,2,12
GEVRA-ROAD,1,4,7,12
KALSUR,2,6,4,12
TANKUPPA,4,4,4,12
CHOVVARA,0,2,10,12
DOBBSPET,2,4,6,12
DIVITPALLI H,3,6,3,12
KULUKALUR HA,0,0,12,12
JUHARPURA,2,6,4,12
KOTTIKULAM,6,3,3,12
AMBARI FALAK,0,4,8,12
SARNA,0,0,12,12
PARMANAND,0,0,12,12
CINTALPALLI,0,8,4,12
HIRENANDURU,0,10,2,12
KAVATHE MAHA,2,6,4,12
GRAM KHARIKA,0,2,10,12
GOVINDGARH K,0,10,2,12
TOLRA,0,8,4,12
NARAYANPUR A,4,2,6,12
JUCHANDRA,0,0,12,12
JORAMOW,2,2,8,12
FAZALPUR,2,2,8,12
FATEHPUR-SIK,6,2,4,12
KACHCHANAVIL,0,2,10,12
KABAKA PUTTU,4,2,6,12
K-CABIN BNDM,2,4,6,12
BAIJNATH PAP,0,2,10,12
CHIHERU,0,1,11,12
CHIANKI,0,8,4,12
CHIKASANA,0,2,10,12
NAVIPET,6,4,2,12
MANJHRA PURA,0,12,0,12
KAYDI HALT,0,0,12,12
BARIWALA,2,2,8,12
MANGRA,0,8,4,12
MANENDRAGARH,0,8,4,12
MANDI DHANAU,2,4,6,12
BILASPUR ROA,6,4,2,12
THALANGAI,0,2,10,12
CHILHIA,0,8,4,12
CHIKODI ROAD,2,4,6,12
BHAGWANPUR D,0,0,12,12
BIJNOR,2,4,6,12
CHALGERI,2,6,4,12
BIRSOAL,0,0,12,12
NANGAL DEGRO,2,10,0,12
JUGPURA PH,0,4,8,12
NANWAN HALT,2,10,0,12
NANJANGUD TO,0,0,12,12
GORAYA,4,3,5,12
KURI,0,4,8,12
BHAGA JN,2,4,6,12
RAJHAURA,0,8,4,12
RAJENDRA PUL,5,3,4,12
KACHUJOR  FL,0,2,10,12
SANSARPUR,6,6,0,12
DUNDI,6,6,0,12
DUMRI JUARA,2,4,6,12
DUMARI HALT,9,2,1,12
SANKOPARA H,0,4,8,12
KUP,0,10,2,12
SONAKHAN,4,4,4,12
UNHEL,0,4,8,12
NANDANI LAGU,0,2,10,12
NANAUTA,0,2,10,12
NANAKSAR,0,0,12,12
KADIRI,8,4,0,12
BIKRAM GANJ,0,0,12,12
AITHAL,2,8,2,12
DUBAHA,4,2,6,12
DR SHRI KRIS,0,0,12,12
REWRAL,2,2,8,12
PASUPATIKOVI,0,0,12,12
PASRAHA,2,8,2,12
KALMITAR,4,6,2,12
KAMNARA,0,0,12,12
BELURMATH,0,0,12,12
BELSIRI,0,4,8,12
CHACHER,2,2,8,12
MUNIRABAD,10,2,0,12
HOSDURGA ROA,4,8,0,12
BARWALA,0,12,0,12
HONNAVALLI R,2,8,2,12
SALCHAPRA,0,4,8,12
SALAWAS,1,11,0,12
VARANGAON,6,6,0,12
SANTROAD,6,0,6,12
GOLDEENGANJ,2,4,6,12
KATAREAH,2,8,2,12
KADALUNDI,2,5,5,12
KADAKOLA,0,0,12,12
KAITHAL,2,2,8,12
AMARUN,0,0,12,12
GOKAK ROAD,2,4,6,12
RAMANNAPET,6,2,4,12
THAKURGANJ,0,12,0,12
BASHARATGANJ,0,4,8,12
KAJORA GRAM,0,2,10,12
KAITHALKUCHI,0,6,6,12
UPPAL,0,9,3,12
UNJALUR,4,2,6,12
HUGRAJULI,0,4,8,12
HIMMATANA,0,10,2,12
KALAS,2,6,4,12
KALANWALI,2,10,0,12
NAI KHERI,0,4,8,12
D.A.V. COLLE,0,0,12,12
BHATAR,0,0,12,12
BHARUR HALT,0,10,2,12
SANGANNAPUR,4,6,2,12
KATNI SOUTH,8,4,0,12
MANNARGUDI,2,6,4,12
LAKHEWALI,2,2,8,12
ASIFABAD ROA,0,9,3,12
NAHARKATIYA,8,2,2,12
NAGROTA,0,2,10,12
NAGRA DHAM P,0,0,12,12
KAKORI,5,2,5,12
SONUA,8,2,2,12
CHAKMAKRAND,0,2,10,12
CHAK SIKANDA,0,2,10,12
AKALKOT ROAD,4,6,2,12
AJITWAL,0,0,12,12
KAJRI,0,8,4,12
MASAIPET,2,5,5,12
MARWAR BHINM,6,6,0,12
MARTUR,0,10,2,12
KATHA JORI,2,6,4,12
RANIWARA,6,6,0,12
RANITAL,2,6,4,12
RANGAPURAM,8,2,2,12
GILL,0,10,2,12
GIDARPINDI,0,0,12,12
RAMPURA BERI,4,8,0,12
NAGBHIR,4,7,1,12
SONDAD,4,7,1,12
CHUDA,2,2,8,12
BALGONA,0,0,12,12
BHAIRANAYAKA,2,4,6,12
MUSTABADA,4,4,4,12
TENGANMADA,4,6,2,12
TELO,0,10,2,12
METTUPALAIYA,2,0,10,12
REOTI BAHORA,0,4,8,12
KASTHA,0,6,6,12
BALPUR,1,4,7,12
MEGHRAJPURA,0,2,10,12
CHINPAI,0,2,10,12
CHINNNABABU,0,2,10,12
CHINNASALEM,4,4,4,12
GHUTKU,4,6,2,12
ASALODA,0,4,8,12
ASAFPUR,0,4,8,12
PARMANANDPUR,2,4,6,12
KALIYAGANJ,0,4,8,12
MURTIHA,0,12,0,12
MURLIGANJ,2,4,6,12
URGA,1,4,7,12
GAUSHALA F,0,0,12,12
RELANGI,0,0,12,12
RECHNI ROAD,0,9,3,12
GATRA HALT,0,0,12,12
GARRA,0,0,12,12
RISHIKESH,2,4,6,12
KARUKUTTY,0,2,10,12
BHATISUDA,0,4,8,12
CHURK,6,6,0,12
BHANWAR TONK,4,6,2,12
MIANPUR,0,7,5,12
KARJANA GRAM,0,0,12,12
KARJANA,0,0,12,12
LADHUKA,0,0,12,12
ETTIMADAI,0,4,8,12
ARAVALLI,0,0,12,12
SALKA ROAD,4,6,2,12
LACHMIPUR HA,0,0,12,12
KOTDWARA,0,2,10,12
BALLE-DA-PIR,0,2,10,12
KAREPALLI JN,0,8,4,12
KARENGI,0,4,8,12
RAVTHA ROAD,4,2,6,12
ASHOKAPURAM,0,0,12,12
ASHAPURA GOM,6,6,0,12
BHARATGARH,0,7,5,12
RUPBAS,6,2,4,12
RUPAUND,4,8,0,12
GANGAGANJ,0,8,4,12
GANDHIPURAM,0,8,4,12
MORANHAT,8,2,2,12
MOLISAR,2,6,4,12
DARAULI,0,8,4,12
BALAGHAT JN.,0,0,12,12
VADGAON NILA,4,6,2,12
DARASURAM,0,0,12,12
WARASEONI,0,0,12,12
WALAYAR,0,4,8,12
TITTE,0,0,12,12
TODIYAPPULAM,0,0,12,12
BIRLANAGAR,0,6,6,12
PAROR,0,2,10,12
KRISHNA CHAN,0,4,8,12
BIRAMDIH,0,8,4,12
KUMBALAM,0,0,12,12
PARSA,0,8,4,12
BARA-GOPAL,2,4,6,12
BARA JAMADA,0,4,8,12
BHIND,2,4,6,12
SRI KRISHNA,4,4,4,12
SRI BALABRAH,4,8,0,12
SORUPETA,0,6,6,12
SORON SHUKAR,0,2,10,12
LAKHO,0,6,6,12
KOTALA HALT,0,5,7,12
BARABAMBO,2,6,4,12
SAMBHAR LAKE,12,0,0,12
BIRARAJPUR,0,4,7,11
KARIM NAGAR,3,0,8,11
GHAGWAL,7,0,4,11
SAMLOTI,0,2,9,11
SAMBHUPURA,3,4,4,11
SAMALPATTI,2,3,6,11
SALWA,1,2,8,11
COOPERS HALT,0,0,11,11
SANCHI,7,2,2,11
SANAND,7,4,0,11
MEDAPADU,5,4,2,11
BRINDABANPUR,0,0,11,11
SANGARIYA,7,2,2,11
RAMNATHPUR,0,2,9,11
KAILSA,0,1,10,11
GOKARNA ROAD,5,6,0,11
NAMAKKAL,7,0,4,11
SAKHPUR,3,2,6,11
DUMKA,0,2,9,11
KAFURPUR,0,1,10,11
SARAGAON ROA,3,5,3,11
DUDWINDI,0,0,11,11
BARI BRAHMAN,7,0,4,11
VAREDIA,0,5,6,11
RAJULA ROAD,5,2,4,11
BHAINI KHURD,0,1,10,11
NAVAPUR,4,6,1,11
MANJURI ROAD,2,4,5,11
MANDI DABWAL,7,2,2,11
BILGA,2,0,9,11
RAJAPUR ROAD,7,4,0,11
MANANI,0,2,9,11
RAIPUR HARYA,0,11,0,11
GOVINDPUR PH,0,2,9,11
CHORVAD,0,5,6,11
BAHJOI,2,3,6,11
GOSAINGRAM,0,0,11,11
BIKKAVOLU,5,4,2,11
SAVALYAPURAM,7,2,2,11
DIGARU,2,4,5,11
UNGUTURU,4,4,3,11
BIKNAPH,0,0,11,11
BARGAWAN,5,6,0,11
MAKRONIA,3,6,2,11
KHANNA BANJA,5,6,0,11
NERGUNDI JN.,4,2,5,11
NEMA HALT,0,0,11,11
VAIBHAVWADI,7,4,0,11
MILAVITTAN,3,0,8,11
GARIVIDI,2,6,3,11
GUNDRATIMADU,0,8,3,11
MAI HALT,0,0,11,11
MAHUVA,5,2,4,11
MAHBUB NAGAR,4,5,2,11
BANDAKPUR,7,4,0,11
CHAMUNDA MAR,0,2,9,11
CHHABRAGUGOR,6,5,0,11
NISOI,0,4,7,11
AMIN,0,1,10,11
KHETA SARAI,5,6,0,11
MAHADANAPURA,1,0,10,11
TIPPAPUR HAL,2,3,6,11
NIYAZIPUR HA,0,0,11,11
MISHRAULI,1,6,4,11
KARAILA ROAD,4,4,3,11
GANGAGHAT,0,7,4,11
HAMIRATTI PH,0,0,11,11
NURMAHAL,2,0,9,11
NUDURUPADU,7,2,2,11
BAYTU,4,7,0,11
NOBANDA PH,0,0,11,11
SIGADAM,2,6,3,11
DHAPARA DHAM,0,0,11,11
HAKIMPUR,0,1,10,11
PETTAIVAYTAL,1,0,10,11
PACHOR ROAD,8,3,0,11
DHANOLI,1,3,7,11
LODIPUR BISH,0,1,10,11
KITA,0,7,4,11
UTTUKULI,5,0,6,11
KOHAND HALT,0,1,10,11
LANKALAKODER,0,0,11,11
LALPUR JAM,7,2,2,11
PALAPPURAM H,0,3,8,11
BAZIDA JATAN,0,1,10,11
JAHANABAD  C,0,0,11,11
PENUMARRU HA,0,2,9,11
PALLEVADA,0,1,10,11
BELBONI PH,0,0,11,11
SONAMUKHI PH,0,0,11,11
KORAI HALT,4,2,5,11
BELIATOR PH,0,0,11,11
BHITONI,7,4,0,11
SUBARNAMRIGI,0,6,5,11
BABARPUR,0,1,10,11
CHITYALA,2,5,4,11
CHITTERI,0,4,7,11
GANESHGANJ,3,6,2,11
MONGHYR,1,0,10,11
BINDKI ROAD,4,0,7,11
YERPEDU,2,2,6,10
BINDUKURI,0,2,8,10
SRIPUR HALT,0,4,6,10
SRIVENKATESW,2,6,2,10
TOLAHUNSE,2,4,4,10
TODARPUR,4,2,4,10
BADDOWAL,0,0,10,10
BADARWAS,4,6,0,10
BARABAR HALT,0,0,10,10
KOTTAPALLI H,0,7,3,10
BISRA,6,2,2,10
BISHRAMPUR,0,8,2,10
BISHNATH GAN,0,6,4,10
BISALPUR,0,0,10,10
VRINDAVAN,0,0,10,10
VRINDABAN RO,0,0,10,10
KURGUNTA,4,6,0,10
LAHLI,2,0,8,10
PARVEZPUR,2,8,0,10
PARSAUNI,0,0,10,10
KANJIA,0,6,4,10
MULAGUNNATHU,0,1,9,10
MOKHASA KALA,0,1,9,10
SAFDARGANJ,4,2,4,10
GAJUWALA HAL,0,10,0,10
SADULSHAHAR,2,2,6,10
SABIRA,2,4,4,10
MOHOL,2,8,0,10
CHODIALA,2,4,4,10
RUPSIBARI,0,2,8,10
RUPAMAU,0,6,4,10
BYADARA HALL,2,0,8,10
BUTEWALA,0,0,10,10
BUTARI,0,2,8,10
USMANPUR,8,2,0,10
KANDWAL,0,1,9,10
GANI DHAM HA,0,0,10,10
ROMPALLE PH,0,0,10,10
CHINGAVANAM,0,1,9,10
MUKKALI HALT,0,6,4,10
MUKETASHWAR,0,6,4,10
MUHAMMADPUR,0,0,10,10
BARWA SAGAR,6,3,1,10
BARWA KALAN,0,0,10,10
FEROZESHAH,0,0,10,10
MITHAPUR,4,6,0,10
MITAWAL,0,4,6,10
RUNNIASAIDPU,6,0,4,10
GANGAJHARI,2,2,6,10
RUKMAPUR,0,6,4,10
RORANWALA,0,2,8,10
KANKI,0,10,0,10
VALAPATTANAM,4,3,3,10
CHIRMIRI,0,8,2,10
CHIRAILLA PA,0,4,6,10
TATIBAHAR,0,10,0,10
MUNDIKOTA,2,2,6,10
MUNDERWA,4,0,6,10
MULMARORA,2,7,1,10
MULLURCARAI,0,1,9,10
TANGRA,0,2,8,10
BHOWRA BH,0,4,6,10
BHOPATPUR,0,0,10,10
CHOUTH-KA-BA,6,4,0,10
BUNIYADPUR,0,6,4,10
MIRANPUR KAT,4,4,2,10
SAITHAL (HAL,0,0,10,10
SAINTALA,4,6,0,10
KAMASAMUDRAM,0,2,8,10
CHAK PAKHEWA,0,2,8,10
CHAK BANWALA,0,2,8,10
CHABUA,4,0,6,10
CAUVERY,0,0,10,10
MUNUMAKA,6,2,2,10
BASAI,4,4,2,10
GAZULAPALLI,8,2,0,10
SALAKATI,0,10,0,10
SAKTESGARH,4,6,0,10
FATEHGARH SA,0,5,5,10
TAPANG,0,6,4,10
KARDI,2,6,2,10
MILANGARH,0,4,6,10
MILAK,8,2,0,10
VALAVANUR HA,0,2,8,10
BHANKALA,0,2,8,10
BALLEKERE,2,8,0,10
BHANJPUR,0,2,8,10
SALIYAMANGAL,0,0,10,10
SALEM TOWN,4,2,4,10
BALIPARA,0,8,2,10
KALLURU,4,4,2,10
KALLAYI,0,5,5,10
MURUKKAMPUZH,2,3,5,10
MURKEONG SEL,0,8,2,10
MURI BAHAL,6,4,0,10
KALIJAI,0,6,4,10
GAZOLE,0,6,4,10
RAYANAPADU,0,4,6,10
GARUDABILLI,6,2,2,10
REOTI,4,4,2,10
RATIKHEDA,0,6,4,10
RATANPURA,2,2,6,10
GHORASAHAN,2,0,8,10
GHOGRAPAR,0,4,6,10
GHAZIPUR GHA,0,4,6,10
RASIPURAM,6,0,4,10
KALCHINI,0,6,4,10
KALAYAT,0,2,8,10
NADAPURAM RO,0,6,4,10
NABA GRAM KA,0,0,10,10
MUTTARASANAL,0,0,10,10
KARNA,4,2,4,10
MERAMANDOLI,2,6,2,10
ELAMANUR,0,0,10,10
SALUR,0,0,10,10
ARGUL,0,6,4,10
TELAM,0,8,2,10
RAOTI,4,2,4,10
CHAKKALI LAI,0,0,10,10
CHAKDAYALA,6,0,4,10
AJIT GILL MA,0,4,6,10
BASSI PATHAN,0,5,5,10
MAYANOOR,0,0,10,10
MAVELIPALAIY,0,0,10,10
TANDAVAPURA,0,0,10,10
TAMKUHI ROAD,2,2,6,10
TALMADLA,2,3,5,10
TALLI SAIDA,0,0,10,10
AIGAWAN,4,2,4,10
BUDDIREDDIPP,0,4,6,10
BALIAKHERI,2,4,4,10
BHAIRONGARH,4,2,4,10
RANJANI,8,2,0,10
GIRDIH,0,0,10,10
BAIKUNTHPUR,0,8,2,10
KALAMASSERI,0,2,8,10
NAGARI,0,2,8,10
NAIKOT F,0,0,10,10
VALMIKINAGAR,0,0,10,10
VALLATTOLNAG,0,1,9,10
MAU AIMMA,0,6,4,10
AMBIKAPUR,0,8,2,10
D.A.V.COLLEG,0,0,10,10
SANEH ROAD,0,0,10,10
EKANGAR SARA,2,0,8,10
KASHIPURA SA,0,4,6,10
MEENAPUR,0,2,8,10
TELAPROLU,4,2,4,10
GOHPUR,0,10,0,10
GOGI POTHIA,0,0,10,10
GOGAMUKH,0,8,2,10
GODAMGURA,0,6,4,10
NAGRAKATA,0,6,4,10
BAJPATTI,0,0,10,10
MASIT,4,2,4,10
BAROG,0,0,10,10
BARKUR,2,6,2,10
BARKISALAIYA,2,4,4,10
KATANGI,0,0,10,10
MASANI,0,0,10,10
MARWAR MUNDW,10,0,0,10
BARPATHAR,4,4,2,10
SANKARANKOVI,4,0,6,10
BRUNDAMAL,2,2,6,10
GOLABAI,0,6,4,10
RAMAPURAM,0,3,7,10
THAKURBARI,0,2,8,10
KAHILIA,4,2,4,10
NAMRUP,6,2,2,10
NAKSALBARI,0,10,0,10
BHATIA,4,6,0,10
BHARWARI,6,0,4,10
DURGACHAK TO,0,2,8,10
MARAHRA,0,0,10,10
MANYAM KONDA,3,5,2,10
MANWAL,4,0,6,10
KATORA,0,8,2,10
MASNADIH,0,2,8,10
RAMNAGAR(J-K,4,0,6,10
RAMKOLA,2,2,6,10
RAMAGIRI,4,6,0,10
RAM CHAURA R,6,4,0,10
BHAGIRATHPUR,0,0,10,10
BIJAURIA,0,0,10,10
UPPALA,2,3,5,10
SAONGI,0,0,10,10
SANTAMGALUR,6,2,2,10
ARALVAYMOLI,6,2,2,10
ARALAGUPPE,2,6,2,10
AJHAI,0,0,10,10
SANJHA H,0,0,10,10
NAMTIALI,4,4,2,10
KADIYAM,5,3,2,10
KADAYANALLUR,4,0,6,10
KAIPADAR ROA,0,6,4,10
UPPALAVAI,2,3,5,10
RAJGHAT NARO,0,4,6,10
THANESAR CIT,0,2,8,10
KACHHLA,0,0,10,10
KACHEWANI,2,2,6,10
BAHMNIWALA,0,0,10,10
BRAR SQUARE,0,0,10,10
BAMLA,2,0,8,10
MANKARAI,0,2,8,10
DUDAHI,2,2,6,10
SARAI KANSRA,4,4,2,10
SARAI,2,2,6,10
DULIAJAN,6,2,2,10
MANNANUR,0,2,8,10
AMARGARH,4,2,4,10
AMARAVILLA H,0,1,9,10
RAMAN,0,10,0,10
NARAYANAPPAV,0,0,10,10
NARASINGAPAL,4,2,4,10
KAURAH,4,2,4,10
MANDRAK,2,4,4,10
MANDIDEEP,8,2,0,10
KENDRAPARA R,3,2,5,10
KEM,4,6,0,10
AMBASSA,4,2,4,10
CHHULHA,4,6,0,10
THAKURTOLA P,0,2,8,10
THAKURKUCHI,4,0,6,10
RAJAPALAYAM,4,0,6,10
NARAINA VIHA,0,0,10,10
NARAINA,10,0,0,10
NARAIKKINAR,1,5,4,10
JUNNORDEO,4,0,6,10
KHAI PHEMEKI,0,0,10,10
TALALA JN,0,0,10,10
TALAKHAJURI,0,6,4,10
TALAIYUTHU,2,4,4,10
SARDARNAGAR,1,4,5,10
SARDAR PATEL,0,0,10,10
SARBAHARA,2,6,2,10
DUDHIA KHURD,0,0,10,10
DONKINAVALAS,6,2,2,10
SAROJINI NAG,0,0,10,10
SARLA,2,2,6,10
SARKHEJ,0,0,10,10
BARHAN JN.,0,4,6,10
RAISI,6,2,2,10
GOVINDPUR RO,4,4,2,10
JORHAT TOWN,0,6,4,10
JIYAPURAM HA,0,0,10,10
JIWA ARAIN,0,0,10,10
JIND CITY,0,0,10,10
JIMIDIPETA,6,2,2,10
BAHAI HALT,0,2,8,10
NARSIPURAM,6,2,2,10
JOGIWALA,0,0,10,10
JOGAL,0,2,8,10
GORPHAR,0,2,8,10
JHUNPA,0,10,0,10
MANDALGARH,6,4,0,10
VASTRAPUR,0,0,10,10
BRAHMANPALLI,2,5,3,10
BRAHMANA GUD,2,1,7,10
BOTAD JN (MG,0,0,10,10
VARNAMA,0,4,6,10
THEH QALANDA,0,0,10,10
RAIGIR  HALT,2,2,6,10
RAHATWAS,0,6,4,10
JHOK TAHAL S,0,0,10,10
NAWEGAON,4,0,6,10
NAWAGAON,6,2,2,10
NAWABGANJ(GO,0,2,8,10
DODH,0,0,10,10
SATAR HALT,0,0,10,10
SASON,2,2,6,10
SARWARI,8,2,0,10
BANARHAT,0,6,4,10
MALSIAN SHAH,2,0,8,10
MALLIYAM,0,0,10,10
MALLAPUR,0,10,0,10
MANDASA ROAD,2,7,1,10
RAGHUNATHPAL,2,4,4,10
RAGHAVAPURAM,0,7,3,10
RADHANPUR,6,4,0,10
NAYATOLA,0,2,8,10
BHADLI,0,10,0,10
GULARBHOJ,0,2,8,10
VENKATNAGAR,4,6,0,10
SEHRAMAU,0,0,10,10
SATUNA,8,2,0,10
SEWA NAGAR,0,0,10,10
DICHPALLI,2,3,5,10
JHAUA,0,2,8,10
JHARSUGUDA R,2,2,6,10
CHAMRAJANAGA,0,0,10,10
CHAMPANER RO,4,0,6,10
JHAMAT (HALT,0,0,10,10
NER HALT,0,0,10,10
BASUGAON,0,10,0,10
JASSOWAL HAL,0,8,2,10
BORDI,4,2,4,10
BORDHAI,4,0,6,10
VELDURTI,4,2,4,10
KHALTIPUR,0,6,4,10
MALDA COURT,0,2,8,10
MALAKHERA,4,6,0,10
MALAHAR,0,4,6,10
MALA,0,0,10,10
MAKUM JN.,2,0,8,10
MAKRANDPUR,0,0,10,10
MAKARPURA,0,4,6,10
CHHIT MAKAND,2,2,6,10
CHHINWARA JN,4,0,6,10
RADHAGAON,0,4,6,10
JAMWANTHALI,4,6,0,10
JARGAON,0,2,8,10
TAJPUR DEHMA,0,4,6,10
DAGRU,0,0,10,10
TAHSIL FATEH,2,0,8,10
TADLAPUSAPAL,0,8,2,10
KHARPOKHRA,0,0,10,10
KHARAK,2,0,8,10
SEMER KHEDI,0,6,4,10
BORDOLANI,0,8,2,10
GUJHANDI,2,4,4,10
PUTALAPATTU,0,3,7,10
PUSAULI,0,6,4,10
GUMIA,4,4,2,10
GUMADA,6,2,2,10
PUNCH PIPLIA,4,2,4,10
CHANAKYAPURI,0,0,10,10
VIJAYA NAGAR,0,4,6,10
VIJAPUR,0,0,10,10
BOMMASAMUDRA,0,3,7,10
MAHTHA BAZAR,0,6,4,10
SHAMSABAD,0,6,4,10
SHAHI,0,0,10,10
NIHASTA HALT,0,2,8,10
NIGOHI,0,0,10,10
NIGAURA,4,6,0,10
JEJURI,6,2,2,10
NEW MAYNAGUR,6,2,2,10
JEYPORE (ORI,6,4,0,10
BAGHOIKUSA,0,4,6,10
NEW AMRAVATI,6,2,2,10
TIKANI,0,0,10,10
NIRA,6,2,2,10
SHAHBAZNAGAR,0,0,10,10
SHAHBAZ KULI,0,4,6,10
TAKAZHI,0,0,10,10
KHARSALIYA,4,0,6,10
MAHESRA,0,0,10,10
MAHESHA MUND,0,0,10,10
KHIJADIYA JN,0,0,10,10
MAJHAIRAN HI,0,2,8,10
NIMODA,4,6,0,10
PURANPUR,0,0,10,10
PURANDARPUR,0,0,10,10
GUNERU BAMOR,0,6,4,10
GUNDLAKAMMA,6,2,2,10
GUMTHAL,0,2,8,10
UMAR TALI,4,2,4,10
CHANDANATTOP,0,2,8,10
SHIU SAGAR R,0,6,4,10
SHIMLA,0,0,10,10
SHELGAON HAL,5,3,2,10
DHONDHA DIH,0,4,6,10
DHOLKA,0,0,10,10
DHOLBAZA,0,0,10,10
MAHARAJGANJ,0,0,10,10
MAHANANDA BR,0,4,6,10
MAHADEVA  BU,0,6,4,10
SHAHGARH,0,0,10,10
SHAHDORAGAON,0,6,4,10
ULAVAPADU,2,6,2,10
CHEPPAD,0,0,10,10
ALNIYA,4,0,6,10
CHEEKATEEGAL,6,2,2,10
NOAMUNDI,0,4,6,10
JAMADOBA PH,0,4,6,10
MAGUDANCHAVA,0,0,10,10
DALELNAGAR,4,2,4,10
ANEKAL ROAD,2,2,6,10
ANAS,4,2,4,10
DHAULIMUHAN,0,6,4,10
DHARUR,0,6,4,10
SWAMI NARAYA,4,0,6,10
DHEMAJI,0,8,2,10
JANWAL,6,4,0,10
GURLA,6,4,0,10
AURANG NAGAR,0,8,2,10
POTLAPADU,6,2,2,10
BEVINAHALU,4,4,2,10
BHURKUNDA,0,10,0,10
NORTH LAKHIM,0,8,2,10
NOAPARA MAHI,0,4,6,10
HALDIBARI,2,0,8,10
MADUKARAI,0,2,8,10
KHURAHAT,2,0,8,10
BANI,0,6,4,10
MADARIHAT,0,6,4,10
MADAR JN,6,2,2,10
KHURMABAD RO,0,6,4,10
KHURIAL,2,6,2,10
VIRAPANDY RO,0,0,10,10
VIRANI ALUR,0,1,9,10
MAHADEO KHED,0,6,4,10
HAGARI,4,4,2,10
POKLA,4,4,2,10
JALPAIGURI,2,0,8,10
PAGARA,0,6,4,10
SIDULI (FLAG,0,0,10,10
SIDDAMPALLI,0,3,7,10
SIBSAGAR TOW,6,2,2,10
DHARANGAON,4,6,0,10
AHIRAULI (HA,0,6,4,10
BODHADI BUJR,4,4,2,10
HALDIA BIHAR,0,0,10,10
PIPAR ROAD J,6,2,2,10
HANAKERE,2,0,8,10
JALESAR ROAD,4,4,2,10
BAGEWADI H,0,4,6,10
BAWAL,4,6,0,10
BAVLA,0,0,10,10
HAMIRA,0,2,8,10
KIRIHARAPUR,2,4,4,10
BMY D CABIN,0,3,7,10
MABAN,0,6,4,10
LUSA,4,6,0,10
SURAREDDIPAL,2,6,2,10
SILAWAR,0,2,8,10
SILAPATHAR,0,8,2,10
LOTHAL BHURK,0,0,10,10
LONAND,6,2,2,10
HAMILTONGANJ,2,4,4,10
PILODA,4,6,0,10
PILIGHAT,0,6,4,10
PILAMEDU,4,0,6,10
UGRASENPUR,4,2,4,10
BIGHAPUR,2,4,4,10
CHANDI MANDI,4,4,2,10
JAGDISHPUR,0,0,10,10
PADRAUNA,2,2,6,10
BEGUNKODAR,0,5,5,10
OSIYAN,6,4,0,10
ORR,0,6,4,10
OODLABARI,0,4,6,10
JAKHOD KHERA,0,10,0,10
OMALUR,4,2,4,10
LOK VIDYAPIT,0,0,10,10
LOISINGHA,2,8,0,10
SINDKHEDA,4,6,0,10
DHANDHUKA,0,0,10,10
ANANGUR,0,0,10,10
SIMEN CHAPAR,0,8,2,10
SIMBHOOLI,0,4,6,10
KIRTINAGAR H,0,0,10,10
PERGAON,8,2,0,10
HARPALU,2,8,0,10
TIRUNAGESVAR,0,0,10,10
LODI COLONY,0,0,10,10
KODI,8,2,0,10
KOCHEWAHI,0,0,10,10
SITANAGARAM,6,2,2,10
SIRPUR TOWN,0,7,3,10
LEHRA F,0,6,4,10
LATHIDAD,2,2,6,10
KOLAR,0,2,8,10
HARHAR FATEH,0,2,8,10
HANUMANAHALL,2,4,4,10
PEYANAPALLI,0,3,7,10
CHANDUR BAZA,6,2,2,10
JAGESHARGANJ,0,6,4,10
PENDEKALLU,6,2,2,10
PEMBARTI,2,2,6,10
ISLAMPUR,2,0,8,10
PALITANA,2,0,8,10
JAGGAMBHOTLA,8,2,0,10
PANDU PINDAR,0,0,10,10
KOKA,0,2,8,10
KOHAR SINGH,0,0,10,10
LAPANGA,2,2,6,10
LANDAURA,2,4,4,10
KONCH,0,0,10,10
KOMATIPALLI,6,2,2,10
JAGAN NATHAP,0,6,4,10
JAGADISPUR,0,0,10,10
JAGADALPUR,6,4,0,10
PERUGAMANI,0,0,10,10
ISRANA HALT,0,0,10,10
CHAPPI,6,2,2,10
DANDKHORA,0,2,8,10
DANDHERA,2,4,4,10
SUJATAPURAM,0,0,10,10
SUJANPUR,6,0,4,10
SIVAKASI,4,0,6,10
SITHALAVAI H,0,0,10,10
DEVARKADRE,3,5,2,10
BISWAN,2,0,8,10
BISSAM  CUTT,4,4,2,10
VIRARAKKIYAM,0,0,10,10
VIRAPUR,4,4,2,10
KOLANUKONDA,1,4,5,10
CHAVAJ (BLOC,0,4,6,10
PEOKOL  HALT,0,2,8,10
PEDDA AVUTAP,4,2,4,10
INDALVAI,2,3,5,10
KORADACHERI,0,0,10,10
DESUR,2,4,4,10
SULEBHAVI,0,4,6,10
SULDHAL,0,4,6,10
SULAH HIMACH,0,2,8,10
KONDAGUNTA,2,2,6,10
LAKODARA,0,4,6,10
IRUGUR,2,2,6,10
IQBALPUR,2,4,4,10
INTEKANNE,0,8,2,10
PANCHGRAM,0,4,6,10
PAMBAN,2,2,6,10
PAMBAKOVIL S,4,0,6,10
PALLIPPURAM,0,5,5,10
LAKKITI,0,2,8,10
BANTHRA,4,4,2,10
KOREGAON,6,2,2,10
SONA ARJUNPU,0,2,8,10
SOMIDEVI PAL,8,2,0,10
DEO ROAD,0,4,6,10
SOLARI,0,6,4,10
BANTANAHAL,4,4,2,10
LALAPET,0,0,10,10
BELANDUR ROA,2,2,6,10
BEHTAGOKAL,4,2,4,10
HASANPARTI R,0,7,3,10
HARSAULI,4,6,0,10
HARRI,4,6,0,10
PEHOWA ROAD,0,2,8,10
PEDDAMPET,0,7,3,10
PANRUTI,0,4,6,10
PANPANA PH,2,4,4,10
HATHRAS ROAD,0,0,10,10
TIRUVIDAIMAR,0,0,10,10
TIRUTTANGAL,4,0,6,10
ALIYAVADA,4,6,0,10
CHAUKI MAN,0,0,10,10
AKKIHEBBALU,0,6,4,10
CHARAUD,0,10,0,10
PARAKANHATTI,0,4,6,10
LAKHANWARA,0,0,10,10
LAJPAT NAGAR,0,0,10,10
BHILAVDI,6,2,2,10
DAUSNI,2,4,4,10
BHIWANI CITY,2,0,8,10
DELHI INDRAP,0,0,10,10
PARASIA,4,0,6,10
HOLALKERE,4,6,0,10
HUMMA,0,6,4,10
HULKOTI,2,8,0,10
KOTHGANGAD,0,0,10,10
DAPPER,2,6,2,10
SUCHAN KOTLI,0,10,0,10
KURRAIYA,0,0,10,10
KRISHNA MAKO,6,2,2,10
KRISHNA BALL,0,0,10,10
HEELALIGE,2,2,6,10
PATILADAHA,0,4,6,10
HILSA BLOCK,2,0,8,10
PARADGAON HA,8,2,0,10
BADAMPUDI,4,2,4,10
PASUR,2,2,6,10
DAROJI,8,2,0,10
WATHAR,6,2,2,10
KUNURI,0,0,10,10
KUNERU,6,2,2,10
KUNDARA EAST,0,2,8,10
KULIKARAI,0,0,10,10
YAMUNA BRIDG,1,3,6,10
KUDNI,0,10,0,10
KUMARGANJ,0,4,6,10
BILWAI,4,6,0,10
KRISHAN JANM,0,0,10,10
PARLI,0,2,8,10
PARBATI,4,4,2,10
TRIKARPUR,4,3,3,10
CHARTRAPUR C,0,6,4,10
CHARGOLA,0,2,8,10
MUFTIGANJ,4,0,6,10
ARNEJ,0,0,10,10
ARJUNI,2,7,1,10
SABDALPUR JN,0,0,10,10
GANDHIGRAM,0,0,10,10
BHANGA,0,2,8,10
TARSAI,0,4,6,10
MONDH,4,4,2,10
YELIYUR,2,0,8,10
YELGUR,0,8,2,10
WANDER JATAN,0,2,8,10
WANABAR HALT,0,0,10,10
HINOTIA-PIPA,0,6,4,10
ZAMPANI HALT,0,2,8,10
ACHALDA,4,2,4,10
SRIVILLIPUTT,4,0,6,10
CHAMUA F,0,0,9,9
RAVIKAMPADU,2,2,5,9
GHORPURI,5,2,2,9
CHAUKHANDI,3,4,2,9
PICHCHANDAR,0,2,7,9
VAVADI KHURD,0,0,9,9
AJIT,0,9,0,9
BELKHEDA,5,4,0,9
BOHANI,5,4,0,9
VELANKANNI,2,1,6,9
MAHIPAL  HAL,0,2,7,9
TISUA,4,3,2,9
SAJUMA,0,2,7,9
KUMARANALLUR,0,0,9,9
VELLALCHERUV,5,2,2,9
AHIMANPUR,0,2,7,9
PARTABPURA,0,0,9,9
GUMTALI,0,0,9,9
UTARLAI,2,7,0,9
GUNJI,2,4,3,9
PENNADAM,2,3,4,9
BIRAHALLI,0,5,4,9
BOWAICHANDI,0,0,9,9
KHUSHAL NAGA,0,0,9,9
PATEL HALT,0,3,6,9
GAUR,1,2,6,9
MADHA,2,7,0,9
ATRAURA (HAL,0,2,7,9
PANJIPARA,1,8,0,9
GURLI RAMGAR,0,0,9,9
ROHIRA GHALL,0,7,2,9
GURRA,5,4,0,9
GURTHURI,0,2,7,9
ARAUL MAKANP,0,2,7,9
BARAL,1,0,8,9
PINDARSI HAL,0,2,7,9
FATEHABAD JN,1,0,8,9
RASUIYA,4,3,2,9
BHADAN,2,2,5,9
VALADI,0,2,7,9
SAMARALA HAL,5,2,2,9
GAJSINGHPUR,2,0,7,9
BERUGRAM,0,0,9,9
UNKAL,2,5,2,9
TIRUMATHIKKU,0,0,9,9
IKKAR HALT,0,7,2,9
BIKRAMPUR,5,4,0,9
QUTABPUR,0,2,7,9
GULABGANJ,5,2,2,9
BILDI,3,2,4,9
GOPINATHPUR,0,0,9,9
HARPUR BOCHA,0,2,7,9
CHAREWAN HAL,0,2,7,9
RAMNAGAR (BE,0,0,9,9
GURAMKHEDI,5,4,0,9
MAHESHRI SAN,0,0,9,9
KOYILVENNI H,0,0,9,9
KISTAMASETTI,7,2,0,9
KUSMHI,1,3,5,9
MADHI,2,6,1,9
DUSI,2,4,3,9
ROUTHPURAM H,0,6,3,9
BILLI,0,8,1,9
KHUMBARAJ,6,3,0,9
UTTAMARKOVIL,0,2,7,9
GRAM MASAGRA,0,0,9,9
GRAMDADPUR,0,0,9,9
RAINAGAR PH,0,0,9,9
ULLAL,2,2,5,9
RAJA TALAB,0,2,7,9
GUDUPALLI,0,2,7,9
BETUR PH,0,0,9,9
FAKHRABAD HA,5,2,2,9
SAIDABAD,0,2,7,9
FAQARSAR,0,3,6,9
INDAS PH,0,0,9,9
PATTI RAJPUR,0,2,7,9
BARDOLI,2,6,1,9
TUTIMELUR,2,0,7,9
PATHRI,0,7,2,9
HARDATTPUR F,0,2,7,9
GUIR SARANG,0,0,9,9
TUWA,0,0,9,9
PATRASAYER P,0,0,9,9
PIRTHALA LAL,0,9,0,9
MALHARGARH,3,4,2,9
RAI SINGH NA,2,0,7,9
GEONG  HALT,0,2,7,9
MANANWALA,0,1,8,9
KENDUAPADA,2,2,5,9
TIMBA ROAD J,0,0,9,9
KESRI SINGHP,2,0,7,9
DUNDARA,0,9,0,9
JAGATBELA,3,0,6,9
PALLIKERI HA,3,3,3,9
BADHAI BALAM,0,2,7,9
DUDIA,0,9,0,9
MANGALMAUDI,3,0,6,9
MANGULI CHOW,2,2,5,9
ALMAW (HALT),0,2,7,9
DULAKHAPATNA,2,2,5,9
SARAI JAGDIS,0,2,7,9
TIK,0,2,7,9
SARANGPUR,6,3,0,9
THASRA,0,0,9,9
KAZIPARA HAL,0,0,9,9
PACHPERWA,0,9,0,9
JAITSAR,2,0,7,9
PABNAWAJAS M,0,2,7,9
TETTU,2,5,2,9
KATKA,0,2,7,9
CHILKAHAR,1,2,6,9
JALPUR  HALT,0,0,9,9
BAUDPUR,2,2,5,9
SATLANA,0,9,0,9
SAVAR KUNDLA,5,2,2,9
BARNAGAR,1,0,8,9
MATHNANHIPUR,0,0,9,9
JANGIGANJ,0,2,7,9
SEHARA BAZAR,0,0,9,9
SETTIHALLI,1,0,8,9
SEVALIYA,0,0,9,9
BHAUPUR,1,2,6,9
JERUWAKHERA,3,4,2,9
NIGATPUR F,0,2,7,9
DADHDEVI,4,0,5,9
DHULKOT,0,7,2,9
SHANKRUL PH,0,0,9,9
DHODHAR,3,4,2,9
JETHA HALT,3,3,3,9
JHABELWALI,0,2,7,9
DHILWAN,0,1,8,9
DHARMINIYA,0,2,7,9
BATALA SUGAR,0,0,9,9
DALAUDA,3,4,2,9
DHASA,5,2,2,9
ANGADI,0,0,9,9
SHRI KARANPU,2,0,7,9
SHRI MADHOPU,3,6,0,9
MIRCHADHORHI,4,4,1,9
NAVALUR,2,5,2,9
KARAKBEL,5,4,0,9
MIYON KA BAR,0,9,0,9
NAVADE ROAD,0,4,5,9
SHYAMSUNDAR,0,0,9,9
DALIGANJ JN,0,4,5,9
KAPALI ROAD,2,2,5,9
KAPSETHI,3,4,2,9
SIDHWAN,0,0,9,9
BHERAGHAT,5,4,0,9
BAHAWAL BASI,0,3,6,9
BAHERWA (HAL,0,2,7,9
KANWALPURA,4,0,5,9
SUNEHTI KHAR,2,3,4,9
SURA NUSSI,0,1,8,9
NARIAOLI,3,4,2,9
MORWANI,3,2,4,9
DHANGARIA PH,0,0,9,9
DHANSIMLA PH,0,0,9,9
BAHMAN DIWAN,0,3,6,9
MOTIHARI COU,0,0,9,9
KACHHWA ROAD,0,2,7,9
SINDRI B.H,0,0,9,9
DARAGANJ,0,2,7,9
DASNA,0,1,8,9
KAIKORAM,3,2,4,9
KAIYAR PH,0,0,9,9
BHITI,0,2,7,9
SONTALAI,5,4,0,9
DENDULURU,3,2,4,9
KALISEN PH,0,4,5,9
NAGANAHALLI,2,0,7,9
BHAGSAR,0,2,7,9
KUMRUI PH,0,0,9,9
BIRBANS,2,1,6,9
DEVALGANAUCH,7,2,0,9
AMMAPET,0,0,9,9
LAKHMAPUR,0,8,0,8
KOSGI,6,2,0,8
KOSIARA,0,4,4,8
KOTAKADRA HA,3,3,2,8
KOTLA GUJRAN,0,0,8,8
GHOSI,0,0,8,8
ATELI,2,6,0,8
ATRAULI ROAD,0,2,6,8
ATTABIRA,2,6,0,8
GUDIMETTA HA,6,2,0,8
GHUSIA HALT,0,0,8,8
LAKHNA,4,4,0,8
BANSI PAHARP,2,2,4,8
BARAIGRAM JN,0,2,6,8
BARAMATI,0,0,8,8
RANTHAMBHOR,4,4,0,8
RAGAUL,4,4,0,8
RAGHUNATHGAR,0,0,8,8
GHORGHAT HAL,0,0,8,8
RATANGARH KA,0,8,0,8
RATAR CHHATT,0,0,8,8
RATI-KA-NAGL,0,0,8,8
GHATPINDRAI,4,4,0,8
GHATPURI,0,0,8,8
GULAOTHI,0,0,8,8
GUNTAKODURU,0,1,7,8
GUNUPUR,2,4,2,8
PUNIYAVANT,0,0,8,8
LAKHTAR,4,4,0,8
LAKSHMIGANJ,0,2,6,8
LAKSHMIPUR B,0,2,6,8
KOPAGANJ HAL,0,0,8,8
VEPAGUNTA,0,2,6,8
VERAVAL MG,0,0,8,8
VERNA,0,2,6,8
BOKARO THERM,2,4,2,8
VELLANUR,0,2,6,8
VELLARAKKAD,0,4,4,8
VELLAYIL HAL,0,4,4,8
VELLORE TOWN,0,3,5,8
BORHAT,4,2,2,8
LALAURI KHER,0,0,8,8
LALPUR,4,4,0,8
LALPUR UMRIL,4,4,0,8
KOLARAS,2,6,0,8
KOLLIDAM,2,0,6,8
BANWALI,0,2,6,8
PURNEA COURT,0,2,6,8
GULLIPADU,2,2,4,8
GULMA,0,4,4,8
BHALOJALA  H,0,0,8,8
RAVANASAMUDR,0,0,8,8
ARUR H.,0,0,8,8
BRAMHPURI,0,7,1,8
VAYALAR,0,0,8,8
VAZEER PUR,0,0,8,8
VELI H.,0,3,5,8
LALRU,0,6,2,8
VELIPPALAIYA,0,0,8,8
ASARANADA,4,2,2,8
GUNDARDEHI,0,0,8,8
RAYA,0,0,8,8
LATABOR,0,0,8,8
LATHI,0,0,8,8
LEDO,2,0,6,8
GHATAMPUR,4,4,0,8
AULENDA,2,2,4,8
GURPA,2,2,4,8
PRANPUR ROAD,0,0,8,8
PRASADPUR (H,0,0,8,8
PRASANNAYANA,2,4,2,8
PRATAP NAGAR,0,0,8,8
PRITAMNAGAR,0,0,8,8
PUDI,0,2,6,8
GHATNANDUR,4,4,0,8
REGUPALEM,2,2,4,8
RENTIYA,2,0,6,8
GAURIPUR,2,6,0,8
LEHRA MUHABB,0,5,3,8
LIDHORA,2,4,2,8
LILABARI,0,6,2,8
KIZHA AMBUR,0,0,8,8
KIZHA PULIYU,0,0,8,8
KIZHVELUR,0,0,8,8
GAUTAMPURA R,0,0,8,8
PONPADI,0,2,6,8
POTHIA,0,8,0,8
BEWAR BHOJAN,2,6,0,8
POLIREDDIPAL,0,1,7,8
KODAVALURU,2,4,2,8
LINGANENIDOD,4,2,2,8
LOHARDAGA  B,0,0,8,8
HADIAYA,0,5,3,8
HADMATIYA,2,6,0,8
HADYAL,2,6,0,8
HAFIZPUR,0,0,8,8
PIRJHALAR,0,0,8,8
PISKA FS,0,0,8,8
GHAGGHAR,0,6,2,8
GHAGHARA GHA,0,4,4,8
RENWAL,2,6,0,8
RICHHA ROAD,0,0,8,8
RICHUGHUTA,0,8,0,8
RIGA,0,0,8,8
RISAMA,0,0,8,8
GAUCHHARI,0,6,2,8
KIRMITI MEND,0,7,1,8
BANMORE,2,4,2,8
VALAPPADI GA,2,2,4,8
VALATHOOR,0,6,2,8
VALLAMPADUGA,2,0,6,8
GAURI SHRI R,0,2,6,8
RISHIKUND,0,2,6,8
HANSDIHA,0,0,8,8
PINDIAL,0,4,4,8
VALANTARAVAI,0,2,6,8
LOKUR,0,2,6,8
LOLIEM,0,4,4,8
LOTANA,2,0,6,8
BARAW MORE,0,0,8,8
BARAWAHA,0,0,8,8
PINDKEPAR HA,0,7,1,8
HAMSAVARAM,2,2,4,8
GARLADINNE,2,4,2,8
GANJ  KHWAJA,0,4,4,8
GANKHERA HAL,0,7,1,8
GANGAGARH (H,0,0,8,8
VADAL,0,2,6,8
VADHVANA,0,0,8,8
BARBIL,0,4,4,8
BARDA,0,0,8,8
LOVEDALE,0,0,8,8
LUN RICHHA,6,2,0,8
LUSHALA,0,2,6,8
KHURJA CITY,2,0,6,8
HARDORAWAL,0,0,8,8
HARDUAGANJ,0,2,6,8
AZARA,0,6,2,8
AZHWARKURUCH,0,0,8,8
B G NAGAR,2,6,0,8
PILOL,2,0,6,8
GANGARAMPUR,0,6,2,8
GANGINENI,0,2,6,8
AKELA HANSPU,0,0,8,8
URLAM,0,6,2,8
USRA,2,0,6,8
BUTI BORI JN,2,4,2,8
KILAKADAIYAM,0,0,8,8
MADHADA,0,0,8,8
RUNIJA,0,0,8,8
BHANDEWADI H,0,0,8,8
GAMBHIR ROAD,2,2,4,8
BERMO,2,4,2,8
AWASANI,0,0,8,8
AYODHYAPATTI,2,2,4,8
Rudrapur Sid,0,2,6,8
SABALGARH,0,0,8,8
AKATHAMURI,0,3,5,8
CHAKSAFAURA,0,0,8,8
BANGI NIHAL,0,8,0,8
CHAF HALT,0,2,6,8
CHAINPUR,2,4,2,8
ARUN NAGAR H,0,7,1,8
HARPALGANJ,4,0,4,8
PERUNGUZHI,0,3,5,8
PETTAI,0,0,8,8
BERIA DAULAT,0,0,8,8
CHALAMA,8,0,0,8
BIJOOR,2,4,2,8
KHUNKHUNA,4,2,2,8
BANKA,0,2,6,8
MADWAS GRAM,2,6,0,8
KHODSEONI,0,7,1,8
AJNOD,0,0,8,8
GALGALIA,0,8,0,8
BHANDAI,0,4,4,8
HASANBAZAR H,0,0,8,8
PEN,0,4,4,8
PAYLI,0,4,4,8
UMRED,0,0,8,8
CHALSA,0,4,4,8
CHAMAGRAM,0,4,4,8
KHORANA,2,4,2,8
UNCHDIH,0,2,6,8
PEDAPARIYA,0,1,7,8
PEDDAKURA PA,0,5,3,8
BHANDARIDAH,2,4,2,8
SAGARAJAMBAG,2,4,2,8
SAGARAKATTE,0,4,4,8
SAHAJIPUR HA,0,4,4,8
GAHNDRAN HAL,0,0,8,8
GAHRI BHAGI,0,8,0,8
HELEM,0,8,0,8
PATTI,0,0,8,8
PATUWAS MEHR,0,5,3,8
PAUWARA  HAL,0,0,8,8
PAVI,0,0,8,8
PAVURCHATRAM,0,0,8,8
PAWAI BROHMA,0,0,8,8
CHANCHELAV,2,0,6,8
BANDAR PH,0,0,8,8
BANDH BARETH,2,2,4,8
KHERI SALWA,4,2,2,8
HAZRATNAGAR,0,0,8,8
HEBSUR,0,8,0,8
HEGGERE,2,4,2,8
HEHEGARA HAL,0,8,0,8
GAINJAHWA,0,8,0,8
GAINSARI JN,0,8,0,8
GAIPURA,0,2,6,8
BIGGA,0,4,4,8
BIGGABAS RAM,0,4,4,8
BANGALBAREE,0,2,6,8
ULINDAKONDA,2,2,4,8
SAHJHA HALT,0,0,8,8
HIMMATPURA,0,6,2,8
HINDUMALKOTE,0,4,4,8
PATHAULI,2,2,4,8
PATRANGA,2,2,4,8
GADHWALA,0,4,4,8
UDAYPUR KHUR,0,0,8,8
UDHAGAMANDAL,0,0,8,8
MAHISADAL,0,0,8,8
MAHISHADAHAR,0,0,8,8
MAHIYARPUR,0,0,8,8
MAHKEPAR ROA,0,0,8,8
KHATIPURA,0,6,2,8
KHEDULI,4,2,2,8
KHEM KARAN,0,0,8,8
UDUMALAIPPET,2,2,4,8
UDWANT NAGAR,0,0,8,8
MAHULI HALT,0,0,8,8
MAIBANG,4,4,0,8
MAIJAPUR,0,4,4,8
MAILARAM,0,6,2,8
MAINPURI,2,4,2,8
TURTIPAR F,0,4,4,8
UCHIPPULI,0,2,6,8
UDALKACHHAR,0,6,2,8
SAIDPUR JALA,0,0,8,8
SAJHAULI HAL,0,0,8,8
PATAM,0,0,8,8
HENDEGIR,0,8,0,8
HIMGIR,3,5,0,8
FATEHGARH CH,0,0,8,8
FATUHI,0,4,4,8
TUMSAR TOWN,0,0,8,8
TUREKALA ROA,4,4,0,8
CHANDLODIYA(,0,2,6,8
MAITHA,0,2,6,8
KHARIAPIPRA,0,0,8,8
KHARIK,0,6,2,8
MAHUAMILAN,0,8,0,8
BENDI,0,8,0,8
PARSENDI,0,0,8,8
PARSNEU,0,4,4,8
PASALAPUDI,0,1,7,8
PATAL PANI,0,0,8,8
ALAL,0,5,3,8
MAJITHA,0,0,8,8
TUMBOLI H.,0,0,8,8
TUMMALACHERU,0,3,5,8
SALGARE,0,4,4,8
FARAH TOWN,0,0,8,8
HIRNODA,6,0,2,8
BENISAR,0,4,4,8
HIRANGAON,0,2,6,8
HIRDAGARH,2,0,6,8
HIRDAMALI,0,7,1,8
ARAVANKADU,0,0,8,8
ARCHIPATHAR,0,6,2,8
ETTAPUR ROAD,2,2,4,8
EZHUPUNNA,0,0,8,8
CHAPRAKATA,0,4,4,8
KHANODIH,2,4,2,8
MAKKHANPUR,0,2,6,8
MALADGAON,0,0,8,8
CHAPRAWAT HA,0,0,8,8
TUGGALI,4,2,2,8
BHANOHAD PUN,0,0,8,8
ELATTUR,0,4,4,8
ELIMALA,2,3,3,8
HOMBAL,0,8,0,8
HOSA AGRAHAR,0,4,4,8
PARAS,2,6,0,8
BADABANDHA R,0,0,8,8
BADANAGUPPE,0,0,8,8
TIRUVIZHA,0,0,8,8
TITABAR,6,2,0,8
TITUR,0,0,8,8
TOKISUD,0,8,0,8
CHARPOKHARI,0,0,8,8
MALANPUR,2,2,4,8
BARHAJ BAZAR,0,0,8,8
TOTEWAHI HAL,0,7,1,8
ETTAKKOT,0,4,4,8
SAMBAHAL HAT,0,0,8,8
SAMPIGE ROAD,2,4,2,8
PAPATAPALLI,0,2,6,8
PARADOL,0,6,2,8
MALKAPUR ROA,2,2,4,8
MALLAN NAGAR,0,0,8,8
KHAIRATIYA B,0,8,0,8
ALEWAHI,0,7,1,8
ALINDRA ROAD,2,0,6,8
IB,3,5,0,8
IDALHOND H,2,4,2,8
IKLEHRA,2,0,6,8
EDAVAI,0,3,5,8
EDDULADODDI,4,2,2,8
SANAWAD,0,0,8,8
SANDAI (HALT,0,0,8,8
SANGAR,2,0,6,8
DUPADU,2,2,4,8
MALLASANDRA,2,4,2,8
MALLIYALA,4,2,2,8
CHAYGAON,0,6,2,8
CHEDHABANNI,0,6,2,8
DURGACHAK,0,0,8,8
DURGADA GATE,2,2,4,8
PANJ-KOSI,0,4,4,8
BELA TAL,4,3,1,8
BELAGULA,0,4,4,8
BHARWA-SUMER,4,4,0,8
SANGAT,4,2,2,8
SANICHARA,2,2,4,8
TIRODI,0,0,8,8
TIRUMAIYAM,0,2,6,8
CHAURADANO,0,0,8,8
CHAUTARA,0,8,0,8
BANAR,4,2,2,8
BANASANKARI,2,4,2,8
KETOSAN ROAD,0,0,8,8
KETTI,0,0,8,8
KHADUR  SAHI,0,0,8,8
KHAIRADIH HA,0,0,8,8
SANJOY GRAM,0,6,2,8
SANKHEDA BAH,0,0,8,8
IRAVIPURAM H,0,3,5,8
IRINGAL HALT,0,4,4,8
PANCHPATIA D,0,4,4,8
PANDRASALI,0,0,8,8
BHUPIA MAU,0,4,4,8
BHUYAR,0,0,8,8
CHEMANCHERI,0,4,4,8
CHENNRAYAPAT,2,6,0,8
MANAKSAR,4,2,2,8
RAMDAS,0,0,8,8
ZANGALAPALLE,2,4,2,8
KENDUJHAR,4,4,0,8
KERAKAT (HAL,2,0,6,8
TINPHERIA (H,0,2,6,8
ITKY PH,0,0,8,8
BELASAR  HAL,0,4,4,8
INTIYATHOK,0,8,0,8
APTA,0,4,4,8
ARAG,0,4,4,8
DUMARIYA,4,4,0,8
ADAPUR,0,0,8,8
KESHABPUR,0,0,8,8
ZINDPURA (HA,0,0,8,8
MANDAPAM CAM,0,2,6,8
KEERANUR,0,2,6,8
TINICH,0,2,6,8
TINNAPATTI,0,2,6,8
YELLAKARU,2,2,4,8
JAGANNATH TE,0,4,4,8
YENUGONDA HA,3,3,2,8
PALIA,0,0,8,8
PALIGARH (HA,0,0,8,8
BINDUBASINI,0,4,4,8
ISARDA,4,4,0,8
ISARWARA,2,4,2,8
PALATPOTARAM,2,3,3,8
ADAVALI,4,4,0,8
CHETAR,0,8,0,8
CHHADA,0,8,0,8
KELANPUR,0,0,8,8
KELZHAR,0,7,1,8
KEMPALSAD HA,0,0,8,8
KENDPOSI,0,0,8,8
KENDRI,0,0,8,8
MANDIR HASAU,4,4,0,8
CHHAN ARORIA,4,0,4,8
AMALPUR,0,0,8,8
BADODAR,0,2,6,8
JABUGAM,0,0,8,8
DUNDLOD MUKA,0,8,0,8
SANTALPUR,4,4,0,8
DUDHWAKHARA,2,6,0,8
ADHIKARI,0,8,0,8
ADIHALLI,2,4,2,8
MANGLI HALT,0,0,8,8
MANGLIYAGAON,2,0,6,8
GOLAKGANJ,2,6,0,8
TIKKOTTI,0,4,4,8
TIKRI HALT,0,0,8,8
YEOLA,6,2,0,8
CHERANMAHADE,0,0,8,8
KUMARAMANGAL,0,2,6,8
SAPEKHATI,4,2,2,8
SARAI BHOPAT,0,2,6,8
SARAI CHANDI,2,2,4,8
KUHI,0,0,8,8
SARAIGRAM,2,6,0,8
PALACHAURI,2,0,6,8
MANIHARI,0,0,8,8
MANIKGARH JN,2,6,0,8
THONGANUR H,0,2,6,8
THURIA,6,2,0,8
THUWAVI,0,0,8,8
KULALI,0,6,2,8
PADUBIDRI,2,4,2,8
PADUGUPADU,2,4,2,8
PAHALEJA,0,6,2,8
PAHARA,0,2,6,8
PAINTEPUR F,0,0,8,8
DUDHNOI,0,6,2,8
WELLINGTON,0,0,8,8
SARAYAN,0,0,8,8
SARJU,0,4,4,8
CHICHOLIBUZU,0,7,1,8
CHIGICHERIA,2,4,2,8
WEST HILL,0,4,4,8
GOLEHWALA,0,4,4,8
MANIYAN,0,0,8,8
MANJHI F,2,4,2,8
MANJUR GADI,0,2,6,8
KAUWAPUR,0,8,0,8
KAVALANDE,0,0,8,8
MANI HALT,0,0,8,8
SARKARA,0,0,8,8
WADWALNAGNAT,4,4,0,8
BIRADHWAL,6,2,0,8
JAJIWAL,4,2,2,8
DOKWA,2,6,0,8
AMB  ANDAURA,0,6,2,8
TEZNARAYANPU,0,0,8,8
CHHOTA UDEPU,0,0,8,8
CHHOTI ODAI,4,4,0,8
CHHUCHHAPURA,0,0,8,8
CHICHOLI,0,0,8,8
BARHARAGANJ,0,2,6,8
BAMANGRAM,0,2,6,8
BAMHANI,0,0,8,8
BAMIANA,0,0,8,8
BAMUNIGAON,0,6,2,8
DOMINGARH,2,0,6,8
DONGRIBUZURG,0,0,8,8
ORE HALT,0,0,8,8
ORGA,2,4,2,8
OSRA,0,0,8,8
BIRAMBAD,2,2,4,8
TEMPA,0,0,8,8
KUNDHELA,0,0,8,8
AMARGOL,3,3,2,8
MANPUR NAGAR,0,0,8,8
MANSHAHI,0,0,8,8
KUNDLI,2,2,4,8
KATPHAL,0,0,8,8
KUNDWA CHAIN,0,0,8,8
KUNIGAL,2,6,0,8
BAGHMARA HAL,0,0,8,8
ODUR,0,1,7,8
OMKARESHWAR,0,0,8,8
DORAVARICHAT,0,1,7,8
SASAMUSA,0,2,6,8
SASNI,0,4,4,8
SATBAHINI,0,4,4,8
DIYODAR,4,4,0,8
DIYURI  HALT,0,0,8,8
DODDAMPATTI,0,2,6,8
MANWALA KOT,0,8,0,8
MARAM PALLI,2,4,2,8
MARAUDA,0,0,8,8
KATH KUIYAN,0,2,6,8
CHINNADAGUDI,0,0,8,8
CHINTA KANI,0,2,6,8
DOHRIGHAT,0,0,8,8
BAGAHA BISHN,0,4,4,8
JALALPUR,0,2,6,8
JALALPUR-DHA,2,4,2,8
JALILA ROAD,0,0,8,8
Nelamangala,2,6,0,8
TATI CHERLA,2,4,2,8
TEJGADH,0,0,8,8
CHIRAWA,0,8,0,8
KATHALPUKHUR,0,8,0,8
KAUKUNTLA,3,5,0,8
KAULI,0,5,3,8
OBULAVARIPAL,6,0,2,8
JALSU,4,2,2,8
JALSU NANAK,4,2,2,8
JAMA,0,2,6,8
KUNNATHUR HA,0,2,6,8
JAMIRA HALT,0,4,4,8
JAMIRGHATA,0,4,4,8
NONAR HALT,0,0,8,8
TANGRABASULI,0,0,8,8
TAPPA KHAJUR,0,0,8,8
CHORAL,0,0,8,8
TARGAON,4,2,2,8
TARIASUJAN,0,2,6,8
SATISH SAMAN,0,0,8,8
GOHAD ROAD H,2,2,4,8
SATRAON F,0,0,8,8
SATTIRAKKUDI,0,2,6,8
ASLANA,2,4,2,8
SAWALGI,0,6,2,8
BHAWANIPUR K,0,8,0,8
DINHATA,0,4,4,8
DINHATA COLL,0,4,4,8
DIPA,0,6,2,8
NOGANWAN,0,3,5,8
NONAPAR F,0,0,8,8
JAMGA,3,5,0,8
TALODI,0,7,1,8
BARLAI,2,0,6,8
ASLU,2,6,0,8
MASUR,4,2,2,8
MATAUNDH,2,5,1,8
MATHELA,2,2,4,8
MATHIA BARGH,0,2,6,8
ASNOTI,0,4,4,8
JAMUNAMUKH,2,4,2,8
JANAKINAGAR,0,2,6,8
ATAMANDA,0,0,8,8
NITTUR,2,4,2,8
ANUPGARH,0,0,8,8
GORAKHNATH,0,0,8,8
SEKHA,0,5,3,8
BALLUPUR FLA,0,6,2,8
BALOD,0,0,8,8
BALRAI,0,2,6,8
KASIM KOTA,2,2,4,8
KASU,0,4,4,8
KASU BEGU,0,4,4,8
CHURARU TAKA,0,6,2,8
SEMRAON,0,0,8,8
SENDRA,6,0,2,8
JARAIKELA,2,2,4,8
RAJOLI,0,7,1,8
BHADWA PARA,2,6,0,8
DILLIDEWANGA,0,0,8,8
AGORI KHAS,4,4,0,8
VISAVADAR,0,0,8,8
NIDIGALU,2,2,4,8
NIDUR,2,0,6,8
BISANATTAM,0,2,6,8
JATH ROAD,0,4,4,8
DIGBOI,2,0,6,8
DIGHORI BUZU,0,0,8,8
DAGMAGPUR,0,2,6,8
COOCH BEHAR,0,4,4,8
COONOOR,0,0,8,8
TALCHHAPAR,4,2,2,8
TALGUPPA,2,4,2,8
CHOWKA GHAT,0,4,4,8
BALURGHAT,0,6,2,8
MAVINKERE,0,4,4,8
KARTAULI (HA,0,0,8,8
KARUPPUR,0,2,6,8
KASGANJ CITY,0,0,8,8
MAYAR,0,6,2,8
AMBASAMUDRAM,0,0,8,8
AMBIAPUR,0,2,6,8
DABHOI JN.,0,0,8,8
BARA GUDHA,0,8,0,8
DAGHORA,3,5,0,8
DHUBRI,2,6,0,8
BARABHATI,0,7,1,8
DIBAI,0,2,6,8
DIBNAPUR  HA,0,0,8,8
NEYAMATPUR H,0,0,8,8
JEKOT,2,0,6,8
KURETHA,0,0,8,8
SHAPUR,0,2,6,8
KURHANI,0,2,6,8
DHOLIPAL,0,2,6,8
NEW MADANPUR,0,0,8,8
KURIKAD,0,0,8,8
KOTTAIYUR,0,2,6,8
SHEIKHUPUR,0,0,8,8
MELPATTI,0,6,2,8
MENDU (HALT),0,0,8,8
MERALGRAM,0,8,0,8
KARONJI,0,6,2,8
KARWANDIYA,0,6,2,8
KASEETAR,0,0,8,8
SHEOPRASAD N,0,6,2,8
SHERGARH,0,8,0,8
SHIRSAI,0,0,8,8
DHENGLI PIMP,6,2,0,8
BISLAWASKALA,2,2,4,8
BAGHORA,2,4,2,8
BAGRAKOT,0,4,4,8
T.SAKIBANDA,2,4,2,8
TADUKU,0,2,6,8
TAIABPUR,0,8,0,8
BHIWAPUR,0,0,8,8
BHOGPUR SIRW,2,0,6,8
METTUR,0,0,8,8
BALAWALI,4,2,2,8
KAREPUR HALT,4,4,0,8
KARGAON HALT,0,0,8,8
TAKIA,2,2,4,8
DHIRERA,6,2,0,8
WADEGAON,0,7,1,8
BASTOI (HALT,0,0,8,8
BASUKINATH,0,2,6,8
BASULYA SUTA,0,0,8,8
GOND UMRI,0,7,1,8
DHARODI,0,6,2,8
BHONGAON,2,4,2,8
DALADI,4,4,0,8
KARKATTA,0,4,4,8
BALLI,0,4,4,8
MHASOBA DONG,0,4,4,8
MIGHAUNA (HA,0,0,8,8
KARAPGAON,4,4,0,8
GONDA KACHAH,0,4,4,8
GONGALI,0,7,1,8
DHASA JN (MG,0,0,8,8
SHRAVANABELA,2,6,0,8
ATARI JN,2,2,4,8
JIADHAL,0,6,2,8
JIGNA,0,2,6,8
NAYA NANGAL,0,6,2,8
JHALWARA,4,4,0,8
RAMNA,0,8,0,8
GIANI ZAIL S,0,4,4,8
KARCHHUE HAL,0,0,8,8
MINDALA,0,7,1,8
BLGANUR,0,8,0,8
MIRHAKUR,2,2,4,8
KARAIKKURICH,0,0,8,8
SUSKAL,0,0,8,8
SHRIGONDA RO,4,2,2,8
JITE,0,4,4,8
KUSHALPURA,2,6,0,8
NAWALGARH,0,8,0,8
NAWANDGI,2,6,0,8
JHINGURA,0,2,6,8
JHITKIA,0,2,6,8
JHUNJUNU,0,8,0,8
SURAJGARH,0,8,0,8
SURAJPUR ROA,0,6,2,8
AMILA (HALT),0,0,8,8
BMY A CABIN,0,2,6,8
MITEWANI PH,0,0,8,8
GIRWAR,2,4,2,8
KARCHANA,0,2,6,8
NAUGANWAN,0,0,8,8
NAULTHA,0,0,8,8
RAMSINGHPUR,0,0,8,8
DHARMADAM HA,0,4,4,8
SHRISARADANA,2,4,2,8
RANA BORDI,0,2,6,8
SIAJULI,0,6,2,8
SIDHARI (HAL,0,0,8,8
RANCHI ROAD,2,4,2,8
DALIMGAON,0,2,6,8
DALLI-RAJHAR,0,0,8,8
DAM DIM,0,4,4,8
MOHDARA HALT,0,0,8,8
RANGAREDDIGU,3,3,2,8
KAPPIL,0,3,5,8
KAPREN,6,2,0,8
RAJA BHAT KH,0,4,4,8
GUGALWA KIRT,2,6,0,8
SIGSIGI,0,4,4,8
SIKOSA,0,0,8,8
BHEERPUR,0,2,6,8
VIRAVANALLUR,0,0,8,8
JOGIGHOPA,2,6,0,8
KUSUGAL,0,8,0,8
KUSUMKASA,0,0,8,8
SUMRERI,2,4,2,8
SUNDERABAD,0,0,8,8
KARAI MADAI,0,0,8,8
MOKHOLI,4,4,0,8
MOLIROAD,4,4,0,8
KOTARLIA,3,5,0,8
BARSALI,2,2,4,8
SUNDHIA MAU,0,0,8,8
KOTGAON HALT,0,0,8,8
VISAPUR,4,2,2,8
BHETAGURI,0,4,4,8
SILIGURI TOW,0,2,6,8
NARDANA,2,6,0,8
BISUGIR SHAR,0,7,1,8
NARKATIA BAZ,0,2,6,8
NARKOPI FS,0,0,8,8
MORIDHAL,0,6,2,8
BITHAULI F,0,2,6,8
NARAJ MARATH,2,4,2,8
NARANGI,2,2,4,8
NARASAMBUDHI,0,0,8,8
JOJWA,0,0,8,8
JONEKARANG H,0,6,2,8
AMRITHAPURA,2,2,4,8
ANANDATANDAV,2,0,6,8
DHANG,0,0,8,8
BITROI,0,0,8,8
DHANIACHHA,0,4,4,8
RAHEN BATA,4,4,0,8
BAIJNATHPUR,0,0,8,8
BAIKUNTH,3,3,2,8
NANNILAM,2,0,6,8
JUNETA,4,4,0,8
RAHIMATPUR,4,2,2,8
SUKHCHAIN,0,8,0,8
SUKINDA ROAD,4,4,0,8
SUKLI,0,0,8,8
DANISHPET,0,2,6,8
RAHURI,4,2,2,8
KANNUR SOUTH,0,4,4,8
KANSUDHI,2,0,6,8
KANTAKOSH HA,0,0,8,8
KACHHLA BRID,0,0,8,8
RAI MAIHATPU,0,6,2,8
KACHNA,0,2,6,8
ANANTAPURAM,2,4,2,8
SINDEWAHI,0,7,1,8
SINDHAR,0,0,8,8
SINDHAVADER,2,4,2,8
GOTLAM,4,2,2,8
SUBANSIRI,0,6,2,8
SUBHAGPUR,0,8,0,8
SUBRAHMANYA,4,2,2,8
SUDIYUR,0,2,6,8
GOUR MALDA,0,4,4,8
BAKROL,2,0,6,8
KANIYAPURAM,0,3,5,8
SUI,0,6,2,8
SINGANALLUR,2,0,6,8
SINGARPUR,2,2,4,8
KADUTURUTTY,0,0,8,8
KAGANKARAI,0,2,6,8
SIPAYA (HALT,0,2,6,8
DARRITOLA,0,6,2,8
DASAMPATTI,0,2,6,8
GHORMARA,0,2,6,8
MUDLANA,0,0,8,8
MUGLOLLI,0,8,0,8
KANDARPUR,0,0,8,8
KANDEL ROAD,4,4,0,8
KANDHARAN HA,2,6,0,8
KANG KHURD,0,0,8,8
DHAKIA TIWAR,0,0,8,8
DHAMTAN SAHI,0,6,2,8
DHANA KHERLI,2,2,4,8
KOTLI KALAN,2,6,0,8
NAKACHARI,2,4,2,8
LADDA,4,2,2,8
BASI KIRATPU,2,0,6,8
BASSI,0,6,2,8
SIRIPURAM,0,5,3,8
SIRSALA  HAL,2,6,0,8
SIRSI MUKHDU,0,0,8,8
SIRSUPHAL,0,0,8,8
SISAI GULAB,0,0,8,8
DAUD KHAN,0,4,4,8
BHIMNATH,0,0,8,8
MUKHTRIARA B,0,0,8,8
MULACALA CHE,4,4,0,8
KANANUR,0,0,8,8
BODELI,0,0,8,8
SRI VIJAINAG,0,0,8,8
SRIPANI,0,6,2,8
SONEKHPUR HA,0,0,8,8
SONI,2,2,4,8
BOGINADI,0,6,2,8
KANCHAUSI,0,2,6,8
MULEWAL KHAI,0,0,8,8
KANAD,0,0,8,8
SISARKA,0,1,7,8
SISIBORGAON,0,6,2,8
KAKRAHA REST,0,8,0,8
KAKRI GUMA,3,5,0,8
KALA KUND,0,0,8,8
BAJEKHAN HAL,0,8,0,8
BAJRANJGARH,2,2,4,8
NAGIREDDIPAL,0,4,4,8
NAGJUA FS,0,0,8,8
NAGLA TULA,2,2,4,8
NAGOTHANE,0,4,4,8
NAGPUR ROAD,0,6,2,8
SOMTANE,0,4,4,8
SONAGIR,4,4,0,8
SONAI,0,0,8,8
BHILUPUR,0,0,8,8
MURADPUR (HA,0,0,8,8
SITALNAGAR,0,4,4,8
SITAMPET HAL,3,2,3,8
DEWALGAON,0,7,1,8
DEWAN HAT,0,4,4,8
DHABAN,4,2,2,8
NAGARIA SADA,4,4,0,8
NAGBHIR JN.,0,0,8,8
BAIRI HALT,0,0,8,8
BAITALPUR,0,4,4,8
BAJALTA,2,0,6,8
BOGOLU,2,2,4,8
DEORAHA BABA,0,0,8,8
DEORANIAN,0,0,8,8
DERABABA NAN,0,0,8,8
BAKHRI,0,6,2,8
KAMALPUR,0,6,2,8
DHACHNA,0,2,6,8
SIVOK,0,4,4,8
SIWAITH,0,4,4,8
KALIKIRI,4,4,0,8
VIKRAVANDI,0,2,6,8
VILAVADE,4,4,0,8
NAGAR,0,6,2,8
KALLIDAIKURU,0,0,8,8
KALLIGUDI,0,2,6,8
YEDIYYURU,2,6,0,8
GOBERWAHI,0,0,8,8
VIRA VALLI H,3,2,3,8
BHAGTANWALA,0,0,8,8
RAM DAYALU N,0,2,6,8
RAMA CHANDRA,0,2,6,8
RAMAIPUR (HA,0,0,8,8
GOINDWAL SAH,0,0,8,8
KUMARIPUR HA,0,0,8,8
KUMENDI,0,8,0,8
AGSAULI,0,0,8,8
KUAKHERA HAL,0,1,7,8
AHALYAPUR F,0,4,4,8
BIROHE,0,2,6,8
WANGAPALLI,0,2,6,8
WANI,8,0,0,8
MUTHANI,0,4,4,8
KALAVUR H.,0,0,8,8
LAIMEKURI,0,6,2,8
SOBHAPUR,4,4,0,8
SOMANUR,2,0,6,8
SOMESAR,6,2,0,8
KALWAN HALT,0,6,2,8
KALYANKOT  H,0,0,8,8
KAMALNAGAR,6,2,0,8
MURSAN,0,0,8,8
MURTHIPALAYA,2,0,6,8
MURTI HALT,4,4,0,8
KALLAKKUDI-P,0,4,4,8
KALLAL,2,2,4,8
LAKHABAVAL,2,6,0,8
DEMU,0,8,0,8
SEVUR,0,2,5,7
CHHARODI,3,4,0,7
SATYAVADA HA,0,0,7,7
MUNDA GOPAL,0,0,7,7
NEW GARH MAD,2,0,5,7
SURLA ROAD,0,6,1,7
DAUN KALAN,0,4,3,7
JASODA,0,2,5,7
JAGJVAN HALT,0,4,3,7
DHINDSA,0,0,7,7
RAKHITPUR,0,0,7,7
BAHORA CHAND,0,5,2,7
JALALPUR-PAN,0,2,5,7
BATUVA. P.H.,0,4,3,7
RAMESHWAR NA,0,0,7,7
KANNAUJ CITY,0,2,5,7
YAQUTGANJ (H,0,2,5,7
MIRTHAL,1,0,6,7
MATHABHANGA,3,2,2,7
SHERGANJ (HA,0,0,7,7
SRI JHADESHW,2,0,5,7
CHERAGRAM BH,0,0,7,7
SIRSAUL,0,0,7,7
JHEJHAR,2,0,5,7
KARUVATTA H.,0,0,7,7
SIKKAL,0,0,7,7
SIHAPAR (HAL,1,0,6,7
ANDANAPETTAI,0,0,7,7
TALAMANCHI,1,4,2,7
DHAURSALAR H,0,2,5,7
NAGANSUR,0,5,2,7
JAKHVADA,3,4,0,7
KALHAR,3,2,2,7
DESHAPRAN PH,0,0,7,7
CHHAYAPURI,1,0,6,7
NAMLI,3,2,2,7
PALAKKODU,3,2,2,7
BARITHEN GAR,2,0,5,7
MARIAMMN KOV,0,0,7,7
DHANA LADANP,0,4,3,7
INGUR,1,0,6,7
BAYYAVARAM,2,2,3,7
MANDHANA JN,0,2,5,7
CHINCHPADA,0,6,1,7
BAKHOTI KHAS,0,2,5,7
JHADUPUDI,0,6,1,7
ARAKKONAM NO,0,0,7,7
NELLIMARLA,0,4,3,7
SUMMA DEVI,0,6,1,7
MOHAN NAGAR,0,0,7,7
SULUR ROAD,1,0,6,7
SULHANI,0,0,7,7
PADMAPUKUR,0,0,7,7
NANDHAKUMARP,0,2,5,7
TILATI,0,5,2,7
KARAKAD,0,2,5,7
ANTAH,2,5,0,7
SHANKERPUR,0,0,7,7
SINGHIRAMPUR,0,2,5,7
SHIVNAGAR,1,0,6,7
AMBLI ROAD,3,4,0,7
BARUVA,0,6,1,7
MANI MAU,0,2,5,7
KANKOT,1,4,2,7
JENAPUR,2,0,5,7
KAURARA,0,2,5,7
JORKIAN,0,2,5,7
NIDAGHATTA H,1,0,6,7
SILAO,2,0,5,7
JADARAMA KUN,0,7,0,7
IRGAON P.H.,0,0,7,7
SANK,1,4,2,7
TIRUMALAIRAY,0,0,7,7
CHAWAPAIL,1,0,6,7
MALLAPA GATE,4,2,1,7
BARGARH,6,1,0,7
SANAHWAL,1,0,6,7
HUNSIHADGIL,0,5,2,7
KHAIRAR JN.,1,5,1,7
MALIKPUR (HA,0,2,5,7
CHAUBEPUR,0,2,5,7
PARANGIPPETT,1,0,6,7
TOTIYAPALAIY,1,0,6,7
PARAO MAHNA,0,0,7,7
ARGORA  PH,0,0,7,7
TULJAPUR,1,4,2,7
ARELI (HALT),0,0,7,7
HIRNAWALI,0,2,5,7
KHANDBARA,0,6,1,7
TULSI ASHRAR,0,5,2,7
BENIPATTI PI,0,2,5,7
SALAMATPUR,3,2,2,7
SALAIA,3,4,0,7
FATEHGARH HA,0,4,3,7
FATEH SINGHW,0,2,5,7
MAHRAULI,0,0,7,7
FUNGO HALT,0,0,7,7
SAIDANWALA,0,0,7,7
UKAI SONGHAD,0,6,1,7
MAHENDRAVADI,0,2,5,7
KHIRASDOH JN,2,0,5,7
BABLAD,0,5,2,7
BANDARUPALLE,1,3,3,7
CHANDAGIRI K,2,0,5,7
BABUPUR (HAL,0,0,7,7
HARPUR NAG,0,0,7,7
CHALTHAN,0,6,1,7
HARIPUR,5,0,2,7
BHANAPUR,5,2,0,7
AKASHI  PH,0,0,7,7
HARIDAS PUR,2,0,5,7
PERUNDURAI,1,0,6,7
KHUDLAPUR F,0,2,5,7
KHUDAGANJ,0,2,5,7
MADHOPUR PUN,3,0,4,7
BYREE,2,0,5,7
GANGIWARA,2,0,5,7
GANGAIKONDAN,1,2,4,7
KHURHAND,4,3,0,7
UTRI PURA,0,2,5,7
GANGWA PUR (,0,2,5,7
BUGLANWALI,0,2,5,7
PIPLI PAKHI,0,3,4,7
RITHI,3,4,0,7
GAUDGAON,0,5,2,7
HADDINGAUNDU,3,2,2,7
AISHBAGH,0,2,5,7
VANJIPALAIYA,1,0,6,7
BUDHSINGHWAL,0,2,5,7
GAUTAM STHAN,1,4,2,7
LILIYA MOTA,3,2,2,7
AUNG,0,0,7,7
GHAL KALAN,0,0,7,7
BOROTI,0,5,2,7
AJHARAIL,0,5,2,7
BRAHMANI,2,0,5,7
VELPURU HALT,0,0,7,7
LAKSHMINARAY,0,0,7,7
PURWA KHERA,0,0,7,7
VIJAYAMANGAL,1,0,6,7
BANSDIH ROAD,1,4,2,7
LAKHOLI,4,3,0,7
KOTLA,2,2,3,7
KOTTUR HALT,1,3,3,7
GINIGERA,5,2,0,7
GOP JAM,3,2,2,7
RAJAPUR HALT,2,3,2,7
VISHRAMBAG,1,2,4,7
GOLANTHRA,0,6,1,7
MUSHARWA   H,0,0,7,7
KUDIKADU,0,0,7,7
KUDALNAGAR,1,2,4,7
NAKKANADODDI,4,0,2,6
NAHARLAGUN,2,4,0,6
KAILI,0,0,6,6
KAILARAS,0,0,6,6
KAHANGARH HA,0,6,0,6
NAMANASAMUDR,0,2,4,6
NALOI BARWA,0,6,0,6
NALKATA,0,2,4,6
DHAMTARI,0,0,6,6
DHAMNI HALT,0,6,0,6
DHALAIBI,0,6,0,6
KANDRORI,0,0,6,6
MUGAD,2,2,2,6
MUDIGUBBA,2,4,0,6
MOWAD,2,2,2,6
KANNAMANGALA,0,3,3,6
DATEWAS,0,6,0,6
SRIRAMPURAM,0,2,4,6
SINGRA,0,4,2,6
NANDIKOOR,0,4,2,6
NANDAPUR,0,6,0,6
NANA,4,2,0,6
KADABARI HAT,0,0,6,6
SINGHPOKHARI,0,0,6,6
SINGARAM,2,4,0,6
SINDURWA,0,0,6,6
SINDRI TOWN,0,0,6,6
KANIYAMBADI,0,3,3,6
BALABHADRAPU,2,2,2,6
BAKULHA,0,4,2,6
MOTUMARI JN.,0,2,4,6
DANTIA,0,2,4,6
DANSI PH,0,0,6,6
SUCHIPIND HA,0,0,6,6
SINDRI MARSH,0,0,6,6
KACHERA,0,6,0,6
KABRAI,0,5,1,6
JUTOGH,0,0,6,6
BAIHATA,0,2,4,6
BAIGUDA,2,4,0,6
BAHRAM,0,0,6,6
KANSIYA NES,0,0,6,6
KANNJARA HAL,0,6,0,6
DANGTAL,0,6,0,6
DANGIDAHAR,0,4,2,6
DANEA,0,4,2,6
DANDU GOPALA,0,4,2,6
DANDI MAL,2,2,2,6
JUNG BAHADUR,0,2,4,6
JUNAGARH ROA,0,2,4,6
JUMNAL,0,6,0,6
JULMI,0,0,6,6
NARA HALT,0,0,6,6
NAOJAN,0,4,2,6
NANOGAON ROA,2,4,0,6
BAIKUNTH WES,0,3,3,6
DHANARI,0,0,6,6
AMTA,0,0,6,6
JORANDA ROAD,2,2,2,6
JORAI,0,6,0,6
JORA ALAPUR,0,0,6,6
NARASINGANPE,0,0,6,6
NARANJIPUR,2,0,4,6
JUNONA HALT,0,6,0,6
SUMMIT,0,4,2,6
SUMMER HILL,0,0,6,6
SUMAOLI,0,0,6,6
DANIYAWAN FL,0,0,6,6
MORSHI,2,2,2,6
MORI BERA,4,2,0,6
MORDAD TANDA,0,0,6,6
MORAIYA,0,0,6,6
MORA,0,4,2,6
MONABARI,0,6,0,6
BARUA BAMUNG,0,4,2,6
JODHKA,0,6,0,6
NARINDARPURA,0,6,0,6
SILLAKKUDI,0,2,4,6
SILANIBARI,0,6,0,6
SILAIMAN,0,0,6,6
SILA KHERI,0,0,6,6
SIKRODA KWAN,0,4,2,6
BHESLANA,0,6,0,6
SUPRAKANDI,0,2,4,6
SUNMAI HALT,0,0,6,6
BARSI TAKLI,0,6,0,6
KANWAT,0,6,0,6
MOLAKALMURU,4,2,0,6
MOHITNAGAR,0,0,6,6
NATHDWARA,2,4,0,6
NARTHAR (HAL,0,4,2,6
JOGIMAGRA,4,2,0,6
JOGESWAR BIH,0,4,2,6
JOGENDRA NAG,0,2,4,6
SIKRIPAI,2,4,0,6
KAOTHA,0,4,2,6
BARUD,4,2,0,6
MOHARI,0,0,6,6
MOHANUR,2,0,4,6
MOHANPURA HA,0,2,4,6
MOHANPUR,0,0,6,6
DALPATPUR,2,2,2,6
SHYAMPURA,2,4,0,6
SHYAMA CHARA,2,2,2,6
SHUKARULLAHP,0,4,2,6
DHARI,0,0,6,6
DHAREWADA,2,2,2,6
JIRINIA,0,2,4,6
JIGNI KHAS (,0,0,6,6
NAVALGOAN,0,6,0,6
MOHADI PRAGA,0,0,6,6
MIYANA,2,4,0,6
SURATPURA JN,0,6,0,6
AMJONGA,0,4,2,6
AMDI,0,0,6,6
SURAJKUNDA,0,0,6,6
NATHWANA,4,2,0,6
JHINKPANI,0,0,6,6
JHILO,0,6,0,6
NAYA BHAGIRA,2,2,2,6
NAWASHAHR DO,0,0,6,6
DHARAMTUL,0,0,6,6
DHARAMPUR  H,0,0,6,6
SHRI-KSHETRA,0,6,0,6
SURJAKAMAL,0,6,0,6
SURGAON BANJ,4,2,0,6
SURER,0,6,0,6
MIRZAPUR BAC,0,6,0,6
MIRZA,0,4,2,6
MINNAMPALLI,2,0,4,6
MINDHA,0,6,0,6
KARCHHA,2,0,4,6
SHRI GHASI N,0,2,4,6
SHRI AMIRGAD,2,2,2,6
DHAURMUI JAG,2,2,2,6
SWARUPGANJ,4,2,0,6
KARANPURA,0,2,4,6
MIHRAWAN,2,4,0,6
MEWA NAWADA,2,2,2,6
KARJODA,2,2,2,6
KARIHA HALT,0,0,6,6
DAL CHAPRA F,0,4,2,6
DAKSHINBARI,0,0,6,6
NETAWAL,0,2,4,6
NEPALGANJ RO,0,0,6,6
NELLIKUPPAM,0,0,6,6
JHANKAD SARA,0,0,6,6
SHIVPURA,0,4,2,6
SHIVNISHIVAP,0,6,0,6
DHIRGANJ,0,2,4,6
TAJPUR,0,4,2,6
KARHIYA BHAD,2,4,0,6
BALLALPURE,0,1,5,6
KARSINDHU HA,0,0,6,6
DAILWARA,0,4,2,6
DAHEGAON,0,4,2,6
NEW GITALDAH,0,2,4,6
BAGWALI,2,2,2,6
BAGWADA,0,4,2,6
DHIGAWARA,0,6,0,6
SHIRUD,0,0,6,6
SHERPUR,0,0,6,6
KASBE SUKENE,0,4,2,6
KARMAHAT,0,4,2,6
KARKEND PH,0,4,2,6
METHAI F,0,0,6,6
MELUSAR,0,0,6,6
TALAIVASAL,2,0,4,6
TALABURU,0,0,6,6
TAKLIMIYA HA,4,2,0,6
TAKLI,0,6,0,6
JHALUARBAR,0,0,6,6
JHALAWAR CIT,0,0,6,6
JETHUKE,0,5,1,6
JETHI,2,2,2,6
JETALVAD,0,0,6,6
DHOLI (BHAL),0,0,6,6
SHANKAPUR HA,0,3,3,6
JAWALI,4,2,0,6
SHAKARNAGAR,0,1,5,6
DHURANA,0,0,6,6
DHUPDHARA,0,4,2,6
DHULE,0,0,6,6
DHUANKHEDI,4,2,0,6
SEWAR,2,2,2,6
DABOLIM H,0,0,6,6
DABLI RATHAN,2,2,2,6
DABLA,0,6,0,6
TALANALLUR,0,2,4,6
MELPATTAMBAK,0,0,6,6
MELNARIYAPPA,2,0,4,6
KASHINAGAR P,0,4,2,6
KASHIABARI,0,0,6,6
KARUKHIRHARN,0,0,6,6
MAVAL,2,2,2,6
KATA ROAD,0,6,0,6
CHUCHELA KAL,0,0,6,6
CLUTTERBUCKG,4,2,0,6
CINNAMARA,0,2,4,6
DIGSAR,2,4,0,6
DIDARGANJ RO,0,0,6,6
JAULKA HALT,0,6,0,6
NILAMBAZAR,0,2,4,6
BHAWANIPATNA,0,2,4,6
BHAVANI NAGA,2,2,2,6
SERNDANUR,0,0,6,6
JARANGDIH,0,4,2,6
JARANDESHWAR,2,2,2,6
NIMSHIRGAON,1,1,4,6
NIMKANA,0,0,6,6
NIMIAGHAT,0,2,4,6
NIMBHORA,4,2,0,6
JAWAHAR NAGA,0,2,4,6
SENDURAI,0,2,4,6
SENCHOA JN,2,0,4,6
SENAPURA,0,4,2,6
TALNI,0,4,2,6
CHUREB,0,0,6,6
KASTURI (HAL,0,4,2,6
KASTLA-KASMA,0,0,6,6
KASHTI,4,2,0,6
BALSAMAND,2,2,2,6
MATMARI,4,2,0,6
MATLABPUR,2,2,2,6
MATHUR,0,2,4,6
SELOO ROAD,0,4,2,6
SEHAL HALT,0,0,6,6
NIZ-SARIHA,0,2,4,6
NIWAS ROAD,0,6,0,6
NIPANI VADGA,4,2,0,6
JAMUNIATANR,0,2,4,6
JASIA  HALT,0,0,6,6
JASHAPUR,0,2,4,6
BHUDA,0,2,4,6
MATATILA,0,4,2,6
MASARAHALLI,0,4,2,6
MASANIWALA,0,0,6,6
BHORAS BUDRU,0,0,6,6
BHOPALKA,2,4,0,6
TANDARAI,0,3,3,6
JAMDHA,0,0,6,6
NIZCHATIA,0,6,0,6
NIZBARGANJ,0,6,0,6
NIZAMPUR,0,6,0,6
BHAWANIPUR B,0,4,2,6
ANUPGANJ,0,0,6,6
ANNECHAKANAH,0,2,4,6
SAVNI,0,0,6,6
SAVDA,4,2,0,6
SAVARDA,2,4,0,6
SATNAUR BADE,0,0,6,6
SATHIN ROAD,4,2,0,6
NURNAGAR  HA,0,0,6,6
NURABAD,0,4,2,6
NUMALIGARH R,0,4,2,6
NUA,0,6,0,6
TARCHHERA BA,0,2,4,6
CHONDI,0,6,0,6
CHOLANG,0,0,6,6
KATAR SINGH,0,6,0,6
MARWAR- BALI,2,2,2,6
MARWAR MATHA,2,4,0,6
MARWAR LOHAW,2,4,0,6
CHITRAWAD,0,0,6,6
CHITRASANI,2,2,2,6
TARADEVI,0,0,6,6
TANIJAN,0,6,0,6
NOSARIA  HAL,0,0,6,6
NONERA,0,2,4,6
JAMSAR,4,2,0,6
JAMMALAMADUG,2,0,4,6
JAMBARA,2,0,4,6
JAM JODHPUR,2,4,0,6
OBLAPURAM,2,4,0,6
MARSUL,0,6,0,6
MARKUNDI,2,0,4,6
KATHOLA (HAL,0,4,2,6
KATHARA ROAD,2,4,0,6
CHITALI,4,2,0,6
CHITAHARA,2,0,4,6
CHIRAKKAL HA,0,3,3,6
TATASIGUA,0,4,2,6
TARIGHAT,0,0,6,6
NYORIYA HUSE,0,0,6,6
NYOLIKALAN,0,6,0,6
JALIADEWANI,2,4,0,6
JALALSI PH,0,0,6,6
BAGESHPURA,0,2,4,6
BAGARPUR HAL,0,0,6,6
BAGAHAI ROAD,0,6,0,6
ODDANCHATRAM,2,2,2,6
DODJALA,0,2,4,6
TELIA,0,2,4,6
TEKKALI,0,4,2,6
KATGHAR,2,2,2,6
KATEPURNA,0,6,0,6
MARGHERITA,2,0,4,6
MARANDAHALLI,2,2,2,6
MAONDA,0,6,0,6
MANUGURU,0,6,0,6
KAULSERI,0,5,1,6
SATADHAR,0,0,6,6
SASAN GIR,0,0,6,6
JAKHAURA,0,4,2,6
ODHA,0,4,2,6
KATHUWAS,0,6,0,6
MANU,0,2,4,6
MANTATTI,0,6,0,6
MANOPAD,3,3,0,6
AMARSAR,1,3,2,6
AMARPUR-JORA,0,6,0,6
AMANVADI,0,6,0,6
TELIAMURA,0,2,4,6
PACHAR MALIK,0,6,0,6
OTTIVAKKAM,0,2,4,6
OTTAKOVIL,0,2,4,6
ORWARA,0,0,6,6
ORKI HALT,0,2,4,6
ORDI,0,2,4,6
OOTWARD,0,4,2,6
DOMJUR ROAD,0,0,6,6
DOMJUR,0,0,6,6
DOLKALLU,4,2,0,6
BAMOUR GAON,0,0,6,6
BAMANHAT,0,2,4,6
BARI,0,0,6,6
CHICHAKI,0,2,4,6
THADI,2,1,3,6
SARSONPURI,0,0,6,6
SARSI,0,0,6,6
SAROLA,4,2,0,6
SAROBAG,0,0,6,6
JAJAU,0,4,2,6
JAJANPATTI,2,2,2,6
BEDHAM,0,4,2,6
PADIYA NAGLA,0,0,6,6
PADHEGAON,4,2,0,6
PADAPAHAR,0,0,6,6
SARMATANR,0,2,4,6
CHHATA-ASCHA,0,4,2,6
CHHANDRAULI,0,0,6,6
THARWAI,0,2,4,6
SARDARSAHAR,0,0,6,6
DUDHAUNDA (H,0,0,6,6
DUBIA,0,6,0,6
PAKARIYA ROA,2,4,0,6
PAHARJAGANGA,0,0,6,6
PADNUR H,0,5,1,6
THOKUR,0,4,2,6
THIRUTHURAIY,0,0,6,6
THIPPARTHI,0,2,4,6
CHHINTANWALA,0,5,1,6
KAYASTHAGRAM,0,2,4,6
BARIPURA,0,5,1,6
MANIK CHAURI,0,0,6,6
MANIA,0,4,2,6
BEDETTI,0,6,0,6
JAIJON DOABA,0,0,6,6
JAGITYAL,0,0,6,6
DORNAHALLI,0,2,4,6
SARAI RANI,0,0,6,6
SARAHULA HAL,0,0,6,6
DULMERA,4,2,0,6
CHERUKUVADA,0,1,5,6
ALLURUROAD,1,3,2,6
TIKAULI RAWA,0,2,4,6
MANGIAKAMI,0,2,4,6
MANGANALLUR,0,0,6,6
MANDURA,0,6,0,6
TIKARIYA,2,0,4,6
SAPATGRAM,2,4,0,6
SANWARA HALT,0,0,6,6
SANVRAD,2,2,2,6
SANVATSAR,4,2,0,6
SANODIYA,0,6,0,6
ARAND,4,2,0,6
DUNGAR ROAD,0,2,4,6
JADOLI KA BA,0,4,2,6
JABRI,0,4,2,6
MANDHALI,0,0,6,6
KELAMANGALAM,2,2,2,6
KELA DEVI,2,2,2,6
CHHALESAR,0,2,4,6
CHERUVU MADH,0,2,4,6
BADHARI KALA,0,4,2,6
BADHAL,0,6,0,6
JAGDEVWALA,4,2,0,6
DUMRIKHURD,0,0,6,6
DUMRI BIHAR,0,4,2,6
DUMMURIPUT,2,4,0,6
BHUPAL SAGAR,0,2,4,6
KEKATUMAR,0,6,0,6
MANDAR HILL,0,0,6,6
MANDALGHAT,0,0,6,6
MANDA PADU,0,3,3,6
TIMTALA,0,4,2,6
TIMMAPURAM H,0,2,4,6
TIMMANACHERL,4,0,2,6
DULRASAR,0,0,6,6
ARABAGATTA,2,4,0,6
INNANJE,0,4,2,6
PANBARI,0,0,6,6
PANANGUDI,0,2,4,6
PAMAN,2,4,0,6
ITIKYALA,3,3,0,6
ITEHAR,0,2,4,6
TIPKAI,2,4,0,6
MANA,0,6,0,6
MAMBALAPPATT,0,3,3,6
MALUPOTA,0,0,6,6
MALUKA,0,0,6,6
BAND HAMIRPU,0,2,4,6
PANDOLI,0,2,4,6
PANDILLAPALL,0,2,4,6
PANDETOLA,0,0,6,6
KULTHAM ABDU,0,0,6,6
IQBAL GADH,2,2,2,6
SANKRA   HAL,0,0,6,6
SANKAVAL,0,0,6,6
SANKARA GUMM,0,4,2,6
WARUD ORANGE,2,2,2,6
SANJARPUR (H,0,0,6,6
KHABRA KALAN,0,6,0,6
KEUTIGUA,2,4,0,6
BANBIHARI -,0,0,6,6
CHAVADIPALAY,0,0,6,6
RAJIM,0,0,6,6
TIPLING,0,6,0,6
SANHA HALT,0,2,4,6
BHATEL,2,4,0,6
BHATASA (HAL,0,4,2,6
BEHAJ,0,4,2,6
INDEMAU,0,2,4,6
PANISAGAR,0,2,4,6
PANGARSHINDE,0,6,0,6
CHAUBE,0,2,4,6
CHATRAPPATTI,2,2,2,6
ALAWAL PUR,0,0,6,6
ALAPPAKKAM,0,0,6,6
TIRUPPACHETT,0,0,6,6
AMLI,4,2,0,6
BANAGALAPALL,2,0,4,6
MALSAILU HAL,0,6,0,6
MALLEMADUGU,0,2,4,6
KUND,0,6,0,6
KUBERPUR,0,2,4,6
DUNGRIPALI,2,4,0,6
KULHA HALT,0,2,4,6
EDAMANN,0,2,4,6
ICHCHANGADU,0,2,4,6
KUMRADOL,0,0,6,6
PANTIHAL PH,0,0,6,6
BARGACHIA,0,0,6,6
KHAJURHAT,0,2,4,6
KHAJRAHA,0,4,2,6
GODHA,0,0,6,6
MALKISAR,4,2,0,6
MALKHED,0,4,2,6
MALKERA JN,0,4,2,6
GOLAGHAT,0,4,2,6
CHAUBISI,0,0,6,6
BHAGEGA,0,6,0,6
PANOH,0,4,2,6
BELLAM KONDA,0,3,3,6
GOBINDPUR DU,0,2,4,6
PAPPINISSERI,0,3,3,6
PAPARERA,0,2,4,6
SAMHON,0,2,4,6
SAMBRE,0,4,2,6
ETMADPUR,0,2,4,6
RAMGARH,0,4,2,6
CHATAUD,0,0,6,6
MALETHU KANA,0,2,4,6
TIVARI,4,2,0,6
TIRUPPUVANAM,0,0,6,6
BADA PADAGAO,4,2,0,6
YEDAPALLI  H,0,1,5,6
HUMNABAD,0,0,6,6
EKDIL,0,2,4,6
SAMARALA,0,6,0,6
YEULKHED,0,6,0,6
BHARAT KHAND,0,5,1,6
ABHAYAPURI A,0,6,0,6
TUFANGANJ,2,4,0,6
CHAR BATIA,4,2,0,6
MAKUDI,0,6,0,6
MAKRAULI,0,0,6,6
MAKARDAHA,0,0,6,6
KHAPRI,0,4,2,6
KHANJA HALT,0,0,6,6
TRILOKPUR (H,0,6,0,6
TRIBEDIGANJ,0,0,6,6
BHANGALA,0,0,6,6
AREPALLI HAL,3,3,0,6
ACHEGAON,0,6,0,6
ARAVALI ROAD,2,4,0,6
ARANGMAHANAD,4,2,0,6
SALOGRA,0,0,6,6
PARISAL,0,6,0,6
PARIHARA,2,2,2,6
PAREWADI,0,6,0,6
BELSONDA,4,2,0,6
PARLAKIMIDI,0,4,2,6
PARKHAM,0,0,6,6
PARJANI  HAL,1,2,3,6
HIRODIH,0,2,4,6
ACHAL GANJ,0,2,4,6
FARIDAHA,0,0,6,6
FARAH,0,0,6,6
FALIMARI,0,2,4,6
KHANDEL,0,6,0,6
ABUTARA HALT,0,2,4,6
KHAMKHED,0,6,0,6
MAJU (PH),0,0,6,6
MAJNUPUR NAW,0,1,5,6
MAJHOLA PAKA,0,0,6,6
KHARKHAUDA,0,0,6,6
KHARKHARI,0,4,2,6
ALAM PUR ROA,3,3,0,6
AKOLNER,4,2,0,6
AKKARAIPPATT,2,2,2,6
SOMALAPURAM,2,4,0,6
SALEM MARKET,2,0,4,6
PATAKOTTACHE,4,0,2,6
PATA,0,2,4,6
SOLAN,0,0,6,6
BELVANDI,4,2,0,6
SALARPUR,0,2,4,6
SKPARA,0,2,4,6
DEVANHALLI,0,2,4,6
SALAGAON,4,2,0,6
SAKLESHPUR,4,2,0,6
MAHUGARA,0,6,0,6
KHARIA KHANG,4,2,0,6
KHARI - JHAL,0,0,6,6
MAISAR KHANA,0,6,0,6
BIHAT HALT,0,6,0,6
TURINJAPURAM,0,3,3,6
TUPKADIH,0,4,2,6
TUNIA,2,2,2,6
TUNG,0,0,6,6
KALEM,0,0,6,6
HETAMPUR,0,4,2,6
PATARA,2,4,0,6
PATAPATNAM,0,4,2,6
N.PANAKUDI,4,0,2,6
SAILA KHURD,0,0,6,6
UDASAR,0,0,6,6
UBARNI,0,0,6,6
CHANDSARA HA,0,0,6,6
MAILAM,0,2,4,6
MAHWA,0,6,0,6
MAHUWALA HAL,0,6,0,6
KHATKAR KALA,0,0,6,6
MAHROI,0,6,0,6
KALMESHWAR,2,2,2,6
MAHOLI,0,2,4,6
SAIDKHANPUR,0,2,4,6
BABA BAKALA,0,1,5,6
HINDOL ROAD,2,2,2,6
GACHHIPURA,4,2,0,6
G.RAMACHANDR,0,2,4,6
KALLUR YEDAH,0,2,4,6
NAGALWANCHA,0,2,4,6
DEROWAN PH,2,2,2,6
SIWAHA,0,0,6,6
MAHENDRALALN,0,0,6,6
BANGA,0,0,6,6
BANESWAR,0,4,2,6
KHIRIA KHURD,0,0,6,6
SIVAPUR,0,4,2,6
KHILERIYAN,0,0,6,6
CHANDKHEDA R,0,0,6,6
UGAON,0,4,2,6
GAISAL,0,6,0,6
HELAK,0,2,4,6
HEBBAL,0,2,4,6
HBL NAGAR H,1,3,2,6
HATWAR,0,6,0,6
BABUGARH,0,0,6,6
SITAPUR KUTC,0,0,6,6
BABHANJYOTIY,0,0,6,6
UMERDASHI,2,2,2,6
UMED,4,2,0,6
KHERVADI,0,4,2,6
KHERA SANDHA,0,0,6,6
KHEMLI,0,2,4,6
BANDHUA KALA,0,0,6,6
DHABLAN,0,5,1,6
MAHANGARWAL,0,0,6,6
CHANDAR,0,0,6,6
CHANDANPAHAR,0,0,6,6
KAMRUP KHETR,0,0,6,6
BABHAN GAON,0,4,2,6
BABAGANJ HAL,0,0,6,6
PAUTA (HALT),0,0,6,6
PATWARA,2,4,0,6
KAMPIL ROAD,0,4,2,6
GAIGAON,0,6,0,6
SAGONI,2,4,0,6
SAGMA,2,0,4,6
SAFRAI,2,2,2,6
SAFIDON,0,0,6,6
KAMLI,2,2,2,6
PEEPLEE - KA,0,6,0,6
PEDDANAYAKKA,2,0,4,6
PEDDADINNE H,3,3,0,6
PEDDA BRAHMA,2,2,2,6
CHALALA,0,0,6,6
UPLETA,2,4,0,6
UNDASA MADHA,2,0,4,6
UNCHI BASSI,0,0,6,6
UNCHAULIA,0,2,4,6
MAHADIA PH,2,2,2,6
MAHADEVASAL,2,2,2,6
KHORI,0,6,0,6
CHAMROLA,0,4,2,6
KAMBARGANVI,2,2,2,6
KAMARGANJ,0,0,6,6
PERASHSHANNU,0,1,5,6
PENGANGA,0,6,0,6
PENCHARTHAL,0,2,4,6
HARTHALA,2,2,2,6
HARSINGHPUR,0,4,2,6
BHANDAK,2,2,2,6
BAKHLETA,2,4,0,6
BHALUMASKA,2,4,0,6
BHALULATA,2,2,2,6
BAKAYANWALA,0,2,4,6
BIJROTHA,0,4,2,6
MADURAI EAST,0,0,6,6
MADLAUDA,0,0,6,6
KHUNDAUR,0,2,4,6
KHUMGAON BUR,0,6,0,6
BIJAULI,0,4,2,6
CHALLAKERE,4,2,0,6
SADDA SINGHW,0,6,0,6
SADASHIBAPUR,2,2,2,6
DEPUR PH,0,2,4,6
HARICHANDANP,2,4,0,6
DEORAKOT,0,2,4,6
PERIYANAGATH,2,2,2,6
HARKIA KHAL,2,2,2,6
HARISHDADPUR,0,0,6,6
HARISCHANDRA,0,4,2,6
ARNIYA,0,6,0,6
ARNETHA,4,2,0,6
CARRON,0,4,2,6
KHUKRANA HAL,0,0,6,6
BAISWARA,0,2,4,6
KHUDDA KORAL,0,0,6,6
NAGAVANGALA,2,4,0,6
BANGRIPOSI,0,2,4,6
NAGARUR,4,2,0,6
CHAKRAJ MAL,2,2,2,6
CHAKRA ROAD,0,2,4,6
ARJUNAHALLI,0,2,4,6
ARJANSAR,4,2,0,6
GANGADHARA,0,0,6,6
AYYALUR,0,4,2,6
PHARIHA,0,0,6,6
BHANDU MOTI,2,2,2,6
RUNKUTA,0,0,6,6
CAPPER QUARR,0,0,6,6
MACHERLA,0,1,5,6
MACHAPUR,4,2,0,6
KILLE,0,0,6,6
KILANWALI PU,0,2,4,6
KHUTHA,2,0,4,6
KALANAD HALT,0,3,3,6
GANGRAR,2,4,0,6
DEWANGANJ,2,2,2,6
GANGAULI (HA,0,0,6,6
BAAD,0,0,6,6
HARDUA,2,4,0,6
DEVARAYI,2,2,2,6
BAKAINA HALT,0,0,6,6
MABBI HALT,0,0,6,6
BARBATPUR,4,2,0,6
VADIPPATTI,0,2,4,6
VADADIYA,2,4,0,6
UTTARKATHANI,0,6,0,6
BAJUD,2,2,2,6
RUKHI HALT,0,0,6,6
ROSHAN MAU H,1,2,3,6
MURHESI RAMP,2,2,2,6
GARKHA F,0,4,2,6
GARHSHANKAR,0,0,6,6
HAMPAPURA,0,2,4,6
HAMIRPUR ROA,2,4,0,6
HALVAD,6,0,0,6
PINGLESHWAR,0,4,2,6
BARAYLA CHAU,2,2,2,6
LOTAPAHAR,2,2,2,6
LORHA,2,4,0,6
LOLIYA,0,0,6,6
BURHA PANKA,2,2,2,6
BURGULA HALT,1,3,2,6
BUNDKI,2,2,2,6
MURAHARA,0,2,4,6
VAIYAMPATTI,0,4,2,6
PIMPLA CHAUR,0,6,0,6
PIMPALKHUTI,6,0,0,6
PILU KHERA,0,0,6,6
MUNSIRHAT PH,0,0,6,6
PIPLI,2,4,0,6
PIPARPUR,0,2,4,6
PINGORA,2,2,2,6
BARYA RAM,0,2,4,6
BHIMAL,0,2,4,6
VAMBORI,4,2,0,6
VALI GONDA,0,2,4,6
BURHPURA,0,4,2,6
BANKRA NAYAB,0,0,6,6
LOHTA,0,4,2,6
LOHOGAD,0,6,0,6
KISONI,0,4,2,6
KISHAN-MANPU,0,6,0,6
KIRTYANAND N,0,0,6,6
KIRODA,2,2,2,6
BAREILLY CAN,2,2,2,6
GAROPARA HAL,0,4,2,6
GARNA SAHIB,0,0,6,6
RIBADA,0,0,6,6
REVELGANJ GH,0,4,2,6
RETHORAKALAN,0,2,4,6
PIRWA,2,2,2,6
PIRUMADARA (,0,0,6,6
PIPRITHAN,0,6,0,6
HALLIKHED,0,0,6,6
HALIYURU,0,2,4,6
HALDI ROAD,4,0,2,6
HALDHARPUR F,0,0,6,6
HADGAON ROAD,0,4,2,6
SONADA,0,0,6,6
HADALA BHAL,0,0,6,6
HABIBWALA,2,2,2,6
AMRELI PARA,0,0,6,6
AHRAURA ROAD,2,0,4,6
AHMEDABAD JN,0,0,6,6
AMRELI,0,0,6,6
LOHA   HALT,2,2,2,6
KODIGEHALLI,0,2,4,6
BUDNI,4,2,0,6
NAGSAR HALT,0,0,6,6
BUDHMA,0,0,6,6
BUDHI,2,0,4,6
BUDHA KHERA,0,0,6,6
BILOCHPURA (,0,0,6,6
POKARAN,2,4,0,6
GURUSAR SEHN,2,2,2,6
GURUJALA,0,1,5,6
GURUDIJHATIA,4,2,0,6
BHABHAR,2,4,0,6
POSOITA,2,2,2,6
PORA,0,4,2,6
POODOOR,3,3,0,6
GAUTAMDHARA,0,4,2,6
KALA BAKRA,0,0,6,6
KITHAM,0,0,6,6
LINGAM GUNTL,0,3,3,6
KAKRALA HALT,0,5,1,6
LELIGUMMA,2,4,0,6
BRIJ NAGAR,0,4,2,6
AJAKOLLU HAL,3,3,0,6
GAURIYAMAU,0,2,4,6
RENTACHIN TA,0,1,5,6
REDDI GUDEM,0,3,3,6
GHATKAVARANA,4,2,0,6
PRITHWIRAJPU,0,0,6,6
PRACHI ROAD,0,0,6,6
HABANGHATTA,0,2,4,6
GWALIOR (NG),0,0,6,6
SISAUNA,0,0,6,6
PUDUCHATIRAM,0,0,6,6
GHATERA,2,4,0,6
GHANTIKAL NI,2,2,2,6
SRAVANUR,0,2,4,6
RAYATPURA,0,2,4,6
RAYARU,0,4,2,6
RAYALCHERUVU,6,0,0,6
BRAHMAJAN,0,6,0,6
BOXIRHAT,2,4,0,6
LAYABAD,0,4,2,6
LASERI  HALT,0,6,0,6
KOILAKUNTLA,2,0,4,6
BORVIHIR,0,0,6,6
DEBARI,0,2,4,6
BORKHEDI,0,4,2,6
VARVALA,2,4,0,6
VARAKALPATTU,0,0,6,6
MUNDHA PANDE,2,2,2,6
AJARKA,0,6,0,6
RAYAKOTTAI,2,2,2,6
RAYAKA,0,0,6,6
RAYA DRUG,2,4,0,6
RAWANJNA,4,2,0,6
GUNJARIA,0,6,0,6
PULLAMPET,4,0,2,6
PULLAMBADI,0,2,4,6
PUKKIRAVARI,2,0,4,6
BETTAHALASUR,0,2,4,6
BETTADANAGEN,0,2,4,6
RAVLI,2,4,0,6
KOHIR(DECCAN,2,2,2,6
KODUMUNDA HA,0,1,5,6
KONA PH,0,0,6,6
KOMAKHAN,4,2,0,6
KOLVAGRAM,0,6,0,6
VEER,2,4,0,6
MULVAD,0,6,0,6
ASAN,0,0,6,6
ARUPPUKKOTTA,4,0,2,6
RAUZAGAON,0,2,4,6
BHAKRAULI,0,0,6,6
BHAJERA,0,2,4,6
BHADUTOLA PH,0,2,4,6
BHADROLI HAL,0,2,4,6
PURAINI,2,2,2,6
PUNTHOTTAM,0,0,6,6
KOLHADI,0,6,0,6
KOLATUR,0,4,2,6
BORGAON,0,6,0,6
KANDAGHAT,0,0,6,6
VELLUR HALT,0,2,4,6
BOKO,0,4,2,6
VENKATESHAPU,0,3,3,6
KORARI,0,2,4,6
KONNUR HALT,3,3,0,6
LAKWA,2,2,2,6
DAULTA,0,4,2,6
LAKSHMANPUR,0,6,0,6
LAKHPAT NAGA,0,0,6,6
Proddatur,2,0,4,6
PUSLA,2,2,2,6
SONDHA ROAD,0,2,4,6
GUMGAON,0,4,2,6
RATONA,0,4,2,6
RATAN SAHAR,0,6,0,6
RADHA BALAMP,0,0,6,6
RACHAGUNNERI,0,2,4,6
BHADER,0,0,6,6
BHADANPUR,2,4,0,6
GHOKSADANGA,2,2,2,6
GHOGI BARIAR,0,0,6,6
GHIALA,0,0,6,6
RASAULI,0,2,4,6
VIJAYSOTA,0,6,0,6
VIJAYPUR,4,2,0,6
DEEG,0,4,2,6
BARAIPURA  H,0,0,6,6
BARAGAON,0,2,4,6
BANSPANI,4,2,0,6
BANSKHO,0,6,0,6
KANASAR,4,2,0,6
MUKHASA PARU,2,0,4,6
BOLDA,0,6,0,6
BOLAI,0,4,2,6
GUDIPUDI,0,3,3,6
GUDAPARTI,2,2,2,6
GUAGACHHA,0,2,4,6
RAHA,0,0,6,6
GHUNGHUTI,2,4,0,6
GHUNAS HALT,0,5,1,6
GHOSUNDA,0,2,4,6
GHOSRANA,0,2,4,6
GHOSIPURA,0,0,6,6
MUJNAI,0,4,2,6
KOTAPAR ROAD,2,4,0,6
KOT FATEH,0,6,0,6
KORNAHALLI,0,4,2,6
AGTHORI,0,2,4,6
AGRA CITY,2,0,4,6
VILAYAT KALA,2,4,0,6
VILAD,4,2,0,6
VIKRAM NAGAR,2,0,4,6
BODHAN,0,1,5,6
LAIBURWA HAL,0,6,0,6
LAGARGAWAN,2,4,0,6
LABAN,4,2,0,6
RANJAN GAON,4,2,0,6
RANGMAHAL,2,2,2,6
GOVINDNAGAR,0,0,6,6
GOVINDGARH,0,4,2,6
GOVERDHAN,0,4,2,6
RAHMAT NAGAR,0,0,6,6
BIWAI,0,2,4,6
BISWA BRIDGE,0,6,0,6
AGARAM SIBBA,0,3,3,6
ADRI ROAD,0,0,6,6
KOTHA PAKKI,0,2,4,6
KUTURUKHAMAR,0,2,4,6
KUTTAKUDI,2,0,4,6
RAJAGAMBIRAM,0,0,6,6
RAIPUR R-V B,4,2,0,6
RANGJULI,0,4,2,6
RAMTEK,0,0,6,6
AGOMONI,2,4,0,6
AGHWANPUR,2,2,2,6
KUSHTALA,4,2,0,6
KURUSI,2,2,2,6
KURUMURTHI,3,3,0,6
KURUD,0,0,6,6
KURSEONG,0,0,6,6
KURLASI,4,2,0,6
KANHEGAON,4,2,0,6
BLOCK HUT(A),0,4,2,6
BLOCK HUT 'C,4,0,2,6
GIR GADHADA,0,0,6,6
KANHARGAON N,0,6,0,6
RAMPARDA,2,4,0,6
GOPINATHJEW,0,0,6,6
BHITAURA,2,4,0,6
BHAINSA,0,0,6,6
RAJATHGARH J,2,2,2,6
BHIMKHOJ,4,2,0,6
KURBHAR,0,2,4,6
KURAM,0,6,0,6
KUPGAL,4,2,0,6
VRIDDHACHALA,0,2,4,6
SIRUVATTUR H,2,0,4,6
GOT (HALT),0,0,6,6
GOLSAR,0,0,6,6
RAJMANE,0,0,6,6
RAJMALPUR RO,0,0,6,6
RAJIYASAR,4,2,0,6
WARISGANJ HA,0,0,6,6
WANKANER CIT,1,3,2,6
SIRRI,0,0,6,6
GOLANA  HALT,0,6,0,6
ABJUGANJ,0,0,6,6
ADHYATMIK NA,0,0,6,6
ADHINPUR,0,0,6,6
ADESAR,2,4,0,6
YADVENDRANAG,0,0,6,6
BINDADKATTI,0,6,0,6
AMLO,0,4,2,6
KALLAGAM,0,2,4,6
SIRLI,0,6,0,6
MURSHADPUR,2,2,2,6
BAKKAS,0,0,6,6
WIHIRGAON,0,6,0,6
WIRUR,0,6,0,6
ASOKHAR,0,2,4,6
GODHNESHWAR,0,0,6,6
KUMARGHAT,0,2,4,6
KRISHNARAJSA,0,2,4,6
BASBARI,2,4,0,6
KUDATINI,4,2,0,6
KAJGAON,2,4,0,6
BINJHOL,0,0,6,6
WADODA,0,6,0,6
WANDAL,0,6,0,6
WALGAON,2,2,2,6
BIRAUL,0,0,6,6
BIRANG KHERA,2,2,2,6
KUCHESAR ROA,0,0,6,6
KUDSAD,0,4,2,6
CANSAULIM,0,0,5,5
BHADBHUNJA,0,4,1,5
BHARAT KUP,2,3,0,5
BILHAR GHAT,1,4,0,5
CHORGHAT PIP,0,0,5,5
BARAKALAN,0,5,0,5
BINAIKI,0,0,5,5
KYATANAKERI,0,5,0,5
BARAHU,0,1,4,5
RASAYANI,0,4,1,5
LAVAN SATYAG,0,0,5,5
LAUL,2,1,2,5
PATHRALA,1,2,2,5
NIDHANI,0,0,5,5
HARRAWALA,1,2,2,5
HAMIR GARH,1,4,0,5
SAHELI,4,1,0,5
NIDI,0,4,1,5
CHAKERI,0,0,5,5
ANPARA,2,0,3,5
PARLU,0,5,0,5
GOLE,0,5,0,5
BENAL H,0,5,0,5
PT RAM PRASA,1,2,2,5
KRISHNASHILA,2,0,3,5
PREMPUR,0,0,5,5
BOBAS,3,0,2,5
AHERWADI H,0,5,0,5
BADALPUR PH,0,0,5,5
GOKULGARH,0,0,5,5
USIAKHAS HAL,0,5,0,5
GHONSOR,0,0,5,5
BUGIA,0,0,5,5
PARSA TIWARI,0,0,5,5
SAROTRA ROAD,1,2,2,5
HARDAS BIGHA,4,0,1,5
PIR UMROD,0,3,2,5
HARANGUL,4,1,0,5
HERIA PH,0,0,5,5
LOKKADKOT,0,4,1,5
PATHAKPUR,0,0,5,5
JANIYANA,0,5,0,5
IBRAHIMPUR H,0,5,0,5
GUWARI GHAT,0,0,5,5
HAMARAPUR,0,4,1,5
PINDRAI,0,0,5,5
MAGARDAHA,0,4,1,5
ASHAPURNA DE,0,0,5,5
BILESHWAR,0,3,2,5
BANIYA SANDA,0,5,0,5
SANJUJA-DA-A,0,0,5,5
GARHA GOODS,0,0,5,5
HONAGANAHALL,0,5,0,5
KOLDE,0,4,1,5
ROOMA,0,0,5,5
PAPRAKUND,0,4,1,5
PUTTARRA,0,0,5,5
PRATABPUR HA,0,0,5,5
PRAGATI MAID,0,0,5,5
GAURA,1,2,2,5
KURASTI KALA,0,0,5,5
TAVARGATTI,2,2,1,5
PATIALA CANT,0,4,1,5
GANGADHRA,0,4,1,5
KHULDIL ROAD,0,4,1,5
PALHAWAS,0,0,5,5
GHANDHI SMRU,0,3,2,5
MACHHRAULI,0,0,5,5
KIKAKUI ROAD,0,4,1,5
LUCKNOW WEST,1,1,3,5
CHANDARI,0,0,5,5
DIGHAL,0,0,5,5
JEONARA,0,0,5,5
SHIKARA,0,0,5,5
SHAKTINAGAR,2,0,3,5
DHINDA,3,0,2,5
DHEKWAD,0,4,1,5
SHIRAVADE,1,2,2,5
SHOGHI,0,0,5,5
SHIVRAMPUR,2,3,0,5
KHED TEMPLE,0,5,0,5
KHATGAON,0,4,1,5
BAGUMRA,0,4,1,5
DHARAMPUR HI,0,0,5,5
ANGADGERI H,0,5,0,5
SIKARIA HALT,0,4,1,5
MAJHAULA HAL,0,0,5,5
JOHNA,0,3,2,5
JMTRA PARASW,0,0,5,5
KADLIMATTI H,0,5,0,5
KACHNARA,2,2,1,5
KAHER,0,4,1,5
DHANAKYA,3,0,2,5
TORANG,0,2,3,5
TONDALAGOPAV,0,2,3,5
NAINPUR JN.,0,0,5,5
KAILAHAT,1,0,4,5
DEVRI P.H,0,0,5,5
DEVBALODA CH,5,0,0,5
SITALPUR (BE,0,0,5,5
BARGI,0,0,5,5
KALADEHI,0,0,5,5
SITIMANI,0,5,0,5
BARETH,1,2,2,5
BARELIPAR,2,0,3,5
NACHINDA PH,0,0,5,5
MYNAGURI RD,1,2,2,5
BHIMARLAI,0,5,0,5
BHIMRANA,2,3,0,5
TIRALDIH,0,2,3,5
MAMAN,0,0,5,5
SUJALPUR PH,0,0,5,5
SUISA,0,2,3,5
KANKATHER,0,0,5,5
SULERJAVALGE,0,5,0,5
MOTIJHEEL,0,0,5,5
KANSPUR GUGA,0,0,5,5
MALWAN,0,0,5,5
MANDAL,1,4,0,5
SUKRIMANGELA,0,0,5,5
DALPAT SINGH,0,0,5,5
KESAVARAM HA,2,2,1,5
TIMMACHIPURA,0,0,5,5
TIMBARVA,0,4,1,5
TILWARA,0,5,0,5
SULEHALLI,0,5,0,5
AMBLE,1,2,2,5
KARBIGWAN,0,0,5,5
MANDOR,3,2,0,5
TIKRA PH,0,0,5,5
MANGROLIA,0,4,1,5
MANDURAI HAL,0,0,5,5
MEKKUDI HALT,0,0,5,5
CHORGI H,0,5,0,5
KAVAS,0,5,0,5
KUMARHATTI D,0,0,5,5
ZORAWARPURA,0,0,5,5
CHINTA PARRU,0,0,5,5
MARUDUR HALT,0,0,5,5
MARKADHANA,2,0,3,5
KUDALA SANGA,0,5,0,5
RANTEJ,0,0,4,4
RANPURA,0,0,4,4
GHUTAI,0,3,1,4
BISHALGARH,0,0,4,4
BIRPUR,0,0,4,4
BIROLIYA,2,2,0,4
AGAUTHAR HAL,0,0,4,4
AGASOD,0,2,2,4
KURWAI KETHO,0,2,2,4
KURKURA,0,2,2,4
GUMANIHAT,0,2,2,4
RATANGAON,0,4,0,4
PUSHPATTUR,0,2,2,4
AUSA ROAD,2,2,0,4
RATAN SARAI,0,0,4,4
RATABARI,0,0,4,4
RASULPUR GOG,0,4,0,4
GHORI  HALT,0,0,4,4
RAGHOULI,0,2,2,4
RAFINAGAR F,0,4,0,4
RADHA KISHOR,2,0,2,4
RABHRA HAALT,0,0,4,4
BMVR,0,0,4,4
BLOCK HUT B,0,4,0,4
ADRAJ MOTI,0,0,4,4
VIROCHANNAGA,0,4,0,4
KOTHARIYA,0,0,4,4
LAHOAL,0,0,4,4
LAHING,0,2,2,4
LAHAVIT,0,2,2,4
KYARKOP,2,2,0,4
KUSWA HALT,0,0,4,4
VINNAMANGALA,0,4,0,4
BHAKARAPET,2,0,2,4
BHAIRONPUR,2,2,0,4
BHADRI,0,4,0,4
PUNGGUDI,0,2,2,4
PUNDIBARI,0,2,2,4
GUNRAJPUR DH,0,0,4,4
GULAPALAYAMU,0,4,0,4
GULABPURA,0,4,0,4
POWAR KHEDA,2,2,0,4
GURMURA,0,4,0,4
AUJURI,0,0,4,4
ATWA MUTHIA,0,0,4,4
GHATIGAON,0,4,0,4
GHATALA,0,4,0,4
PUNAICHAK HA,0,0,4,4
PULICHERLA,0,4,0,4
PUDUNAGARAM,0,2,2,4
AWA GARH,0,0,4,4
VINHERE,0,4,0,4
VIKHRAN ROAD,0,4,0,4
AHJU,0,2,2,4
POPHLAJ,0,4,0,4
PIPALWALI CH,0,0,4,4
GARHMAU,0,4,0,4
GARHI SANDRA,0,0,4,4
LADERMER,0,4,0,4
LACHHMANGARH,0,0,4,4
KOTRA,0,4,0,4
KOSMA,0,2,2,4
KOSAI,0,4,0,4
LAKHAMANCHI,0,4,0,4
PONDUGULA,0,2,2,4
REMA,0,0,4,4
REDDIPALLI,2,0,2,4
RAYSER JAGIR,0,4,0,4
AGRAN DHULGA,0,2,2,4
VIJAPADI ROA,0,2,2,4
GURIYA,2,0,2,4
AVATIHALLI,0,2,2,4
AUWA,2,2,0,4
PIRTHIGANJ,0,2,2,4
PIPRALA,0,4,0,4
HALLIKHERK,0,0,4,4
HAIBARGAON,0,0,4,4
HADOBHANGI P,0,4,0,4
HADMADIYA,0,0,4,4
PJP ROAD HAL,0,2,2,4
PIMPAR KHED,0,4,0,4
PIPLAJ,2,0,2,4
PIPARIYAKELA,0,4,0,4
GARHARA,1,1,2,4
GARHA,0,0,4,4
RORA,0,3,1,4
ROHALKHURD,4,0,0,4
GAUNTRA,0,0,4,4
LAKHAKERA,0,4,0,4
LAKDIYA,0,4,0,4
BOCHASAN JN.,0,0,4,4
VIDURASWATTH,2,0,2,4
VENKATANARAS,0,1,3,4
VENKATAM PAL,0,4,0,4
VENKATAGIRIK,0,2,2,4
BORIBIAL,0,4,0,4
KOLLENGODE,0,2,2,4
KOLE,0,4,0,4
BOMMAGUNDANA,2,2,0,4
BANTA RUGHNA,2,2,0,4
BANSINALA HA,0,2,2,4
GAREA BIHAR,0,2,2,4
GANJ MURADAB,0,0,4,4
GANGUWADA,0,4,0,4
LALIT KHERA,0,0,4,4
LALBAGH,0,2,2,4
BORDUBI ROAD,0,2,2,4
BORDI ROAD,0,2,2,4
VELLIYANAI,2,2,0,4
KOHLI,0,2,2,4
KOHDAD,2,2,0,4
BES,0,0,4,4
BERORE,0,0,4,4
PHURSUNGI,0,2,2,4
PHULWARTANR,0,2,2,4
HANUMAN CIRC,0,4,0,4
ROWRIAH,0,2,2,4
BOLAGARH ROA,0,0,4,4
GAJU HALT,0,0,4,4
SADASHIVAPET,2,2,0,4
PHANDA,0,2,2,4
PHAKHOAGARM,0,0,4,4
HEMPUR,0,0,4,4
SAGPHATA,2,2,0,4
SAGADAPATA,0,4,0,4
SABLIROAD,0,4,0,4
ARSENI,0,0,4,4
ARKHA HALT,0,4,0,4
HANSPURA,4,0,0,4
PHULAGURI,0,0,4,4
PHULAD,0,4,0,4
KOLAYAT,2,2,0,4
LAMSAKHANG,0,2,2,4
VAYALPADU,0,4,0,4
VAVERA,0,2,2,4
VAVDI,0,0,4,4
LAWA SARDARG,0,4,0,4
HARWADA,0,4,0,4
HARUBERA,0,0,4,4
BHANAUR,0,0,4,4
BHAN KARI,0,4,0,4
BHAMBHEWA,0,0,4,4
BHALWANI,0,4,0,4
GALAN,0,4,0,4
GAJULAGUDEN,0,4,0,4
BABA LAKSHMA,0,2,2,4
HASTAVARAMU,2,0,2,4
BACHELI,0,4,0,4
BABUPETH,0,2,2,4
PATERHI,0,0,4,4
PATCHUR,0,2,2,4
SAJERPAR,0,2,2,4
SAJANVAV ROA,0,0,4,4
SAFIPUR,0,0,4,4
PEDDASANA,0,4,0,4
HATI,0,0,4,4
HATHRAS QILA,0,0,4,4
HATHIGADH,0,2,2,4
BETGARA,0,2,2,4
BETAWAD,0,4,0,4
LANGARPETH,0,2,2,4
PATIYARA,0,0,4,4
LATH HALT,0,0,4,4
KOLAIGRAM,0,2,2,4
KOLAD,0,4,0,4
BORSAD,0,0,4,4
VARUD,0,3,1,4
VARAHI,0,4,0,4
BILKHA,0,0,4,4
LATTERI,0,4,0,4
PATHARKANDI,0,2,2,4
GAJARA BAHAR,0,4,0,4
HAZARIBAGH T,0,0,4,4
LILAPURROAD,0,4,0,4
BENIGANJ,0,0,4,4
SALBARI,0,2,2,4
SALAI BANWA,0,4,0,4
SAKKARAYA PA,0,2,2,4
FATEHPUR-SHE,0,0,4,4
FATEHPUR CHA,0,0,4,4
HER,2,2,0,4
HOL,0,4,0,4
GADIGANURU,2,2,0,4
GADHAKADA,0,2,2,4
PATOHAN,0,4,0,4
PATNA GHAT,0,0,4,4
TEJPURWA (HA,0,0,4,4
TEHARKA,0,3,1,4
TEEGAON,0,2,2,4
TAUHEED,0,4,0,4
TATI,0,2,2,4
TATAPPARAI,0,0,4,4
KATKAMASANDI,0,0,4,4
MANTAPAMPALL,2,0,2,4
MANOHARGANJ,2,0,2,4
CHIKSUGUR,0,4,0,4
CHIKNI ROAD,0,2,2,4
CHIKMAGALURU,0,2,2,4
CHIKBALLAPUR,0,2,2,4
KIVARLI,2,2,0,4
LINCH,0,0,4,4
HISVAHAL,0,4,0,4
HIRISAVE,0,4,0,4
FARHANTNAGAR,0,0,4,4
BHARATWADA,0,2,2,4
SALHANA,0,4,0,4
PARWAKHURD H,0,4,0,4
PARSOLI,2,2,0,4
LIHURI PH,0,4,0,4
BRIJ KISHOR,0,0,4,4
VANIROAD,0,4,0,4
LODHMA,0,2,2,4
CHITHARI HAL,0,2,2,4
CHITAL,0,0,4,4
BUDA BHARTHA,0,2,2,4
VALHA,0,2,2,4
BANNI MAHAMM,0,0,4,4
BANKODA,0,0,4,4
ARASALU,0,2,2,4
ARAON,0,2,2,4
SALKHAPUR,0,0,4,4
HIRAPUR,0,4,0,4
PARICHA THER,0,4,0,4
PARICHA,0,4,0,4
PARDHADE,0,4,0,4
PARBATONIA,0,2,2,4
PARAUNA,0,4,0,4
PARSA KHERA,2,2,0,4
PARSA KERWA,0,0,4,4
ERIODU,2,2,0,4
ERICH ROAD,0,4,0,4
ERALIGUL,0,0,4,4
SANGANER,0,4,0,4
BADAKHANDITA,0,0,4,4
HUNSENAHALLI,0,2,2,4
ELLENABAD,0,2,2,4
SAMAYANALLUR,0,0,4,4
SALPURA,0,4,0,4
SALPA,0,2,2,4
ARIGADA,0,0,4,4
BHARATKUND,0,0,4,4
LINGIRI,0,4,0,4
KODERMA TOWN,0,0,4,4
LONGPATIA,0,2,2,4
LONGAI,0,0,4,4
BANSADHARA P,0,4,0,4
BURAMARA,0,0,4,4
VALADAR,0,0,4,4
KIRATGARH,2,2,0,4
BARARA BUZUR,0,2,2,4
KIRANDUL,0,4,0,4
PARAMJEEVAR,0,0,4,4
PARA KHEDA,0,4,0,4
DURGAPURI,0,0,4,4
SAMUKTALA RO,0,4,0,4
ETAH,0,0,4,4
SANJAMALA,0,0,4,4
BEJNAL,0,4,0,4
INDAPUR,0,4,0,4
PANITOLA,0,0,4,4
PANIKHAITI,0,0,4,4
PANIHAR,0,4,0,4
SANDALPUR,0,4,0,4
DWARKAGANJ,0,0,4,4
DUSKHEDA,2,2,0,4
IKDORI,0,0,4,4
ICHAULI,2,2,0,4
PANJHAN,0,4,0,4
BELANKI,0,2,2,4
BELLARYCANTT,2,2,0,4
LORWADA,0,4,0,4
PAMIDI,2,0,2,4
PALSI,0,2,2,4
ISHARDASPUR,0,2,2,4
ISHAPUR KHER,0,0,4,4
PANELI MOTI,0,4,0,4
PANDURANGA S,0,2,2,4
DUGDA WASHAR,0,2,2,4
DUGANPUR,2,2,0,4
VAKAV,0,4,0,4
VAGHLI,0,4,0,4
LUNSERIYA,0,4,0,4
LUNIDHAR,0,0,4,4
PANDURANGA P,0,4,0,4
PANCHTALAVAD,0,2,2,4
PANCHRATNA,0,4,0,4
PALANA,4,0,0,4
PALDHI,0,4,0,4
LUKWASA,0,4,0,4
VADTAL SWAMI,0,0,4,4
VADIYA DEVLI,0,0,4,4
VADAMADURA,0,2,2,4
VADALUR,2,0,2,4
PANGRI,2,2,0,4
PANEVADI,0,4,0,4
BADWASI,4,0,0,4
BADULIPAR,0,2,2,4
DUMARA,0,0,4,4
ARAKU,0,4,0,4
INGORALA,0,2,2,4
MADDURU,0,0,4,4
MADANAPUR HA,0,4,0,4
BAZARGHAT,0,0,4,4
JAHANIKHERA,0,0,4,4
JAHANGIRABAD,0,4,0,4
PAKRA,0,2,2,4
PAKNI,0,4,0,4
PAKHRAULI,0,0,4,4
PAKHNA,0,2,2,4
DOSVADA,0,3,1,4
SARAI HARKHU,0,0,4,4
JAGANNATH JI,0,4,0,4
JAFARGANJ,0,4,0,4
PALAYAM,2,2,0,4
PALASNER,2,2,0,4
PALASINGI,0,4,0,4
SAPE-WAMNE (,0,4,0,4
DULLABCHERRA,0,0,4,4
DULARIYA,2,2,0,4
DUGDOL HALT,0,4,0,4
SARANGPUR RO,0,0,4,4
DUBRIKALAN,0,4,0,4
PAGDHAL,2,2,0,4
PADSE,0,4,0,4
PADMA,0,0,4,4
PADLI,0,2,2,4
BECHRAJI,0,0,4,4
BEBEJIA,0,0,4,4
ONTIMITTA,2,0,2,4
VADALI LUTER,0,0,4,4
UTTANGAL MAN,2,0,2,4
CHONGAJAN,0,2,2,4
CHOKI SORATH,0,0,4,4
CHITROD,0,4,0,4
BARKIPONA,0,0,4,4
BARKHEDA,2,2,0,4
KATANGI KHUR,0,4,0,4
MASANGAON,2,2,0,4
MARWAR RATAN,0,4,0,4
MARWAR KORI,0,4,0,4
MARHAURA,0,0,4,4
KATHLAL,0,0,4,4
KATHAUTIA,0,0,4,4
KATHANA,0,0,4,4
SARAI GOPAL,0,4,0,4
SARADHNA,2,0,2,4
DONGARGAON,2,2,0,4
SARPESWAR P.,2,0,2,4
BEGUNIA,0,0,4,4
PADAMPUR,0,4,0,4
PACHCHAKUPPA,0,4,0,4
PACHAWAN,0,2,2,4
CANDRABANDA,0,2,2,4
Bolagarh tow,0,0,4,4
BUTANA HALT,0,0,4,4
BURMI  HALT,0,0,4,4
URWAN,0,0,4,4
TARRA KALAN,0,0,4,4
CHAKARIAPALL,2,0,2,4
KHUI KHERA,0,0,4,4
BANGURKELA,0,2,2,4
BANGARMAU,0,0,4,4
DODDAGHATTA,0,2,2,4
DIWAN KHAVAT,0,4,0,4
SASVAD ROAD,0,2,2,4
JAKHALABANDH,2,0,2,4
OLD SACHIVAL,0,0,4,4
OLAKUR,0,2,2,4
JALIYA,0,2,2,4
PABAI,0,2,2,4
ORCHHA,0,3,1,4
NURPURA HALT,0,0,4,4
JAKSI,0,0,4,4
DILWA,0,2,2,4
ANUP SHAHR,0,2,2,4
ANTRI,0,4,0,4
NULENURU,2,2,0,4
NOSSAM,0,0,4,4
JAMUA,0,0,4,4
JAMBHALI  HA,0,4,0,4
OATING,0,2,2,4
JALESAR CITY,0,0,4,4
BAGADIA  PH,0,0,4,4
ODDARA HALLI,2,0,2,4
MADHOGANJ,0,0,4,4
CHAKUR,2,2,0,4
CHAKROD,0,2,2,4
JAMWALA,0,0,4,4
JAMGURI,0,2,2,4
JEONATHPUR,0,0,4,4
BHATPURA,0,0,4,4
DILMILI,0,4,0,4
MAGARDOH,2,2,0,4
MAEL,0,0,4,4
MADURE (H),0,2,2,4
JAMBUR,0,0,4,4
BAYAD,0,0,4,4
NOHAR,0,2,2,4
DIPLANA,0,2,2,4
BIJAIPUR ROA,0,0,4,4
CHALKHOWA,0,0,4,4
MAHANAGAR,0,0,4,4
MAHADIYA,0,4,0,4
MAHABUANG,0,2,2,4
MAGARPUR,0,3,1,4
KHOTKHOTI,0,2,2,4
JARAPADA,2,2,0,4
JAVALE,0,2,2,4
JAULKHERA,0,2,2,4
SEMMANDAPATT,2,2,0,4
SEMAI,0,0,4,4
SELENGHAT,0,2,2,4
SEKERKOTE,0,0,4,4
NIVASAR,0,4,0,4
JANNAGHATTA,0,2,2,4
JATWARA,0,4,0,4
JASRA,3,1,0,4
NILAKANTHEWA,0,4,0,4
NIBKARORI,0,2,2,4
NIBHAPUR,0,2,2,4
NEYVELI,2,0,2,4
DIKOM,0,0,4,4
SETTIGUNTA,2,0,2,4
SERONI ROAD,0,0,4,4
JAROLI,2,2,0,4
JARI,0,4,0,4
JARAUNA,0,0,4,4
KHURDA TOWN,0,0,4,4
KHUMTAI,0,2,2,4
BIJORA,0,4,0,4
CHAMARAJ,0,4,0,4
UNA,0,0,4,4
UMRAM,0,4,0,4
WARIGAON NEW,0,0,4,4
BANDNATH,0,0,4,4
BANDHUA,0,2,2,4
BANDANWARA,2,2,0,4
JETHIAN,0,0,4,4
ANJANI,0,4,0,4
ANIPUR,0,0,4,4
ANGAR,0,4,0,4
SHAHANAGAR T,0,0,4,4
DIGOD,0,4,0,4
DIGHWA DUBAU,0,0,4,4
BARADEV,0,0,4,4
DIGHA GHAT,0,0,4,4
SHAMSHABAD T,2,0,2,4
SHAMPURHALLI,0,4,0,4
YAMUNA SOUTH,0,4,0,4
JENAL,0,4,0,4
JAWAHARPUR K,0,0,4,4
SHINDAWANE,0,2,2,4
veravali,0,4,0,4
SHEWBABUDIH,0,0,4,4
SHEREKAN,0,2,2,4
SHAM KAURIA,0,0,4,4
saundal,0,4,0,4
SHAHZAD NAGA,2,2,0,4
ANKLAV,0,0,4,4
KHONKAR,0,4,0,4
KHOJEEPURA,0,0,4,4
KHOH,1,3,0,4
MAHARANI PAC,0,0,4,4
MAHARAJA CHH,0,4,0,4
CHAND KHIRA,0,2,2,4
CHANASMA JN.,0,0,4,4
ULNA BHARI,0,4,0,4
UKSI,0,4,0,4
UGU,0,0,4,4
UGARPUR,0,2,2,4
MAHIMBA,0,4,0,4
MAHGAWAN HAL,0,4,0,4
DHORAJI,0,4,0,4
DHOLPUR (NG),0,0,4,4
DHOKI,2,2,0,4
DHODRAMOHAR,2,2,0,4
SHARMA HALT,0,2,2,4
SHANKARPUR B,0,4,0,4
BINAUR,0,4,0,4
YARAGOPPA H,0,4,0,4
SHIRSOLI,0,4,0,4
SHIROOR,0,4,0,4
YEDAMANGALA,2,0,2,4
DHARNAODA,0,4,0,4
YEDSI,2,2,0,4
SHIWALA TEHU,0,0,4,4
YERMARAS,0,4,0,4
SHIVPURI HAL,0,0,4,4
SHER (HALT),0,0,4,4
SHEOSINGHPUR,2,0,2,4
SHEOPUR KALA,0,0,4,4
SHENOLI,0,2,2,4
SHENDRI,2,2,0,4
JETPUR,0,0,4,4
CHANDERA HAL,0,1,3,4
CHANDAWAL,2,0,2,4
UDRAMSAR,4,0,0,4
UDI MOR,0,0,4,4
ZARAP,0,4,0,4
YADUDIH,0,2,2,4
KHASA,0,0,4,4
KHARWA,2,0,2,4
NAYAGARH,2,2,0,4
JHILAHI,0,0,4,4
MAHESHPUR 'A,0,0,4,4
MAHEJI,0,4,0,4
NEW CHANGRAB,0,2,2,4
YADALAPUR,0,4,0,4
BAGRI NAGAR,2,0,2,4
BAGMAR,2,2,0,4
ANANTPAITH,0,4,0,4
SHRI BALAJI,4,0,0,4
SHONSELU,0,4,0,4
DHAVALAS,0,4,0,4
NERI,0,0,4,4
NERALAKATTE,0,0,4,4
UDAIPUR,0,0,4,4
Tenua Dumari,0,0,4,4
TURKAPALLI,2,0,2,4
MAINPURI KAC,0,2,2,4
MAHUTGAON,0,2,2,4
NEW DOMOHANI,0,2,2,4
KHINANIYAN,0,2,2,4
KHIMEL,2,2,0,4
BIDYADABRI,0,4,0,4
CHANDISAR,0,4,0,4
KHARAR,0,4,0,4
NAWAL SAHI H,0,0,4,4
NAWADIH,0,0,4,4
DHARESHWAR,2,0,2,4
KUKAVAV,0,0,4,4
DHARAM KUNDI,2,2,0,4
SHRIMAD DWAR,0,2,2,4
NAZIRA,0,2,2,4
NAYDONGRI,0,4,0,4
NAYARHAT,0,2,2,4
NAYAGARHTOWN,0,0,4,4
SIDHWALIA,0,0,4,4
JHAROKHAS,0,4,0,4
BATASI,0,4,0,4
ANGAI HALT,0,0,4,4
KUJU,0,0,4,4
JIRONA HALT,0,4,0,4
JIRON,0,2,2,4
JIRA ROAD,0,2,2,4
JINTI ROAD,0,4,0,4
NATHU KHEDI,4,0,0,4
JHIR,0,4,0,4
NAWAN,0,2,2,4
NATH GANJ,0,2,2,4
NARWASI,0,2,2,4
JOGINDER NAG,0,2,2,4
JOGIDIH,0,4,0,4
BHENSWADI,0,2,2,4
MAHUR,0,4,0,4
MAHUDHA,0,0,4,4
MAHUARIYA,0,4,0,4
KHARIO PH,0,4,0,4
BHOTEPATTI,0,2,2,4
BHORTEX,0,4,0,4
MASRAKH,0,0,4,4
MASODHA,0,0,4,4
BAMANWALI,2,2,0,4
BALWARA,0,4,0,4
MANKI,0,4,0,4
MANKHURD,0,0,4,4
BARHI,0,0,4,4
THALERA,2,2,0,4
THALAKU,2,2,0,4
CHILO,4,0,0,4
CHILIKDARA,0,4,0,4
TARWATA,0,4,0,4
SHUJATPUR,2,0,2,4
SHUDNIPUR,0,0,4,4
DHANWAR,0,0,4,4
DHANSURA,0,0,4,4
SIKIR,0,4,0,4
RAKHI,0,4,0,4
SIDMUKH,0,2,2,4
SIDLAGHATTA,0,2,2,4
KHARA-KAMERI,0,4,0,4
BHAGUAPAL,0,4,0,4
MAJGAON-ASSA,0,4,0,4
MAIVADIROAD,0,2,2,4
MAISHASHAN,0,0,4,4
CHANDNI,2,2,0,4
TUMMANAM GUT,0,4,0,4
KHANDARI HAL,0,0,4,4
BHUA,0,4,0,4
BHOYANI,0,0,4,4
MAJRI NANGAL,0,4,0,4
NARIYAR  HAL,0,0,4,4
NARIKKUDI,2,0,2,4
JUGIJAN,0,2,2,4
JUBBASAHANI,0,0,4,4
JOTANA,0,0,4,4
SILLIPUR,0,0,4,4
SILHAUDI,0,0,4,4
SILGHAT TOWN,2,0,2,4
SIKRODA,0,0,4,4
BHETASI,0,0,4,4
JUJOMURA,2,2,0,4
DHANSIRI,0,4,0,4
DHANPURA,0,0,4,4
BHEEMPURA,0,4,0,4
BHAYAVADAR,0,4,0,4
DHANORA (DEC,0,4,0,4
DHANETA,2,2,0,4
AMRUTVEL,0,0,4,4
SIMARIATAL,0,4,0,4
GODBHAGA,0,4,0,4
NARANPUR,0,4,0,4
JOBA,0,4,0,4
RAMGANJ,0,0,4,4
MAJHGAWAN PH,0,4,0,4
TULSI NAGAR,0,4,0,4
ALAI,4,0,0,4
TRIVIKARAMDE,0,0,4,4
CHARAMULA KU,2,2,0,4
CHARALI,0,2,2,4
MAKRERA,2,0,2,4
MAKALI DURGA,2,0,2,4
KHAMIL GHAT,0,4,0,4
MAKHI,0,0,4,4
KHANPUR AHIR,0,4,0,4
RAMARAJUPALL,2,0,2,4
KADI,0,0,4,4
KAIMARAKALAN,0,0,4,4
SINGHPURDUMR,0,2,2,4
ANANTARAJUPE,2,0,2,4
GOLAPATTI,0,4,0,4
BAIJNATH MAN,0,2,2,4
BAHUARA(HALT,0,0,4,4
JUNICHAVAND,0,0,4,4
JULGAON(DECC,0,4,0,4
ADARKI,0,2,2,4
NALLACHERUVU,0,4,0,4
BASSI BERISA,2,2,0,4
DEVGADH MADA,0,4,0,4
TANAKALLU,0,4,0,4
DHAMORA,2,2,0,4
DHAMALGAON,2,0,2,4
SINHAN,2,2,0,4
NANDRE,0,2,2,4
NANDKHAS,0,4,0,4
NANDI,0,2,2,4
KHANDHERI,2,2,0,4
CHAPAGURI,0,2,2,4
CHANOL,2,2,0,4
CHANNASANDRA,2,0,2,4
TOVALAI H.,2,0,2,4
TORNIYA,0,0,4,4
WASHIMBE,0,4,0,4
TOPPUR,2,2,0,4
GODHANI,0,2,2,4
TOMKA,0,4,0,4
KHAMBHEL,0,0,4,4
KHALIAPALI,0,4,0,4
KHAKHARIYA,0,0,4,4
KALA AKHAR,2,2,0,4
SIRMUTTRA,0,0,4,4
BASKATWA BH,0,2,2,4
KAJGAON TERH,0,0,4,4
GOLA ROAD,0,0,4,4
NAIMISHARANY,0,0,4,4
GIR GADHARA,0,0,4,4
BAILEY ROAD,0,0,4,4
KALANGANI,0,0,4,4
DEVTHANA HAL,0,4,0,4
GIDANAHALLI,0,2,2,4
SOMANAYAKKAN,0,2,2,4
SOMAN KATTI,0,4,0,4
DETROJ,0,0,4,4
RAMPAHARI,0,0,4,4
DEVARAPALLE,2,0,2,4
RAMKOT,0,0,4,4
SITABANJ,0,4,0,4
NAGRI,0,2,2,4
BARGOLAI,0,0,4,4
GOPALGANJ,0,0,4,4
MALASA,0,4,0,4
CHARKHEDA,2,2,0,4
CHARKHARI RO,0,3,1,4
CHARKEDA KHU,2,2,0,4
CHARHI,0,0,4,4
CHARBHUJA RO,0,4,0,4
BAKASPUR,0,2,2,4
DEOTALA,0,0,4,4
DEORAGRAM,0,4,0,4
RAJEWADI,0,2,2,4
NAGARGALI,2,2,0,4
NAGARDEVLA,0,4,0,4
NAGAON,2,0,2,4
NADIAPUR,0,2,2,4
DET,0,4,0,4
DESWAL  HALT,4,0,0,4
SIVADI,2,2,0,4
RAJAPATTI,0,0,4,4
SITHOULI,0,4,0,4
SITAPURAM PH,0,4,0,4
KAKLUR,0,4,0,4
SOMESHWARA,2,0,2,4
RAJAN KUNTI,2,0,2,4
RAJALUKAH,0,0,4,4
KHAJWANA,4,0,0,4
DETHLI,0,0,4,4
KALGUPUR,2,2,0,4
KALASAMUDRAM,0,4,0,4
GOMTA,0,0,4,4
GOMANGALAM,0,2,2,4
MUTTAMPATTI,2,2,0,4
MUTHALAMADA,0,2,2,4
MUSTRA,0,4,0,4
KALPATTICHAT,0,2,2,4
KALAMBHA,0,2,2,4
KALAMB ROAD,2,2,0,4
KAMARBANDHA,2,2,0,4
BAKHSHA,0,0,4,4
ALANDI,0,2,2,4
BHULON,0,4,0,4
BAMUR,2,2,0,4
MALTHAN,0,4,0,4
DEOGAN ROAD,0,4,0,4
DELVADA,0,0,4,4
AMONI,2,0,2,4
AMNAPUR,0,2,2,4
KALKALIGHAT,0,2,2,4
BAKRA ROAD,0,4,0,4
KAMALAPUR,0,0,4,4
TOKKUTTU,0,0,4,4
TISI,0,4,0,4
CHAUNTRA BHA,0,2,2,4
CHAUNRAH,0,4,0,4
CHAUDHURIBAN,0,2,2,4
DAURAI,2,0,2,4
DAUNDAJ,0,2,2,4
SONKHAMB,0,2,2,4
SONIYANA,0,4,0,4
SONEGAON,0,2,2,4
KHAJURI,0,4,0,4
MALIKPETH,0,4,0,4
BARWASNI HAL,0,0,4,4
DEEDAR GANJ,0,0,4,4
BHIMASAR,0,4,0,4
RAJSUNAKHALA,0,0,4,4
BHIMANA,2,2,0,4
BHILGAON,0,2,2,4
KAMATHE,0,4,0,4
CHATENI,0,4,0,4
ALEHPUR,0,0,4,4
BARUNDNI,2,2,0,4
KANAIBAZAR,0,2,2,4
MUNDIAMPAKKA,0,2,2,4
MUNDHEWADI,0,4,0,4
BALASIRING,0,2,2,4
MALTEKDI,2,2,0,4
MALLUR,0,0,4,4
MALLANWAN,0,0,4,4
BARGAON GUJA,2,2,0,4
KHAIRAH,0,0,4,4
KHAIGAON,0,0,4,4
MUNABAO,0,2,2,4
MULANUR,0,2,2,4
KANCHANPUR R,0,4,0,4
KANAUTA,0,4,0,4
DAVOL,0,0,4,4
KANAMALEPALL,2,0,2,4
BASANTAPUR,0,4,0,4
BALAPALLE,2,0,2,4
BALANGIR ROA,0,4,0,4
BAKTAL,0,2,2,4
MOUBUND,0,2,2,4
SONDIMRA,0,0,4,4
BAKANIAN BHA,0,2,2,4
MUIRPUR ROAD,0,4,0,4
KANGINHAL,2,2,0,4
BHIRINGI,2,2,0,4
BHINWALIYA,2,2,0,4
AMARPURA RAT,0,2,2,4
SORAI,0,2,2,4
SOOROTHEE,0,0,4,4
SONUABARI,0,0,4,4
BANAS,2,2,0,4
CHAVALKHEDE,0,4,0,4
CHAURE BAZAR,0,0,4,4
TIRUCHCHULI,2,0,2,4
GORAM GHAT,0,4,0,4
MAMANDURU,2,0,2,4
RAJABERA,0,4,0,4
BALAROAD,0,4,0,4
DATARDA KALA,0,0,4,4
DASARA,0,2,2,4
DARSHANNAGAR,0,4,0,4
SRIVENKATAPE,0,1,3,4
SRIRAMPUR (A,0,4,0,4
SRINIVASPUR,0,2,2,4
KANASAR NAWA,0,0,4,4
KANAROAN,0,2,2,4
RANGALITING,0,2,2,4
RANAYALA,2,0,2,4
KANKROLI,0,4,0,4
RANALA,0,4,0,4
SUMER,0,2,2,4
SULTANPUR,0,0,4,4
SULTANABAD H,0,0,4,4
RAMSAN,0,4,0,4
GIRDHARPUR,0,0,4,4
DANTE WARA,0,4,0,4
SUBEDARGANJ,2,0,2,4
SUAHERI HALT,0,0,4,4
MUDARIA,0,4,0,4
KHADKI BAZAR,0,4,0,4
KHADARPETT,0,4,0,4
KETTANDAPATT,0,4,0,4
KRISHNAI,0,4,0,4
BIR,0,0,4,4
KHAIRAHI,0,4,0,4
CHEGUNTA,0,4,0,4
CHEGRO,0,2,2,4
TINGRAI,0,0,4,4
TINDAULI,0,2,2,4
WAGHOLI,0,2,2,4
KESHWARI BH,0,2,2,4
MALWARA,0,4,0,4
MOTIGANJ,0,0,4,4
MOTERJHAR,0,4,0,4
MOTA JADRA,0,0,4,4
MOTA,0,2,2,4
WAGHODA,2,2,0,4
SUKHI SEWANI,0,2,2,4
DALSANUR,0,2,2,4
WADSINGE,0,4,0,4
SUPPALAPADU,0,0,4,4
BARSATHI,0,0,4,4
KESHAV GANJ,2,2,0,4
BISHRAMGANJ,0,0,4,4
BISHENGARH,0,4,0,4
KURINJIPADI,2,0,2,4
KURHAGADA,0,0,4,4
TILONIYA,4,0,0,4
TILBHUM,0,2,2,4
KURBALAKOTA,0,4,0,4
MORTHALA,2,2,0,4
MONGLAJHORA,0,4,0,4
BARUA CHAK,0,0,4,4
KANSRAO,0,2,2,4
MODASA,0,0,4,4
MISROD,2,2,0,4
MISRIKH TIRA,0,0,4,4
KARANJADI,0,4,0,4
SURASARAIGHA,0,4,0,4
AMHERA  HALT,0,0,4,4
GUA,0,0,4,4
AMBIKESHWAR,0,0,4,4
DAMRUGHUTU,0,2,2,4
DAMNAGAR,0,2,2,4
DAMAY,0,4,0,4
KARAHIYA HAL,0,4,0,4
BARUA NAGAR,0,2,2,4
MOHD KHEDA,0,2,2,4
MOHASA,0,2,2,4
DAMALACHERUV,0,4,0,4
BHONE,0,4,0,4
SUWANSA,0,2,2,4
SURPURA,4,0,0,4
MINATCHIPURA,0,2,2,4
MILAVALI HAL,0,0,4,4
ATRU,0,4,0,4
MOHANA HARYA,0,0,4,4
MOHANA,0,4,0,4
MODPUR,2,2,0,4
BALE,0,4,0,4
METTUR DAM,0,0,4,4
METPANJRA,0,2,2,4
TILAUNCHI,0,4,0,4
MANDU HALT,0,0,4,4
MANDPIYA,0,4,0,4
ATRAMPUR,0,4,0,4
KARARI,0,4,0,4
MHASAVAD,0,4,0,4
KENCHANALU,0,2,2,4
CHHAJAWA,0,4,0,4
ALTAGRAM,0,2,2,4
GHOTI,0,2,2,4
GHOSHAWAR,0,2,2,4
MANGALIYAWAS,2,0,2,4
MANDVA,2,2,0,4
RANIPUR ROAD,0,3,1,4
TIKAMGARH,0,4,0,4
TALAMADUGU H,0,4,0,4
KAPADVANJ,0,0,4,4
MEZENGA,0,2,2,4
DALAJI-KA-KH,0,4,0,4
BHONRA,0,4,0,4
TAKARKHEDE,0,4,0,4
BHOLIDIH,0,2,2,4
BHOKE,0,4,0,4
BALIMARA,0,2,2,4
BALENAHALLI,2,2,0,4
TIBI,0,2,2,4
THONDE BHAVI,2,0,2,4
THERBAN HALT,0,4,0,4
THEKERAGURI,0,0,4,4
CHHEHARTA,0,0,4,4
KAWAR,0,0,4,4
MANIKALAN HA,0,4,0,4
METHI TIKUR,0,0,4,4
TAHSIL BHADR,0,2,2,4
TAGDI,0,0,4,4
TADALI JN.,0,2,2,4
AMBARI,0,4,0,4
MELAPPALAYAM,2,0,2,4
ATWA KURSATH,0,0,4,4
MECHERI ROAD,0,0,4,4
KARRA,0,2,2,4
KAROTA PATRI,0,0,4,4
KARONDA,0,2,2,4
KARMABAD,0,2,2,4
MERIYANA,0,2,2,4
MATTAGAJPUR,0,0,4,4
BALWA,0,4,0,4
KATALPUR (HA,0,0,4,4
TAKU,2,2,0,4
TAKIPUR HALT,0,0,4,4
TAKHRAU HALT,0,2,2,4
TAKHA,0,2,2,4
TALAVLI,4,0,0,4
AMBIKA BHAWA,0,2,2,4
AMBIKA (ROHI,2,2,0,4
DAGARKHEDI,2,2,0,4
MANJHAGARH,0,0,4,4
THARA,0,0,4,4
THANGUNDI,0,4,0,4
THAMLA MOGAN,0,4,0,4
CHICHONDA,0,2,2,4
BAMSIN,0,4,0,4
BAMHRAULI,2,0,2,4
BARLANGA,0,0,4,4
GORINJA,2,2,0,4
GOREGAON ROA,0,4,0,4
KAVANUR,0,4,0,4
MANJHLEPUR,0,2,2,4
TALWARA JHIL,0,2,2,4
TALPUR,0,0,4,4
CHURKI,0,4,0,4
CHURIWALA,0,0,4,4
CHURAIBARI,0,2,2,4
KASHIPURA,0,0,4,4
MATIGARA,0,4,0,4
KARUVALLI,2,2,0,4
KARUNGUZHI,0,2,2,4
MARWAR CHHAP,4,0,0,4
MARWAR BAGRA,0,4,0,4
CHITRAPUR (H,0,4,0,4
TANGIRIAPAL,0,4,0,4
KATAHRI,0,4,0,4
BHUGAON,0,2,2,4
TALGARIA,0,0,4,4
WASUD,0,2,2,4
KUNARIYA,0,4,0,4
KUMTHA KHURD,2,2,0,4
R BLOCK HALT,0,0,4,4
BAR LONGFER,0,4,0,4
BAR,2,0,2,4
RAJNAGAR K H,0,2,2,4
RAJIV NAGAR,0,0,4,4
ATA,0,4,0,4
ASWAPURAM,0,4,0,4
ASVALI,0,2,2,4
ASIRGARH ROA,2,2,0,4
ASHTEGAON,2,1,1,4
GOGAMERI,0,2,2,4
BHADAIYAN,0,0,4,4
AMARPURA,2,0,2,4
TAMARAIPADI,0,2,2,4
TETELIA,0,0,4,4
TERHA HALT,0,0,4,4
TEMBURU,0,4,0,4
CHINTAMANI,0,2,2,4
GHAUSGANJ,0,0,4,4
CHINNE KUNTA,0,4,0,4
MARAMJHIRI,2,2,0,4
MARADANGA,0,4,0,4
BHALUKMARA,0,2,2,4
MARPALLI,2,2,0,4
KOTHAR,2,2,0,4
BINDAURA,0,4,0,4
BIMBARI,0,4,0,4
RASHIDPURA-K,0,0,4,4
YADUGRAM BH,0,2,2,4
BARA,0,3,0,3
RAJKIAWAS,1,2,0,3
MATODA,0,0,3,3
KATAIYA DAND,2,1,0,3
KESHOLI,0,3,0,3
TINKHEDA,0,1,2,3
MANAURI,1,0,2,3
KANOH,0,0,3,3
CHAURAKHERI,0,3,0,3
MOTIPURA CHA,0,3,0,3
BAKARKUDI,0,0,3,3
MALUGUR,2,0,1,3
MURUD,2,1,0,3
NAGESHWADI H,1,2,0,3
KAILASAPURAM,1,0,2,3
KAIRLA,1,2,0,3
MAJHIARI,2,1,0,3
BAHILPURWA,0,3,0,3
NAVAL GUND R,1,2,0,3
JHIMRI,0,0,3,3
CHANDRESAL,0,3,0,3
SHIVATHAN,2,1,0,3
NEW HARANGAJ,1,2,0,3
DHUVA,0,0,3,3
NEW WEST BLO,0,1,2,3
DIPORE,0,2,1,3
DINGWAI,0,3,0,3
BHAYANDAR,0,1,2,3
BANGARI,0,0,3,3
CHAKRAKWALA,3,0,0,3
BIJULI HALT,1,0,2,3
BANGURGRAM H,1,0,2,3
OHAN CABIN,0,3,0,3
KATHLEEGHAT,0,0,3,3
SARERI,1,2,0,3
MADARAHA,2,1,0,3
PALA,0,2,1,3
LUCKNOW (DIK,0,2,1,3
BARCHHI ROAD,2,0,1,3
PANHAI,2,1,0,3
IRADATGANJ,2,1,0,3
BHARSENDI,0,3,0,3
ILLOO,0,0,3,3
BADAUSA,0,3,0,3
LINK C-CABIN,0,1,2,3
BENODA,0,2,1,3
FAIZULLAPUR,1,0,2,3
PARVATSAR CI,0,0,3,3
LOHGARA,2,1,0,3
LINK JN CABI,2,1,0,3
HESALONG  FS,0,0,3,3
PATHARDIH JN,0,0,3,3
SAIYID SARAW,1,0,2,3
LATEMDA,0,0,3,3
SAHUWALA,0,0,3,3
SAHEED SURAJ,1,0,2,3
HATNAPUR,0,1,2,3
BOMADRA,1,2,0,3
PIPLOD ROAD,0,3,0,3
ROHAT,1,2,0,3
GHASARA HALT,1,2,0,3
KUWARCHINTAW,0,0,3,3
GUD MARKET,0,0,3,3
VISHNUPUR BA,0,0,3,3
GOONDA (BIHA,0,0,3,3
MARALAHALLI,0,1,2,3
YERRAGUDIPAD,2,0,0,2
BINDAYAKA,0,0,2,2
ADARSHNAGAR,0,2,0,2
ADICHUNCHUNA,0,2,0,2
RAMGARH SHEK,0,0,2,2
meghpur tito,2,0,0,2
RAJULA CITY,0,0,2,2
RAMACHANDRAP,0,0,2,2
KUMAR MARANG,0,2,0,2
KUMAR SODRA,0,2,0,2
KUMARAPATNAM,2,0,0,2
KUKMA,0,2,0,2
RANGAPANI,0,2,0,2
RANGAPAHAR,0,2,0,2
RAMVA,0,0,2,2
RAMSAR,0,0,2,2
GOALDIH,0,2,0,2
KRISHNAPURAM,2,0,0,2
KUNDURU,0,0,2,2
KUDGI H,0,2,0,2
WADRENGDISA,0,2,0,2
Villiambakka,0,0,2,2
ATHSARAI,0,0,2,2
GHUNDANKHAPA,0,1,1,2
RANIGAON,0,0,2,2
RANGTONG,0,0,2,2
GOVINDI MARW,2,0,0,2
GORUMAHISANI,0,0,2,2
MARWAR KHARA,0,2,0,2
MARWAR BITHR,0,2,0,2
TARABARI,0,0,2,2
TAPASI,0,0,2,2
TANTPUR,0,0,2,2
MATALKUNTA,0,2,0,2
THAIYAT HAMI,0,2,0,2
AMBAGAON,0,2,0,2
KATORIYA,0,0,2,2
KATOGHAN,0,0,2,2
KATLICHERRA,0,0,2,2
TAROPA,0,0,2,2
CHITTA HALT,0,2,0,2
BARKICHANPI,0,0,2,2
MAWAI,0,2,0,2
BALWANTPURA,0,2,0,2
BHUKARKA,0,0,2,2
TALAP,0,0,2,2
D Samudraval,0,2,0,2
MANISINGH KA,0,0,2,2
MANIPUR BAGA,0,0,2,2
KAZIPET F CA,0,2,0,2
KAZIPET E CA,0,0,2,2
CHHATARIPUT,0,2,0,2
CHHANUA,0,0,2,2
CHHANSARA,0,2,0,2
THATHANA MIT,2,0,0,2
THAM,0,0,2,2
BHOJRAS,0,2,0,2
BALIKOTIA,0,0,2,2
KAYAR,2,0,0,2
KAYAMSAR,0,0,2,2
KAWARGAON,0,2,0,2
BARKAKANA AV,0,0,2,2
MANIKPURA,0,0,2,2
DADHAL INAM,0,0,2,2
DABPAL,0,2,0,2
MELAKKONNAKK,0,0,2,2
KASHANATTI,2,0,0,2
MEPPULIYUR,0,2,0,2
DAHINSARA,0,0,2,2
DAHGAON,0,0,2,2
DAHEJ,0,0,2,2
DALDALI,0,2,0,2
KARAUNDHANA,0,0,2,2
MIGRENDISA,0,2,0,2
KEMRI (HALT),0,0,2,2
CHETTIYAPATT,0,0,2,2
MANGURJAN,0,2,0,2
MANGAPATNAM,2,0,0,2
MANGALAMPETA,0,2,0,2
MANESWAR,2,0,0,2
MENDIPATHAR,0,0,2,2
MEMRA MEMRAK,2,0,0,2
TAKSAL,0,0,2,2
MOINARBAND,0,0,2,2
MOHOPE,2,0,0,2
MOHKHUTI,0,0,2,2
KEREJANGA,2,0,0,2
TIN MILE HAT,0,2,0,2
TILA,0,2,0,2
AMAGURA,0,2,0,2
MANDERDISA,0,2,0,2
MITHA,0,2,0,2
KARAKAVALASA,0,2,0,2
DAMCHARA,0,2,0,2
KARJHAUSA,0,0,2,2
SURERA,0,0,2,2
SURELI,0,2,0,2
METPALLI,0,0,2,2
SUKU,0,2,0,2
SUKRITIPUR,0,2,0,2
MORTAD,0,0,2,2
MORAN,0,0,2,2
MONACHERRA,0,0,2,2
CHEMBUR,0,0,2,2
BHUTKIYA BHI,0,2,0,2
TINDHARIA,0,0,2,2
TINAIGHAT,0,2,0,2
SUPEDI,0,2,0,2
SUNDLAK,0,2,0,2
BARSUAN,0,0,2,2
MOLAGAVALLI,0,2,0,2
MOKHAMPURA,0,2,0,2
BASAMPALLE,2,0,0,2
DARIMETA,0,1,1,2
DAPSAURA,0,2,0,2
DAOTUHAJA,0,2,0,2
DANTRA,2,0,0,2
SRUNGAVARAPU,0,2,0,2
KHADAPA,0,2,0,2
TIRUCHANUR,0,0,2,2
TIPPESANDRA,0,2,0,2
MANABAR,0,2,0,2
KANPUR GOODS,0,0,2,2
DANGARI,0,0,2,2
SUKNA,0,0,2,2
KANIYURU,0,0,2,2
SONACHARA  S,0,0,2,2
SOMPUR ROAD,0,2,0,2
KAMRANGA,0,0,2,2
CHATTAR HAT,0,2,0,2
MALLIVIDU,0,2,0,2
MALLICKPURHA,0,0,2,2
KANDAMBAKKAM,0,2,0,2
SONARDIH,0,0,2,2
KANHAIPUR,2,0,0,2
BHISA HALT,0,0,2,2
SRI KALYAN P,0,2,0,2
SONWARA,0,0,2,2
KANKURGACHHI,0,0,2,2
DARLIPUT,0,2,0,2
DARIYAGANJ,0,2,0,2
SOLUR,0,2,0,2
KAMALUR,0,2,0,2
DEOJHAR,0,2,0,2
AMLETHA,0,0,2,2
TOKOPAL,0,2,0,2
TIRUVENNAMAL,0,2,0,2
ALGAPUR,0,0,2,2
CHAUPALE,0,2,0,2
CHAUK,2,0,0,2
CHAUHANI,0,2,0,2
MURGA-MAHADE,0,2,0,2
MURAITHA  HA,0,0,2,2
MUPA,0,2,0,2
MUNGILIPATTU,0,0,2,2
BARWALAROAD,0,0,2,2
DEBRABANDHAU,0,0,2,2
KAICHAR,0,0,2,2
BAJAKARE,0,0,2,2
NAGASAMUDRAM,0,0,2,2
KALANA,0,0,2,2
DEVPURA,0,2,0,2
DEVGAM,0,2,0,2
MALIGURA,0,2,0,2
MALAR,0,2,0,2
MALANCHA,0,0,2,2
MALAKA VEMAL,0,2,0,2
CHARMAL,2,0,0,2
CHARDUAR,0,0,2,2
KALAMALLA,2,0,0,2
KALACHAND,0,2,0,2
DESANG,0,0,2,2
KAKBARA,0,0,2,2
NAL HALT,0,2,0,2
DHANAKWADA,0,2,0,2
DHAIPUKHURI,0,0,2,2
SINGWAL,0,2,0,2
NANCHERLA,0,2,0,2
CHANNANI,0,2,0,2
CHANGRABANDH,0,0,2,2
TOZHUPPEDU,0,2,0,2
KHAKHRALA RO,0,0,2,2
SIRHI ITARA,0,2,0,2
SIRD,0,2,0,2
SIRAS,0,2,0,2
BASERI,0,0,2,2
BASARI,0,2,0,2
NAKATI SEMRA,0,2,0,2
NAILALUNG,0,2,0,2
ANAMALAI ROA,0,2,0,2
NARAYANAPURA,2,0,0,2
NARASIMHAPUR,0,0,2,2
NARASAPURAPU,0,0,2,2
MAJHAULI,0,2,0,2
AKONA,0,2,0,2
MAL BAZAR,0,0,2,2
MAKKAJIPALLI,0,0,2,2
MAKARWADI HA,0,0,2,2
KHANDIP,1,1,0,2
KAIMA,0,2,0,2
SINGHABAD,0,0,2,2
JUTURU,2,0,0,2
JURIAGAON,0,0,2,2
JUNA RAJUVAD,0,0,2,2
NALLA-SOPARA,0,0,2,2
NATHAPETTAI,0,0,2,2
JODHPUR CANT,0,0,2,2
BHEJA,0,2,0,2
KHARAHAT,0,0,2,2
CHANDRANATHP,0,2,0,2
BIHARA,0,2,0,2
TUNDU,0,0,2,2
TULUKAPATTI,0,2,0,2
MAJRIKHADAN,2,0,0,2
NARIMOGARU,0,0,2,2
NARI-KHETRI,0,2,0,2
SILARI,0,0,2,2
SILAK JHORI,0,2,0,2
BAHALDA ROAD,0,0,2,2
DHANAPUR-ORI,0,2,0,2
GORAPUR,0,2,0,2
BHADRAULI,0,0,2,2
BHALUKPONG,0,0,2,2
RASULABAD,0,0,2,2
GUDUM,0,0,2,2
GUDDA,2,0,0,2
KUNWAR,0,0,2,2
BARA HAPJAN,0,0,2,2
BARA BANI,0,0,2,2
VONDH,0,2,0,2
KURMAHAT,0,0,2,2
KRAPPA HALT,0,0,2,2
PUSHKAR TERM,0,0,2,2
GUMANDEV,0,0,2,2
BATESAR,0,0,2,2
NEORANADI,0,0,2,2
UDAIPURA,0,2,0,2
TYADA,0,2,0,2
MAIRABARI,0,0,2,2
KHARIKATIA,0,2,0,2
KHARGAPUR,0,2,0,2
DHARAKOH,0,2,0,2
BHIKAMKOR,0,2,0,2
SHRIPAT SHRI,0,0,2,2
SHRIKHANDA,0,0,2,2
SHRIBAR,0,0,2,2
SHRI RAMGARH,0,0,2,2
SIDDAPURA,0,2,0,2
JIRIGHAT,0,0,2,2
JIRIBAM,0,0,2,2
SHISHO H,0,0,2,2
NEMAKALLU,0,2,0,2
NEGUN,0,0,2,2
BATADRAWA RO,0,0,2,2
SHIVLAKHA,0,2,0,2
SHIVALINGAPU,0,2,0,2
DHING BAZAR,0,0,2,2
NEW GUMANDEV,0,0,2,2
BIDIYAD,0,0,2,2
BIDANPUR,0,0,2,2
CHANDIPOSHI,0,0,2,2
UDYANKHERI,0,2,0,2
NAYA KHARDIA,2,0,0,2
JHARWASA,0,2,0,2
SHINDURIYA K,0,2,0,2
SHIMILI GUDA,0,2,0,2
SHEODASPURA-,0,2,0,2
JHALRA  HALT,0,0,2,2
JHAGADIYA JN,0,0,2,2
MAHANSAR,0,0,2,2
CHANDAN,0,0,2,2
UGNA,1,0,1,2
BAH,0,0,2,2
BAGTHAR,0,0,2,2
NEW BANESWAR,0,2,0,2
NETHRAVATHI,0,0,2,2
DHING,0,0,2,2
DHIMSIRI,0,0,2,2
NEW SILCHAR,0,0,2,2
NEW NAWADIH,0,0,2,2
SHAITAN SING,0,2,0,2
ANKLESHWAR U,0,0,2,2
DHUWALA,0,2,0,2
CHAMPAJHARAN,0,0,2,2
CHALLAVARIPA,2,0,0,2
UMALLA,0,0,2,2
ULUNDURPET,0,2,0,2
CHANDAUNA HA,0,0,2,2
BANDARKHAL,0,2,0,2
JETHA CHANDA,0,2,0,2
NEW KATNI JU,0,2,0,2
SHANTIGRAMA,0,2,0,2
JERTHI DADHI,0,2,0,2
BHAVDHARI,0,2,0,2
BHATTIAN,0,0,2,2
DIJAOBRA,0,2,0,2
JASAI,0,0,2,2
JARATI,0,2,0,2
UPARMAL,2,0,0,2
CHAMRUA,0,0,2,2
MAHANADI,0,0,2,2
MAHAMANDIR,0,2,0,2
MAHAMADPUR-A,0,0,2,2
KHOWANG,0,0,2,2
DHURANT JWAS,2,0,0,2
DIHAKHO,0,2,0,2
JATINGA,0,2,0,2
NIJBARI,0,2,0,2
BATTULAPURAM,0,2,0,2
BATHUA BAZAR,0,0,2,2
BAGAVATHIPUR,0,0,2,2
ODANIYA CHAC,0,2,0,2
CHAKSU,0,2,0,2
CHAKITING,0,2,0,2
NOLBARI,0,0,2,2
NOKHRA,0,2,0,2
NLACHRVURU E,0,2,0,2
DITOKCHERRA,0,2,0,2
BHAWI,0,0,2,2
SEPON,0,0,2,2
JASALI,0,2,0,2
JAMIRA,0,0,2,2
DOKUR,1,1,0,2
JAITPURA,0,0,2,2
JAITPUR KALA,0,0,2,2
JAISINDER,0,0,2,2
MACHHAKUNDA,0,2,0,2
KIDIYA NAGAR,0,2,0,2
DIYATRA,0,2,0,2
SATH NARAINI,0,0,2,2
JAKKALACHERU,2,0,0,2
JAKANUR H,0,2,0,2
OKHAMADHI,2,0,0,2
JALINDRI,2,0,0,2
DOHRU,0,2,0,2
NONIHAT,0,0,2,2
ISHANAGAR,0,2,0,2
ISAND,2,0,0,2
PALIBA,0,2,0,2
PALAYASIVARA,0,0,2,2
VADAKANNIKAP,0,2,0,2
SARKANPUR,0,2,0,2
SARGIPALI,2,0,0,2
DRAKSHARAMA,0,0,2,2
PAKHAJAN,0,0,2,2
PAHARSAR,0,0,2,2
PADUA,0,2,0,2
JAKLAIR,0,0,2,2
DOMOHNI,0,0,2,2
HUBLI SOUTH,2,0,0,2
HUBLI EAST C,0,2,0,2
KINATTUKKADA,0,0,2,2
BULBULCHANDI,0,0,2,2
VAKADA HALT,0,0,2,2
VAGRA,0,0,2,2
VAGHPURA,0,2,0,2
IRANAGALU,0,2,0,2
DUMETRA,0,0,2,2
DUMDANGI,0,2,0,2
DUM DUMA TOW,0,0,2,2
ARAKKONAM WE,0,0,2,2
ISIVI,0,2,0,2
SAOTA,0,0,2,2
BADHADA,0,0,2,2
GHATWAD,0,0,2,2
RATNAL,0,2,0,2
RADHOGARH,0,2,0,2
KOVVADA HALT,0,0,2,2
BISSAU,0,0,2,2
KOTI,0,0,2,2
KYATSNDRA GO,2,0,0,2
KUSUNDA,0,0,2,2
BHALUA,0,0,2,2
BHAIRABI,0,0,2,2
PURANIGUDAM,0,0,2,2
QADIAN,0,0,2,2
PUVANUR,0,2,0,2
AUNLAJORI JN,0,0,2,2
GUMTO,0,2,0,2
SALONA,0,0,2,2
BHANSI,0,2,0,2
KODINAR,0,0,2,2
KODIMBALA,0,0,2,2
BUDHA PUSHKA,0,0,2,2
VALLIVEDU,0,2,0,2
BANNIKOPPA,0,2,0,2
BANKAPASI,0,0,2,2
SAMUDRAM,0,1,1,2
SAMRAU,0,2,0,2
SAMNI JN.,0,0,2,2
BADEARAPUR,0,2,0,2
SANDHANI DHA,0,0,2,2
PANSAR,2,0,0,2
SALEMGARH MA,0,0,2,2
LEPETKATA,0,0,2,2
BILARA,0,0,2,2
AIYANAPURAM,0,0,2,2
VANGANUR,2,0,0,2
BUDORA,0,0,2,2
LNGOHTA,0,2,0,2
LINGTI,2,0,0,2
PARIKKAL,0,2,0,2
PARHANA MAU,0,2,0,2
BADAMPAHAR,0,0,2,2
HOLDING LINE,1,1,0,2
SAMAGURI,0,0,2,2
PATASAHI,0,0,2,2
FATEHABAD,0,0,2,2
SAKARIYA,0,2,0,2
GAGARIYA,0,0,2,2
GADRA ROAD,0,0,2,2
LATHIKATA,0,0,2,2
LATAGURI JN,0,0,2,2
BORRAGUHALU,0,2,0,2
VARADAPUR,0,1,1,2
BENIPURGRAM,0,0,2,2
SALAR KHURD,0,0,2,2
SAKHUN,2,0,0,2
HILARA,0,2,0,2
PARJAPATI HA,0,0,2,2
HITNAL H,0,2,0,2
SALIMPUR BIH,2,0,0,2
GAHLOTA,2,0,0,2
HATIKHALI,0,2,0,2
HATIBARI,2,0,0,2
PERANI,0,2,0,2
LANGTING,0,2,0,2
LANGCHOLIET,0,2,0,2
LAMBIYA,0,2,0,2
KOMALI,2,0,0,2
VELANGI HALT,0,0,2,2
VEJALAKA,0,0,2,2
VAVANIYA,0,0,2,2
PATHARKHOLA,0,0,2,2
HINOTA RAMBA,0,2,0,2
GAJNER,0,2,0,2
HATUNDI,0,2,0,2
HANSIAWAS,0,0,2,2
PHIDING,0,2,0,2
LALIT LACHMI,1,0,1,2
LALAWADI,1,0,1,2
LALABAZAR,0,0,2,2
BORAWAR,2,0,0,2
BORADIGHI,0,0,2,2
VEMULAPADU,2,0,0,2
LARABAD BH,0,2,0,2
LAOPANI,0,0,2,2
PENDLIMARRI,0,0,2,2
PETRAPOLE,0,0,2,2
HARLA PUR,0,2,0,2
GAIGHAT HALT,0,2,0,2
RUPAHELI,0,2,0,2
GANGAVARAM H,0,0,2,2
GANGANPALLE,0,0,2,2
PHULWARIA,0,0,2,2
BORIDRA,0,0,2,2
KORATLA,0,0,2,2
KORAHIA,1,0,1,2
LAKKAVARAPUK,0,2,0,2
BAP,0,2,0,2
ARTALAKATTA,0,0,2,2
ARMOOR,0,0,2,2
Reddipalaiya,0,0,2,2
GANGA YAPALL,2,0,0,2
HANSARA,0,0,2,2
HANDAPA,2,0,0,2
GEGAL AKHRI,2,0,0,2
LAIN BAZAR,0,0,2,2
BODDAVARA,0,2,0,2
LAKHPAT,0,2,0,2
GARMADI,0,2,0,2
HALAKATTA,2,0,0,2
HAILAKANDI,0,0,2,2
PIPLIYA ROAD,0,0,2,2
PIPLEE,0,2,0,2
BESROLI,2,0,0,2
GAMANI,0,0,2,2
RUPAIGAON,0,0,2,2
RUPAI,0,0,2,2
GUMMAN,0,0,2,2
AVIDHA,0,0,2,2
LADPURA,2,0,0,2
KOTIPALLI,0,0,2,2
BARAPALASI,0,0,2,2
GAYABARI,0,0,2,2
REGADIPALLI,2,0,0,2
HABAIPUR,0,0,2,2
HALUDPUKUR,0,0,2,2
HALBARGA,0,2,0,2
POLAPATTHAR,0,2,0,2
PIYALA BLOCK,0,0,2,2
BHACHHBAR,0,0,2,2
PORJANPUR,0,2,0,2
PIPAR CITY,0,0,2,2
KULDIHA,0,0,2,2
YESVANTPUR B,2,0,0,2
BIRMITRAPUR,0,0,2,2
BIRARI,0,2,0,2
KUARMUNDA,0,0,2,2
RAJPIPLA,0,0,2,2
RAJOSI,0,2,0,2
ASPARI,0,2,0,2
RAMANUJAMPAL,0,2,0,2
GIDAM,0,2,0,2
RAMPURA,0,2,0,2
RAMPUR BAZAR,0,0,2,2
RAJ-PARDI,0,0,2,2
RAIRANGPUR,0,0,2,2
RAILA ROAD,0,2,0,2
RANGAPHAR CR,0,2,0,2
MARWAR RANAW,0,2,0,2
MARICHETHAL,0,2,0,2
CHIRAI,0,2,0,2
KATLICHERA,2,0,0,2
KATKOLA,0,2,0,2
CHIKHLI,2,0,0,2
AMARAVATHI C,2,0,0,2
TEKTAR F,0,0,2,2
CHIMIDIPALLI,0,2,0,2
MARIKAL,0,0,2,2
BIMALGARH JN,0,0,2,2
WEST CABIN T,0,1,0,1
CHITODA,0,0,1,1
TENERI HALT,0,0,1,1
AMAR SAHEED,0,0,1,1
CHIKKADAVADI,0,0,1,1
LADDIVADI,0,0,1,1
PINAGORIA,0,0,1,1
HARISING,0,0,1,1
LAL KALAN,0,1,0,1
BOLWAD,0,1,0,1
AWAPUR F,0,0,1,1
AYANDUR,0,1,0,1
BACHHARPUR H,0,0,1,1
VANGAICHUNGP,0,0,1,1
SALEMPUR HAL,0,0,1,1
SALGAJHARI,0,1,0,1
PANJWARA ROA,0,0,1,1
PAPINAYAKANA,0,1,0,1
PUDUCHATTI,0,0,1,1
PARANUR,0,0,1,1
DOMBIVLI CTL,0,0,1,1
DUDH SAGAR,1,0,0,1
LUDHIANA JN,1,0,0,1
SATYAVALLI,1,0,0,1
CARANZOL,1,0,0,1
SENGULAM,1,0,0,1
MADIMANGALAM,0,1,0,1
NEW RUNNISAI,0,0,1,1
NEW WEST CAB,0,0,1,1
BANDRA,0,0,1,1
SHIKARIPARA,0,0,1,1
SHMATA VD KATRA,1,0,0,1
JHANSI A CAB,0,1,0,1
KURVA,0,0,1,1
VIVEKANANDA,0,0,1,1
NATIONAL THE,0,1,0,1
SONAUILM,1,0,0,1
MOTA SURKA,0,1,0,1
MUGAIYUR HAL,0,1,0,1
MANDAR VIDYA,0,0,1,1
BARTARA  HAL,0,0,1,1
KARCHIYA YAR,0,0,1,1
MANGARPATTI,0,0,1,1
MELALATHUR,0,0,1,1
AMBALA CANT JN,1,0,0,1
MANJHAULI GR,0,0,1,1
KARIGANURU,0,1,0,1
CHOTIPADOLI,0,0,1,1
BARMASIA,0,0,1,1
CHHOTAKI MAS,0,0,1,1
BAMANI,0,1,0,1
RAMGHAT  HAL,0,0,1,1
ADALPAHARI,0,0,1,1
