Train_No,Start_Station,End_Station
107,SAWANTWADI R,MADGOAN JN.
108,MADGOAN JN.,SAWANTWADI R
128,MADGOAN JN.,CHHATRAPATI
290,DELHI-SAFDAR,DELHI-SAFDAR
401,AURANGABAD,VARANASI JN.
421,LUCKNOW JN.,SHRI MATA VA
422,SHRI MATA VA,LUCKNOW JN.
477,SIRSA,SIRSA
502,RAJENDRANAGA,AMBALA CANTT
504,PATNA JN.,BATHINDA JN
506,PATNA JN.,PATIALA
557,URKURA,PANJIPARA
604,PATNA JN.,AMRITSAR JN.
1011,CST-MUMBAI,NAGPUR JN.(C
1037,LOKMANYA TIL,SAWANTWADI R
1038,SAWANTWADI R,LOKMANYA TIL
1045,LOKMANYA TIL,KARMALI
1119,AJNI,KARMALI
1120,KARMALI,AJNI
1122,KARMALI,CST-MUMBAI
1196,NAGPUR JN.(C,KARMALI
1301,PUNE JN.,MANGALORE JN
1302,MANGALORE JN,PUNE JN.
1442,DELHI-SAFDAR,KHADKI
1655,PUNE JN.,JABALPUR
1656,JABALPUR,PUNE JN.
1705,BANDRA TERMI,JABALPUR
1706,JABALPUR,BANDRA TERMI
1707,JABALPUR,ATARI JN
1708,ATARI JN,JABALPUR
2025,CST-MUMBAI,KARMALI
2026,KARMALI,CST-MUMBAI
2191,JABALPUR,SANTRAGACHI
2192,SANTRAGACHI,JABALPUR
2195,REWA,BHOPAL
2196,BHOPAL,REWA
2515,TRIVANDRUM C,SILCHAR
2651,PALANI,POLLACHI
2652,POLLACHI,PALANI
2731,HYDERABAD DE,JAIPUR JN.
2732,JAIPUR JN.,HYDERABAD DE
2821,PUNE JN.,SANTRAGACHI
2822,SANTRAGACHI,PUNE JN.
2833,RAJKOT,SANTRAGACHI
2834,SANTRAGACHI,RAJKOT
2841,SANTRAGACHI,CHENNAI CENT
2842,CHENNAI CENT,SANTRAGACHI
2845,PUNE JN.,HATIA
2846,HATIA,PUNE JN.
3101,KOLKATA,PURI
3102,PURI,KOLKATA
3301,ASANSOL MAIN,DHANBAD JN.
3302,DHANBAD JN.,ASANSOL MAIN
3305,DHANBAD JN.,KUSUNDA
3306,KUSUNDA,DHANBAD JN.
3307,SONARDIH,PHULWARTANR
3308,PHULWARTANR,SONARDIH
3501,JASIDIH JN.,ANAND VIHAR
3502,ANAND VIHAR,JASIDIH JN.
4401,ANAND VIHAR,SHRI MATA VA
4402,SHRI MATA VA,ANAND VIHAR
4409,DELHI JN.,SHRI MATA VA
4410,SHRI MATA VA,DELHI JN.
4419,MADGOAN JN.,HAZRAT NIZAM
4420,HAZRAT NIZAM,MADGOAN JN.
4735,BIKANER JN.,HARIDWAR JN
4736,HARIDWAR JN,BIKANER JN.
4767,HANUMANGARH,SHRI GANGANA
4768,SHRI GANGANA,HANUMANGARH
4769,HANUMANGARH,SHRI GANGANA
4770,SHRI GANGANA,HANUMANGARH
4771,SADULPUR JN,SHRI GANGANA
4772,SHRI GANGANA,SADULPUR JN
4773,SHRI GANGANA,SURATGARH JN
4774,SURATGARH JN,SHRI GANGANA
4801,PARVATSAR CI,MAKRANA JN.
4802,MAKRANA JN.,PARVATSAR CI
4831,JODHPUR JN.,HARIDWAR JN
4832,HARIDWAR JN,JODHPUR JN.
4851,MERTA ROAD J,RATANAGARH J
4852,RATANAGARH J,MERTA ROAD J
4853,RATANAGARH J,CHURU
4854,CHURU,RATANAGARH J
4921,SAHARANPUR J,AMBALA CANTT
4922,AMBALA CANTT,SAHARANPUR J
4991,PATHANKOT JN,JAMMU TAWI
4992,JAMMU TAWI,PATHANKOT JN
5061,GORAKHPUR JN,BARHNI
5062,BARHNI,GORAKHPUR JN
5065,CHHAPRA JN.,LUCKNOW JN.
5066,LUCKNOW JN.,CHHAPRA JN.
5105,GORAKHPUR JN,BASTI
5106,BASTI,GORAKHPUR JN
5305,KANPUR ANWAR,FARRUKHABAD
5306,FARRUKHABAD,KANPUR ANWAR
5309,BAREILLY CIT,LALKUA JN.
5310,LALKUA JN.,BAREILLY CIT
5521,JAMALPUR JN.,SAHARSA JN.
5522,SAHARSA JN.,JAMALPUR JN.
5613,JHALAWAR CIT,KOTA
5614,KOTA,JHALAWAR CIT
5619,NORTH LAKHIM,MURKEONG SEL
5620,MURKEONG SEL,NORTH LAKHIM
5631,GUWAHATI,SILCHAR
5632,SILCHAR,GUWAHATI
5715,NEW JALPAIGU,KISHANGANJ
5716,KISHANGANJ,NEW JALPAIGU
5719,KATIHAR JN.,SILIGURI JN.
5720,SILIGURI JN.,KATIHAR JN.
5863,RANGIYA JN.,RANGAPARA NO
5864,RANGAPARA NO,RANGIYA JN.
5865,RANGIYA JN.,MURKEONG SEL
5866,MURKEONG SEL,RANGIYA JN.
6001,CHENNAI EGMO,TIRUNELVELI
6002,TIRUNELVELI,CHENNAI EGMO
6006,ERNAKULAM. J,CHENNAI CENT
6009,SANTRAGACHI,PONDICHERRY
6010,PONDICHERRY,SANTRAGACHI
6041,CHENNAI CENT,QUILON
6042,QUILON,CHENNAI CENT
6043,CHENNAI CENT,QUILON
6044,QUILON,CHENNAI CENT
6046,QUILON,CHENNAI CENT
6047,CHENNAI CENT,QUILON
6048,QUILON,CHENNAI CENT
6049,CHENNAI EGMO,QUILON
6050,QUILON,CHENNAI EGMO
6053,KOCHUVELI,MANGALORE JN
6054,MANGALORE JN,KOCHUVELI
6057,SANTRAGACHI,CHENNAI CENT
6058,CHENNAI CENT,SANTRAGACHI
6065,CHENGALPATTU,MADURAI JN
6066,MADURAI JN,CHENGALPATTU
6067,CHENGALPATTU,COIMBATORE
6068,COIMBATORE,CHENGALPATTU
6081,COIMBATORE,POLLACHI
6082,POLLACHI,COIMBATORE
6412,DELHI-SAFDAR,PAYYANUR
6512,MARIKUPPAM,BANASWADI
6513,BANGARPET JN,MARIKUPPAM
6541,YESVANTPUR J,PANDHARPUR
6542,PANDHARPUR,YESVANTPUR J
6547,YESVANTPUR J,ERNAKULAM. J
6548,ERNAKULAM. J,YESVANTPUR J
6579,YESVANTPUR J,VISAKHAPATNA
6580,VISAKHAPATNA,YESVANTPUR J
6581,YESVANTPUR J,BELGAUM
6582,BELGAUM,YESVANTPUR J
6591,YESVANTPUR J,HOSUR
6592,HOSUR,YESVANTPUR J
6593,WHITE FIELD,BAIYYAPPANAH
6594,BAIYYAPPANAH,WHITE FIELD
6595,YESVANTPUR J,DEVANHALLI
6596,DEVANHALLI,YESVANTPUR J
6647,KORBA,BILASPUR JN.
6648,BILASPUR JN.,KORBA
6769,PALGHAT TOWN,PALANI
6770,PALANI,PALGHAT TOWN
6851,KARAIKAL,NAGORE
6852,NAGORE,KARAIKAL
6853,KARAIKAL,NAGORE
6854,NAGORE,KARAIKAL
6919,HUBLI JN.,BIJAPUR JN
6920,BIJAPUR JN,HUBLI JN.
7005,HYDERABAD DE,RAXAUL JN.
7006,RAXAUL JN.,HYDERABAD DE
7007,SECUNDERABAD,DARBHANGA JN
7008,DARBHANGA JN,SECUNDERABAD
7016,KACHEGUDA,VISAKHAPATNA
7044,TIRUPATI,VISAKHAPATNA
7061,KAKINADA POR,VIJAYWADA JN
7062,VELANKANNI,TIRUPATI
7075,SECUNDERABAD,KAKINADA TOW
7076,KAKINADA TOW,SECUNDERABAD
7109,HYDERABAD DE,QUILON
7110,QUILON,HYDERABAD DE
7113,KARIM NAGAR,QUILON
7133,HYDERABAD DE,QUILON
7134,QUILON,HYDERABAD DE
7141,HYDERABAD DE,QUILON
7142,QUILON,HYDERABAD DE
7146,TIRUPATI,KACHEGUDA
7149,SECUNDERABAD,GUWAHATI
7211,KAKINADA TOW,QUILON
7212,QUILON,KAKINADA TOW
7213,VIJAYWADA JN,QUILON
7214,QUILON,VIJAYWADA JN
7217,NARASAPUR,QUILON
7218,QUILON,NARASAPUR
7410,TIRUPATI,AURANGABAD
7417,TIRUPATI,NAGARSOL
7418,NAGARSOL,TIRUPATI
7425,KACHEGUDA,KAKINADA POR
7426,KAKINADA POR,KACHEGUDA
7429,SECUNDERABAD,TIRUPATI
7430,TIRUPATI,SECUNDERABAD
7431,KAKINADA TOW,TIRUPATI
7432,TIRUPATI,KAKINADA TOW
7435,KAKINADA TOW,SECUNDERABAD
7436,SECUNDERABAD,KAKINADA TOW
7438,KACHEGUDA,TATANAGAR JN
7439,TATANAGAR JN,KACHEGUDA
7487,TIRUPATI,VISAKHAPATNA
7505,AURANGABAD,QUILON
7509,ADILABAD,QUILON
7517,BIDAR,PANDHARPUR
7525,SILIGURI JN.,NEW BONGAIGA
7526,NEW BONGAIGA,SILIGURI JN.
7603,KACHEGUDA,KRISHNA RAJA
7604,KRISHNA RAJA,KACHEGUDA
7607,NANDED,TIRUPATI
7608,TIRUPATI,NANDED
7613,NIZAMABAD,QUILON
7614,QUILON,NIZAMABAD
7644,KAKINADA TOW,TIRUPATI
7645,RENIGUNTA JN,KAKINADA TOW
7757,SECUNDERABAD,VIJAYWADA JN
7758,VIJAYWADA JN,SECUNDERABAD
7941,KAKINADA TOW,RENIGUNTA JN
7942,TIRUPATI,KAKINADA TOW
8001,KHARAGPUR,JHARGRAM
8002,JHARGRAM,KHARAGPUR
8014,MIDNAPORE,KHARAGPUR
8017,KHARAGPUR,JHARGRAM
8018,JHARGRAM,KHARAGPUR
8035,KHARAGPUR,BALASORE
8036,BALASORE,KHARAGPUR
8051,KHARAGPUR,JHARGRAM
8052,JHARGRAM,KHARAGPUR
8061,SHALIMAR,JAIPUR JN.
8062,JAIPUR JN.,SHALIMAR
8063,KHARAGPUR,BANKURA
8064,YESVANTPUR J,HOWRAH JN.
8065,KHARAGPUR,BANKURA
8082,BANKURA,BISHNUPUR
8087,BISHNUPUR,BANKURA
8101,CHAIBASA,CHAKARADHARP
8102,CHAKARADHARP,CHAIBASA
8301,SAMBALPUR JN,BANASWADI
8302,BANASWADI,SAMBALPUR JN
8403,PURI,SANTRAGACHI
8404,SANTRAGACHI,PURI
8501,VISAKHAPATNA,SECUNDERABAD
8502,SECUNDERABAD,VISAKHAPATNA
8511,KIRANDUL,VISAKHAPATNA
8512,VISAKHAPATNA,KIRANDUL
8567,VISAKHAPATNA,QUILON
8568,QUILON,VISAKHAPATNA
8573,VISAKHAPATNA,TIRUPATI
8574,TIRUPATI,VISAKHAPATNA
8581,BALHARSHAH,CHANDAFORT
8582,CHANDAFORT,BALHARSHAH
8617,RANCHI,ANAND VIHAR
8618,ANAND VIHAR,RANCHI
8627,HOWRAH JN.,RANCHI
8628,RANCHI,HOWRAH JN.
8872,DURG,GONDIA JN.
9003,BANDRA TERMI,HAZRAT NIZAM
9004,HAZRAT NIZAM,BANDRA TERMI
9005,MUMBAI CENTR,NEW DELHI
9006,NEW DELHI,MUMBAI CENTR
9011,BANDRA TERMI,BIKANER JN.
9012,BIKANER JN.,BANDRA TERMI
9433,BANDRA TERMI,GANDHIDHAM J
9434,GANDHIDHAM J,BANDRA TERMI
9621,AJMER JN.,BANDRA TERMI
9622,BANDRA TERMI,AJMER JN.
9721,JAIPUR JN.,UDAIPUR CITY
9722,UDAIPUR CITY,JAIPUR JN.
9761,SHRI GANGANA,SURATGARH JN
9809,KOTA,HAZRAT NIZAM
9810,HAZRAT NIZAM,KOTA
10103,CST-MUMBAI,MADGOAN JN.
10104,MADGOAN JN.,CST-MUMBAI
10111,CST-MUMBAI,MADGOAN JN.
10112,MADGOAN JN.,CST-MUMBAI
10215,MADGOAN JN.,ERNAKULAM. J
10216,ERNAKULAM. J,MADGOAN JN.
11001,SAI NAGAR SH,PANDHARPUR
11002,PANDHARPUR,SAI NAGAR SH
11003,DADAR,SAWANTWADI R
11004,SAWANTWADI R,DADAR
11005,DADAR,PONDICHERRY
11006,PONDICHERRY,DADAR
11007,CST-MUMBAI,PUNE JN.
11008,PUNE JN.,CST-MUMBAI
11009,CST-MUMBAI,PUNE JN.
11010,PUNE JN.,CST-MUMBAI
11011,LOKMANYA TIL,NANDED
11012,NANDED,LOKMANYA TIL
11013,LOKMANYA TIL,COIMBATORE
11014,COIMBATORE,LOKMANYA TIL
11015,LOKMANYA TIL,GORAKHPUR JN
11016,GORAKHPUR JN,LOKMANYA TIL
11017,LOKMANYA TIL,KARAIKAL
11018,KARAIKAL,LOKMANYA TIL
11019,CST-MUMBAI,BHUBANESWAR
11020,BHUBANESWAR,CST-MUMBAI
11021,DADAR,TIRUNELVELI
11022,TIRUNELVELI,DADAR
11023,CST-MUMBAI,CHHATRAPATI
11024,CHHATRAPATI,CST-MUMBAI
11025,BHUSAVAL JN.,PUNE JN.
11026,PUNE JN.,BHUSAVAL JN.
11027,CST-MUMBAI,CHENNAI CENT
11028,CHENNAI CENT,CST-MUMBAI
11029,CST-MUMBAI,CHHATRAPATI
11030,CHHATRAPATI,CST-MUMBAI
11031,SOLAPUR,BIJAPUR JN
11032,BIJAPUR JN,SOLAPUR
11033,PUNE JN.,DARBHANGA JN
11034,DARBHANGA JN,PUNE JN.
11035,DADAR,MYSORE JN.
11036,MYSORE JN.,DADAR
11037,PUNE JN.,GORAKHPUR JN
11038,GORAKHPUR JN,PUNE JN.
11039,CHHATRAPATI,GONDIA JN.
11040,GONDIA JN.,CHHATRAPATI
11041,CST-MUMBAI,CHENNAI CENT
11042,CHENNAI CENT,CST-MUMBAI
11043,LOKMANYA TIL,MADURAI JN
11044,MADURAI JN,LOKMANYA TIL
11045,CHHATRAPATI,DHANBAD JN.
11046,DHANBAD JN.,CHHATRAPATI
11047,MIRAJ JN.,HUBLI JN.
11048,HUBLI JN.,MIRAJ JN.
11049,AHMEDABAD,CHHATRAPATI
11050,CHHATRAPATI,AHMEDABAD
11051,SOLAPUR,CHHATRAPATI
11052,CHHATRAPATI,SOLAPUR
11053,LOKMANYA TIL,AZAMGARH
11054,AZAMGARH,LOKMANYA TIL
11055,LOKMANYA TIL,GORAKHPUR JN
11056,GORAKHPUR JN,LOKMANYA TIL
11057,CST-MUMBAI,AMRITSAR JN.
11058,AMRITSAR JN.,CST-MUMBAI
11059,LOKMANYA TIL,CHHAPRA JN.
11060,CHHAPRA JN.,LOKMANYA TIL
11061,LOKMANYA TIL,DARBHANGA JN
11062,DARBHANGA JN,LOKMANYA TIL
11063,CHENNAI EGMO,SALEM JN.
11064,SALEM JN.,CHENNAI EGMO
11067,LOKMANYA TIL,FAIZABAD JN.
11068,FAIZABAD JN.,LOKMANYA TIL
11071,LOKMANYA TIL,VARANASI JN.
11072,VARANASI JN.,LOKMANYA TIL
11073,LOKMANYA TIL,CHENNAI CENT
11074,CHENNAI CENT,LOKMANYA TIL
11075,LOKMANYA TIL,BIDAR
11076,BIDAR,LOKMANYA TIL
11077,PUNE JN.,JAMMU TAWI
11078,JAMMU TAWI,PUNE JN.
11079,LOKMANYA TIL,GORAKHPUR JN
11080,GORAKHPUR JN,LOKMANYA TIL
11081,LOKMANYA TIL,GORAKHPUR JN
11082,GORAKHPUR JN,LOKMANYA TIL
11083,LOKMANYA TIL,KAZIPET JN.
11084,KAZIPET JN.,LOKMANYA TIL
11085,LOKMANYA TIL,MADGOAN JN.
11086,MADGOAN JN.,LOKMANYA TIL
11087,VERAVAL,PUNE JN.
11088,PUNE JN.,VERAVAL
11089,BHAGAT-KI-KO,PUNE JN.
11090,PUNE JN.,BHAGAT-KI-KO
11091,NEW BHUJ,PUNE JN.
11092,PUNE JN.,NEW BHUJ
11093,CST-MUMBAI,VARANASI JN.
11094,VARANASI JN.,CST-MUMBAI
11095,AHMEDABAD,PUNE JN.
11096,PUNE JN.,AHMEDABAD
11097,PUNE JN.,ERNAKULAM. J
11098,ERNAKULAM. J,PUNE JN.
11101,PUNE JN.,GWALIOR JN
11102,GWALIOR JN,PUNE JN.
11103,JHANSI JN,BANDRA TERMI
11104,BANDRA TERMI,JHANSI JN
11107,GWALIOR JN,VARANASI JN.
11108,VARANASI JN.,GWALIOR JN
11109,JHANSI JN,LUCKNOW JN.
11110,LUCKNOW JN.,JHANSI JN
11111,GWALIOR JN,"BALRAMPUR,"
11112,"BALRAMPUR,",GWALIOR JN
11123,BARAUNI JN.,GWALIOR JN
11124,GWALIOR JN,BARAUNI JN.
11125,INDORE BG,GWALIOR JN
11126,GWALIOR JN,INDORE BG
11201,LOKMANYA TIL,AJNI
11202,AJNI,LOKMANYA TIL
11203,NAGPUR JN.(C,JAIPUR JN.
11204,JAIPUR JN.,NAGPUR JN.(C
11205,LOKMANYA TIL,NIZAMABAD
11206,NIZAMABAD,LOKMANYA TIL
11265,JABALPUR,AMBIKAPUR
11266,AMBIKAPUR,JABALPUR
11272,BHOPAL,ITARSI
11301,CST-MUMBAI,KRANTIVIRA S
11302,KRANTIVIRA S,CST-MUMBAI
11303,HYDERABAD DE,CHHATRAPATI
11304,CHHATRAPATI,HYDERABAD DE
11307,GULBARGA,HYDERABAD DE
11308,HYDERABAD DE,GULBARGA
11309,SOLAPUR,MIRAJ JN.
11310,MIRAJ JN.,SOLAPUR
11401,CST-MUMBAI,NAGPUR JN.(C
11402,NAGPUR JN.(C,CST-MUMBAI
11403,NAGPUR JN.(C,CHHATRAPATI
11404,CHHATRAPATI,NAGPUR JN.(C
11405,PUNE JN.,AMRAVATI
11406,AMRAVATI,PUNE JN.
11407,PUNE JN.,LUCKNOW JN.
11408,LUCKNOW JN.,PUNE JN.
11423,SOLAPUR,HUBLI JN.
11424,HUBLI JN.,SOLAPUR
11447,JABALPUR,HOWRAH JN.
11448,HOWRAH JN.,JABALPUR
11449,JABALPUR,SHRI MATA VA
11450,SHRI MATA VA,JABALPUR
11463,SOMNATH,JABALPUR
11464,JABALPUR,SOMNATH
11465,SOMNATH,JABALPUR
11466,JABALPUR,SOMNATH
11651,JABALPUR,SINGRAULI
11652,SINGRAULI,JABALPUR
11701,JABALPUR,INDORE BG
11702,INDORE BG,JABALPUR
11703,REWA,MHOW
11704,MHOW,REWA
11801,JHANSI JN,ETAWAH
11802,ETAWAH,JHANSI JN
11901,MATHURA JN.,KURUKSHETRA
11902,KURUKSHETRA,MATHURA JN.
12001,HABIBGANJ,NEW DELHI
12002,NEW DELHI,HABIBGANJ
12003,LUCKNOW JN.,NEW DELHI
12004,NEW DELHI,LUCKNOW JN.
12005,NEW DELHI,KALKA
12006,KALKA,NEW DELHI
12007,CHENNAI CENT,MYSORE JN.
12008,MYSORE JN.,CHENNAI CENT
12009,MUMBAI CENTR,AHMEDABAD
12010,AHMEDABAD,MUMBAI CENTR
12011,NEW DELHI,KALKA
12012,KALKA,NEW DELHI
12013,NEW DELHI,AMRITSAR JN.
12014,AMRITSAR JN.,NEW DELHI
12015,NEW DELHI,AJMER JN.
12016,AJMER JN.,NEW DELHI
12017,NEW DELHI,DEHRA DUN
12018,DEHRA DUN,NEW DELHI
12019,HOWRAH JN.,RANCHI
12020,RANCHI,HOWRAH JN.
12021,HOWRAH JN.,BARBIL
12022,BARBIL,HOWRAH JN.
12023,HOWRAH JN.,PATNA JN.
12024,PATNA JN.,HOWRAH JN.
12025,PUNE JN.,SECUNDERABAD
12026,SECUNDERABAD,PUNE JN.
12027,CHENNAI CENT,KRANTIVIRA S
12028,KRANTIVIRA S,CHENNAI CENT
12029,NEW DELHI,AMRITSAR JN.
12030,AMRITSAR JN.,NEW DELHI
12031,NEW DELHI,AMRITSAR JN.
12032,AMRITSAR JN.,NEW DELHI
12033,KANPUR CENTR,NEW DELHI
12034,NEW DELHI,KANPUR CENTR
12035,JAIPUR JN.,AGRA  FORT
12036,AGRA  FORT,JAIPUR JN.
12037,NEW DELHI,LUDHIANA JN.
12038,LUDHIANA JN.,NEW DELHI
12039,KATHGODAM,NEW DELHI
12040,NEW DELHI,KATHGODAM
12041,HOWRAH JN.,NEW JALPAIGU
12042,NEW JALPAIGU,HOWRAH JN.
12043,NEW DELHI,MOGA
12044,MOGA,NEW DELHI
12045,NEW DELHI,CHANDIGARH
12046,CHANDIGARH,NEW DELHI
12047,NEW DELHI,FIROZPUR CAN
12048,FIROZPUR CAN,NEW DELHI
12049,AGRA CANTT,HAZRAT NIZAM
12050,HAZRAT NIZAM,AGRA CANTT
12051,DADAR,MADGOAN JN.
12052,MADGOAN JN.,DADAR
12053,HARIDWAR JN,AMRITSAR JN.
12054,AMRITSAR JN.,HARIDWAR JN
12055,NEW DELHI,DEHRA DUN
12056,DEHRA DUN,NEW DELHI
12057,NEW DELHI,UNA HIMACHAL
12058,UNA HIMACHAL,NEW DELHI
12059,KOTA,HAZRAT NIZAM
12060,HAZRAT NIZAM,KOTA
12061,HABIBGANJ,JABALPUR
12062,JABALPUR,HABIBGANJ
12065,AJMER JN.,HAZRAT NIZAM
12066,HAZRAT NIZAM,AJMER JN.
12067,GUWAHATI,JORHAT TOWN
12068,JORHAT TOWN,GUWAHATI
12069,RAIGARH,GONDIA JN.
12070,GONDIA JN.,RAIGARH
12071,DADAR,JALNA
12072,JALNA,DADAR
12073,HOWRAH JN.,BHUBANESWAR
12074,BHUBANESWAR,HOWRAH JN.
12075,CALICUT,TRIVANDRUM C
12076,TRIVANDRUM C,CALICUT
12077,CHENNAI CENT,VIJAYWADA JN
12078,VIJAYWADA JN,CHENNAI CENT
12079,KRANTIVIRA S,HUBLI JN.
12080,HUBLI JN.,KRANTIVIRA S
12081,KANNUR,TRIVANDRUM C
12082,TRIVANDRUM C,KANNUR
12083,MAYILADUTURA,COIMBATORE
12084,COIMBATORE,MAYILADUTURA
12085,GUWAHATI,DIBRUGARH
12086,DIBRUGARH,GUWAHATI
12087,NAHARLAGUN,GUWAHATI
12088,GUWAHATI,NAHARLAGUN
12101,LOKMANYA TIL,HOWRAH JN.
12102,HOWRAH JN.,LOKMANYA TIL
12103,PUNE JN.,LUCKNOW JN.
12104,LUCKNOW JN.,PUNE JN.
12105,CST-MUMBAI,GONDIA JN.
12106,GONDIA JN.,CST-MUMBAI
12107,LOKMANYA TIL,LUCKNOW JN.
12108,LUCKNOW JN.,LOKMANYA TIL
12109,CST-MUMBAI,MANMAD JN.
12110,MANMAD JN.,CST-MUMBAI
12111,CST-MUMBAI,AMRAVATI
12112,AMRAVATI,CST-MUMBAI
12113,PUNE JN.,NAGPUR JN.(C
12114,NAGPUR JN.(C,PUNE JN.
12115,CST-MUMBAI,SOLAPUR
12116,SOLAPUR,CST-MUMBAI
12117,LOKMANYA TIL,MANMAD JN.
12118,MANMAD JN.,LOKMANYA TIL
12119,AMRAVATI,AJNI
12120,AJNI,AMRAVATI
12121,JABALPUR,HAZRAT NIZAM
12122,HAZRAT NIZAM,JABALPUR
12123,CST-MUMBAI,PUNE JN.
12124,PUNE JN.,CST-MUMBAI
12125,CST-MUMBAI,PUNE JN.
12126,PUNE JN.,CST-MUMBAI
12127,CST-MUMBAI,PUNE JN.
12128,PUNE JN.,CST-MUMBAI
12129,PUNE JN.,HOWRAH JN.
12130,HOWRAH JN.,PUNE JN.
12131,DADAR,SAI NAGAR SH
12132,SAI NAGAR SH,DADAR
12133,CST-MUMBAI,MANGALORE JN
12134,MANGALORE JN,CST-MUMBAI
12135,PUNE JN.,NAGPUR JN.(C
12136,NAGPUR JN.(C,PUNE JN.
12137,CST-MUMBAI,FIROZPUR CAN
12138,FIROZPUR CAN,CST-MUMBAI
12139,CST-MUMBAI,NAGPUR JN.(C
12140,NAGPUR JN.(C,CST-MUMBAI
12141,LOKMANYA TIL,PATLIPUTRA
12142,PATLIPUTRA,LOKMANYA TIL
12143,LOKMANYA TIL,SULTANPUR JN
12144,SULTANPUR JN,LOKMANYA TIL
12145,LOKMANYA TIL,PURI
12146,PURI,LOKMANYA TIL
12147,CHHATRAPATI,HAZRAT NIZAM
12148,HAZRAT NIZAM,CHHATRAPATI
12149,PUNE JN.,DANAPUR
12150,DANAPUR,PUNE JN.
12151,LOKMANYA TIL,HOWRAH JN.
12152,HOWRAH JN.,LOKMANYA TIL
12153,LOKMANYA TIL,HABIBGANJ
12154,HABIBGANJ,LOKMANYA TIL
12155,HABIBGANJ,HAZRAT NIZAM
12156,HAZRAT NIZAM,HABIBGANJ
12157,PUNE JN.,SOLAPUR
12158,SOLAPUR,PUNE JN.
12159,AMRAVATI,JABALPUR
12160,JABALPUR,AMRAVATI
12161,LOKMANYA TIL,AGRA CANTT
12162,AGRA CANTT,LOKMANYA TIL
12163,DADAR,CHENNAI EGMO
12164,CHENNAI EGMO,DADAR
12165,LOKMANYA TIL,VARANASI JN.
12166,VARANASI JN.,LOKMANYA TIL
12167,LOKMANYA TIL,VARANASI JN.
12168,VARANASI JN.,LOKMANYA TIL
12169,PUNE JN.,SOLAPUR
12170,SOLAPUR,PUNE JN.
12171,LOKMANYA TIL,HARIDWAR JN
12172,HARIDWAR JN,LOKMANYA TIL
12173,LOKMANYA TIL,PARTAPGARH J
12174,PARTAPGARH J,LOKMANYA TIL
12175,HOWRAH JN.,GWALIOR JN
12176,GWALIOR JN,HOWRAH JN.
12177,HOWRAH JN.,MATHURA JN.
12178,MATHURA JN.,HOWRAH JN.
12179,LUCKNOW JN.,AGRA CANTT
12180,AGRA CANTT,LUCKNOW JN.
12181,JABALPUR,AJMER JN.
12182,AJMER JN.,JABALPUR
12183,BHOPAL,PARTAPGARH J
12184,PARTAPGARH J,BHOPAL
12185,HABIBGANJ,REWA
12186,REWA,HABIBGANJ
12187,JABALPUR,CST-MUMBAI
12188,CST-MUMBAI,JABALPUR
12189,JABALPUR,HAZRAT NIZAM
12190,HAZRAT NIZAM,JABALPUR
12191,NEW DELHI,JABALPUR
12192,JABALPUR,NEW DELHI
12193,YESVANTPUR J,JABALPUR
12194,JABALPUR,YESVANTPUR J
12195,AGRA  FORT,AJMER JN.
12196,AJMER JN.,AGRA  FORT
12197,BHOPAL,GWALIOR JN
12198,GWALIOR JN,BHOPAL
12201,LOKMANYA TIL,KOCHUVELI
12202,KOCHUVELI,LOKMANYA TIL
12203,SAHARSA JN.,AMRITSAR JN.
12204,AMRITSAR JN.,SAHARSA JN.
12205,NEW DELHI,DEHRA DUN
12206,DEHRA DUN,NEW DELHI
12207,KATHGODAM,JAMMU TAWI
12208,JAMMU TAWI,KATHGODAM
12209,KANPUR CENTR,KATHGODAM
12210,KATHGODAM,KANPUR CENTR
12211,MUZAFFARPUR,ANAND VIHAR
12212,ANAND VIHAR,MUZAFFARPUR
12213,YESVANTPUR J,DELHI-SARAI
12214,DELHI-SARAI,YESVANTPUR J
12215,DELHI-SARAI,BANDRA TERMI
12216,BANDRA TERMI,DELHI-SARAI
12217,KOCHUVELI,CHANDIGARH
12218,CHANDIGARH,KOCHUVELI
12219,LOKMANYA TIL,SECUNDERABAD
12220,SECUNDERABAD,LOKMANYA TIL
12221,PUNE JN.,HOWRAH JN.
12222,HOWRAH JN.,PUNE JN.
12223,LOKMANYA TIL,ERNAKULAM. J
12224,ERNAKULAM. J,LOKMANYA TIL
12225,AZAMGARH,DELHI JN.
12226,DELHI JN.,AZAMGARH
12227,MUMBAI CENTR,INDORE BG
12228,INDORE BG,MUMBAI CENTR
12229,LUCKNOW JN.,NEW DELHI
12230,NEW DELHI,LUCKNOW JN.
12231,LUCKNOW JN.,CHANDIGARH
12232,CHANDIGARH,LUCKNOW JN.
12235,DIBRUGARH,NEW DELHI
12236,NEW DELHI,DIBRUGARH
12237,VARANASI JN.,JAMMU TAWI
12238,JAMMU TAWI,VARANASI JN.
12239,MUMBAI CENTR,JAIPUR JN.
12240,JAIPUR JN.,MUMBAI CENTR
12241,CHANDIGARH,AMRITSAR JN.
12242,AMRITSAR JN.,CHANDIGARH
12243,CHENNAI CENT,COIMBATORE
12244,COIMBATORE,CHENNAI CENT
12245,HOWRAH JN.,YESVANTPUR J
12246,YESVANTPUR J,HOWRAH JN.
12247,BANDRA TERMI,HAZRAT NIZAM
12248,HAZRAT NIZAM,BANDRA TERMI
12249,HOWRAH JN.,ANAND VIHAR
12250,ANAND VIHAR,HOWRAH JN.
12251,YESVANTPUR J,KORBA
12252,KORBA,YESVANTPUR J
12253,YESVANTPUR J,BHAGALPUR
12254,BHAGALPUR,YESVANTPUR J
12257,YESVANTPUR J,KOCHUVELI
12258,KOCHUVELI,YESVANTPUR J
12259,SEALDAH,NEW DELHI
12260,NEW DELHI,SEALDAH
12261,CST-MUMBAI,HOWRAH JN.
12262,HOWRAH JN.,CST-MUMBAI
12263,PUNE JN.,HAZRAT NIZAM
12264,HAZRAT NIZAM,PUNE JN.
12265,DELHI-SARAI,JAMMU TAWI
12266,JAMMU TAWI,DELHI-SARAI
12267,MUMBAI CENTR,AHMEDABAD
12268,AHMEDABAD,MUMBAI CENTR
12269,CHENNAI CENT,HAZRAT NIZAM
12270,HAZRAT NIZAM,CHENNAI CENT
12273,HOWRAH JN.,NEW DELHI
12274,NEW DELHI,HOWRAH JN.
12275,ALLAHABAD JN,NEW DELHI
12276,NEW DELHI,ALLAHABAD JN
12277,HOWRAH JN.,PURI
12278,PURI,HOWRAH JN.
12279,JHANSI JN,HAZRAT NIZAM
12280,HAZRAT NIZAM,JHANSI JN
12281,BHUBANESWAR,NEW DELHI
12282,NEW DELHI,BHUBANESWAR
12283,ERNAKULAM. J,HAZRAT NIZAM
12284,HAZRAT NIZAM,ERNAKULAM. J
12285,SECUNDERABAD,HAZRAT NIZAM
12286,HAZRAT NIZAM,SECUNDERABAD
12289,CST-MUMBAI,NAGPUR JN.(C
12290,NAGPUR JN.(C,CST-MUMBAI
12291,YESVANTPUR J,CHENNAI CENT
12292,CHENNAI CENT,YESVANTPUR J
12293,LOKMANYA TIL,ALLAHABAD JN
12294,ALLAHABAD JN,LOKMANYA TIL
12295,KRANTIVIRA S,DANAPUR
12296,DANAPUR,KRANTIVIRA S
12297,AHMEDABAD,PUNE JN.
12298,PUNE JN.,AHMEDABAD
12301,HOWRAH JN.,NEW DELHI
12302,NEW DELHI,HOWRAH JN.
12303,HOWRAH JN.,NEW DELHI
12304,NEW DELHI,HOWRAH JN.
12305,HOWRAH JN.,NEW DELHI
12306,NEW DELHI,HOWRAH JN.
12307,HOWRAH JN.,JODHPUR JN.
12308,JODHPUR JN.,HOWRAH JN.
12309,RAJENDRANAGA,NEW DELHI
12310,NEW DELHI,RAJENDRANAGA
12311,HOWRAH JN.,KALKA
12312,KALKA,HOWRAH JN.
12313,SEALDAH,NEW DELHI
12314,NEW DELHI,SEALDAH
12315,KOLKATA,UDAIPUR CITY
12316,UDAIPUR CITY,KOLKATA
12317,KOLKATA,AMRITSAR JN.
12318,AMRITSAR JN.,KOLKATA
12319,KOLKATA,AGRA CANTT
12320,AGRA CANTT,KOLKATA
12321,HOWRAH JN.,CST-MUMBAI
12322,CST-MUMBAI,HOWRAH JN.
12323,HOWRAH JN.,ANAND VIHAR
12324,ANAND VIHAR,HOWRAH JN.
12325,KOLKATA,NANGAL DAM
12326,NANGAL DAM,KOLKATA
12327,HOWRAH JN.,DEHRA DUN
12328,DEHRA DUN,HOWRAH JN.
12329,SEALDAH,ANAND VIHAR
12330,ANAND VIHAR,SEALDAH
12331,HOWRAH JN.,JAMMU TAWI
12332,JAMMU TAWI,HOWRAH JN.
12333,HOWRAH JN.,ALLAHABAD CI
12334,ALLAHABAD CI,HOWRAH JN.
12335,BHAGALPUR,LOKMANYA TIL
12336,LOKMANYA TIL,BHAGALPUR
12337,HOWRAH JN.,BOLPUR
12338,BOLPUR,HOWRAH JN.
12339,HOWRAH JN.,DHANBAD JN.
12340,DHANBAD JN.,HOWRAH JN.
12341,HOWRAH JN.,ASANSOL MAIN
12342,ASANSOL MAIN,HOWRAH JN.
12343,SEALDAH,NEW JALPAIGU
12344,NEW JALPAIGU,SEALDAH
12345,HOWRAH JN.,GUWAHATI
12346,GUWAHATI,HOWRAH JN.
12347,HOWRAH JN.,RAMPUR HAT
12348,RAMPUR HAT,HOWRAH JN.
12349,BHAGALPUR,NEW DELHI
12350,NEW DELHI,BHAGALPUR
12351,HOWRAH JN.,RAJENDRANAGA
12352,RAJENDRANAGA,HOWRAH JN.
12353,HOWRAH JN.,LALKUA JN.
12354,LALKUA JN.,HOWRAH JN.
12355,RAJENDRANAGA,JAMMU TAWI
12356,JAMMU TAWI,RAJENDRANAGA
12357,KOLKATA,AMRITSAR JN.
12358,AMRITSAR JN.,KOLKATA
12359,KOLKATA,PATNA JN.
12360,PATNA JN.,KOLKATA
12361,ASANSOL MAIN,CST-MUMBAI
12362,CST-MUMBAI,ASANSOL MAIN
12363,KOLKATA,HALDIBARI
12364,HALDIBARI,KOLKATA
12365,PATNA JN.,RANCHI
12366,RANCHI,PATNA JN.
12367,BHAGALPUR,ANAND VIHAR
12368,ANAND VIHAR,BHAGALPUR
12369,HOWRAH JN.,HARIDWAR JN
12370,HARIDWAR JN,HOWRAH JN.
12371,HOWRAH JN.,JAISALMER
12372,JAISALMER,HOWRAH JN.
12373,SEALDAH,RAMPUR HAT
12374,RAMPUR HAT,SEALDAH
12375,CHENNAI CENT,ASANSOL MAIN
12376,ASANSOL MAIN,CHENNAI CENT
12377,SEALDAH,NEW ALIPURDU
12378,NEW ALIPURDU,SEALDAH
12379,SEALDAH,AMRITSAR JN.
12380,AMRITSAR JN.,SEALDAH
12381,HOWRAH JN.,NEW DELHI
12382,NEW DELHI,HOWRAH JN.
12383,SEALDAH,ASANSOL MAIN
12384,ASANSOL MAIN,SEALDAH
12389,GAYA JN.,CHENNAI EGMO
12390,CHENNAI EGMO,GAYA JN.
12391,RAJGIR,NEW DELHI
12392,NEW DELHI,RAJGIR
12393,RAJENDRANAGA,NEW DELHI
12394,NEW DELHI,RAJENDRANAGA
12395,RAJENDRANAGA,AJMER JN.
12396,AJMER JN.,RAJENDRANAGA
12397,GAYA JN.,NEW DELHI
12398,NEW DELHI,GAYA JN.
12401,ISLAMPUR,NEW DELHI
12402,NEW DELHI,ISLAMPUR
12405,BHUSAVAL JN.,HAZRAT NIZAM
12406,HAZRAT NIZAM,BHUSAVAL JN.
12407,NEW JALPAIGU,AMRITSAR JN.
12408,AMRITSAR JN.,NEW JALPAIGU
12409,RAIGARH,HAZRAT NIZAM
12410,HAZRAT NIZAM,RAIGARH
12411,CHANDIGARH,AMRITSAR JN.
12412,AMRITSAR JN.,CHANDIGARH
12413,AJMER JN.,JAMMU TAWI
12414,JAMMU TAWI,AJMER JN.
12415,INDORE BG,DELHI-SARAI
12416,DELHI-SARAI,INDORE BG
12417,ALLAHABAD JN,NEW DELHI
12418,NEW DELHI,ALLAHABAD JN
12419,LUCKNOW JN.,NEW DELHI
12420,NEW DELHI,LUCKNOW JN.
12421,NANDED,AMRITSAR JN.
12422,AMRITSAR JN.,NANDED
12423,DIBRUGARH TO,NEW DELHI
12424,NEW DELHI,DIBRUGARH TO
12425,NEW DELHI,JAMMU TAWI
12426,JAMMU TAWI,NEW DELHI
12427,REWA,ANAND VIHAR
12428,ANAND VIHAR,REWA
12431,TRIVANDRUM C,HAZRAT NIZAM
12432,HAZRAT NIZAM,TRIVANDRUM C
12433,CHENNAI CENT,HAZRAT NIZAM
12434,HAZRAT NIZAM,CHENNAI CENT
12435,DIBRUGARH TO,NEW DELHI
12436,NEW DELHI,DIBRUGARH TO
12437,SECUNDERABAD,HAZRAT NIZAM
12438,HAZRAT NIZAM,SECUNDERABAD
12439,RANCHI,NEW DELHI
12440,NEW DELHI,RANCHI
12441,BILASPUR JN.,NEW DELHI
12442,NEW DELHI,BILASPUR JN.
12443,HALDIA,ANAND VIHAR
12444,ANAND VIHAR,HALDIA
12445,NEW DELHI,SHRI MATA VA
12446,SHRI MATA VA,NEW DELHI
12447,MANIKPUR JN.,HAZRAT NIZAM
12448,HAZRAT NIZAM,MANIKPUR JN.
12449,MADGOAN JN.,CHANDIGARH
12450,CHANDIGARH,MADGOAN JN.
12451,KANPUR CENTR,NEW DELHI
12452,NEW DELHI,KANPUR CENTR
12453,RANCHI,NEW DELHI
12454,NEW DELHI,RANCHI
12455,DELHI-SARAI,BIKANER JN.
12456,BIKANER JN.,DELHI-SARAI
12457,DELHI-SARAI,BIKANER JN.
12458,BIKANER JN.,DELHI-SARAI
12459,NEW DELHI,AMRITSAR JN.
12460,AMRITSAR JN.,NEW DELHI
12461,DELHI JN.,JODHPUR JN.
12462,JODHPUR JN.,DELHI JN.
12463,DELHI-SARAI,JODHPUR JN.
12464,JODHPUR JN.,DELHI-SARAI
12465,INDORE BG,JODHPUR JN.
12466,JODHPUR JN.,INDORE BG
12467,JAISALMER,JAIPUR JN.
12468,JAIPUR JN.,JAISALMER
12469,KANPUR CENTR,JAMMU TAWI
12470,JAMMU TAWI,KANPUR CENTR
12471,BANDRA TERMI,SHRI MATA VA
12472,SHRI MATA VA,BANDRA TERMI
12473,AHMEDABAD,SHRI MATA VA
12474,SHRI MATA VA,AHMEDABAD
12475,HAPA,SHRI MATA VA
12476,SHRI MATA VA,HAPA
12477,JAMNAGAR,SHRI MATA VA
12478,SHRI MATA VA,JAMNAGAR
12479,JODHPUR JN.,BANDRA TERMI
12480,BANDRA TERMI,JODHPUR JN.
12481,DELHI JN.,SHRI GANGANA
12482,SHRI GANGANA,DELHI JN.
12483,KOCHUVELI,AMRITSAR JN.
12484,AMRITSAR JN.,KOCHUVELI
12485,NANDED,SHRI GANGANA
12486,SHRI GANGANA,NANDED
12487,JOGBANI,ANAND VIHAR
12488,ANAND VIHAR,JOGBANI
12489,BIKANER JN.,DADAR
12490,DADAR,BIKANER JN.
12491,BARAUNI JN.,JAMMU TAWI
12492,JAMMU TAWI,BARAUNI JN.
12493,PUNE JN.,HAZRAT NIZAM
12494,HAZRAT NIZAM,PUNE JN.
12495,BIKANER JN.,KOLKATA
12496,KOLKATA,BIKANER JN.
12497,NEW DELHI,AMRITSAR JN.
12498,AMRITSAR JN.,NEW DELHI
12501,GUWAHATI,NEW DELHI
12502,NEW DELHI,GUWAHATI
12503,BANGALORE CA,KAMAKHYA JN
12504,KAMAKHYA JN,BANGALORE CA
12505,GUWAHATI,ANAND VIHAR
12506,ANAND VIHAR,GUWAHATI
12507,TRIVANDRUM C,SILCHAR
12508,SILCHAR,TRIVANDRUM C
12509,BANGALORE CA,GUWAHATI
12510,GUWAHATI,BANGALORE CA
12511,GORAKHPUR JN,TRIVANDRUM C
12512,TRIVANDRUM C,GORAKHPUR JN
12513,SECUNDERABAD,GUWAHATI
12514,GUWAHATI,SECUNDERABAD
12515,TRIVANDRUM C,SILCHAR
12516,SILCHAR,TRIVANDRUM C
12517,KOLKATA,GUWAHATI
12518,GUWAHATI,KOLKATA
12519,LOKMANYA TIL,KAMAKHYA JN
12520,KAMAKHYA JN,LOKMANYA TIL
12521,BARAUNI JN.,ERNAKULAM. J
12522,ERNAKULAM. J,BARAUNI JN.
12523,NEW JALPAIGU,NEW DELHI
12524,NEW DELHI,NEW JALPAIGU
12525,KOLKATA,DIBRUGARH
12526,DIBRUGARH,KOLKATA
12527,RAMNAGAR,CHANDIGARH
12529,PATLIPUTRA,LUCKNOW JN.
12530,LUCKNOW JN.,PATLIPUTRA
12531,GORAKHPUR JN,LUCKNOW JN.
12532,LUCKNOW JN.,GORAKHPUR JN
12533,LUCKNOW JN.,CST-MUMBAI
12534,CST-MUMBAI,LUCKNOW JN.
12535,LUCKNOW JN.,RAIPUR JN.
12536,RAIPUR JN.,LUCKNOW JN.
12537,MUZAFFARPUR,MANDUADIH
12538,MANDUADIH,MUZAFFARPUR
12539,YESVANTPUR J,LUCKNOW JN.
12540,LUCKNOW JN.,YESVANTPUR J
12541,GORAKHPUR JN,LOKMANYA TIL
12542,LOKMANYA TIL,GORAKHPUR JN
12545,RAXAUL JN.,LOKMANYA TIL
12546,LOKMANYA TIL,RAXAUL JN.
12547,AGRA  FORT,AHMEDABAD
12548,AHMEDABAD,AGRA  FORT
12549,DURG,JAMMU TAWI
12550,JAMMU TAWI,DURG
12551,YESVANTPUR J,KAMAKHYA JN
12552,KAMAKHYA JN,YESVANTPUR J
12553,BARAUNI JN.,NEW DELHI
12554,NEW DELHI,BARAUNI JN.
12555,GORAKHPUR JN,HISAR JN
12556,HISAR JN,GORAKHPUR JN
12557,MUZAFFARPUR,ANAND VIHAR
12558,ANAND VIHAR,MUZAFFARPUR
12559,MANDUADIH,NEW DELHI
12560,NEW DELHI,MANDUADIH
12561,JAYNAGAR,NEW DELHI
12562,NEW DELHI,JAYNAGAR
12565,DARBHANGA JN,NEW DELHI
12566,NEW DELHI,DARBHANGA JN
12567,SAHARSA JN.,PATNA JN.
12568,PATNA JN.,SAHARSA JN.
12569,JAYNAGAR,ANAND VIHAR
12570,ANAND VIHAR,JAYNAGAR
12572,ANAND VIHAR,GORAKHPUR JN
12577,DARBHANGA JN,MYSORE JN.
12578,MYSORE JN.,DARBHANGA JN
12581,MANDUADIH,NEW DELHI
12582,NEW DELHI,MANDUADIH
12587,GORAKHPUR JN,JAMMU TAWI
12588,JAMMU TAWI,GORAKHPUR JN
12589,GORAKHPUR JN,SECUNDERABAD
12590,SECUNDERABAD,GORAKHPUR JN
12591,GORAKHPUR JN,YESVANTPUR J
12592,YESVANTPUR J,GORAKHPUR JN
12593,LUCKNOW JN.,BHOPAL
12594,BHOPAL,LUCKNOW JN.
12595,GORAKHPUR JN,ANAND VIHAR
12596,ANAND VIHAR,GORAKHPUR JN
12597,GORAKHPUR JN,CST-MUMBAI
12598,CST-MUMBAI,GORAKHPUR JN
12601,CHENNAI CENT,MANGALORE CE
12602,MANGALORE CE,CHENNAI CENT
12603,CHENNAI CENT,HYDERABAD DE
12604,HYDERABAD DE,CHENNAI CENT
12605,CHENNAI EGMO,KARAIKKUDI
12606,KARAIKKUDI,CHENNAI EGMO
12607,CHENNAI CENT,KRANTIVIRA S
12608,KRANTIVIRA S,CHENNAI CENT
12609,CHENNAI CENT,KRANTIVIRA S
12610,KRANTIVIRA S,CHENNAI CENT
12611,CHENNAI CENT,HAZRAT NIZAM
12612,HAZRAT NIZAM,CHENNAI CENT
12613,MYSORE JN.,KRANTIVIRA S
12614,KRANTIVIRA S,MYSORE JN.
12615,CHENNAI CENT,DELHI-SARAI
12616,DELHI-SARAI,CHENNAI CENT
12617,ERNAKULAM. J,HAZRAT NIZAM
12618,HAZRAT NIZAM,ERNAKULAM. J
12619,LOKMANYA TIL,MANGALORE CE
12620,MANGALORE CE,LOKMANYA TIL
12621,CHENNAI CENT,NEW DELHI
12622,NEW DELHI,CHENNAI CENT
12623,CHENNAI CENT,TRIVANDRUM C
12624,TRIVANDRUM C,CHENNAI CENT
12625,TRIVANDRUM C,NEW DELHI
12626,NEW DELHI,TRIVANDRUM C
12627,KRANTIVIRA S,NEW DELHI
12628,NEW DELHI,KRANTIVIRA S
12629,YESVANTPUR J,HAZRAT NIZAM
12630,HAZRAT NIZAM,YESVANTPUR J
12631,CHENNAI EGMO,TIRUNELVELI
12632,TIRUNELVELI,CHENNAI EGMO
12633,CHENNAI EGMO,KANNIYAKUMAR
12634,KANNIYAKUMAR,CHENNAI EGMO
12635,CHENNAI EGMO,MADURAI JN
12636,MADURAI JN,CHENNAI EGMO
12637,CHENNAI EGMO,MADURAI JN
12638,MADURAI JN,CHENNAI EGMO
12639,CHENNAI CENT,KRANTIVIRA S
12640,KRANTIVIRA S,CHENNAI CENT
12641,KANNIYAKUMAR,HAZRAT NIZAM
12642,HAZRAT NIZAM,KANNIYAKUMAR
12643,TRIVANDRUM C,HAZRAT NIZAM
12644,HAZRAT NIZAM,TRIVANDRUM C
12645,ERNAKULAM. J,HAZRAT NIZAM
12646,HAZRAT NIZAM,ERNAKULAM. J
12647,COIMBATORE,HAZRAT NIZAM
12648,HAZRAT NIZAM,COIMBATORE
12649,YESVANTPUR J,HAZRAT NIZAM
12650,HAZRAT NIZAM,YESVANTPUR J
12651,MADURAI JN,HAZRAT NIZAM
12652,HAZRAT NIZAM,MADURAI JN
12653,CHENNAI EGMO,TIRUCHIRAPPA
12654,TIRUCHIRAPPA,CHENNAI EGMO
12655,AHMEDABAD,CHENNAI CENT
12656,CHENNAI CENT,AHMEDABAD
12657,CHENNAI CENT,KRANTIVIRA S
12658,KRANTIVIRA S,CHENNAI CENT
12659,NAGERCOIL JN,SHALIMAR
12660,SHALIMAR,NAGERCOIL JN
12661,CHENNAI EGMO,SENGOTTAI JN
12662,SENGOTTAI JN,CHENNAI EGMO
12663,HOWRAH JN.,TIRUCHIRAPPA
12664,TIRUCHIRAPPA,HOWRAH JN.
12665,HOWRAH JN.,KANNIYAKUMAR
12666,KANNIYAKUMAR,HOWRAH JN.
12667,CHENNAI EGMO,NAGERCOIL JN
12668,NAGERCOIL JN,CHENNAI EGMO
12669,CHENNAI CENT,CHHAPRA JN.
12670,CHHAPRA JN.,CHENNAI CENT
12671,CHENNAI CENT,METTUPALAIYA
12672,METTUPALAIYA,CHENNAI CENT
12673,CHENNAI CENT,COIMBATORE
12674,COIMBATORE,CHENNAI CENT
12675,CHENNAI CENT,COIMBATORE
12676,COIMBATORE,CHENNAI CENT
12677,KRANTIVIRA S,ERNAKULAM. J
12678,ERNAKULAM. J,KRANTIVIRA S
12679,CHENNAI CENT,COIMBATORE
12680,COIMBATORE,CHENNAI CENT
12681,CHENNAI CENT,COIMBATORE
12682,COIMBATORE,CHENNAI CENT
12683,ERNAKULAM. J,KRANTIVIRA S
12684,KRANTIVIRA S,ERNAKULAM. J
12685,CHENNAI CENT,MANGALORE CE
12686,MANGALORE CE,CHENNAI CENT
12687,MADURAI JN,DEHRA DUN
12688,DEHRA DUN,MADURAI JN
12689,CHENNAI CENT,NAGERCOIL JN
12690,NAGERCOIL JN,CHENNAI CENT
12691,CHENNAI CENT,SRI SATYA SA
12692,SRI SATYA SA,CHENNAI CENT
12693,CHENNAI EGMO,TUTICORIN
12694,TUTICORIN,CHENNAI EGMO
12695,CHENNAI CENT,TRIVANDRUM C
12696,TRIVANDRUM C,CHENNAI CENT
12697,CHENNAI CENT,TRIVANDRUM C
12698,TRIVANDRUM C,CHENNAI CENT
12701,CST-MUMBAI,HYDERABAD DE
12702,HYDERABAD DE,CST-MUMBAI
12703,HOWRAH JN.,SECUNDERABAD
12704,SECUNDERABAD,HOWRAH JN.
12705,GUNTUR JN.,SECUNDERABAD
12706,SECUNDERABAD,GUNTUR JN.
12707,TIRUPATI,HAZRAT NIZAM
12708,HAZRAT NIZAM,TIRUPATI
12709,GUDUR JN.,SECUNDERABAD
12710,SECUNDERABAD,GUDUR JN.
12711,VIJAYWADA JN,CHENNAI CENT
12712,CHENNAI CENT,VIJAYWADA JN
12713,VIJAYWADA JN,SECUNDERABAD
12714,SECUNDERABAD,VIJAYWADA JN
12715,NANDED,AMRITSAR JN.
12716,AMRITSAR JN.,NANDED
12717,VISAKHAPATNA,VIJAYWADA JN
12718,VIJAYWADA JN,VISAKHAPATNA
12719,AJMER JN.,HYDERABAD DE
12720,HYDERABAD DE,AJMER JN.
12721,HYDERABAD DE,HAZRAT NIZAM
12722,HAZRAT NIZAM,HYDERABAD DE
12723,HYDERABAD DE,NEW DELHI
12724,NEW DELHI,HYDERABAD DE
12725,KRANTIVIRA S,DHARWAD
12726,DHARWAD,KRANTIVIRA S
12727,VISAKHAPATNA,HYDERABAD DE
12728,HYDERABAD DE,VISAKHAPATNA
12729,PUNE JN.,NANDED
12730,NANDED,PUNE JN.
12731,TIRUPATI,SECUNDERABAD
12732,SECUNDERABAD,TIRUPATI
12733,TIRUPATI,SECUNDERABAD
12734,SECUNDERABAD,TIRUPATI
12735,SECUNDERABAD,YESVANTPUR J
12736,YESVANTPUR J,SECUNDERABAD
12737,KAKINADA POR,SECUNDERABAD
12738,SECUNDERABAD,KAKINADA POR
12739,VISAKHAPATNA,SECUNDERABAD
12740,SECUNDERABAD,VISAKHAPATNA
12741,VASCO-DA-GAM,PATNA JN.
12742,PATNA JN.,VASCO-DA-GAM
12747,GUNTUR JN.,VIKRABAD JN.
12748,VIKRABAD JN.,GUNTUR JN.
12749,MACHILIPATNA,SECUNDERABAD
12750,SECUNDERABAD,MACHILIPATNA
12757,SECUNDERABAD,SIRPURKAGHAZ
12758,SIRPURKAGHAZ,SECUNDERABAD
12759,CHENNAI CENT,HYDERABAD DE
12760,HYDERABAD DE,CHENNAI CENT
12761,TIRUPATI,KARIM NAGAR
12762,KARIM NAGAR,TIRUPATI
12763,TIRUPATI,SECUNDERABAD
12764,SECUNDERABAD,TIRUPATI
12765,TIRUPATI,AMRAVATI
12766,AMRAVATI,TIRUPATI
12767,NANDED,SANTRAGACHI
12768,SANTRAGACHI,NANDED
12769,TIRUPATI,SECUNDERABAD
12770,SECUNDERABAD,TIRUPATI
12771,SECUNDERABAD,NAGPUR JN.(C
12772,NAGPUR JN.(C,SECUNDERABAD
12773,SHALIMAR,SECUNDERABAD
12774,SECUNDERABAD,SHALIMAR
12775,KAKINADA TOW,SECUNDERABAD
12776,SECUNDERABAD,KAKINADA TOW
12777,HUBLI JN.,KOCHUVELI
12778,KOCHUVELI,HUBLI JN.
12779,VASCO-DA-GAM,HAZRAT NIZAM
12780,HAZRAT NIZAM,VASCO-DA-GAM
12781,MYSORE JN.,HAZRAT NIZAM
12782,HAZRAT NIZAM,MYSORE JN.
12783,VISAKHAPATNA,SECUNDERABAD
12784,SECUNDERABAD,VISAKHAPATNA
12785,KACHEGUDA,KRANTIVIRA S
12786,KRANTIVIRA S,KACHEGUDA
12791,SECUNDERABAD,DANAPUR
12792,DANAPUR,SECUNDERABAD
12795,VIJAYWADA JN,SECUNDERABAD
12796,SECUNDERABAD,VIJAYWADA JN
12797,KACHEGUDA,CHITTOOR
12798,CHITTOOR,KACHEGUDA
12801,PURI,NEW DELHI
12802,NEW DELHI,PURI
12803,VISAKHAPATNA,HAZRAT NIZAM
12804,HAZRAT NIZAM,VISAKHAPATNA
12805,VISAKHAPATNA,SECUNDERABAD
12806,SECUNDERABAD,VISAKHAPATNA
12807,VISAKHAPATNA,HAZRAT NIZAM
12808,HAZRAT NIZAM,VISAKHAPATNA
12809,CST-MUMBAI,HOWRAH JN.
12810,HOWRAH JN.,CST-MUMBAI
12811,LOKMANYA TIL,HATIA
12812,HATIA,LOKMANYA TIL
12813,HOWRAH JN.,TATANAGAR JN
12814,TATANAGAR JN,HOWRAH JN.
12815,PURI,NEW DELHI
12816,NEW DELHI,PURI
12817,HATIA,ANAND VIHAR
12818,ANAND VIHAR,HATIA
12819,BHUBANESWAR,ANAND VIHAR
12820,ANAND VIHAR,BHUBANESWAR
12821,HOWRAH JN.,PURI
12822,PURI,HOWRAH JN.
12823,DURG,HAZRAT NIZAM
12824,HAZRAT NIZAM,DURG
12825,RANCHI,NEW DELHI
12826,NEW DELHI,RANCHI
12827,HOWRAH JN.,PURULIA JN.
12828,PURULIA JN.,HOWRAH JN.
12829,CHENNAI CENT,BHUBANESWAR
12830,BHUBANESWAR,CHENNAI CENT
12831,BOKARO STEEL,BHUBANESWAR
12832,BHUBANESWAR,BOKARO STEEL
12833,AHMEDABAD,HOWRAH JN.
12834,HOWRAH JN.,AHMEDABAD
12835,HATIA,YESVANTPUR J
12836,YESVANTPUR J,HATIA
12837,HOWRAH JN.,PURI
12838,PURI,HOWRAH JN.
12839,HOWRAH JN.,CHENNAI CENT
12840,CHENNAI CENT,HOWRAH JN.
12841,HOWRAH JN.,CHENNAI CENT
12842,CHENNAI CENT,HOWRAH JN.
12843,PURI,AHMEDABAD
12844,AHMEDABAD,PURI
12845,BHUBANESWAR,BANGALORE CA
12846,BANGALORE CA,BHUBANESWAR
12847,HOWRAH JN.,DIGHA FS
12848,DIGHA FS,HOWRAH JN.
12849,BILASPUR JN.,PUNE JN.
12850,PUNE JN.,BILASPUR JN.
12851,BILASPUR JN.,CHENNAI CENT
12852,CHENNAI CENT,BILASPUR JN.
12853,DURG,BHOPAL
12854,BHOPAL,DURG
12855,BILASPUR JN.,NAGPUR JN.(C
12856,NAGPUR JN.(C,BILASPUR JN.
12857,HOWRAH JN.,DIGHA FS
12858,DIGHA FS,HOWRAH JN.
12859,CST-MUMBAI,HOWRAH JN.
12860,HOWRAH JN.,CST-MUMBAI
12861,VISAKHAPATNA,KAZIPET JN.
12862,KAZIPET JN.,VISAKHAPATNA
12863,HOWRAH JN.,YESVANTPUR J
12864,YESVANTPUR J,HOWRAH JN.
12865,HOWRAH JN.,PURULIA JN.
12866,PURULIA JN.,HOWRAH JN.
12867,HOWRAH JN.,PONDICHERRY
12868,PONDICHERRY,HOWRAH JN.
12869,CST-MUMBAI,HOWRAH JN.
12870,HOWRAH JN.,CST-MUMBAI
12871,HOWRAH JN.,TITLA GARH J
12872,TITLA GARH J,HOWRAH JN.
12873,HATIA,ANAND VIHAR
12874,ANAND VIHAR,HATIA
12875,PURI,NEW DELHI
12876,NEW DELHI,PURI
12877,RANCHI,NEW DELHI
12878,NEW DELHI,RANCHI
12879,LOKMANYA TIL,BHUBANESWAR
12880,BHUBANESWAR,LOKMANYA TIL
12881,HOWRAH JN.,PURI
12882,PURI,HOWRAH JN.
12883,SANTRAGACHI,PURULIA JN.
12884,PURULIA JN.,HOWRAH JN.
12885,SHALIMAR,BHOJUDIH JN.
12886,BHOJUDIH JN.,SHALIMAR
12887,HOWRAH JN.,PURI
12888,PURI,HOWRAH JN.
12889,TATANAGAR JN,YESVANTPUR J
12890,YESVANTPUR J,TATANAGAR JN
12891,BANGRIPOSI,BHUBANESWAR
12892,BHUBANESWAR,BANGRIPOSI
12893,BHUBANESWAR,BALANGIR
12894,BALANGIR,BHUBANESWAR
12895,HOWRAH JN.,PURI
12896,PURI,HOWRAH JN.
12897,PONDICHERRY,BHUBANESWAR
12898,BHUBANESWAR,PONDICHERRY
12901,MUMBAI CENTR,AHMEDABAD
12902,AHMEDABAD,MUMBAI CENTR
12903,MUMBAI CENTR,AMRITSAR JN.
12904,AMRITSAR JN.,MUMBAI CENTR
12905,PORBANDAR,HOWRAH JN.
12906,HOWRAH JN.,PORBANDAR
12907,BANDRA TERMI,HAZRAT NIZAM
12908,HAZRAT NIZAM,BANDRA TERMI
12909,BANDRA TERMI,HAZRAT NIZAM
12910,HAZRAT NIZAM,BANDRA TERMI
12911,VALSAD,HARIDWAR JN
12912,HARIDWAR JN,VALSAD
12913,INDORE BG,NAGPUR JN.(C
12914,NAGPUR JN.(C,INDORE BG
12915,AHMEDABAD,DELHI JN.
12916,DELHI JN.,AHMEDABAD
12917,AHMEDABAD,HAZRAT NIZAM
12918,HAZRAT NIZAM,AHMEDABAD
12919,INDORE BG,SHRI MATA VA
12920,SHRI MATA VA,INDORE BG
12921,MUMBAI CENTR,SURAT
12922,SURAT,MUMBAI CENTR
12923,INDORE BG,NAGPUR JN.(C
12924,NAGPUR JN.(C,INDORE BG
12925,BANDRA TERMI,AMRITSAR JN.
12926,AMRITSAR JN.,BANDRA TERMI
12927,MUMBAI CENTR,VADODARA JN.
12928,VADODARA JN.,MUMBAI CENTR
12929,VALSAD,DAHOD
12930,DAHOD,VALSAD
12931,MUMBAI CENTR,AHMEDABAD
12932,AHMEDABAD,MUMBAI CENTR
12933,MUMBAI CENTR,AHMEDABAD
12934,AHMEDABAD,MUMBAI CENTR
12935,BANDRA TERMI,SURAT
12936,SURAT,BANDRA TERMI
12937,GANDHIDHAM J,HOWRAH JN.
12938,HOWRAH JN.,GANDHIDHAM J
12939,PUNE JN.,JAIPUR JN.
12940,JAIPUR JN.,PUNE JN.
12941,BHAVNAGAR TE,ASANSOL MAIN
12942,ASANSOL MAIN,BHAVNAGAR TE
12943,VALSAD,KANPUR CENTR
12944,KANPUR CENTR,VALSAD
12946,MAHUVA,SURAT
12947,AHMEDABAD,PATNA JN.
12948,PATNA JN.,AHMEDABAD
12949,PORBANDAR,SANTRAGACHI
12950,SANTRAGACHI,PORBANDAR
12951,MUMBAI CENTR,NEW DELHI
12952,NEW DELHI,MUMBAI CENTR
12953,MUMBAI CENTR,HAZRAT NIZAM
12954,HAZRAT NIZAM,MUMBAI CENTR
12955,MUMBAI CENTR,JAIPUR JN.
12956,JAIPUR JN.,MUMBAI CENTR
12957,AHMEDABAD,NEW DELHI
12958,NEW DELHI,AHMEDABAD
12959,DADAR,NEW BHUJ
12960,NEW BHUJ,DADAR
12961,MUMBAI CENTR,INDORE BG
12962,INDORE BG,MUMBAI CENTR
12963,HAZRAT NIZAM,UDAIPUR CITY
12964,UDAIPUR CITY,HAZRAT NIZAM
12967,CHENNAI CENT,JAIPUR JN.
12968,JAIPUR JN.,CHENNAI CENT
12969,COIMBATORE,JAIPUR JN.
12970,JAIPUR JN.,COIMBATORE
12971,BANDRA TERMI,BHAVNAGAR TE
12972,BHAVNAGAR TE,BANDRA TERMI
12973,INDORE BG,JAIPUR JN.
12974,JAIPUR JN.,INDORE BG
12975,MYSORE JN.,JAIPUR JN.
12976,JAIPUR JN.,MYSORE JN.
12977,ERNAKULAM. J,THIVIM
12978,KANNUR,ERNAKULAM. J
12979,BANDRA TERMI,JAIPUR JN.
12980,JAIPUR JN.,BANDRA TERMI
12981,DELHI-SARAI,UDAIPUR CITY
12982,UDAIPUR CITY,DELHI-SARAI
12983,AJMER JN.,CHANDIGARH
12984,CHANDIGARH,AJMER JN.
12985,JAIPUR JN.,DELHI-SARAI
12986,DELHI-SARAI,JAIPUR JN.
12987,SEALDAH,AJMER JN.
12988,AJMER JN.,SEALDAH
12989,DADAR,AJMER JN.
12990,AJMER JN.,DADAR
12991,UDAIPUR CITY,JAIPUR JN.
12992,JAIPUR JN.,UDAIPUR CITY
12993,GANDHIDHAM J,PURI
12994,PURI,GANDHIDHAM J
12995,BANDRA TERMI,UDAIPUR CITY
12996,UDAIPUR CITY,BANDRA TERMI
13005,HOWRAH JN.,AMRITSAR JN.
13006,AMRITSAR JN.,HOWRAH JN.
13007,HOWRAH JN.,SHRI GANGANA
13008,SHRI GANGANA,HOWRAH JN.
13009,HOWRAH JN.,DEHRA DUN
13010,DEHRA DUN,HOWRAH JN.
13011,HOWRAH JN.,MALDA TOWN
13012,MALDA TOWN,HOWRAH JN.
13013,BARDDHAMAN J,RAMPUR HAT
13014,RAMPUR HAT,BARDDHAMAN J
13015,HOWRAH JN.,BOLPUR
13016,BOLPUR,HOWRAH JN.
13017,HOWRAH JN.,AZIMGANJ JN.
13018,AZIMGANJ JN.,HOWRAH JN.
13019,HOWRAH JN.,KATHGODAM
13020,KATHGODAM,HOWRAH JN.
13021,HOWRAH JN.,RAXAUL JN.
13022,RAXAUL JN.,HOWRAH JN.
13023,HOWRAH JN.,GAYA JN.
13024,GAYA JN.,HOWRAH JN.
13027,HOWRAH JN.,AZIMGANJ JN.
13028,AZIMGANJ JN.,HOWRAH JN.
13033,HOWRAH JN.,KATIHAR JN.
13034,KATIHAR JN.,HOWRAH JN.
13043,HOWRAH JN.,RAXAUL JN.
13044,RAXAUL JN.,HOWRAH JN.
13049,HOWRAH JN.,AMRITSAR JN.
13050,AMRITSAR JN.,HOWRAH JN.
13053,HOWRAH JN.,SIURI
13054,SIURI,HOWRAH JN.
13063,HOWRAH JN.,BALURGHAT
13064,BALURGHAT,HOWRAH JN.
13071,HOWRAH JN.,JAMALPUR JN.
13072,JAMALPUR JN.,HOWRAH JN.
13103,SEALDAH,LALGOLA
13104,LALGOLA,SEALDAH
13105,SEALDAH,BALLIA
13106,BALLIA,SEALDAH
13109,KOLKATA,GEDE
13110,GEDE,KOLKATA
13113,KOLKATA,LALGOLA
13114,LALGOLA,KOLKATA
13117,KOLKATA,LALGOLA
13118,LALGOLA,KOLKATA
13119,SEALDAH,ANAND VIHAR
13120,ANAND VIHAR,SEALDAH
13121,KOLKATA,GHAZIPUR CIT
13122,GHAZIPUR CIT,KOLKATA
13129,KOLKATA,PETRAPOLE
13130,PETRAPOLE,KOLKATA
13131,KOLKATA,PATNA JN.
13132,PATNA JN.,KOLKATA
13133,SEALDAH,VARANASI JN.
13134,VARANASI JN.,SEALDAH
13135,KOLKATA,JAYNAGAR
13136,JAYNAGAR,KOLKATA
13137,KOLKATA,AZAMGARH
13138,AZAMGARH,KOLKATA
13141,SEALDAH,NEW ALIPURDU
13142,NEW ALIPURDU,SEALDAH
13145,KOLKATA,RADHIKAPUR
13146,RADHIKAPUR,KOLKATA
13147,SEALDAH,NEW COOCH BE
13148,NEW COOCH BE,SEALDAH
13149,SEALDAH,ALIPUR DUAR
13150,ALIPUR DUAR,SEALDAH
13151,KOLKATA,JAMMU TAWI
13152,JAMMU TAWI,KOLKATA
13153,SEALDAH,MALDA TOWN
13154,MALDA TOWN,SEALDAH
13155,KOLKATA,SITAMARHI
13156,SITAMARHI,KOLKATA
13157,KOLKATA,MUZAFFARPUR
13158,MUZAFFARPUR,KOLKATA
13159,KOLKATA,JOGBANI
13160,JOGBANI,KOLKATA
13161,KOLKATA,BALURGHAT
13162,BALURGHAT,KOLKATA
13163,SEALDAH,SAHARSA JN.
13164,SAHARSA JN.,SEALDAH
13165,KOLKATA,SITAMARHI
13166,SITAMARHI,KOLKATA
13167,KOLKATA,AGRA CANTT
13168,AGRA CANTT,KOLKATA
13169,SEALDAH,SAHARSA JN.
13170,SAHARSA JN.,SEALDAH
13185,SEALDAH,JAYNAGAR
13186,JAYNAGAR,SEALDAH
13187,SEALDAH,RAMPUR HAT
13188,RAMPUR HAT,SEALDAH
13201,RAJENDRANAGA,LOKMANYA TIL
13202,LOKMANYA TIL,RAJENDRANAGA
13205,SAHARSA JN.,DANAPUR
13206,DANAPUR,SAHARSA JN.
13225,JAYNAGAR,RAJENDRANAGA
13226,RAJENDRANAGA,JAYNAGAR
13233,RAJGIR,DANAPUR
13234,DANAPUR,RAJGIR
13235,SAHIBGANJ,DANAPUR
13236,DANAPUR,SAHIBGANJ
13237,PATNA JN.,KOTA
13238,KOTA,PATNA JN.
13239,PATNA JN.,KOTA
13240,KOTA,PATNA JN.
13241,BANKA,RAJENDRANAGA
13242,RAJENDRANAGA,BANKA
13243,PATNA JN.,BHABUA ROAD
13244,BHABUA ROAD,PATNA JN.
13245,NEW JALPAIGU,RAJENDRANAGA
13246,RAJENDRANAGA,NEW JALPAIGU
13247,KAMAKHYA JN,RAJENDRANAGA
13248,RAJENDRANAGA,KAMAKHYA JN
13249,PATNA JN.,BHABUA ROAD
13250,BHABUA ROAD,PATNA JN.
13257,DANAPUR,ANAND VIHAR
13258,ANAND VIHAR,DANAPUR
13287,DURG,RAJENDRANAGA
13288,RAJENDRANAGA,DURG
13301,DHANBAD JN.,TATANAGAR JN
13302,TATANAGAR JN,DHANBAD JN.
13303,DHANBAD JN.,RANCHI
13304,RANCHI,DHANBAD JN.
13305,DHANBAD JN.,GAYA JN.
13306,GAYA JN.,DHANBAD JN.
13307,DHANBAD JN.,FIROZPUR CAN
13308,FIROZPUR CAN,DHANBAD JN.
13319,DEOGHAR,RANCHI
13320,RANCHI,DEOGHAR
13329,DHANBAD JN.,PATNA JN.
13330,PATNA JN.,DHANBAD JN.
13331,DHANBAD JN.,PATNA JN.
13332,PATNA JN.,DHANBAD JN.
13345,VARANASI JN.,SINGRAULI
13346,SINGRAULI,VARANASI JN.
13347,BARKAKANA,PATNA JN.
13348,PATNA JN.,BARKAKANA
13351,DHANBAD JN.,ALLEPPEY
13352,ALLEPPEY,DHANBAD JN.
13401,BHAGALPUR,DANAPUR
13402,DANAPUR,BHAGALPUR
13403,RANCHI,BHAGALPUR
13404,BHAGALPUR,RANCHI
13409,MALDA TOWN,JAMALPUR JN.
13410,JAMALPUR JN.,MALDA TOWN
13413,MALDA TOWN,DELHI JN.
13414,DELHI JN.,MALDA TOWN
13415,MALDA TOWN,PATNA JN.
13416,PATNA JN.,MALDA TOWN
13417,DIGHA FS,MALDA TOWN
13418,MALDA TOWN,DIGHA FS
13419,BHAGALPUR,MUZAFFARPUR
13420,MUZAFFARPUR,BHAGALPUR
13421,NABADWIP DHA,MALDA TOWN
13422,MALDA TOWN,NABADWIP DHA
13423,BHAGALPUR,AJMER JN.
13424,AJMER JN.,BHAGALPUR
13425,MALDA TOWN,SURAT
13426,SURAT,MALDA TOWN
13429,MALDA TOWN,ANAND VIHAR
13430,ANAND VIHAR,MALDA TOWN
13465,HOWRAH JN.,MALDA TOWN
13466,MALDA TOWN,HOWRAH JN.
13483,MALDA TOWN,DELHI JN.
13484,DELHI JN.,MALDA TOWN
13501,HALDIA,ASANSOL MAIN
13502,ASANSOL MAIN,HALDIA
13505,DIGHA FS,ASANSOL MAIN
13506,ASANSOL MAIN,DIGHA FS
13507,ASANSOL MAIN,GORAKHPUR JN
13508,GORAKHPUR JN,ASANSOL MAIN
13509,ASANSOL MAIN,GONDA JN.
13510,GONDA JN.,ASANSOL MAIN
13511,TATANAGAR JN,ASANSOL MAIN
13512,ASANSOL MAIN,TATANAGAR JN
14001,DELHI JN.,ATARI JN
14002,ATARI JN,DELHI JN.
14003,MALDA TOWN,NEW DELHI
14004,NEW DELHI,MALDA TOWN
14005,SITAMARHI,ANAND VIHAR
14006,ANAND VIHAR,SITAMARHI
14007,RAXAUL JN.,ANAND VIHAR
14008,ANAND VIHAR,RAXAUL JN.
14011,DELHI JN.,HOSHIARPUR
14012,HOSHIARPUR,DELHI JN.
14013,SULTANPUR JN,ANAND VIHAR
14014,ANAND VIHAR,SULTANPUR JN
14015,RAXAUL JN.,ANAND VIHAR
14016,ANAND VIHAR,RAXAUL JN.
14017,RAXAUL JN.,ANAND VIHAR
14018,ANAND VIHAR,RAXAUL JN.
14019,AGARTALA,ANAND VIHAR
14020,ANAND VIHAR,AGARTALA
14021,DELHI-SARAI,SIKAR JN.
14022,SIKAR JN.,DELHI-SARAI
14033,DELHI JN.,SHRI MATA VA
14034,SHRI MATA VA,DELHI JN.
14035,DELHI JN.,PATHANKOT JN
14036,PATHANKOT JN,DELHI JN.
14041,DELHI-SARAI,DEHRA DUN
14042,DEHRA DUN,DELHI-SARAI
14043,KOTDWARA,DELHI JN.
14044,DELHI JN.,KOTDWARA
14055,DIBRUGARH,DELHI JN.
14056,DELHI JN.,DIBRUGARH
14085,TILAK BRIDGE,SIRSA
14086,SIRSA,TILAK BRIDGE
14095,DELHI-SARAI,KALKA
14096,KALKA,DELHI-SARAI
14101,PRAYAG JN.,KANPUR CENTR
14102,KANPUR CENTR,PRAYAG JN.
14109,CHITRAKUTDHA,KANPUR CENTR
14110,KANPUR CENTR,CHITRAKUTDHA
14113,ALIGARH JN.,DEHRA DUN
14114,DEHRA DUN,ALIGARH JN.
14115,ALLAHABAD JN,HARIDWAR JN
14116,HARIDWAR JN,ALLAHABAD JN
14117,ALLAHABAD JN,BASTI
14118,BASTI,ALLAHABAD JN
14119,KATHGODAM,DEHRA DUN
14120,DEHRA DUN,KATHGODAM
14123,PARTAPGARH J,KANPUR CENTR
14124,KANPUR CENTR,PARTAPGARH J
14125,ALLAHABAD JN,MANKAPUR JN.
14126,MANKAPUR JN.,ALLAHABAD JN
14151,KANPUR CENTR,ANAND VIHAR
14152,ANAND VIHAR,KANPUR CENTR
14163,ALLAHABAD JN,MEERUT CITY
14164,MEERUT CITY,ALLAHABAD JN
14201,JAUNPUR JN.,RAE BARELI J
14202,RAE BARELI J,JAUNPUR JN.
14203,VARANASI JN.,LUCKNOW JN.
14204,LUCKNOW JN.,VARANASI JN.
14205,FAIZABAD JN.,DELHI JN.
14206,DELHI JN.,FAIZABAD JN.
14207,PARTAPGARH J,DELHI JN.
14208,DELHI JN.,PARTAPGARH J
14209,PRAYAG JN.,LUCKNOW JN.
14210,LUCKNOW JN.,PRAYAG JN.
14211,AGRA CANTT,NEW DELHI
14212,NEW DELHI,AGRA CANTT
14213,VARANASI JN.,GONDA JN.
14214,GONDA JN.,VARANASI JN.
14215,ALLAHABAD JN,LUCKNOW JN.
14216,LUCKNOW JN.,ALLAHABAD JN
14217,PRAYAG JN.,CHANDIGARH
14218,CHANDIGARH,PRAYAG JN.
14219,VARANASI JN.,LUCKNOW JN.
14220,LUCKNOW JN.,VARANASI JN.
14221,FAIZABAD JN.,KANPUR ANWAR
14222,KANPUR ANWAR,FAIZABAD JN.
14227,VARANASI JN.,LUCKNOW JN.
14228,LUCKNOW JN.,VARANASI JN.
14235,VARANASI JN.,BAREILLY JN.
14236,BAREILLY JN.,VARANASI JN.
14257,VARANASI JN.,NEW DELHI
14258,NEW DELHI,VARANASI JN.
14260,LUCKNOW JN.,MUGHAL SARAI
14265,VARANASI JN.,DEHRA DUN
14266,DEHRA DUN,VARANASI JN.
14307,PRAYAG JN.,BAREILLY JN.
14308,BAREILLY JN.,PRAYAG JN.
14309,UJJAIN JN,DEHRA DUN
14310,DEHRA DUN,UJJAIN JN
14311,BAREILLY JN.,NEW BHUJ
14312,NEW BHUJ,BAREILLY JN.
14313,LOKMANYA TIL,BAREILLY JN.
14314,BAREILLY JN.,LOKMANYA TIL
14315,BAREILLY JN.,NEW DELHI
14316,NEW DELHI,BAREILLY JN.
14317,INDORE BG,DEHRA DUN
14318,DEHRA DUN,INDORE BG
14319,INDORE BG,BAREILLY JN.
14320,BAREILLY JN.,INDORE BG
14321,BAREILLY JN.,NEW BHUJ
14322,NEW BHUJ,BAREILLY JN.
14323,NEW DELHI,ROHTAK JN.
14324,ROHTAK JN.,NEW DELHI
14369,SINGRAULI,BAREILLY JN.
14370,BAREILLY JN.,SINGRAULI
14371,BARWADIH JN,CHOPAN
14372,CHOPAN,BARWADIH JN
14501,BATHINDA JN,JAMMU TAWI
14502,JAMMU TAWI,BATHINDA JN
14503,KALKA,SHRI MATA VA
14504,SHRI MATA VA,KALKA
14505,AMRITSAR JN.,NANGAL DAM
14506,NANGAL DAM,AMRITSAR JN.
14511,ALLAHABAD JN,SAHARANPUR J
14512,SAHARANPUR J,ALLAHABAD JN
14519,DELHI JN.,BATHINDA JN
14520,BATHINDA JN,DELHI JN.
14521,DELHI JN.,AMBALA CANTT
14522,AMBALA CANTT,DELHI JN.
14523,BARAUNI JN.,AMBALA CANTT
14524,AMBALA CANTT,BARAUNI JN.
14525,AMBALA CANTT,SHRI GANGANA
14526,SHRI GANGANA,AMBALA CANTT
14545,FARUKHNAGAR,SAHARANPUR J
14546,SAHARANPUR J,FARUKHNAGAR
14553,DELHI JN.,AMB  ANDAURA
14554,AMB  ANDAURA,DELHI JN.
14555,BAREILLY JN.,DELHI JN.
14556,DELHI JN.,BAREILLY JN.
14601,FIROZPUR CAN,SHRI GANGANA
14602,SHRI GANGANA,FIROZPUR CAN
14603,SAHARSA JN.,AMRITSAR JN.
14604,AMRITSAR JN.,SAHARSA JN.
14609,RISHIKESH,SHRI MATA VA
14610,SHRI MATA VA,RISHIKESH
14611,GHAZIPUR CIT,SHRI MATA VA
14613,CHANDIGARH,FIROZPUR CAN
14614,FIROZPUR CAN,CHANDIGARH
14615,LALKUA JN.,AMRITSAR JN.
14616,AMRITSAR JN.,LALKUA JN.
14623,CHHINWARA JN,DELHI-SARAI
14624,DELHI-SARAI,CHHINWARA JN
14625,DELHI-SARAI,FIROZPUR CAN
14626,FIROZPUR CAN,DELHI-SARAI
14629,LUDHIANA JN.,FIROZPUR CAN
14630,FIROZPUR CAN,LUDHIANA JN.
14631,DEHRA DUN,AMRITSAR JN.
14632,AMRITSAR JN.,DEHRA DUN
14633,AMRITSAR JN.,PATHANKOT JN
14634,PATHANKOT JN,AMRITSAR JN.
14645,DELHI JN.,JAMMU TAWI
14646,JAMMU TAWI,DELHI JN.
14649,JAYNAGAR,AMRITSAR JN.
14650,AMRITSAR JN.,JAYNAGAR
14659,DELHI JN.,JAISALMER
14660,JAISALMER,DELHI JN.
14661,JODHPUR JN.,BARMER
14662,BARMER,JODHPUR JN.
14673,JAYNAGAR,AMRITSAR JN.
14674,AMRITSAR JN.,JAYNAGAR
14681,NEW DELHI,JALANDHAR CI
14682,JALANDHAR CI,NEW DELHI
14703,JAISALMER,LALGARH JN.
14704,LALGARH JN.,JAISALMER
14707,BIKANER JN.,BANDRA TERMI
14708,BANDRA TERMI,BIKANER JN.
14709,BIKANER JN.,PURI
14710,PURI,BIKANER JN.
14711,HARIDWAR JN,SHRI GANGANA
14712,SHRI GANGANA,HARIDWAR JN
14713,SHRI GANGANA,JAMMU TAWI
14714,JAMMU TAWI,SHRI GANGANA
14715,HISAR JN,HARIDWAR JN
14716,HARIDWAR JN,HISAR JN
14717,BIKANER JN.,HARIDWAR JN
14718,HARIDWAR JN,BIKANER JN.
14723,KANPUR CENTR,BHIWANI JN.
14724,BHIWANI JN.,KANPUR CENTR
14731,DELHI JN.,FAZILKA JN.
14732,FAZILKA JN.,DELHI JN.
14795,BHIWANI JN.,PANIPAT JN.
14796,PANIPAT JN.,BHIWANI JN.
14801,JODHPUR JN.,INDORE BG
14803,BHAGAT-KI-KO,AHMEDABAD
14804,AHMEDABAD,BHAGAT-KI-KO
14805,YESVANTPUR J,BARMER
14806,BARMER,YESVANTPUR J
14807,JAIPUR JN.,ALWAR JN.
14808,ALWAR JN.,JAIPUR JN.
14809,JAISALMER,JODHPUR JN.
14810,JODHPUR JN.,JAISALMER
14811,SIKAR JN.,DELHI-SARAI
14812,DELHI-SARAI,SIKAR JN.
14853,VARANASI JN.,JODHPUR JN.
14854,JODHPUR JN.,VARANASI JN.
14863,VARANASI JN.,JODHPUR JN.
14864,JODHPUR JN.,VARANASI JN.
14865,VARANASI JN.,JODHPUR JN.
14866,JODHPUR JN.,VARANASI JN.
14887,KALKA,BARMER
14888,BARMER,KALKA
14889,BHAGAT-KI-KO,MUNABAO
14890,MUNABAO,BHAGAT-KI-KO
15001,MUZAFFARPUR,DEHRA DUN
15002,DEHRA DUN,MUZAFFARPUR
15003,KANPUR ANWAR,GORAKHPUR JN
15004,GORAKHPUR JN,KANPUR ANWAR
15005,GORAKHPUR JN,DEHRA DUN
15006,DEHRA DUN,GORAKHPUR JN
15007,VARANASI CIT,LUCKNOW JN.
15008,LUCKNOW JN.,VARANASI CIT
15009,GORAKHPUR JN,GOMTINAGAR F
15011,LUCKNOW JN.,CHANDIGARH
15012,CHANDIGARH,LUCKNOW JN.
15013,JAISALMER,KATHGODAM
15014,KATHGODAM,JAISALMER
15015,GORAKHPUR JN,YESVANTPUR J
15016,YESVANTPUR J,GORAKHPUR JN
15017,LOKMANYA TIL,GORAKHPUR JN
15018,GORAKHPUR JN,LOKMANYA TIL
15019,GORAKHPUR JN,NAUTANWA
15020,NAUTANWA,GORAKHPUR JN
15021,SHALIMAR,GORAKHPUR JN
15022,GORAKHPUR JN,SHALIMAR
15023,GORAKHPUR JN,YESVANTPUR J
15024,YESVANTPUR J,GORAKHPUR JN
15025,MAU JN.,ANAND VIHAR
15026,ANAND VIHAR,MAU JN.
15027,HATIA,GORAKHPUR JN
15028,GORAKHPUR JN,HATIA
15029,GORAKHPUR JN,PUNE JN.
15030,PUNE JN.,GORAKHPUR JN
15033,HARIDWAR JN,RAMNAGAR
15034,RAMNAGAR,HARIDWAR JN
15035,DELHI JN.,KATHGODAM
15036,KATHGODAM,DELHI JN.
15037,KANPUR CENTR,KASGANJ JN.
15038,KASGANJ JN.,KANPUR CENTR
15039,FARRUKHABAD,KASGANJ JN.
15040,KASGANJ JN.,FARRUKHABAD
15041,FARRUKHABAD,KASGANJ JN.
15042,KASGANJ JN.,FARRUKHABAD
15043,LUCKNOW JN.,KATHGODAM
15044,KATHGODAM,LUCKNOW JN.
15045,GORAKHPUR JN,OKHA
15046,OKHA,GORAKHPUR JN
15047,KOLKATA,GORAKHPUR JN
15048,GORAKHPUR JN,KOLKATA
15049,KOLKATA,GORAKHPUR JN
15050,GORAKHPUR JN,KOLKATA
15051,KOLKATA,GORAKHPUR JN
15052,GORAKHPUR JN,KOLKATA
15053,CHHAPRA JN.,LUCKNOW JN.
15054,LUCKNOW JN.,CHHAPRA JN.
15055,AGRA  FORT,RAMNAGAR
15056,RAMNAGAR,AGRA  FORT
15057,GORAKHPUR JN,ANAND VIHAR
15058,ANAND VIHAR,GORAKHPUR JN
15059,LALKUA JN.,ANAND VIHAR
15060,ANAND VIHAR,LALKUA JN.
15063,GORAKHPUR JN,LOKMANYA TIL
15064,LOKMANYA TIL,GORAKHPUR JN
15065,GORAKHPUR JN,PANVEL
15066,PANVEL,GORAKHPUR JN
15067,GORAKHPUR JN,BANDRA TERMI
15068,BANDRA TERMI,GORAKHPUR JN
15069,GORAKHPUR JN,BADSHAHNAGAR
15070,BADSHAHNAGAR,GORAKHPUR JN
15097,BHAGALPUR,JAMMU TAWI
15098,JAMMU TAWI,BHAGALPUR
15101,CHHAPRA JN.,CST-MUMBAI
15102,CST-MUMBAI,CHHAPRA JN.
15103,GORAKHPUR JN,MANDUADIH
15104,MANDUADIH,GORAKHPUR JN
15105,CHHAPRA JN.,GORAKHPUR JN
15106,GORAKHPUR JN,CHHAPRA JN.
15111,CHHAPRA JN.,VARANASI CIT
15112,VARANASI CIT,CHHAPRA JN.
15115,CHHAPRA JN.,DELHI JN.
15116,DELHI JN.,CHHAPRA JN.
15117,MANDUADIH,JABALPUR
15118,JABALPUR,MANDUADIH
15119,RAMESWARAM,MANDUADIH
15120,MANDUADIH,RAMESWARAM
15159,CHHAPRA JN.,DURG
15160,DURG,CHHAPRA JN.
15201,PATLIPUTRA,RAXAUL JN.
15202,RAXAUL JN.,PATLIPUTRA
15203,BARAUNI JN.,LUCKNOW JN.
15204,LUCKNOW JN.,BARAUNI JN.
15205,LUCKNOW JN.,JABALPUR
15206,JABALPUR,LUCKNOW JN.
15209,SAHARSA JN.,AMRITSAR JN.
15210,AMRITSAR JN.,SAHARSA JN.
15211,DARBHANGA JN,AMRITSAR JN.
15212,AMRITSAR JN.,DARBHANGA JN
15215,MUZAFFARPUR,NARKATIAGANJ
15216,NARKATIAGANJ,MUZAFFARPUR
15227,YESVANTPUR J,MUZAFFARPUR
15228,MUZAFFARPUR,YESVANTPUR J
15231,BARAUNI JN.,GONDIA JN.
15232,GONDIA JN.,BARAUNI JN.
15233,KOLKATA,DARBHANGA JN
15234,DARBHANGA JN,KOLKATA
15235,HOWRAH JN.,DARBHANGA JN
15236,DARBHANGA JN,HOWRAH JN.
15267,RAXAUL JN.,LOKMANYA TIL
15268,LOKMANYA TIL,RAXAUL JN.
15269,MUZAFFARPUR,AHMEDABAD
15270,AHMEDABAD,MUZAFFARPUR
15271,HOWRAH JN.,MUZAFFARPUR
15272,MUZAFFARPUR,HOWRAH JN.
15273,RAXAUL JN.,ANAND VIHAR
15274,ANAND VIHAR,RAXAUL JN.
15275,SAHARSA JN.,BARAUNI JN.
15276,BARAUNI JN.,SAHARSA JN.
15279,SAHARSA JN.,ANAND VIHAR
15280,ANAND VIHAR,SAHARSA JN.
15283,KATIHAR JN.,JAYNAGAR
15284,JAYNAGAR,KATIHAR JN.
15417,ALIPUR DUAR,SILGHAT TOWN
15418,SILGHAT TOWN,ALIPUR DUAR
15463,BALURGHAT,SILIGURI JN.
15464,SILIGURI JN.,BALURGHAT
15483,ALIPUR DUAR,DELHI JN.
15484,DELHI JN.,ALIPUR DUAR
15529,SAHARSA JN.,ANAND VIHAR
15530,ANAND VIHAR,SAHARSA JN.
15531,SAHARSA JN.,AMRITSAR JN.
15532,AMRITSAR JN.,SAHARSA JN.
15547,JAYNAGAR,LOKMANYA TIL
15548,LOKMANYA TIL,JAYNAGAR
15549,JAYNAGAR,PATNA JN.
15550,PATNA JN.,JAYNAGAR
15559,DARBHANGA JN,AHMEDABAD
15560,AHMEDABAD,DARBHANGA JN
15563,JAYNAGAR,UDHNA JN.
15564,UDHNA JN.,JAYNAGAR
15601,SILCHAR,NEW DELHI
15602,NEW DELHI,SILCHAR
15603,GUWAHATI,LEDO
15604,LEDO,GUWAHATI
15605,FURKATING JN,DIBRUGARH
15606,DIBRUGARH,FURKATING JN
15613,KAMAKHYA JN,MURKEONG SEL
15614,MURKEONG SEL,KAMAKHYA JN
15617,GUWAHATI,NAHARLAGUN
15618,NAHARLAGUN,GUWAHATI
15619,GAYA JN.,KAMAKHYA JN
15620,KAMAKHYA JN,GAYA JN.
15621,KAMAKHYA JN,ANAND VIHAR
15622,ANAND VIHAR,KAMAKHYA JN
15623,BHAGAT-KI-KO,KAMAKHYA JN
15624,KAMAKHYA JN,BHAGAT-KI-KO
15629,TAMBARAM,GUWAHATI
15630,GUWAHATI,TAMBARAM
15631,BARMER,GUWAHATI
15632,GUWAHATI,BARMER
15635,OKHA,GUWAHATI
15636,GUWAHATI,OKHA
15639,PURI,KAMAKHYA JN
15640,KAMAKHYA JN,PURI
15643,PURI,KAMAKHYA JN
15644,KAMAKHYA JN,PURI
15645,LOKMANYA TIL,GUWAHATI
15646,GUWAHATI,LOKMANYA TIL
15647,LOKMANYA TIL,GUWAHATI
15648,GUWAHATI,LOKMANYA TIL
15651,GUWAHATI,JAMMU TAWI
15652,JAMMU TAWI,GUWAHATI
15653,GUWAHATI,JAMMU TAWI
15654,JAMMU TAWI,GUWAHATI
15655,KAMAKHYA JN,SHRI MATA VA
15656,SHRI MATA VA,KAMAKHYA JN
15657,SEALDAH,GUWAHATI
15658,GUWAHATI,SEALDAH
15659,SEALDAH,AGARTALA
15660,AGARTALA,SEALDAH
15661,RANCHI,KAMAKHYA JN
15662,KAMAKHYA JN,RANCHI
15665,GUWAHATI,DIMAPUR
15666,DIMAPUR,GUWAHATI
15667,GANDHIDHAM J,KAMAKHYA JN
15668,KAMAKHYA JN,GANDHIDHAM J
15669,GUWAHATI,DIMAPUR
15670,DIMAPUR,GUWAHATI
15707,KATIHAR JN.,AMRITSAR JN.
15708,AMRITSAR JN.,KATIHAR JN.
15711,HOWRAH JN.,KATIHAR JN.
15712,KATIHAR JN.,HOWRAH JN.
15713,KATIHAR JN.,PATNA JN.
15714,PATNA JN.,KATIHAR JN.
15715,KISHANGANJ,AJMER JN.
15716,AJMER JN.,KISHANGANJ
15717,GUWAHATI,MARIANI JN.
15718,MARIANI JN.,GUWAHATI
15719,KATIHAR JN.,SILIGURI JN.
15720,SILIGURI JN.,KATIHAR JN.
15721,DIGHA FS,NEW JALPAIGU
15722,NEW JALPAIGU,DIGHA FS
15723,NEW JALPAIGU,SITAMARHI
15724,SITAMARHI,NEW JALPAIGU
15765,SILIGURI JN.,DHUBRI
15766,DHUBRI,SILIGURI JN.
15767,SILIGURI JN.,ALIPUR DUAR
15768,ALIPUR DUAR,SILIGURI JN.
15769,ALIPUR DUAR,LUMDING JN.
15770,LUMDING JN.,ALIPUR DUAR
15771,ALIPUR DUAR,KAMAKHYA JN
15772,KAMAKHYA JN,ALIPUR DUAR
15815,KAMAKHYA JN,DEKARGAON
15816,DEKARGAON,KAMAKHYA JN
15903,DIBRUGARH,CHANDIGARH
15904,CHANDIGARH,DIBRUGARH
15905,KANNIYAKUMAR,DIBRUGARH
15906,DIBRUGARH,KANNIYAKUMAR
15909,DIBRUGARH,LALGARH JN.
15927,RANGIYA JN.,NEW TINSUKIA
15928,NEW TINSUKIA,RANGIYA JN.
15929,TAMBARAM,DIBRUGARH
15930,DIBRUGARH,TAMBARAM
15933,DIBRUGARH,AMRITSAR JN.
15934,AMRITSAR JN.,DIBRUGARH
15941,JHAJHA,DIBRUGARH
15942,DIBRUGARH,JHAJHA
15959,HOWRAH JN.,DIBRUGARH
15960,DIBRUGARH,HOWRAH JN.
15967,RANGIYA JN.,DIBRUGARH
15968,DIBRUGARH,RANGIYA JN.
16003,CHENNAI CENT,NAGARSOL
16004,NAGARSOL,CHENNAI CENT
16021,CHENNAI CENT,MYSORE JN.
16022,MYSORE JN.,CHENNAI CENT
16023,MYSORE JN.,YESVANTPUR J
16024,YESVANTPUR J,MYSORE JN.
16031,CHENNAI CENT,SHRI MATA VA
16032,SHRI MATA VA,CHENNAI CENT
16053,CHENNAI CENT,TIRUPATI
16054,TIRUPATI,CHENNAI CENT
16057,CHENNAI CENT,TIRUPATI
16058,TIRUPATI,CHENNAI CENT
16085,ARAKKONAM JN,JOLARPETTAI
16086,JOLARPETTAI,ARAKKONAM JN
16089,CHENNAI CENT,JOLARPETTAI
16090,JOLARPETTAI,CHENNAI CENT
16093,CHENNAI CENT,LUCKNOW JN.
16094,LUCKNOW JN.,CHENNAI CENT
16101,CHENNAI EGMO,RAMESWARAM
16102,RAMESWARAM,CHENNAI EGMO
16105,CHENNAI EGMO,TIRUCHENDUR
16106,TIRUCHENDUR,CHENNAI EGMO
16115,CHENNAI EGMO,PONDICHERRY
16116,PONDICHERRY,CHENNAI EGMO
16127,CHENNAI EGMO,GURUVAYUR
16128,GURUVAYUR,CHENNAI EGMO
16129,VANCHI MANIY,TUTICORIN
16130,TUTICORIN,VANCHI MANIY
16175,CHENNAI EGMO,KARAIKAL
16176,KARAIKAL,CHENNAI EGMO
16179,CHENNAI EGMO,MANNARGUDI
16180,MANNARGUDI,CHENNAI EGMO
16181,CHENNAI EGMO,SENGOTTAI JN
16182,SENGOTTAI JN,CHENNAI EGMO
16183,CHENNAI EGMO,THANJAVUR JN
16184,THANJAVUR JN,CHENNAI EGMO
16185,NAGAPPATTINA,VELANKANNI
16186,VELANKANNI,NAGAPPATTINA
16187,KARAIKAL,ERNAKULAM. J
16188,ERNAKULAM. J,KARAIKAL
16203,CHENNAI CENT,TIRUPATI
16204,TIRUPATI,CHENNAI CENT
16205,TALGUPPA,MYSORE JN.
16206,MYSORE JN.,TALGUPPA
16209,AJMER JN.,MYSORE JN.
16210,MYSORE JN.,AJMER JN.
16215,MYSORE JN.,KRANTIVIRA S
16216,KRANTIVIRA S,MYSORE JN.
16217,MYSORE JN.,SAI NAGAR SH
16218,SAI NAGAR SH,MYSORE JN.
16227,MYSORE JN.,TALGUPPA
16228,TALGUPPA,MYSORE JN.
16229,MYSORE JN.,VARANASI JN.
16231,MAYILADUTURA,MYSORE JN.
16232,MYSORE JN.,MAYILADUTURA
16233,MAYILADUTURA,TIRUCHIRAPPA
16234,TIRUCHIRAPPA,MAYILADUTURA
16235,TUTICORIN,MYSORE JN.
16301,SHORANUR JN.,TRIVANDRUM C
16302,TRIVANDRUM C,SHORANUR JN.
16303,ERNAKULAM. J,TRIVANDRUM C
16304,TRIVANDRUM C,ERNAKULAM. J
16305,ERNAKULAM. J,KANNUR
16306,KANNUR,ERNAKULAM. J
16307,ALLEPPEY,KANNUR
16308,KANNUR,ALLEPPEY
16311,BIKANER JN.,KOCHUVELI
16312,KOCHUVELI,BIKANER JN.
16313,ALLEPPEY,KANNUR
16314,KANNUR,ALLEPPEY
16315,KRANTIVIRA S,KOCHUVELI
16316,KOCHUVELI,KRANTIVIRA S
16317,KANNIYAKUMAR,SHRI MATA VA
16318,SHRI MATA VA,KANNIYAKUMAR
16331,CST-MUMBAI,TRIVANDRUM C
16332,TRIVANDRUM C,CST-MUMBAI
16333,VERAVAL,TRIVANDRUM C
16334,TRIVANDRUM C,VERAVAL
16335,GANDHIDHAM J,NAGERCOIL JN
16336,NAGERCOIL JN,GANDHIDHAM J
16337,OKHA,ERNAKULAM. J
16338,ERNAKULAM. J,OKHA
16339,CST-MUMBAI,NAGERCOIL JN
16340,NAGERCOIL JN,CST-MUMBAI
16341,GURUVAYUR,TRIVANDRUM C
16342,TRIVANDRUM C,GURUVAYUR
16343,TRIVANDRUM C,MADURAI JN
16344,MADURAI JN,TRIVANDRUM C
16345,LOKMANYA TIL,TRIVANDRUM C
16346,TRIVANDRUM C,LOKMANYA TIL
16347,TRIVANDRUM C,MANGALORE CE
16348,MANGALORE CE,TRIVANDRUM C
16349,SHORANUR JN.,NILAMBUR ROA
16350,NILAMBUR ROA,SHORANUR JN.
16351,CST-MUMBAI,NAGERCOIL JN
16352,NAGERCOIL JN,CST-MUMBAI
16353,KACHEGUDA,NAGERCOIL JN
16354,NAGERCOIL JN,KACHEGUDA
16359,ERNAKULAM. J,PATNA JN.
16360,PATNA JN.,ERNAKULAM. J
16381,CST-MUMBAI,KANNIYAKUMAR
16382,KANNIYAKUMAR,CST-MUMBAI
16501,AHMEDABAD,YESVANTPUR J
16502,YESVANTPUR J,AHMEDABAD
16505,GANDHIDHAM J,KRANTIVIRA S
16506,KRANTIVIRA S,GANDHIDHAM J
16507,JODHPUR JN.,KRANTIVIRA S
16508,KRANTIVIRA S,JODHPUR JN.
16515,YESVANTPUR J,KAWR
16516,KAWR,YESVANTPUR J
16517,KRANTIVIRA S,KANNUR
16518,KANNUR,KRANTIVIRA S
16519,JOLARPETTAI,KRANTIVIRA S
16520,KRANTIVIRA S,JOLARPETTAI
16521,BANGARPET JN,KRANTIVIRA S
16522,KRANTIVIRA S,BANGARPET JN
16523,MANGALORE CE,KAWR
16524,KAWR,MANGALORE CE
16525,KANNIYAKUMAR,KRANTIVIRA S
16526,KRANTIVIRA S,KANNIYAKUMAR
16527,YESVANTPUR J,KANNUR
16528,KANNUR,YESVANTPUR J
16531,AJMER JN.,KRANTIVIRA S
16532,KRANTIVIRA S,AJMER JN.
16533,BHAGAT-KI-KO,KRANTIVIRA S
16534,KRANTIVIRA S,BHAGAT-KI-KO
16535,MYSORE JN.,SOLAPUR
16536,SOLAPUR,MYSORE JN.
16557,MYSORE JN.,KRANTIVIRA S
16558,KRANTIVIRA S,MYSORE JN.
16565,YESVANTPUR J,MANGALORE CE
16566,MANGALORE CE,YESVANTPUR J
16569,YESVANTPUR J,KACHEGUDA
16570,KACHEGUDA,YESVANTPUR J
16571,YESVANTPUR J,BIDAR
16572,BIDAR,YESVANTPUR J
16573,YESVANTPUR J,PONDICHERRY
16574,PONDICHERRY,YESVANTPUR J
16575,YESVANTPUR J,MANGALORE JN
16576,MANGALORE JN,YESVANTPUR J
16577,YESVANTPUR J,HARIHAR JN.
16578,HARIHAR JN.,YESVANTPUR J
16579,YESVANTPUR J,SHIMOGA TOWN
16580,SHIMOGA TOWN,YESVANTPUR J
16581,YESVANTPUR J,SHIMOGA TOWN
16582,SHIMOGA TOWN,YESVANTPUR J
16587,YESVANTPUR J,BIKANER JN.
16588,BIKANER JN.,YESVANTPUR J
16589,KRANTIVIRA S,CHHATRAPATI
16590,CHHATRAPATI,KRANTIVIRA S
16591,HUBLI JN.,MYSORE JN.
16592,MYSORE JN.,HUBLI JN.
16593,NANDED,KRANTIVIRA S
16594,KRANTIVIRA S,NANDED
16603,MANGALORE CE,TRIVANDRUM C
16604,TRIVANDRUM C,MANGALORE CE
16605,MANGALORE CE,NAGERCOIL JN
16606,NAGERCOIL JN,MANGALORE CE
16613,RAJKOT,COIMBATORE
16614,COIMBATORE,RAJKOT
16615,MANNARGUDI,COIMBATORE
16616,COIMBATORE,MANNARGUDI
16617,RAMESWARAM,COIMBATORE
16618,COIMBATORE,RAMESWARAM
16629,TRIVANDRUM C,MANGALORE CE
16630,MANGALORE CE,TRIVANDRUM C
16649,MANGALORE CE,NAGERCOIL JN
16650,NAGERCOIL JN,MANGALORE CE
16687,MANGALORE CE,SHRI MATA VA
16688,SHRI MATA VA,MANGALORE CE
16723,CHENNAI EGMO,QUILON
16724,QUILON,CHENNAI EGMO
16733,RAMESWARAM,OKHA
16734,OKHA,RAMESWARAM
16779,TIRUPATI,RAMESWARAM
16780,RAMESWARAM,TIRUPATI
16787,TIRUNELVELI,ERODE JN.
16788,ERODE JN.,TIRUNELVELI
16790,ERODE JN.,TIRUNELVELI
16791,PUNALUR,PALAKKAD JN
16792,PALAKKAD JN,PUNALUR
16793,RAMESWARAM,FAIZABAD JN.
16794,FAIZABAD JN.,RAMESWARAM
16853,CHENNAI EGMO,TIRUCHIRAPPA
16854,TIRUCHIRAPPA,CHENNAI EGMO
16855,PONDICHERRY,MANGALORE CE
16856,MANGALORE CE,PONDICHERRY
16857,PONDICHERRY,MANGALORE CE
16858,MANGALORE CE,PONDICHERRY
16859,CHENNAI EGMO,MANGALORE CE
16860,MANGALORE CE,CHENNAI EGMO
16861,PONDICHERRY,KANNIYAKUMAR
16862,KANNIYAKUMAR,PONDICHERRY
16863,BHAGAT-KI-KO,MANNARGUDI
16864,MANNARGUDI,BHAGAT-KI-KO
17001,SAI NAGAR SH,SECUNDERABAD
17002,SECUNDERABAD,SAI NAGAR SH
17009,BIDAR,HYDERABAD DE
17010,SECUNDERABAD,BIDAR
17011,HYDERABAD DE,SIRPURKAGHAZ
17012,SIRPURKAGHAZ,SECUNDERABAD
17013,PUNE JN.,HYDERABAD DE
17014,HYDERABAD DE,PUNE JN.
17015,BHUBANESWAR,SECUNDERABAD
17016,SECUNDERABAD,BHUBANESWAR
17017,RAJKOT,SECUNDERABAD
17018,SECUNDERABAD,RAJKOT
17019,JAIPUR JN.,HYDERABAD DE
17020,HYDERABAD DE,JAIPUR JN.
17021,HYDERABAD DE,GUNTAKAL JN.
17022,GUNTAKAL JN.,HYDERABAD DE
17023,SECUNDERABAD,KURNOOL TOWN
17024,KURNOOL TOWN,SECUNDERABAD
17025,MANUGURU,SECUNDERABAD
17026,SECUNDERABAD,MANUGURU
17027,SECUNDERABAD,KURNOOL TOWN
17028,KURNOOL TOWN,SECUNDERABAD
17031,CST-MUMBAI,HYDERABAD DE
17032,HYDERABAD DE,CST-MUMBAI
17037,SECUNDERABAD,BIKANER JN.
17038,BIKANER JN.,SECUNDERABAD
17057,CST-MUMBAI,SECUNDERABAD
17058,SECUNDERABAD,CST-MUMBAI
17063,MANMAD JN.,SECUNDERABAD
17064,SECUNDERABAD,MANMAD JN.
17201,GUNTUR JN.,SECUNDERABAD
17202,SECUNDERABAD,GUNTUR JN.
17203,BHAVNAGAR TE,KAKINADA POR
17204,KAKINADA POR,BHAVNAGAR TE
17205,SAI NAGAR SH,KAKINADA POR
17206,KAKINADA POR,SAI NAGAR SH
17207,SAI NAGAR SH,VIJAYWADA JN
17208,VIJAYWADA JN,SAI NAGAR SH
17209,KRANTIVIRA S,KAKINADA TOW
17210,KAKINADA TOW,KRANTIVIRA S
17211,MACHILIPATNA,YESVANTPUR J
17212,YESVANTPUR J,MACHILIPATNA
17213,NARASAPUR,NAGARSOL
17214,NAGARSOL,NARASAPUR
17215,VIJAYWADA JN,DHARMAVARAM
17216,DHARMAVARAM,VIJAYWADA JN
17221,KAKINADA POR,LOKMANYA TIL
17222,LOKMANYA TIL,KAKINADA POR
17225,VIJAYWADA JN,HUBLI JN.
17226,HUBLI JN.,VIJAYWADA JN
17229,TRIVANDRUM C,HYDERABAD DE
17230,HYDERABAD DE,TRIVANDRUM C
17231,NARASAPUR,NAGARSOL
17232,NAGARSOL,NARASAPUR
17233,SECUNDERABAD,BALHARSHAH
17234,BALHARSHAH,SECUNDERABAD
17235,KRANTIVIRA S,NAGERCOIL JN
17236,NAGERCOIL JN,KRANTIVIRA S
17239,GUNTUR JN.,VISAKHAPATNA
17240,VISAKHAPATNA,GUNTUR JN.
17241,NARASAPUR,NIDADAVOLU J
17242,NIDADAVOLU J,NARASAPUR
17255,NARASAPUR,HYDERABAD DE
17256,HYDERABAD DE,NARASAPUR
17301,MYSORE JN.,DHARWAD
17302,DHARWAD,MYSORE JN.
17305,HUBLI JN.,LONDA JN.
17307,MYSORE JN.,BAGALKOT
17308,BAGALKOT,MYSORE JN.
17309,YESVANTPUR J,VASCO-DA-GAM
17310,VASCO-DA-GAM,YESVANTPUR J
17311,CHENNAI CENT,VASCO-DA-GAM
17312,VASCO-DA-GAM,CHENNAI CENT
17315,VASCO-DA-GAM,VELANKANNI
17316,VELANKANNI,VASCO-DA-GAM
17317,HUBLI JN.,LOKMANYA TIL
17318,LOKMANYA TIL,HUBLI JN.
17319,HUBLI JN.,SECUNDERABAD
17320,SECUNDERABAD,HUBLI JN.
17321,HUBLI JN.,LOKMANYA TIL
17322,LOKMANYA TIL,HUBLI JN.
17323,HUBLI JN.,VARANASI JN.
17324,VARANASI JN.,HUBLI JN.
17325,HUBLI JN.,MYSORE JN.
17326,MYSORE JN.,HUBLI JN.
17401,TIRUPATI,MACHILIPATNA
17402,MACHILIPATNA,TIRUPATI
17403,GUDIVADA JN.,NARASAPUR
17404,NARASAPUR,GUDIVADA JN.
17405,TIRUPATI,ADILABAD
17406,ADILABAD,TIRUPATI
17407,TIRUPATI,MANNARGUDI
17408,MANNARGUDI,TIRUPATI
17409,ADILABAD,NANDED
17410,NANDED,ADILABAD
17411,CST-MUMBAI,CHHATRAPATI
17412,CHHATRAPATI,CST-MUMBAI
17413,TIRUPATI,PONDICHERRY
17414,PONDICHERRY,TIRUPATI
17415,TIRUPATI,CHHATRAPATI
17416,CHHATRAPATI,TIRUPATI
17417,TIRUPATI,SAI NAGAR SH
17418,SAI NAGAR SH,TIRUPATI
17419,TIRUPATI,VASCO-DA-GAM
17420,VASCO-DA-GAM,TIRUPATI
17479,PURI,TIRUPATI
17480,TIRUPATI,PURI
17481,BILASPUR JN.,TIRUPATI
17482,TIRUPATI,BILASPUR JN.
17487,TIRUPATI,VISAKHAPATNA
17488,VISAKHAPATNA,TIRUPATI
17603,KACHEGUDA,YESVANTPUR J
17604,YESVANTPUR J,KACHEGUDA
17605,MANGALORE CE,KACHEGUDA
17606,KACHEGUDA,MANGALORE CE
17609,PATNA JN.,PURNA  JN.
17610,PURNA  JN.,PATNA JN.
17613,PANVEL,NANDED
17614,NANDED,PANVEL
17615,KACHEGUDA,MADURAI JN
17616,MADURAI JN,KACHEGUDA
17617,CST-MUMBAI,NANDED
17618,NANDED,CST-MUMBAI
17619,AURANGABAD,NANDED
17620,NANDED,AURANGABAD
17621,AURANGABAD,RENIGUNTA JN
17622,RENIGUNTA JN,AURANGABAD
17623,NANDED,BIKANER JN.
17624,BIKANER JN.,NANDED
17625,KACHEGUDA,REPALLE
17626,REPALLE,SECUNDERABAD
17639,KACHEGUDA,AKOLA JN.
17640,AKOLA JN.,KACHEGUDA
17641,KACHEGUDA,NARKHER
17642,NARKHER,KACHEGUDA
17643,CHENGALPATTU,KAKINADA POR
17644,KAKINADA POR,CHENGALPATTU
17651,CHENGALPATTU,KACHEGUDA
17652,KACHEGUDA,CHENGALPATTU
17687,MANMAD JN.,DHARMABAD
17688,DHARMABAD,MANMAD JN.
18005,HOWRAH JN.,JAGADALPUR
18006,JAGADALPUR,HOWRAH JN.
18007,SHALIMAR,BHANJPUR
18008,BHANJPUR,SHALIMAR
18009,SANTRAGACHI,AJMER JN.
18010,AJMER JN.,SANTRAGACHI
18029,LOKMANYA TIL,SHALIMAR
18030,SHALIMAR,LOKMANYA TIL
18047,HOWRAH JN.,VASCO-DA-GAM
18048,VASCO-DA-GAM,HOWRAH JN.
18101,TATANAGAR JN,JAMMU TAWI
18102,JAMMU TAWI,TATANAGAR JN
18103,TATANAGAR JN,AMRITSAR JN.
18104,AMRITSAR JN.,TATANAGAR JN
18107,ROURKELA,KORAPUT JN.
18108,KORAPUT JN.,ROURKELA
18111,TATANAGAR JN,YESVANTPUR J
18112,YESVANTPUR J,TATANAGAR JN
18117,ROURKELA,GUNUPUR
18118,GUNUPUR,ROURKELA
18181,TATANAGAR JN,CHHAPRA JN.
18182,CHHAPRA JN.,TATANAGAR JN
18183,TATANAGAR JN,DANAPUR
18184,DANAPUR,TATANAGAR JN
18189,TATANAGAR JN,ROURKELA
18190,ROURKELA,TATANAGAR JN
18191,CHHAPRA JN.,FARRUKHABAD
18192,FARRUKHABAD,CHHAPRA JN.
18201,DURG,NAUTANWA
18202,NAUTANWA,DURG
18203,DURG,KANPUR CENTR
18204,KANPUR CENTR,DURG
18205,DURG,NAUTANWA
18206,NAUTANWA,DURG
18207,DURG,AJMER JN.
18208,AJMER JN.,DURG
18211,DURG,JAGADALPUR
18212,JAGADALPUR,DURG
18213,DURG,JAIPUR JN.
18214,JAIPUR JN.,DURG
18215,DURG,JAMMU TAWI
18216,JAMMU TAWI,DURG
18233,INDORE BG,BILASPUR JN.
18234,BILASPUR JN.,INDORE BG
18235,BHOPAL,BILASPUR JN.
18236,BILASPUR JN.,BHOPAL
18237,BILASPUR JN.,AMRITSAR JN.
18238,AMRITSAR JN.,BILASPUR JN.
18239,GEVRA-ROAD,NAGPUR JN.(C
18240,NAGPUR JN.(C,BILASPUR JN.
18241,DURG,AMBIKAPUR
18242,AMBIKAPUR,DURG
18243,BILASPUR JN.,BHAGAT-KI-KO
18244,BHAGAT-KI-KO,BILASPUR JN.
18245,BILASPUR JN.,BIKANER JN.
18246,BIKANER JN.,BILASPUR JN.
18247,BILASPUR JN.,REWA
18248,REWA,BILASPUR JN.
18301,SAMBALPUR JN,RAYAGADA JN.
18302,RAYAGADA JN.,SAMBALPUR JN
18303,SAMBALPUR JN,PURI
18304,PURI,SAMBALPUR JN
18309,SAMBALPUR JN,MURI
18310,MURI,SAMBALPUR JN
18311,SAMBALPUR JN,VARANASI JN.
18312,VARANASI JN.,SAMBALPUR JN
18401,PURI,OKHA
18402,OKHA,PURI
18403,CHAKARADHARP,BARBIL
18404,BARBIL,CHAKARADHARP
18405,PURI,AHMEDABAD
18406,AHMEDABAD,PURI
18407,PURI,SAI NAGAR SH
18408,SAI NAGAR SH,PURI
18409,HOWRAH JN.,PURI
18410,PURI,HOWRAH JN.
18413,PARADEEP,PURI
18414,PURI,PARADEEP
18415,BARBIL,PURI
18416,PURI,BARBIL
18419,PURI,JAYNAGAR
18420,JAYNAGAR,PURI
18421,PURI,AJMER JN.
18422,AJMER JN.,PURI
18425,PURI,DURG
18426,DURG,PURI
18437,RAYAGADA JN.,JUNAGARH ROA
18438,JUNAGARH ROA,RAYAGADA JN.
18447,BHUBANESWAR,JAGADALPUR
18448,JAGADALPUR,BHUBANESWAR
18449,PURI,PATNA JN.
18450,PATNA JN.,PURI
18451,HATIA,PURI
18452,PURI,HATIA
18463,BHUBANESWAR,KRANTIVIRA S
18464,KRANTIVIRA S,BHUBANESWAR
18477,PURI,HARIDWAR JN
18478,HARIDWAR JN,PURI
18495,RAMESWARAM,BHUBANESWAR
18496,BHUBANESWAR,RAMESWARAM
18501,VISAKHAPATNA,GANDHIDHAM J
18502,GANDHIDHAM J,VISAKHAPATNA
18503,VISAKHAPATNA,SAI NAGAR SH
18504,SAI NAGAR SH,VISAKHAPATNA
18507,VISAKHAPATNA,AMRITSAR JN.
18508,AMRITSAR JN.,VISAKHAPATNA
18511,KORAPUT JN.,VISAKHAPATNA
18512,VISAKHAPATNA,KORAPUT JN.
18517,KORBA,VISAKHAPATNA
18518,VISAKHAPATNA,KORBA
18519,VISAKHAPATNA,LOKMANYA TIL
18520,LOKMANYA TIL,VISAKHAPATNA
18567,VISAKHAPATNA,QUILON
18568,QUILON,VISAKHAPATNA
18573,VISAKHAPATNA,BHAGAT-KI-KO
18574,BHAGAT-KI-KO,VISAKHAPATNA
18605,RANCHI,JAYNAGAR
18606,JAYNAGAR,RANCHI
18609,RANCHI,LOKMANYA TIL
18610,LOKMANYA TIL,RANCHI
18611,RANCHI,VARANASI JN.
18612,VARANASI JN.,RANCHI
18613,RANCHI,CHOPAN
18614,CHOPAN,RANCHI
18615,HOWRAH JN.,HATIA
18616,HATIA,HOWRAH JN.
18619,RANCHI,DUMKA
18620,DUMKA,RANCHI
18621,PATNA JN.,HATIA
18622,HATIA,PATNA JN.
18623,PATNA JN.,HATIA
18624,HATIA,PATNA JN.
18625,PATNA JN.,HATIA
18626,HATIA,PATNA JN.
18631,RANCHI,AJMER JN.
18632,AJMER JN.,RANCHI
18637,HATIA,BANGALORE CA
18638,BANGALORE CA,HATIA
18645,HOWRAH JN.,HYDERABAD DE
18646,HYDERABAD DE,HOWRAH JN.
18695,ISLAMPUR,PATNA JN.
18696,PATNA JN.,ISLAMPUR
18697,PURNEA COURT,PATNA JN.
18698,PATNA JN.,PURNEA COURT
19015,MUMBAI CENTR,PORBANDAR
19016,PORBANDAR,MUMBAI CENTR
19019,BANDRA TERMI,DEHRA DUN
19020,DEHRA DUN,BANDRA TERMI
19021,BANDRA TERMI,LUCKNOW JN.
19022,LUCKNOW JN.,BANDRA TERMI
19023,MUMBAI CENTR,FIROZPUR CAN
19024,FIROZPUR CAN,MUMBAI CENTR
19025,SURAT,AMRAVATI
19026,AMRAVATI,SURAT
19027,BANDRA TERMI,JAMMU TAWI
19028,JAMMU TAWI,BANDRA TERMI
19031,AHMEDABAD,HARIDWAR JN
19032,HARIDWAR JN,AHMEDABAD
19033,VALSAD,AHMEDABAD
19034,AHMEDABAD,VALSAD
19035,VADODARA JN.,AHMEDABAD
19036,AHMEDABAD,VADODARA JN.
19037,BANDRA TERMI,GORAKHPUR JN
19038,GORAKHPUR JN,BANDRA TERMI
19039,BANDRA TERMI,MUZAFFARPUR
19040,MUZAFFARPUR,BANDRA TERMI
19041,BANDRA TERMI,GHAZIPUR CIT
19042,GHAZIPUR CIT,BANDRA TERMI
19045,SURAT,CHHAPRA JN.
19046,CHHAPRA JN.,SURAT
19051,VALSAD,MUZAFFARPUR
19052,MUZAFFARPUR,VALSAD
19053,SURAT,MUZAFFARPUR
19054,MUZAFFARPUR,SURAT
19055,VALSAD,JODHPUR JN.
19056,JODHPUR JN.,VALSAD
19057,UDHNA JN.,VARANASI JN.
19058,VARANASI JN.,UDHNA JN.
19061,BANDRA TERMI,RAMNAGAR
19062,RAMNAGAR,BANDRA TERMI
19063,UDHNA JN.,DANAPUR
19064,DANAPUR,UDHNA JN.
19107,AHMEDABAD,UDHAMPUR
19108,UDHAMPUR,AHMEDABAD
19115,DADAR,NEW BHUJ
19116,NEW BHUJ,DADAR
19119,AHMEDABAD,SOMNATH
19120,SOMNATH,AHMEDABAD
19151,PALANPUR JN,GANDHIDHAM J
19152,GANDHIDHAM J,PALANPUR JN
19165,AHMEDABAD,DARBHANGA JN
19166,DARBHANGA JN,AHMEDABAD
19167,AHMEDABAD,VARANASI JN.
19168,VARANASI JN.,AHMEDABAD
19201,SECUNDERABAD,PORBANDAR
19202,PORBANDAR,SECUNDERABAD
19215,MUMBAI CENTR,PORBANDAR
19217,BANDRA TERMI,JAMNAGAR
19218,JAMNAGAR,BANDRA TERMI
19223,AHMEDABAD,JAMMU TAWI
19224,JAMMU TAWI,AHMEDABAD
19225,BATHINDA JN,JAMMU TAWI
19226,JAMMU TAWI,BATHINDA JN
19251,SOMNATH,OKHA
19252,OKHA,SOMNATH
19259,KOCHUVELI,BHAVNAGAR TE
19260,BHAVNAGAR TE,KOCHUVELI
19261,KOCHUVELI,PORBANDAR
19262,PORBANDAR,KOCHUVELI
19263,PORBANDAR,DELHI-SARAI
19264,DELHI-SARAI,PORBANDAR
19269,PORBANDAR,MUZAFFARPUR
19270,MUZAFFARPUR,PORBANDAR
19301,INDORE BG,YESVANTPUR J
19302,YESVANTPUR J,INDORE BG
19303,INDORE BG,BHOPAL
19304,BHOPAL,INDORE BG
19307,INDORE BG,CHANDIGARH
19308,CHANDIGARH,INDORE BG
19309,GANDHINAGAR,INDORE BG
19310,INDORE BG,GANDHINAGAR
19311,PUNE JN.,INDORE BG
19312,INDORE BG,PUNE JN.
19313,INDORE BG,RAJENDRANAGA
19314,RAJENDRANAGA,INDORE BG
19321,INDORE BG,RAJENDRANAGA
19322,RAJENDRANAGA,INDORE BG
19323,INDORE BG,BHOPAL
19324,BHOPAL,INDORE BG
19325,INDORE BG,AMRITSAR JN.
19326,AMRITSAR JN.,INDORE BG
19327,RATLAM JN,UDAIPUR CITY
19328,UDAIPUR CITY,RATLAM JN
19329,INDORE BG,UDAIPUR CITY
19330,UDAIPUR CITY,INDORE BG
19331,KOCHUVELI,INDORE BG
19332,INDORE BG,KOCHUVELI
19401,AHMEDABAD,LUCKNOW JN.
19402,LUCKNOW JN.,AHMEDABAD
19403,AHMEDABAD,SULTANPUR JN
19404,SULTANPUR JN,AHMEDABAD
19407,AHMEDABAD,VARANASI JN.
19408,VARANASI JN.,AHMEDABAD
19409,AHMEDABAD,GORAKHPUR JN
19410,GORAKHPUR JN,AHMEDABAD
19411,AHMEDABAD,AJMER JN.
19412,AJMER JN.,AHMEDABAD
19413,AHMEDABAD,KOLKATA
19414,KOLKATA,AHMEDABAD
19415,AHMEDABAD,SHRI MATA VA
19416,SHRI MATA VA,AHMEDABAD
19419,CHENNAI CENT,AHMEDABAD
19420,AHMEDABAD,CHENNAI CENT
19421,AHMEDABAD,PATNA JN.
19422,PATNA JN.,AHMEDABAD
19565,OKHA,DEHRA DUN
19566,DEHRA DUN,OKHA
19567,TUTICORIN,OKHA
19568,OKHA,TUTICORIN
19571,RAJKOT,PORBANDAR
19572,PORBANDAR,RAJKOT
19573,OKHA,JAIPUR JN.
19574,JAIPUR JN.,OKHA
19575,OKHA,NATHDWARA
19576,NATHDWARA,OKHA
19577,TIRUNELVELI,JAMNAGAR
19578,JAMNAGAR,TIRUNELVELI
19579,RAJKOT,DELHI-SARAI
19580,DELHI-SARAI,RAJKOT
19601,UDAIPUR CITY,NEW JALPAIGU
19602,NEW JALPAIGU,UDAIPUR CITY
19607,KOLKATA,MADAR JN
19608,MADAR JN,KOLKATA
19609,UDAIPUR CITY,HARIDWAR JN
19611,AJMER JN.,AMRITSAR JN.
19612,AMRITSAR JN.,AJMER JN.
19613,AJMER JN.,AMRITSAR JN.
19614,AMRITSAR JN.,AJMER JN.
19659,SHALIMAR,UDAIPUR CITY
19660,UDAIPUR CITY,SHALIMAR
19665,KHAJAURAHO,UDAIPUR CITY
19666,UDAIPUR CITY,KHAJAURAHO
19707,BANDRA TERMI,JAIPUR JN.
19708,JAIPUR JN.,BANDRA TERMI
19709,JAIPUR JN.,KAMAKHYA JN
19710,KAMAKHYA JN,JAIPUR JN.
19711,JAIPUR JN.,BHOPAL
19712,BHOPAL,JAIPUR JN.
19713,JAIPUR JN.,SECUNDERABAD
19714,SECUNDERABAD,JAIPUR JN.
19715,JAIPUR JN.,LUCKNOW JN.
19716,LUCKNOW JN.,JAIPUR JN.
19717,JAIPUR JN.,CHANDIGARH
19718,CHANDIGARH,JAIPUR JN.
19803,KOTA,SHRI MATA VA
19804,SHRI MATA VA,KOTA
19805,KOTA,UDHAMPUR
19806,UDHAMPUR,KOTA
19807,KOTA,JAIPUR JN.
19808,JAIPUR JN.,KOTA
20501,AGARTALA,ANAND VIHAR
20502,ANAND VIHAR,AGARTALA
20601,CHENNAI CENT,MADURAI JN
20602,MADURAI JN,CHENNAI CENT
20651,KRANTIVIRA S,SHIMOGA TOWN
20652,SHIMOGA TOWN,KRANTIVIRA S
20809,SAMBALPUR JN,NANDED
20810,NANDED,SAMBALPUR JN
20811,VISAKHAPATNA,NANDED
20812,NANDED,VISAKHAPATNA
20813,PURI,JODHPUR JN.
20814,JODHPUR JN.,PURI
20815,TATANAGAR JN,VISAKHAPATNA
20816,VISAKHAPATNA,TATANAGAR JN
20817,BHUBANESWAR,NEW DELHI
20818,NEW DELHI,BHUBANESWAR
20889,HOWRAH JN.,VIJAYWADA JN
20890,VIJAYWADA JN,HOWRAH JN.
20901,CHITTAURGARH,AJMER JN.
20902,AJMER JN.,CHITTAURGARH
20903,VADODARA JN.,VARANASI JN.
20904,VARANASI JN.,VADODARA JN.
21067,PARTAPGARH J,RAE BARELI J
21068,RAE BARELI J,PARTAPGARH J
21107,KHAJAURAHO,MAHOBA
21108,MAHOBA,KHAJAURAHO
21125,INDORE BG,BHIND
21126,BHIND,INDORE BG
22101,CST-MUMBAI,MANMAD JN.
22102,MANMAD JN.,CST-MUMBAI
22103,LOKMANYA TIL,FAIZABAD JN.
22104,FAIZABAD JN.,LOKMANYA TIL
22105,CST-MUMBAI,PUNE JN.
22106,PUNE JN.,CST-MUMBAI
22109,LOKMANYA TIL,HAZRAT NIZAM
22110,HAZRAT NIZAM,LOKMANYA TIL
22111,BHUSAVAL JN.,NAGPUR JN.(C
22112,NAGPUR JN.(C,BHUSAVAL JN.
22113,LOKMANYA TIL,KOCHUVELI
22114,KOCHUVELI,LOKMANYA TIL
22115,LOKMANYA TIL,KARMALI
22116,KARMALI,LOKMANYA TIL
22117,PUNE JN.,AMRAVATI
22118,AMRAVATI,PUNE JN.
22119,CST-MUMBAI,KARMALI
22120,KARMALI,CST-MUMBAI
22121,LOKMANYA TIL,LUCKNOW JN.
22122,LUCKNOW JN.,LOKMANYA TIL
22123,PUNE JN.,AJNI
22124,AJNI,PUNE JN.
22125,NAGPUR JN.(C,AMRITSAR JN.
22126,AMRITSAR JN.,NAGPUR JN.(C
22127,LOKMANYA TIL,KAZIPET JN.
22128,KAZIPET JN.,LOKMANYA TIL
22131,PUNE JN.,MANDUADIH
22132,MANDUADIH,PUNE JN.
22133,SOLAPUR,YESVANTPUR J
22134,YESVANTPUR J,SOLAPUR
22135,NAGPUR JN.(C,REWA
22136,REWA,NAGPUR JN.(C
22137,NAGPUR JN.(C,AHMEDABAD
22138,AHMEDABAD,NAGPUR JN.(C
22140,SOLAPUR,CST-MUMBAI
22143,CST-MUMBAI,BIDAR
22144,BIDAR,CST-MUMBAI
22145,PANDHARPUR,MIRAJ JN.
22146,MIRAJ JN.,PANDHARPUR
22147,DADAR,SAI NAGAR SH
22148,SAI NAGAR SH,DADAR
22149,ERNAKULAM. J,PUNE JN.
22150,PUNE JN.,ERNAKULAM. J
22151,PUNE JN.,KAZIPET JN.
22152,KAZIPET JN.,PUNE JN.
22161,BHOPAL,DAMOH
22162,DAMOH,BHOPAL
22163,BHOPAL,KHAJAURAHO
22164,KHAJAURAHO,BHOPAL
22165,BHOPAL,SINGRAULI
22166,SINGRAULI,BHOPAL
22168,HAZRAT NIZAM,SINGRAULI
22181,JABALPUR,HAZRAT NIZAM
22182,HAZRAT NIZAM,JABALPUR
22187,HABIBGANJ,JABALPUR
22188,JABALPUR,HABIBGANJ
22189,JABALPUR,REWA
22190,REWA,JABALPUR
22191,INDORE BG,JABALPUR
22192,JABALPUR,INDORE BG
22201,SEALDAH,PURI
22202,PURI,SEALDAH
22203,VISAKHAPATNA,SECUNDERABAD
22204,SECUNDERABAD,VISAKHAPATNA
22205,CHENNAI CENT,MADURAI JN
22206,MADURAI JN,CHENNAI CENT
22207,CHENNAI CENT,TRIVANDRUM C
22208,TRIVANDRUM C,CHENNAI CENT
22209,MUMBAI CENTR,NEW DELHI
22210,NEW DELHI,MUMBAI CENTR
22213,SHALIMAR,PATNA JN.
22214,PATNA JN.,SHALIMAR
22307,MERTA ROAD J,BIKANER JN.
22308,BIKANER JN.,MERTA ROAD J
22309,HOWRAH JN.,NEW JALPAIGU
22310,NEW JALPAIGU,HOWRAH JN.
22321,HOWRAH JN.,SIURI
22322,SIURI,HOWRAH JN.
22323,KOLKATA,GHAZIPUR CIT
22324,GHAZIPUR CIT,KOLKATA
22351,PATLIPUTRA,YESVANTPUR J
22352,YESVANTPUR J,PATLIPUTRA
22356,CHANDIGARH,PATLIPUTRA
22387,HOWRAH JN.,DHANBAD JN.
22388,DHANBAD JN.,HOWRAH JN.
22401,DELHI-SARAI,UDHAMPUR
22402,UDHAMPUR,DELHI-SARAI
22403,PONDICHERRY,NEW DELHI
22404,NEW DELHI,PONDICHERRY
22405,BHAGALPUR,ANAND VIHAR
22406,ANAND VIHAR,BHAGALPUR
22407,VARANASI JN.,ANAND VIHAR
22408,ANAND VIHAR,VARANASI JN.
22409,GAYA JN.,ANAND VIHAR
22410,ANAND VIHAR,GAYA JN.
22411,NAHARLAGUN,NEW DELHI
22412,NEW DELHI,NAHARLAGUN
22413,MADGOAN JN.,HAZRAT NIZAM
22414,HAZRAT NIZAM,MADGOAN JN.
22415,VISAKHAPATNA,NEW DELHI
22416,NEW DELHI,VISAKHAPATNA
22417,VARANASI JN.,NEW DELHI
22418,NEW DELHI,VARANASI JN.
22419,GHAZIPUR CIT,ANAND VIHAR
22420,ANAND VIHAR,GHAZIPUR CIT
22421,DELHI-SARAI,BHAGAT-KI-KO
22422,BHAGAT-KI-KO,DELHI-SARAI
22423,GORAKHPUR JN,AMRITSAR JN.
22424,AMRITSAR JN.,GORAKHPUR JN
22427,BALLIA,ANAND VIHAR
22428,ANAND VIHAR,BALLIA
22429,DELHI JN.,PATHANKOT JN
22430,PATHANKOT JN,DELHI JN.
22431,ALLAHABAD JN,UDHAMPUR
22432,UDHAMPUR,ALLAHABAD JN
22433,GHAZIPUR CIT,ANAND VIHAR
22434,ANAND VIHAR,GHAZIPUR CIT
22439,NEW DELHI,SHMATA VD KATRA
22441,ALLAHABAD JN,KANPUR CENTR
22442,KANPUR CENTR,ALLAHABAD JN
22443,KANPUR CENTR,BANDRA TERMI
22444,BANDRA TERMI,KANPUR CENTR
22445,KANPUR CENTR,AMRITSAR JN.
22446,AMRITSAR JN.,KANPUR CENTR
22447,KHAJAURAHO,MAHOBA
22448,MAHOBA,KHAJAURAHO
22451,BANDRA TERMI,CHANDIGARH
22452,CHANDIGARH,BANDRA TERMI
22453,LUCKNOW JN.,MEERUT CITY
22454,MEERUT CITY,LUCKNOW JN.
22455,SAI NAGAR SH,KALKA
22456,KALKA,SAI NAGAR SH
22457,NANDED,UNA HIMACHAL
22458,UNA HIMACHAL,NANDED
22461,NEW DELHI,SHRI MATA VA
22462,SHRI MATA VA,NEW DELHI
22463,MERTA ROAD J,BIKANER JN.
22464,BIKANER JN.,MERTA ROAD J
22471,BIKANER JN.,DELHI-SARAI
22472,DELHI-SARAI,BIKANER JN.
22473,BIKANER JN.,BANDRA TERMI
22474,BANDRA TERMI,BIKANER JN.
22475,BIKANER JN.,COIMBATORE
22476,COIMBATORE,BIKANER JN.
22477,JODHPUR JN.,JAIPUR JN.
22478,JAIPUR JN.,JODHPUR JN.
22481,JODHPUR JN.,DELHI-SARAI
22482,DELHI-SARAI,JODHPUR JN.
22483,JODHPUR JN.,GANDHIDHAM J
22484,GANDHIDHAM J,JODHPUR JN.
22487,RADHIKAPUR,KATIHAR JN.
22488,KATIHAR JN.,RADHIKAPUR
22497,SHRI GANGANA,TIRUCHIRAPPA
22501,KRANTIVIRA S,NEW TINSUKIA
22502,NEW TINSUKIA,KRANTIVIRA S
22511,LOKMANYA TIL,KAMAKHYA JN
22512,KAMAKHYA JN,LOKMANYA TIL
22531,CHHAPRA JN.,MATHURA JN.
22532,MATHURA JN.,CHHAPRA JN.
22601,CHENNAI CENT,SAI NAGAR SH
22602,SAI NAGAR SH,CHENNAI CENT
22603,KHARAGPUR,VILLUPURAM J
22604,VILLUPURAM J,KHARAGPUR
22605,PURULIA JN.,VILLUPURAM J
22606,VILLUPURAM J,PURULIA JN.
22607,ERNAKULAM. J,KRANTIVIRA S
22608,KRANTIVIRA S,ERNAKULAM. J
22609,MANGALORE CE,COIMBATORE
22610,COIMBATORE,MANGALORE CE
22611,CHENNAI CENT,NEW JALPAIGU
22612,NEW JALPAIGU,CHENNAI CENT
22613,CHENNAI CENT,HALDIA
22614,HALDIA,CHENNAI CENT
22615,TIRUPATI,COIMBATORE
22616,COIMBATORE,TIRUPATI
22617,KRANTIVIRA S,TIRUPATI
22618,TIRUPATI,KRANTIVIRA S
22619,BILASPUR JN.,TIRUNELVELI
22620,TIRUNELVELI,BILASPUR JN.
22621,RAMESWARAM,KANNIYAKUMAR
22622,KANNIYAKUMAR,RAMESWARAM
22623,CHENNAI EGMO,MADURAI JN
22624,MADURAI JN,CHENNAI EGMO
22625,CHENNAI CENT,KRANTIVIRA S
22626,KRANTIVIRA S,CHENNAI CENT
22627,TIRUCHIRAPPA,TRIVANDRUM C
22628,TRIVANDRUM C,TIRUCHIRAPPA
22629,DADAR,TIRUNELVELI
22630,TIRUNELVELI,DADAR
22631,CHENNAI CENT,BIKANER JN.
22632,BIKANER JN.,CHENNAI CENT
22633,TRIVANDRUM C,HAZRAT NIZAM
22634,HAZRAT NIZAM,TRIVANDRUM C
22635,MADGOAN JN.,MANGALORE CE
22636,MANGALORE CE,MADGOAN JN.
22637,CHENNAI CENT,MANGALORE CE
22638,MANGALORE CE,CHENNAI CENT
22639,CHENNAI CENT,ALLEPPEY
22640,ALLEPPEY,CHENNAI CENT
22641,TRIVANDRUM C,SHALIMAR
22642,SHALIMAR,TRIVANDRUM C
22643,ERNAKULAM. J,PATNA JN.
22644,PATNA JN.,ERNAKULAM. J
22645,INDORE BG,TRIVANDRUM C
22646,TRIVANDRUM C,INDORE BG
22647,KORBA,TRIVANDRUM C
22648,TRIVANDRUM C,KORBA
22649,CHENNAI CENT,ERODE JN.
22650,ERODE JN.,CHENNAI CENT
22651,CHENNAI CENT,PALAKKAD JN
22652,PALAKKAD JN,CHENNAI CENT
22653,TRIVANDRUM C,HAZRAT NIZAM
22654,HAZRAT NIZAM,TRIVANDRUM C
22655,TRIVANDRUM C,HAZRAT NIZAM
22656,HAZRAT NIZAM,TRIVANDRUM C
22659,KOCHUVELI,DEHRA DUN
22660,DEHRA DUN,KOCHUVELI
22661,CHENNAI EGMO,RAMESWARAM
22662,RAMESWARAM,CHENNAI EGMO
22663,CHENNAI EGMO,JODHPUR JN.
22664,JODHPUR JN.,CHENNAI EGMO
22667,NAGERCOIL JN,COIMBATORE
22668,COIMBATORE,NAGERCOIL JN
22669,TUTICORIN,VANCHI MANIY
22670,VANCHI MANIY,TUTICORIN
22677,YESVANTPUR J,KOCHUVELI
22678,KOCHUVELI,YESVANTPUR J
22679,YESVANTPUR J,HASSAN JN.
22680,HASSAN JN.,YESVANTPUR J
22681,MYSORE JN.,CHENNAI CENT
22682,CHENNAI CENT,MYSORE JN.
22683,YESVANTPUR J,LUCKNOW JN.
22684,LUCKNOW JN.,YESVANTPUR J
22685,YESVANTPUR J,CHANDIGARH
22686,CHANDIGARH,YESVANTPUR J
22687,SAHARANPUR J,CHANDIGARH
22688,CHANDIGARH,SAHARANPUR J
22691,KRANTIVIRA S,HAZRAT NIZAM
22692,HAZRAT NIZAM,KRANTIVIRA S
22697,HUBLI JN.,CHENNAI CENT
22698,CHENNAI CENT,HUBLI JN.
22705,TIRUPATI,JAMMU TAWI
22706,JAMMU TAWI,TIRUPATI
22707,VISAKHAPATNA,TIRUPATI
22708,TIRUPATI,VISAKHAPATNA
22801,VISAKHAPATNA,CHENNAI CENT
22803,HOWRAH JN.,SAMBALPUR JN
22804,SAMBALPUR JN,HOWRAH JN.
22805,BHUBANESWAR,ANAND VIHAR
22806,ANAND VIHAR,BHUBANESWAR
22807,SANTRAGACHI,CHENNAI CENT
22808,CHENNAI CENT,SANTRAGACHI
22809,PARADEEP,VISAKHAPATNA
22810,VISAKHAPATNA,PARADEEP
22811,BHUBANESWAR,NEW DELHI
22812,NEW DELHI,BHUBANESWAR
22813,SANTRAGACHI,PARADEEP
22814,PARADEEP,SANTRAGACHI
22815,BILASPUR JN.,ERNAKULAM. J
22816,ERNAKULAM. J,BILASPUR JN.
22817,HOWRAH JN.,MYSORE JN.
22818,MYSORE JN.,HOWRAH JN.
22819,BHUBANESWAR,VISAKHAPATNA
22821,JHARGRAM,PURULIA JN.
22822,PURULIA JN.,JHARGRAM
22823,BHUBANESWAR,NEW DELHI
22824,NEW DELHI,BHUBANESWAR
22825,SHALIMAR,CHENNAI CENT
22826,CHENNAI CENT,SHALIMAR
22827,PURI,SURAT
22828,SURAT,PURI
22829,NEW BHUJ,SHALIMAR
22830,SHALIMAR,NEW BHUJ
22831,HOWRAH JN.,SRI SATYA SA
22832,SRI SATYA SA,HOWRAH JN.
22833,BHUBANESWAR,KRISHNA RAJA
22834,KRISHNA RAJA,BHUBANESWAR
22835,SHALIMAR,PURI
22836,PURI,SHALIMAR
22837,HATIA,ERNAKULAM. J
22838,ERNAKULAM. J,HATIA
22839,ROURKELA,BHUBANESWAR
22840,BHUBANESWAR,ROURKELA
22843,BILASPUR JN.,PATNA JN.
22844,PATNA JN.,BILASPUR JN.
22845,PUNE JN.,HATIA
22846,HATIA,PUNE JN.
22847,VISAKHAPATNA,LOKMANYA TIL
22848,LOKMANYA TIL,VISAKHAPATNA
22849,SHALIMAR,SECUNDERABAD
22850,SECUNDERABAD,SHALIMAR
22851,SANTRAGACHI,MANGALORE CE
22852,MANGALORE CE,SANTRAGACHI
22853,SHALIMAR,VISAKHAPATNA
22854,VISAKHAPATNA,SHALIMAR
22855,SANTRAGACHI,TIRUPATI
22856,TIRUPATI,SANTRAGACHI
22857,SANTRAGACHI,ANAND VIHAR
22858,ANAND VIHAR,SANTRAGACHI
22859,PURI,CHENNAI CENT
22860,CHENNAI CENT,PURI
22861,SHALIMAR,ADRA
22862,ADRA,SHALIMAR
22863,HOWRAH JN.,YESVANTPUR J
22864,YESVANTPUR J,HOWRAH JN.
22865,LOKMANYA TIL,PURI
22866,PURI,LOKMANYA TIL
22867,DURG,HAZRAT NIZAM
22868,HAZRAT NIZAM,DURG
22869,VISAKHAPATNA,CHENNAI CENT
22870,CHENNAI CENT,VISAKHAPATNA
22871,BHUBANESWAR,TIRUPATI
22872,TIRUPATI,BHUBANESWAR
22873,DIGHA FS,VISAKHAPATNA
22874,VISAKHAPATNA,DIGHA FS
22875,KHARAGPUR,PURULIA JN.
22876,PURULIA JN.,KHARAGPUR
22877,HOWRAH JN.,ERNAKULAM. J
22878,ERNAKULAM. J,HOWRAH JN.
22879,BHUBANESWAR,TIRUPATI
22880,TIRUPATI,BHUBANESWAR
22881,PUNE JN.,BHUBANESWAR
22882,BHUBANESWAR,PUNE JN.
22883,PURI,YESVANTPUR J
22884,YESVANTPUR J,PURI
22885,LOKMANYA TIL,TATANAGAR JN
22886,TATANAGAR JN,LOKMANYA TIL
22887,HOWRAH JN.,YESVANTPUR J
22888,YESVANTPUR J,HOWRAH JN.
22889,DIGHA FS,PURI
22890,PURI,DIGHA FS
22891,HOWRAH JN.,RANCHI
22892,RANCHI,HOWRAH JN.
22893,SAI NAGAR SH,HOWRAH JN.
22894,HOWRAH JN.,SAI NAGAR SH
22897,HOWRAH JN.,DIGHA FS
22898,DIGHA FS,HOWRAH JN.
22901,BANDRA TERMI,UDAIPUR CITY
22902,UDAIPUR CITY,BANDRA TERMI
22903,BANDRA TERMI,NEW BHUJ
22904,NEW BHUJ,BANDRA TERMI
22905,OKHA,HAPA
22906,HAPA,OKHA
22907,MADGOAN JN.,HAPA
22908,HAPA,MADGOAN JN.
22909,VALSAD,PURI
22910,PURI,VALSAD
22911,INDORE BG,HOWRAH JN.
22912,HOWRAH JN.,INDORE BG
22914,PATNA JN.,BANDRA TERMI
22915,BANDRA TERMI,HISAR JN
22916,HISAR JN,BANDRA TERMI
22917,BANDRA TERMI,HARIDWAR JN
22918,HARIDWAR JN,BANDRA TERMI
22919,CHENNAI CENT,AHMEDABAD
22920,AHMEDABAD,CHENNAI CENT
22925,AMBALA CANTT,KALKA
22926,KALKA,AMBALA CANTT
22927,BANDRA TERMI,AHMEDABAD
22928,AHMEDABAD,BANDRA TERMI
22929,BHILAD,VADODARA JN.
22930,VADODARA JN.,BHILAD
22931,BANDRA TERMI,JAISALMER
22932,JAISALMER,BANDRA TERMI
22933,BANDRA TERMI,JAIPUR JN.
22934,JAIPUR JN.,BANDRA TERMI
22935,BANDRA TERMI,PALITANA
22936,PALITANA,BANDRA TERMI
22937,RAJKOT,REWA
22938,REWA,RAJKOT
22939,HAPA,BILASPUR JN.
22940,BILASPUR JN.,HAPA
22941,INDORE BG,JAMMU TAWI
22942,JAMMU TAWI,INDORE BG
22943,PUNE JN.,INDORE BG
22944,INDORE BG,PUNE JN.
22945,MUMBAI CENTR,OKHA
22946,OKHA,MUMBAI CENTR
22949,BANDRA TERMI,DELHI-SARAI
22951,BANDRA TERMI,GANDHIDHAM J
22952,GANDHIDHAM J,BANDRA TERMI
22953,MUMBAI CENTR,AHMEDABAD
22954,AHMEDABAD,MUMBAI CENTR
22955,BANDRA TERMI,NEW BHUJ
22956,NEW BHUJ,BANDRA TERMI
22957,AHMEDABAD,VERAVAL
22959,SURAT,JAMNAGAR
22960,JAMNAGAR,SURAT
22961,SURAT,HAPA
22962,HAPA,SURAT
22963,BANDRA TERMI,BHAVNAGAR TE
22964,BHAVNAGAR TE,BANDRA TERMI
22965,BANDRA TERMI,BHAGAT-KI-KO
22966,BHAGAT-KI-KO,BANDRA TERMI
22967,AHMEDABAD,ALLAHABAD JN
22968,ALLAHABAD JN,AHMEDABAD
22969,OKHA,VARANASI JN.
22970,VARANASI JN.,OKHA
22971,BANDRA TERMI,PATNA JN.
22972,PATNA JN.,BANDRA TERMI
22973,GANDHIDHAM J,PURI
22974,PURI,GANDHIDHAM J
22981,KOTA,SHRI GANGANA
22982,SHRI GANGANA,KOTA
22983,KOTA,INDORE BG
22989,BANDRA TERMI,MAHUVA
22990,MAHUVA,BANDRA TERMI
22991,BANDRA TERMI,VERAVAL
22992,VERAVAL,BANDRA TERMI
22993,BANDRA TERMI,MAHUVA
22994,MAHUVA,BANDRA TERMI
22995,CHITTAURGARH,AJMER JN.
22996,AJMER JN.,CHITTAURGARH
23141,RANINAGAR JA,HALDIBARI
23142,HALDIBARI,RANINAGAR JA
23225,SAHARSA JN.,BARAUNI JN.
23226,BARAUNI JN.,SAHARSA JN.
23345,CHOPAN,SHAKTINAGAR
23346,SHAKTINAGAR,CHOPAN
23347,SINGRAULI,GARWA ROAD J
23348,GARWA ROAD J,SINGRAULI
24041,NAJIBABAD JN,KOTDWARA
24042,KOTDWARA,NAJIBABAD JN
24227,VARANASI JN.,KANPUR CENTR
24228,KANPUR CENTR,VARANASI JN.
24369,SHAKTINAGAR,BAREILLY JN.
24370,BAREILLY JN.,SHAKTINAGAR
24887,HARIDWAR JN,AMBALA CANTT
24888,AMBALA CANTT,HARIDWAR JN
25013,MORADABAD JN,RAMNAGAR
25014,RAMNAGAR,MORADABAD JN
25035,MORADABAD JN,RAMNAGAR
25036,RAMNAGAR,MORADABAD JN
25201,SAGAULI JN.,NARKATIAGANJ
25202,NARKATIAGANJ,SAGAULI JN.
25631,BIKANER JN.,MERTA ROAD J
25632,MERTA ROAD J,BIKANER JN.
25657,SEALDAH,SILCHAR
25658,SILCHAR,SEALDAH
28181,BARAUNI JN.,KATIHAR JN.
28182,KATIHAR JN.,BARAUNI JN.
29019,MANDSOR,KOTA
29020,KOTA,MANDSOR
30111,BALLYGUNGE J,BARRACKPORE
30112,BARRACKPORE,MAJERHAT
30116,BARRACKPORE,BENOY BADAL
30121,NEW ALIPUR (,NAIHATI JN.
30122,NAIHATI JN.,BALLYGUNGE J
30123,MAJERHAT,NAIHATI JN.
30128,KALYANI SIMA,NEW ALIPUR (
30135,MAJERHAT,RANAGHAT JN.
30142,GEDE,MAJERHAT
30145,BENOY BADAL,KRISHNA NAGA
30152,NAIHATI JN.,MAJERHAT
30154,NAIHATI JN.,MAJERHAT
30211,BENOY BADAL,DUM DUM JN.
30311,PRINCEP GHAT,BARASAT JN.
30312,BARASAT JN.,MAJERHAT
30313,MAJERHAT,BARASAT JN.
30314,DATTAPUKUR,MAJERHAT
30317,MAJERHAT,DATTAPUKUR
30321,MAJERHAT,HASANABAD
30322,HASANABAD,BENOY BADAL
30324,HASANABAD,PRINCEP GHAT
30331,MAJERHAT,HABRA
30332,HABRA,MAJERHAT
30333,MAJERHAT,HABRA
30342,BANGAON JN.,MAJERHAT
30344,BANGAON JN.,MAJERHAT
30346,BANGAON JN.,MAJERHAT
30351,MAJERHAT,BARASAT JN.
30353,MAJERHAT,DATTAPUKUR
30357,MAJERHAT,MADHYAM GRAM
30358,MADHYAM GRAM,MAJERHAT
30361,MAJERHAT,HASANABAD
30411,BENOY BADAL,SEALDAH
30412,SEALDAH,BENOY BADAL
30413,BENOY BADAL,SEALDAH
30414,SEALDAH,BENOY BADAL
30416,SEALDAH,BENOY BADAL
30451,BENOY BADAL,SEALDAH
30452,SEALDAH,KOLKATA
30511,CHAMPAHATI,MAJERHAT
30552,MAJERHAT,GHUTIARI SHA
30612,KOLKATA,BARUIPUR JN.
30711,LAKSHMIKANTA,MAJERHAT
30712,MAJERHAT,LAKSHMIKANTA
31051,BUDGE BUDGE,NAIHATI JN.
31053,BUDGE BUDGE,NAIHATI JN.
31055,BUDGE BUDGE,NAIHATI JN.
31111,SEALDAH,KATWA JN.
31112,KATWA JN.,SEALDAH
31151,SEALDAH,BARDDHAMAN J
31152,BARDDHAMAN J,SEALDAH
31191,NAIHATI JN.,KALYANI SIMA
31192,KALYANI SIMA,NAIHATI JN.
31211,SEALDAH,BARRACKPORE
31212,BARRACKPORE,SEALDAH
31213,SEALDAH,BARRACKPORE
31214,BARRACKPORE,SEALDAH
31215,SEALDAH,BARRACKPORE
31216,BARRACKPORE,SEALDAH
31217,SEALDAH,BARRACKPORE
31218,BARRACKPORE,SEALDAH
31219,SEALDAH,BARRACKPORE
31220,BARRACKPORE,SEALDAH
31221,SEALDAH,BARRACKPORE
31222,BARRACKPORE,SEALDAH
31223,SEALDAH,BARRACKPORE
31224,BARRACKPORE,SEALDAH
31225,SEALDAH,BARRACKPORE
31226,BARRACKPORE,SEALDAH
31227,SEALDAH,BARRACKPORE
31228,BARRACKPORE,SEALDAH
31229,SEALDAH,BARRACKPORE
31230,BARRACKPORE,SEALDAH
31231,SEALDAH,BARRACKPORE
31232,BARRACKPORE,SEALDAH
31233,SEALDAH,BARRACKPORE
31234,BARRACKPORE,SEALDAH
31235,SEALDAH,BARRACKPORE
31236,BARRACKPORE,SEALDAH
31237,SEALDAH,BARRACKPORE
31238,BARRACKPORE,SEALDAH
31239,SEALDAH,BARRACKPORE
31240,BARRACKPORE,SEALDAH
31241,SEALDAH,BARRACKPORE
31261,KANKURGACHHI,BARRACKPORE
31311,SEALDAH,KALYANI SIMA
31312,KALYANI SIMA,SEALDAH
31313,SEALDAH,KALYANI SIMA
31314,KALYANI SIMA,SEALDAH
31315,SEALDAH,KALYANI SIMA
31316,KALYANI SIMA,SEALDAH
31317,SEALDAH,KALYANI SIMA
31318,KALYANI SIMA,SEALDAH
31319,SEALDAH,KALYANI SIMA
31320,KALYANI SIMA,SEALDAH
31321,SEALDAH,KALYANI SIMA
31322,KALYANI SIMA,SEALDAH
31323,SEALDAH,KALYANI SIMA
31324,KALYANI SIMA,SEALDAH
31325,SEALDAH,KALYANI SIMA
31326,KALYANI SIMA,SEALDAH
31327,SEALDAH,KALYANI SIMA
31328,KALYANI SIMA,SEALDAH
31329,SEALDAH,KALYANI SIMA
31330,KALYANI SIMA,SEALDAH
31331,SEALDAH,KALYANI SIMA
31332,KALYANI SIMA,SEALDAH
31333,SEALDAH,KALYANI SIMA
31334,KALYANI SIMA,SEALDAH
31335,SEALDAH,KALYANI SIMA
31336,KALYANI SIMA,SEALDAH
31337,SEALDAH,KALYANI SIMA
31338,KALYANI SIMA,SEALDAH
31339,SEALDAH,KALYANI SIMA
31411,SEALDAH,NAIHATI JN.
31412,NAIHATI JN.,SEALDAH
31413,SEALDAH,NAIHATI JN.
31414,NAIHATI JN.,SEALDAH
31415,SEALDAH,NAIHATI JN.
31416,NAIHATI JN.,SEALDAH
31417,SEALDAH,NAIHATI JN.
31418,NAIHATI JN.,SEALDAH
31420,NAIHATI JN.,SEALDAH
31421,SEALDAH,NAIHATI JN.
31422,NAIHATI JN.,SEALDAH
31423,SEALDAH,NAIHATI JN.
31424,NAIHATI JN.,SEALDAH
31425,SEALDAH,NAIHATI JN.
31426,NAIHATI JN.,SEALDAH
31427,SEALDAH,NAIHATI JN.
31428,NAIHATI JN.,SEALDAH
31429,SEALDAH,NAIHATI JN.
31430,NAIHATI JN.,SEALDAH
31431,SEALDAH,NAIHATI JN.
31432,NAIHATI JN.,SEALDAH
31433,SEALDAH,NAIHATI JN.
31434,NAIHATI JN.,SEALDAH
31435,SEALDAH,NAIHATI JN.
31436,NAIHATI JN.,SEALDAH
31437,SEALDAH,NAIHATI JN.
31438,NAIHATI JN.,SEALDAH
31439,SEALDAH,NAIHATI JN.
31440,NAIHATI JN.,SEALDAH
31441,SEALDAH,NAIHATI JN.
31442,NAIHATI JN.,SEALDAH
31443,SEALDAH,NAIHATI JN.
31444,NAIHATI JN.,SEALDAH
31445,SEALDAH,NAIHATI JN.
31446,NAIHATI JN.,SEALDAH
31447,SEALDAH,NAIHATI JN.
31448,NAIHATI JN.,SEALDAH
31449,SEALDAH,NAIHATI JN.
31450,NAIHATI JN.,SEALDAH
31451,SEALDAH,NAIHATI JN.
31471,KANKURGACHHI,NAIHATI JN.
31511,SEALDAH,SHANTIPUR JN
31512,SHANTIPUR JN,SEALDAH
31513,SEALDAH,SHANTIPUR JN
31514,SHANTIPUR JN,SEALDAH
31515,SEALDAH,SHANTIPUR JN
31516,SHANTIPUR JN,SEALDAH
31517,SEALDAH,SHANTIPUR JN
31518,SHANTIPUR JN,SEALDAH
31519,SEALDAH,SHANTIPUR JN
31520,SHANTIPUR JN,SEALDAH
31521,SEALDAH,SHANTIPUR JN
31522,SHANTIPUR JN,SEALDAH
31523,SEALDAH,SHANTIPUR JN
31524,SHANTIPUR JN,SEALDAH
31525,SEALDAH,SHANTIPUR JN
31526,SHANTIPUR JN,SEALDAH
31527,SEALDAH,SHANTIPUR JN
31528,SHANTIPUR JN,SEALDAH
31529,SEALDAH,SHANTIPUR JN
31530,SHANTIPUR JN,SEALDAH
31531,SEALDAH,SHANTIPUR JN
31532,SHANTIPUR JN,SEALDAH
31533,SEALDAH,SHANTIPUR JN
31534,SHANTIPUR JN,SEALDAH
31535,SEALDAH,SHANTIPUR JN
31536,SHANTIPUR JN,SEALDAH
31537,SEALDAH,SHANTIPUR JN
31538,SHANTIPUR JN,SEALDAH
31539,SEALDAH,SHANTIPUR JN
31540,SHANTIPUR JN,SEALDAH
31541,SEALDAH,SHANTIPUR JN
31542,SHANTIPUR JN,SEALDAH
31571,RANAGHAT JN.,KRISHNA NAGA
31584,KRISHNA NAGA,SHANTIPUR JN
31585,SHANTIPUR JN,KRISHNA NAGA
31586,KRISHNA NAGA,SHANTIPUR JN
31601,SEALDAH,RANAGHAT JN.
31602,RANAGHAT JN.,SEALDAH
31611,SEALDAH,RANAGHAT JN.
31612,RANAGHAT JN.,SEALDAH
31613,SEALDAH,RANAGHAT JN.
31614,RANAGHAT JN.,SEALDAH
31615,SEALDAH,RANAGHAT JN.
31616,RANAGHAT JN.,SEALDAH
31617,SEALDAH,RANAGHAT JN.
31618,RANAGHAT JN.,SEALDAH
31619,SEALDAH,RANAGHAT JN.
31620,RANAGHAT JN.,SEALDAH
31621,SEALDAH,RANAGHAT JN.
31622,RANAGHAT JN.,SEALDAH
31623,SEALDAH,RANAGHAT JN.
31624,RANAGHAT JN.,SEALDAH
31625,SEALDAH,RANAGHAT JN.
31626,RANAGHAT JN.,SEALDAH
31627,SEALDAH,RANAGHAT JN.
31628,RANAGHAT JN.,SEALDAH
31629,SEALDAH,RANAGHAT JN.
31630,RANAGHAT JN.,SEALDAH
31631,SEALDAH,RANAGHAT JN.
31632,RANAGHAT JN.,SEALDAH
31633,SEALDAH,RANAGHAT JN.
31634,RANAGHAT JN.,SEALDAH
31636,RANAGHAT JN.,SEALDAH
31711,NAIHATI JN.,RANAGHAT JN.
31712,RANAGHAT JN.,NAIHATI JN.
31713,NAIHATI JN.,RANAGHAT JN.
31714,RANAGHAT JN.,NAIHATI JN.
31721,RANAGHAT JN.,KRISHNA NAGA
31722,KRISHNA NAGA,RANAGHAT JN.
31723,RANAGHAT JN.,KRISHNA NAGA
31724,KRISHNA NAGA,RANAGHAT JN.
31725,RANAGHAT JN.,KRISHNA NAGA
31726,KRISHNA NAGA,RANAGHAT JN.
31741,RANAGHAT JN.,GEDE
31742,GEDE,RANAGHAT JN.
31743,RANAGHAT JN.,GEDE
31744,GEDE,RANAGHAT JN.
31745,RANAGHAT JN.,GEDE
31746,GEDE,RANAGHAT JN.
31747,RANAGHAT JN.,GEDE
31748,GEDE,RANAGHAT JN.
31749,RANAGHAT JN.,GEDE
31750,GEDE,RANAGHAT JN.
31751,RANAGHAT JN.,GEDE
31752,GEDE,RANAGHAT JN.
31753,RANAGHAT JN.,GEDE
31754,GEDE,RANAGHAT JN.
31755,RANAGHAT JN.,GEDE
31756,GEDE,RANAGHAT JN.
31757,RANAGHAT JN.,GEDE
31758,GEDE,RANAGHAT JN.
31765,RANAGHAT JN.,LALGOLA
31766,LALGOLA,RANAGHAT JN.
31767,RANAGHAT JN.,LALGOLA
31768,LALGOLA,RANAGHAT JN.
31770,LALGOLA,RANAGHAT JN.
31771,RANAGHAT JN.,LALGOLA
31772,LALGOLA,RANAGHAT JN.
31781,RANAGHAT JN.,SHANTIPUR JN
31782,SHANTIPUR JN,RANAGHAT JN.
31783,RANAGHAT JN.,SHANTIPUR JN
31784,SHANTIPUR JN,RANAGHAT JN.
31786,SHANTIPUR JN,RANAGHAT JN.
31801,SEALDAH,KRISHNA NAGA
31802,KRISHNA NAGA,SEALDAH
31811,SEALDAH,KRISHNA NAGA
31812,KRISHNA NAGA,SEALDAH
31813,SEALDAH,KRISHNA NAGA
31814,KRISHNA NAGA,SEALDAH
31815,SEALDAH,KRISHNA NAGA
31816,KRISHNA NAGA,SEALDAH
31817,SEALDAH,KRISHNA NAGA
31818,KRISHNA NAGA,SEALDAH
31819,SEALDAH,KRISHNA NAGA
31820,KRISHNA NAGA,SEALDAH
31821,SEALDAH,KRISHNA NAGA
31822,KRISHNA NAGA,SEALDAH
31823,SEALDAH,KRISHNA NAGA
31824,KRISHNA NAGA,SEALDAH
31825,SEALDAH,KRISHNA NAGA
31826,KRISHNA NAGA,SEALDAH
31827,SEALDAH,KRISHNA NAGA
31828,KRISHNA NAGA,SEALDAH
31829,SEALDAH,KRISHNA NAGA
31830,KRISHNA NAGA,SEALDAH
31831,SEALDAH,KRISHNA NAGA
31832,KRISHNA NAGA,SEALDAH
31833,SEALDAH,KRISHNA NAGA
31834,KRISHNA NAGA,SEALDAH
31835,SEALDAH,KRISHNA NAGA
31836,KRISHNA NAGA,SEALDAH
31837,SEALDAH,KRISHNA NAGA
31838,KRISHNA NAGA,SEALDAH
31839,SEALDAH,KRISHNA NAGA
31840,KRISHNA NAGA,SEALDAH
31841,SEALDAH,KRISHNA NAGA
31842,KRISHNA NAGA,SEALDAH
31843,SEALDAH,KRISHNA NAGA
31844,KRISHNA NAGA,SEALDAH
31861,KRISHNA NAGA,LALGOLA
31862,LALGOLA,KRISHNA NAGA
31863,KRISHNA NAGA,LALGOLA
31864,LALGOLA,KRISHNA NAGA
31865,KRISHNA NAGA,LALGOLA
31866,LALGOLA,KRISHNA NAGA
31911,SEALDAH,GEDE
31912,GEDE,SEALDAH
31913,SEALDAH,GEDE
31914,GEDE,SEALDAH
31915,SEALDAH,GEDE
31916,GEDE,SEALDAH
31917,SEALDAH,GEDE
31918,GEDE,SEALDAH
31919,SEALDAH,GEDE
31920,GEDE,SEALDAH
31921,SEALDAH,GEDE
31922,GEDE,SEALDAH
31923,SEALDAH,GEDE
31924,GEDE,SEALDAH
31925,SEALDAH,GEDE
31926,GEDE,SEALDAH
31927,SEALDAH,GEDE
31928,GEDE,SEALDAH
31929,SEALDAH,GEDE
32211,SEALDAH,DANKUNI JN.
32212,DANKUNI JN.,SEALDAH
32213,SEALDAH,DANKUNI JN.
32214,DANKUNI JN.,SEALDAH
32215,SEALDAH,DANKUNI JN.
32216,DANKUNI JN.,SEALDAH
32217,SEALDAH,DANKUNI JN.
32218,DANKUNI JN.,SEALDAH
32219,SEALDAH,DANKUNI JN.
32220,DANKUNI JN.,SEALDAH
32221,SEALDAH,DANKUNI JN.
32222,DANKUNI JN.,SEALDAH
32223,SEALDAH,DANKUNI JN.
32224,DANKUNI JN.,SEALDAH
32225,SEALDAH,DANKUNI JN.
32226,DANKUNI JN.,SEALDAH
32227,SEALDAH,DANKUNI JN.
32228,DANKUNI JN.,SEALDAH
32229,SEALDAH,DANKUNI JN.
32230,DANKUNI JN.,SEALDAH
32231,SEALDAH,DANKUNI JN.
32232,DANKUNI JN.,SEALDAH
32233,SEALDAH,DANKUNI JN.
32234,DANKUNI JN.,SEALDAH
32235,SEALDAH,DANKUNI JN.
32236,DANKUNI JN.,SEALDAH
32237,SEALDAH,DANKUNI JN.
32238,DANKUNI JN.,SEALDAH
32239,SEALDAH,DANKUNI JN.
32240,DANKUNI JN.,SEALDAH
32241,SEALDAH,DANKUNI JN.
32242,DANKUNI JN.,SEALDAH
32243,SEALDAH,DANKUNI JN.
32244,DANKUNI JN.,SEALDAH
32245,SEALDAH,DANKUNI JN.
32246,DANKUNI JN.,SEALDAH
32247,SEALDAH,DANKUNI JN.
32248,DANKUNI JN.,SEALDAH
32249,SEALDAH,DANKUNI JN.
32250,DANKUNI JN.,SEALDAH
32252,DANKUNI JN.,SEALDAH
32411,SEALDAH,BARUI PARA
32412,BARUI PARA,SEALDAH
32413,SEALDAH,BARUI PARA
32414,BARUI PARA,SEALDAH
33061,CANNING,BARASAT JN.
33212,DUM DUM JN.,SEALDAH
33231,DUM DUM JN.,BARRACKPORE
33232,BARRACKPORE,DUM DUM JN.
33262,BARASAT JN.,DUM DUM JN.
33271,DUM DUM JN.,GOBARDANGA
33282,HASANABAD,DUM DUM JN.
33291,DUM DUM JN.,DANKUNI JN.
33311,BARASAT JN.,HASANABAD
33312,HASANABAD,BARASAT JN.
33313,BARASAT JN.,HASANABAD
33314,HASANABAD,BARASAT JN.
33315,BARASAT JN.,HASANABAD
33316,HASANABAD,BARASAT JN.
33317,BARASAT JN.,HASANABAD
33318,HASANABAD,BARASAT JN.
33319,BARASAT JN.,HASANABAD
33320,HASANABAD,BARASAT JN.
33321,BARASAT JN.,HASANABAD
33323,BARASAT JN.,HASANABAD
33325,BARASAT JN.,HASANABAD
33351,BARASAT JN.,HABRA
33357,BARASAT JN.,DATTAPUKUR
33361,BARASAT JN.,BANGAON JN.
33362,BANGAON JN.,BARASAT JN.
33363,BARASAT JN.,BANGAON JN.
33364,BANGAON JN.,BARASAT JN.
33365,BARASAT JN.,BANGAON JN.
33366,BANGAON JN.,BARASAT JN.
33367,BARASAT JN.,BANGAON JN.
33382,GOBARDANGA,BARASAT JN.
33401,SEALDAH,BARASAT JN.
33402,BARASAT JN.,SEALDAH
33411,SEALDAH,DUMDUM CANTO
33412,DUMDUM CANTO,SEALDAH
33421,SEALDAH,MADHYAM GRAM
33422,MADHYAM GRAM,SEALDAH
33431,SEALDAH,BARASAT JN.
33432,BARASAT JN.,SEALDAH
33433,SEALDAH,BARASAT JN.
33434,BARASAT JN.,SEALDAH
33435,SEALDAH,BARASAT JN.
33436,BARASAT JN.,SEALDAH
33437,SEALDAH,BARASAT JN.
33438,BARASAT JN.,SEALDAH
33439,SEALDAH,BARASAT JN.
33440,BARASAT JN.,SEALDAH
33441,SEALDAH,BARASAT JN.
33443,SEALDAH,BARASAT JN.
33445,SEALDAH,BARASAT JN.
33447,SEALDAH,BARASAT JN.
33511,SEALDAH,HASANABAD
33512,HASANABAD,SEALDAH
33513,SEALDAH,HASANABAD
33514,HASANABAD,SEALDAH
33515,SEALDAH,HASANABAD
33516,HASANABAD,SEALDAH
33517,SEALDAH,HASANABAD
33518,HASANABAD,SEALDAH
33519,SEALDAH,HASANABAD
33520,HASANABAD,SEALDAH
33521,SEALDAH,HASANABAD
33522,HASANABAD,SEALDAH
33523,SEALDAH,HASANABAD
33524,HASANABAD,SEALDAH
33525,SEALDAH,HASANABAD
33526,HASANABAD,SEALDAH
33527,SEALDAH,HASANABAD
33528,HASANABAD,SEALDAH
33529,SEALDAH,HASANABAD
33530,HASANABAD,SEALDAH
33531,SEALDAH,HASANABAD
33532,HASANABAD,SEALDAH
33533,SEALDAH,HASANABAD
33534,HASANABAD,SEALDAH
33536,HASANABAD,SEALDAH
33538,HASANABAD,SEALDAH
33611,SEALDAH,DATTAPUKUR
33612,DATTAPUKUR,SEALDAH
33613,SEALDAH,DATTAPUKUR
33614,DATTAPUKUR,SEALDAH
33615,SEALDAH,DATTAPUKUR
33616,DATTAPUKUR,SEALDAH
33617,SEALDAH,DATTAPUKUR
33618,DATTAPUKUR,SEALDAH
33619,SEALDAH,DATTAPUKUR
33620,DATTAPUKUR,SEALDAH
33621,SEALDAH,DATTAPUKUR
33622,DATTAPUKUR,SEALDAH
33623,SEALDAH,DATTAPUKUR
33624,DATTAPUKUR,SEALDAH
33626,DATTAPUKUR,SEALDAH
33628,DATTAPUKUR,SEALDAH
33630,DATTAPUKUR,SEALDAH
33651,SEALDAH,HABRA
33652,HABRA,SEALDAH
33653,SEALDAH,HABRA
33654,HABRA,SEALDAH
33655,SEALDAH,HABRA
33656,HABRA,SEALDAH
33657,SEALDAH,HABRA
33658,HABRA,SEALDAH
33659,SEALDAH,HABRA
33660,HABRA,SEALDAH
33664,HABRA,SEALDAH
33666,HABRA,SEALDAH
33681,SEALDAH,GOBARDANGA
33682,GOBARDANGA,SEALDAH
33685,SEALDAH,GOBARDANGA
33686,GOBARDANGA,SEALDAH
33687,SEALDAH,GOBARDANGA
33688,GOBARDANGA,SEALDAH
33711,RANAGHAT JN.,BANGAON JN.
33712,BANGAON JN.,RANAGHAT JN.
33713,RANAGHAT JN.,BANGAON JN.
33714,BANGAON JN.,RANAGHAT JN.
33715,RANAGHAT JN.,BANGAON JN.
33716,BANGAON JN.,RANAGHAT JN.
33717,RANAGHAT JN.,BANGAON JN.
33718,BANGAON JN.,RANAGHAT JN.
33719,RANAGHAT JN.,BANGAON JN.
33720,BANGAON JN.,RANAGHAT JN.
33721,RANAGHAT JN.,BANGAON JN.
33722,BANGAON JN.,RANAGHAT JN.
33723,RANAGHAT JN.,BANGAON JN.
33724,BANGAON JN.,RANAGHAT JN.
33725,RANAGHAT JN.,BANGAON JN.
33726,BANGAON JN.,RANAGHAT JN.
33727,RANAGHAT JN.,BANGAON JN.
33728,BANGAON JN.,RANAGHAT JN.
33729,RANAGHAT JN.,BANGAON JN.
33730,BANGAON JN.,RANAGHAT JN.
33731,RANAGHAT JN.,BANGAON JN.
33732,BANGAON JN.,RANAGHAT JN.
33733,RANAGHAT JN.,BANGAON JN.
33734,BANGAON JN.,RANAGHAT JN.
33735,RANAGHAT JN.,BANGAON JN.
33736,BANGAON JN.,RANAGHAT JN.
33737,RANAGHAT JN.,BANGAON JN.
33738,BANGAON JN.,RANAGHAT JN.
33739,RANAGHAT JN.,BANGAON JN.
33751,SHANTIPUR JN,BANGAON JN.
33752,BANGAON JN.,SHANTIPUR JN
33801,SEALDAH,BANGAON JN.
33802,BANGAON JN.,SEALDAH
33811,SEALDAH,BANGAON JN.
33812,BANGAON JN.,SEALDAH
33813,SEALDAH,BANGAON JN.
33814,BANGAON JN.,SEALDAH
33815,SEALDAH,BANGAON JN.
33816,BANGAON JN.,SEALDAH
33817,SEALDAH,BANGAON JN.
33818,BANGAON JN.,SEALDAH
33819,SEALDAH,BANGAON JN.
33820,BANGAON JN.,SEALDAH
33821,SEALDAH,BANGAON JN.
33822,BANGAON JN.,SEALDAH
33823,SEALDAH,BANGAON JN.
33824,BANGAON JN.,SEALDAH
33825,SEALDAH,BANGAON JN.
33826,BANGAON JN.,SEALDAH
33827,SEALDAH,BANGAON JN.
33828,BANGAON JN.,SEALDAH
33829,SEALDAH,BANGAON JN.
33830,BANGAON JN.,SEALDAH
33831,SEALDAH,BANGAON JN.
33832,BANGAON JN.,SEALDAH
33833,SEALDAH,BANGAON JN.
33834,BANGAON JN.,SEALDAH
33835,SEALDAH,BANGAON JN.
33836,BANGAON JN.,SEALDAH
33837,SEALDAH,BANGAON JN.
33838,BANGAON JN.,SEALDAH
33839,SEALDAH,BANGAON JN.
33840,BANGAON JN.,SEALDAH
33841,SEALDAH,BANGAON JN.
33842,BANGAON JN.,SEALDAH
33843,SEALDAH,BANGAON JN.
33844,BANGAON JN.,SEALDAH
33845,SEALDAH,BANGAON JN.
33846,BANGAON JN.,SEALDAH
33847,SEALDAH,BANGAON JN.
33848,BANGAON JN.,SEALDAH
33849,SEALDAH,BANGAON JN.
33850,BANGAON JN.,SEALDAH
33851,SEALDAH,BANGAON JN.
33852,BANGAON JN.,SEALDAH
33853,SEALDAH,BANGAON JN.
33854,BANGAON JN.,SEALDAH
33855,SEALDAH,BANGAON JN.
33856,BANGAON JN.,SEALDAH
33857,SEALDAH,BANGAON JN.
33858,BANGAON JN.,SEALDAH
33859,SEALDAH,BANGAON JN.
33860,BANGAON JN.,SEALDAH
33861,SEALDAH,BANGAON JN.
33863,SEALDAH,BANGAON JN.
33895,SEALDAH,THAKURNAGAR
33896,THAKURNAGAR,SEALDAH
34052,NAIHATI JN.,BUDGE BUDGE
34054,NAIHATI JN.,BUDGE BUDGE
34056,KALYANI SIMA,BUDGE BUDGE
34062,BANGAON JN.,CANNING
34111,BUDGE BUDGE,SEALDAH
34112,SEALDAH,BUDGE BUDGE
34113,BUDGE BUDGE,SEALDAH
34114,SEALDAH,BUDGE BUDGE
34115,BUDGE BUDGE,SEALDAH
34116,SEALDAH,BUDGE BUDGE
34117,BUDGE BUDGE,SEALDAH
34118,SEALDAH,BUDGE BUDGE
34119,BUDGE BUDGE,SEALDAH
34120,SEALDAH,BUDGE BUDGE
34121,BUDGE BUDGE,SEALDAH
34122,SEALDAH,BUDGE BUDGE
34123,BUDGE BUDGE,SEALDAH
34124,SEALDAH,BUDGE BUDGE
34125,BUDGE BUDGE,SEALDAH
34126,SEALDAH,BUDGE BUDGE
34127,BUDGE BUDGE,SEALDAH
34128,SEALDAH,BUDGE BUDGE
34129,BUDGE BUDGE,SEALDAH
34130,SEALDAH,BUDGE BUDGE
34131,BUDGE BUDGE,SEALDAH
34132,SEALDAH,BUDGE BUDGE
34133,BUDGE BUDGE,SEALDAH
34134,SEALDAH,BUDGE BUDGE
34135,BUDGE BUDGE,SEALDAH
34136,SEALDAH,BUDGE BUDGE
34137,BUDGE BUDGE,SEALDAH
34138,SEALDAH,BUDGE BUDGE
34139,BUDGE BUDGE,SEALDAH
34140,SEALDAH,BUDGE BUDGE
34141,BUDGE BUDGE,SEALDAH
34142,SEALDAH,BUDGE BUDGE
34143,BUDGE BUDGE,SEALDAH
34144,SEALDAH,BUDGE BUDGE
34145,BUDGE BUDGE,SEALDAH
34146,SEALDAH,BUDGE BUDGE
34147,BUDGE BUDGE,SEALDAH
34148,SEALDAH,BUDGE BUDGE
34149,BUDGE BUDGE,SEALDAH
34150,SEALDAH,BUDGE BUDGE
34151,BUDGE BUDGE,SEALDAH
34152,SEALDAH,BUDGE BUDGE
34153,BUDGE BUDGE,SEALDAH
34154,SEALDAH,BUDGE BUDGE
34155,BUDGE BUDGE,SEALDAH
34156,SEALDAH,BUDGE BUDGE
34157,BUDGE BUDGE,SEALDAH
34158,SEALDAH,BUDGE BUDGE
34159,BUDGE BUDGE,SEALDAH
34160,SEALDAH,BUDGE BUDGE
34161,BUDGE BUDGE,SEALDAH
34162,SEALDAH,BUDGE BUDGE
34163,BUDGE BUDGE,SEALDAH
34164,SEALDAH,BUDGE BUDGE
34165,BUDGE BUDGE,SEALDAH
34166,SEALDAH,BUDGE BUDGE
34311,BARUIPUR JN.,SONARPUR JN.
34312,SONARPUR JN.,BARUIPUR JN.
34313,BARUIPUR JN.,SONARPUR JN.
34331,LAKSHMIKANTA,BARUIPUR JN.
34332,BARUIPUR JN.,LAKSHMIKANTA
34334,BARUIPUR JN.,LAKSHMIKANTA
34351,CANNING,SONARPUR JN.
34352,SONARPUR JN.,CANNING
34353,CANNING,SONARPUR JN.
34354,SONARPUR JN.,CANNING
34355,CANNING,SONARPUR JN.
34356,SONARPUR JN.,CANNING
34358,SONARPUR JN.,CANNING
34360,SONARPUR JN.,CANNING
34411,SONARPUR JN.,SEALDAH
34412,SEALDAH,SONARPUR JN.
34413,SONARPUR JN.,SEALDAH
34414,SEALDAH,SONARPUR JN.
34415,SONARPUR JN.,SEALDAH
34416,SEALDAH,SONARPUR JN.
34417,SONARPUR JN.,SEALDAH
34418,SEALDAH,SONARPUR JN.
34419,SONARPUR JN.,SEALDAH
34420,SEALDAH,SONARPUR JN.
34421,SONARPUR JN.,SEALDAH
34422,SEALDAH,SONARPUR JN.
34423,SONARPUR JN.,SEALDAH
34424,SEALDAH,SONARPUR JN.
34425,SONARPUR JN.,SEALDAH
34426,SEALDAH,SONARPUR JN.
34427,SONARPUR JN.,SEALDAH
34428,SEALDAH,SONARPUR JN.
34429,SONARPUR JN.,SEALDAH
34430,SEALDAH,SONARPUR JN.
34431,SONARPUR JN.,SEALDAH
34432,SEALDAH,SONARPUR JN.
34434,SEALDAH,SONARPUR JN.
34436,SEALDAH,SONARPUR JN.
34501,CANNING,SEALDAH
34502,SEALDAH,CANNING
34511,CANNING,SEALDAH
34512,SEALDAH,CANNING
34513,CANNING,SEALDAH
34514,SEALDAH,CANNING
34515,CANNING,SEALDAH
34516,SEALDAH,CANNING
34517,CANNING,SEALDAH
34518,SEALDAH,CANNING
34519,CANNING,SEALDAH
34520,SEALDAH,CANNING
34521,CANNING,SEALDAH
34522,SEALDAH,CANNING
34523,CANNING,SEALDAH
34524,SEALDAH,CANNING
34525,CANNING,SEALDAH
34526,SEALDAH,CANNING
34527,CANNING,SEALDAH
34528,SEALDAH,CANNING
34529,CANNING,SEALDAH
34530,SEALDAH,CANNING
34531,CANNING,SEALDAH
34532,SEALDAH,CANNING
34533,CANNING,SEALDAH
34534,SEALDAH,CANNING
34535,CANNING,SEALDAH
34536,SEALDAH,CANNING
34537,CANNING,SEALDAH
34538,SEALDAH,CANNING
34539,CANNING,SEALDAH
34540,SEALDAH,CANNING
34541,CANNING,SEALDAH
34542,SEALDAH,CANNING
34543,CANNING,SEALDAH
34544,SEALDAH,CANNING
34545,CANNING,SEALDAH
34546,SEALDAH,CANNING
34547,CANNING,SEALDAH
34548,SEALDAH,CANNING
34549,CANNING,SEALDAH
34550,SEALDAH,CANNING
34551,CANNING,SEALDAH
34552,SEALDAH,CANNING
34553,CANNING,SEALDAH
34554,SEALDAH,CANNING
34555,CANNING,SEALDAH
34557,CANNING,SEALDAH
34601,BARUIPUR JN.,SEALDAH
34602,SEALDAH,BARUIPUR JN.
34611,BARUIPUR JN.,SEALDAH
34612,SEALDAH,BARUIPUR JN.
34613,BARUIPUR JN.,SEALDAH
34614,SEALDAH,BARUIPUR JN.
34615,BARUIPUR JN.,SEALDAH
34616,SEALDAH,BARUIPUR JN.
34617,BARUIPUR JN.,SEALDAH
34618,SEALDAH,BARUIPUR JN.
34619,BARUIPUR JN.,SEALDAH
34620,SEALDAH,BARUIPUR JN.
34621,BARUIPUR JN.,SEALDAH
34622,SEALDAH,BARUIPUR JN.
34623,BARUIPUR JN.,SEALDAH
34624,SEALDAH,BARUIPUR JN.
34625,BARUIPUR JN.,SEALDAH
34626,SEALDAH,BARUIPUR JN.
34627,BARUIPUR JN.,SEALDAH
34628,SEALDAH,BARUIPUR JN.
34629,BARUIPUR JN.,SEALDAH
34630,SEALDAH,BARUIPUR JN.
34631,BARUIPUR JN.,SEALDAH
34632,SEALDAH,BARUIPUR JN.
34633,BARUIPUR JN.,SEALDAH
34634,SEALDAH,BARUIPUR JN.
34635,BARUIPUR JN.,SEALDAH
34636,SEALDAH,BARUIPUR JN.
34637,BARUIPUR JN.,SEALDAH
34638,SEALDAH,BARUIPUR JN.
34639,BARUIPUR JN.,SEALDAH
34640,SEALDAH,BARUIPUR JN.
34641,BARUIPUR JN.,SEALDAH
34642,SEALDAH,BARUIPUR JN.
34643,BARUIPUR JN.,SEALDAH
34644,SEALDAH,BARUIPUR JN.
34645,BARUIPUR JN.,SEALDAH
34646,SEALDAH,BARUIPUR JN.
34647,BARUIPUR JN.,SEALDAH
34648,SEALDAH,BARUIPUR JN.
34711,LAKSHMIKANTA,SEALDAH
34712,SEALDAH,LAKSHMIKANTA
34713,LAKSHMIKANTA,SEALDAH
34714,SEALDAH,LAKSHMIKANTA
34715,LAKSHMIKANTA,SEALDAH
34716,SEALDAH,LAKSHMIKANTA
34717,LAKSHMIKANTA,SEALDAH
34718,SEALDAH,LAKSHMIKANTA
34719,LAKSHMIKANTA,SEALDAH
34720,SEALDAH,LAKSHMIKANTA
34721,LAKSHMIKANTA,SEALDAH
34722,SEALDAH,LAKSHMIKANTA
34723,LAKSHMIKANTA,SEALDAH
34724,SEALDAH,LAKSHMIKANTA
34725,LAKSHMIKANTA,SEALDAH
34726,SEALDAH,LAKSHMIKANTA
34727,LAKSHMIKANTA,SEALDAH
34728,SEALDAH,LAKSHMIKANTA
34729,LAKSHMIKANTA,SEALDAH
34730,SEALDAH,LAKSHMIKANTA
34731,LAKSHMIKANTA,SEALDAH
34732,SEALDAH,LAKSHMIKANTA
34733,LAKSHMIKANTA,SEALDAH
34734,SEALDAH,LAKSHMIKANTA
34735,LAKSHMIKANTA,SEALDAH
34736,SEALDAH,LAKSHMIKANTA
34737,LAKSHMIKANTA,SEALDAH
34738,SEALDAH,LAKSHMIKANTA
34739,LAKSHMIKANTA,SEALDAH
34740,SEALDAH,LAKSHMIKANTA
34741,LAKSHMIKANTA,SEALDAH
34742,SEALDAH,LAKSHMIKANTA
34743,LAKSHMIKANTA,SEALDAH
34744,SEALDAH,LAKSHMIKANTA
34745,LAKSHMIKANTA,SEALDAH
34746,SEALDAH,LAKSHMIKANTA
34747,LAKSHMIKANTA,SEALDAH
34748,SEALDAH,LAKSHMIKANTA
34749,LAKSHMIKANTA,SEALDAH
34750,SEALDAH,LAKSHMIKANTA
34751,LAKSHMIKANTA,SEALDAH
34752,SEALDAH,LAKSHMIKANTA
34753,LAKSHMIKANTA,SEALDAH
34754,SEALDAH,LAKSHMIKANTA
34755,LAKSHMIKANTA,SEALDAH
34757,LAKSHMIKANTA,SEALDAH
34782,SEALDAH,KWAKDWIP
34791,NAMKHANA,SEALDAH
34792,SEALDAH,NAMKHANA
34793,NAMKHANA,SEALDAH
34794,SEALDAH,NAMKHANA
34811,DIAMOND HARB,SEALDAH
34812,SEALDAH,DIAMOND HARB
34813,DIAMOND HARB,SEALDAH
34814,SEALDAH,DIAMOND HARB
34815,DIAMOND HARB,SEALDAH
34816,SEALDAH,DIAMOND HARB
34817,DIAMOND HARB,SEALDAH
34818,SEALDAH,DIAMOND HARB
34819,DIAMOND HARB,SEALDAH
34820,SEALDAH,DIAMOND HARB
34821,DIAMOND HARB,SEALDAH
34822,SEALDAH,DIAMOND HARB
34823,DIAMOND HARB,SEALDAH
34824,SEALDAH,DIAMOND HARB
34825,DIAMOND HARB,SEALDAH
34826,SEALDAH,DIAMOND HARB
34827,DIAMOND HARB,SEALDAH
34828,SEALDAH,DIAMOND HARB
34829,DIAMOND HARB,SEALDAH
34830,SEALDAH,DIAMOND HARB
34831,DIAMOND HARB,SEALDAH
34832,SEALDAH,DIAMOND HARB
34833,DIAMOND HARB,SEALDAH
34834,SEALDAH,DIAMOND HARB
34835,DIAMOND HARB,SEALDAH
34836,SEALDAH,DIAMOND HARB
34837,DIAMOND HARB,SEALDAH
34838,SEALDAH,DIAMOND HARB
34839,DIAMOND HARB,SEALDAH
34840,SEALDAH,DIAMOND HARB
34841,DIAMOND HARB,SEALDAH
34842,SEALDAH,DIAMOND HARB
34843,DIAMOND HARB,SEALDAH
34844,SEALDAH,DIAMOND HARB
34845,DIAMOND HARB,SEALDAH
34846,SEALDAH,DIAMOND HARB
34847,DIAMOND HARB,SEALDAH
34848,SEALDAH,DIAMOND HARB
34849,DIAMOND HARB,SEALDAH
34850,SEALDAH,DIAMOND HARB
34851,DIAMOND HARB,SEALDAH
34852,SEALDAH,DIAMOND HARB
34853,DIAMOND HARB,SEALDAH
34854,SEALDAH,DIAMOND HARB
34855,DIAMOND HARB,SEALDAH
34856,SEALDAH,DIAMOND HARB
34857,DIAMOND HARB,SEALDAH
34858,SEALDAH,DIAMOND HARB
34859,DIAMOND HARB,SEALDAH
34860,SEALDAH,DIAMOND HARB
34881,DIAMOND HARB,SONARPUR JN.
34882,SONARPUR JN.,DIAMOND HARB
34891,DIAMOND HARB,BARUIPUR JN.
34892,BARUIPUR JN.,DIAMOND HARB
34898,SEALDAH,MAGRAHAT
34899,MAGRAHAT,SEALDAH
34911,NAMKHANA,LAKSHMIKANTA
34912,LAKSHMIKANTA,NAMKHANA
34913,NAMKHANA,LAKSHMIKANTA
34914,LAKSHMIKANTA,NAMKHANA
34915,NAMKHANA,LAKSHMIKANTA
34916,LAKSHMIKANTA,NAMKHANA
34917,NAMKHANA,LAKSHMIKANTA
34918,LAKSHMIKANTA,NAMKHANA
34919,NAMKHANA,LAKSHMIKANTA
34920,LAKSHMIKANTA,NAMKHANA
34921,NAMKHANA,LAKSHMIKANTA
34922,LAKSHMIKANTA,NAMKHANA
34923,NAMKHANA,LAKSHMIKANTA
34924,LAKSHMIKANTA,NAMKHANA
34925,NAMKHANA,LAKSHMIKANTA
34926,LAKSHMIKANTA,NAMKHANA
34927,NAMKHANA,LAKSHMIKANTA
34928,LAKSHMIKANTA,NAMKHANA
34929,NAMKHANA,LAKSHMIKANTA
34930,LAKSHMIKANTA,NAMKHANA
34931,NAMKHANA,LAKSHMIKANTA
34932,LAKSHMIKANTA,NAMKHANA
34933,NAMKHANA,LAKSHMIKANTA
34934,LAKSHMIKANTA,NAMKHANA
34981,KWAKDWIP,LAKSHMIKANTA
35011,BARDDHAMAN J,BALGONA
35012,BALGONA,BARDDHAMAN J
35013,BARDDHAMAN J,BALGONA
35014,BARDDHAMAN J,BALGONA
35015,BARDDHAMAN J,BALGONA
35016,BALGONA,BARDDHAMAN J
35017,BARDDHAMAN J,SHRIPAT SHRI
35018,SHRIPAT SHRI,BARDDHAMAN J
35019,BARDDHAMAN J,BALGONA
35020,BALGONA,BARDDHAMAN J
35021,BARDDHAMAN J,BALGONA
35022,BALGONA,BARDDHAMAN J
36011,HOWRAH JN.,BARUI PARA
36012,BARUI PARA,HOWRAH JN.
36031,HOWRAH JN.,CHANDANPUR
36032,CHANDANPUR,HOWRAH JN.
36033,HOWRAH JN.,CHANDANPUR
36034,CHANDANPUR,HOWRAH JN.
36035,HOWRAH JN.,CHANDANPUR
36036,CHANDANPUR,HOWRAH JN.
36037,HOWRAH JN.,CHANDANPUR
36038,CHANDANPUR,HOWRAH JN.
36071,HOWRAH JN.,GURAP
36072,GURAP,HOWRAH JN.
36081,HOWRAH JN.,MASAGRAM
36082,MASAGRAM,HOWRAH JN.
36083,HOWRAH JN.,MASAGRAM
36084,MASAGRAM,HOWRAH JN.
36085,HOWRAH JN.,MASAGRAM
36086,MASAGRAM,HOWRAH JN.
36087,HOWRAH JN.,MASAGRAM
36088,MASAGRAM,HOWRAH JN.
36811,HOWRAH JN.,BARDDHAMAN J
36812,BARDDHAMAN J,HOWRAH JN.
36813,HOWRAH JN.,BARDDHAMAN J
36814,BARDDHAMAN J,HOWRAH JN.
36815,HOWRAH JN.,BARDDHAMAN J
36816,BARDDHAMAN J,HOWRAH JN.
36817,HOWRAH JN.,BARDDHAMAN J
36818,BARDDHAMAN J,HOWRAH JN.
36819,HOWRAH JN.,BARDDHAMAN J
36820,BARDDHAMAN J,HOWRAH JN.
36821,HOWRAH JN.,BARDDHAMAN J
36822,BARDDHAMAN J,HOWRAH JN.
36823,HOWRAH JN.,BARDDHAMAN J
36824,BARDDHAMAN J,HOWRAH JN.
36825,HOWRAH JN.,BARDDHAMAN J
36826,BARDDHAMAN J,HOWRAH JN.
36827,HOWRAH JN.,BARDDHAMAN J
36828,BARDDHAMAN J,HOWRAH JN.
36829,HOWRAH JN.,BARDDHAMAN J
36830,BARDDHAMAN J,HOWRAH JN.
36831,HOWRAH JN.,BARDDHAMAN J
36832,BARDDHAMAN J,HOWRAH JN.
36833,HOWRAH JN.,BARDDHAMAN J
36834,BARDDHAMAN J,HOWRAH JN.
36835,HOWRAH JN.,BARDDHAMAN J
36836,BARDDHAMAN J,HOWRAH JN.
36837,HOWRAH JN.,BARDDHAMAN J
36838,BARDDHAMAN J,HOWRAH JN.
36839,HOWRAH JN.,BARDDHAMAN J
36840,BARDDHAMAN J,HOWRAH JN.
36841,HOWRAH JN.,BARDDHAMAN J
36842,BARDDHAMAN J,HOWRAH JN.
36843,HOWRAH JN.,BARDDHAMAN J
36844,BARDDHAMAN J,HOWRAH JN.
36845,HOWRAH JN.,BARDDHAMAN J
36846,BARDDHAMAN J,HOWRAH JN.
36847,HOWRAH JN.,BARDDHAMAN J
36848,BARDDHAMAN J,HOWRAH JN.
36849,HOWRAH JN.,BARDDHAMAN J
36850,BARDDHAMAN J,HOWRAH JN.
36851,HOWRAH JN.,BARDDHAMAN J
36852,BARDDHAMAN J,HOWRAH JN.
36853,HOWRAH JN.,BARDDHAMAN J
36854,BARDDHAMAN J,HOWRAH JN.
36855,HOWRAH JN.,BARDDHAMAN J
36856,BARDDHAMAN J,HOWRAH JN.
36858,BARDDHAMAN J,HOWRAH JN.
36860,BARDDHAMAN J,HOWRAH JN.
37011,HOWRAH JN.,SHRIRAMPUR
37012,SHRIRAMPUR,HOWRAH JN.
37013,HOWRAH JN.,SHRIRAMPUR
37014,SHRIRAMPUR,HOWRAH JN.
37017,HOWRAH JN.,SHRIRAMPUR
37018,SHRIRAMPUR,HOWRAH JN.
37019,HOWRAH JN.,SHRIRAMPUR
37020,SHRIRAMPUR,HOWRAH JN.
37021,HOWRAH JN.,SHRIRAMPUR
37022,SHRIRAMPUR,HOWRAH JN.
37041,HOWRAH JN.,SEORAPHULI J
37042,SEORAPHULI J,HOWRAH JN.
37043,HOWRAH JN.,SEORAPHULI J
37044,SEORAPHULI J,HOWRAH JN.
37045,HOWRAH JN.,SEORAPHULI J
37046,SEORAPHULI J,HOWRAH JN.
37047,HOWRAH JN.,SEORAPHULI J
37048,SEORAPHULI J,HOWRAH JN.
37049,HOWRAH JN.,SEORAPHULI J
37050,SEORAPHULI J,HOWRAH JN.
37053,HOWRAH JN.,SEORAPHULI J
37054,SEORAPHULI J,HOWRAH JN.
37055,HOWRAH JN.,SEORAPHULI J
37056,SEORAPHULI J,HOWRAH JN.
37057,HOWRAH JN.,SEORAPHULI J
37058,SEORAPHULI J,HOWRAH JN.
37060,SEORAPHULI J,HOWRAH JN.
37061,HOWRAH JN.,SEORAPHULI J
37062,SEORAPHULI J,HOWRAH JN.
37063,HOWRAH JN.,SEORAPHULI J
37064,SEORAPHULI J,HOWRAH JN.
37065,HOWRAH JN.,SEORAPHULI J
37066,SEORAPHULI J,HOWRAH JN.
37067,HOWRAH JN.,SEORAPHULI J
37068,SEORAPHULI J,HOWRAH JN.
37111,HOWRAH JN.,BELURMATH
37112,BELURMATH,HOWRAH JN.
37113,HOWRAH JN.,BELURMATH
37114,BELURMATH,HOWRAH JN.
37115,HOWRAH JN.,BELURMATH
37116,BELURMATH,HOWRAH JN.
37117,HOWRAH JN.,BELURMATH
37118,BELURMATH,HOWRAH JN.
37119,HOWRAH JN.,BELURMATH
37120,BELURMATH,HOWRAH JN.
37121,HOWRAH JN.,BELURMATH
37122,BELURMATH,HOWRAH JN.
37201,HOWRAH JN.,BANDEL JN.
37202,BANDEL JN.,HOWRAH JN.
37211,HOWRAH JN.,BANDEL JN.
37212,BANDEL JN.,HOWRAH JN.
37213,HOWRAH JN.,BANDEL JN.
37214,BANDEL JN.,HOWRAH JN.
37215,HOWRAH JN.,BANDEL JN.
37216,BANDEL JN.,HOWRAH JN.
37217,HOWRAH JN.,BANDEL JN.
37218,BANDEL JN.,HOWRAH JN.
37219,HOWRAH JN.,BANDEL JN.
37220,BANDEL JN.,HOWRAH JN.
37221,HOWRAH JN.,BANDEL JN.
37222,BANDEL JN.,HOWRAH JN.
37223,HOWRAH JN.,BANDEL JN.
37224,BANDEL JN.,HOWRAH JN.
37225,HOWRAH JN.,BANDEL JN.
37226,BANDEL JN.,HOWRAH JN.
37227,HOWRAH JN.,BANDEL JN.
37228,BANDEL JN.,HOWRAH JN.
37229,HOWRAH JN.,BANDEL JN.
37230,BANDEL JN.,HOWRAH JN.
37231,HOWRAH JN.,BANDEL JN.
37232,BANDEL JN.,HOWRAH JN.
37233,HOWRAH JN.,BANDEL JN.
37234,BANDEL JN.,HOWRAH JN.
37235,HOWRAH JN.,BANDEL JN.
37236,BANDEL JN.,HOWRAH JN.
37237,HOWRAH JN.,BANDEL JN.
37238,BANDEL JN.,HOWRAH JN.
37239,HOWRAH JN.,BANDEL JN.
37240,BANDEL JN.,HOWRAH JN.
37241,HOWRAH JN.,BANDEL JN.
37242,BANDEL JN.,HOWRAH JN.
37243,HOWRAH JN.,BANDEL JN.
37244,BANDEL JN.,HOWRAH JN.
37245,HOWRAH JN.,BANDEL JN.
37246,BANDEL JN.,HOWRAH JN.
37247,HOWRAH JN.,BANDEL JN.
37248,BANDEL JN.,HOWRAH JN.
37249,HOWRAH JN.,BANDEL JN.
37250,BANDEL JN.,HOWRAH JN.
37251,HOWRAH JN.,BANDEL JN.
37252,BANDEL JN.,HOWRAH JN.
37253,HOWRAH JN.,BANDEL JN.
37254,BANDEL JN.,HOWRAH JN.
37255,HOWRAH JN.,BANDEL JN.
37256,BANDEL JN.,HOWRAH JN.
37257,HOWRAH JN.,BANDEL JN.
37258,BANDEL JN.,HOWRAH JN.
37259,HOWRAH JN.,BANDEL JN.
37260,BANDEL JN.,HOWRAH JN.
37261,HOWRAH JN.,BANDEL JN.
37262,BANDEL JN.,HOWRAH JN.
37263,HOWRAH JN.,BANDEL JN.
37264,BANDEL JN.,HOWRAH JN.
37265,HOWRAH JN.,BANDEL JN.
37266,BANDEL JN.,HOWRAH JN.
37267,HOWRAH JN.,BANDEL JN.
37268,BANDEL JN.,HOWRAH JN.
37269,HOWRAH JN.,BANDEL JN.
37270,BANDEL JN.,HOWRAH JN.
37271,HOWRAH JN.,BANDEL JN.
37272,BANDEL JN.,HOWRAH JN.
37273,HOWRAH JN.,BANDEL JN.
37274,BANDEL JN.,HOWRAH JN.
37275,HOWRAH JN.,BANDEL JN.
37276,BANDEL JN.,HOWRAH JN.
37277,HOWRAH JN.,BANDEL JN.
37278,BANDEL JN.,HOWRAH JN.
37279,HOWRAH JN.,BANDEL JN.
37280,BANDEL JN.,HOWRAH JN.
37281,HOWRAH JN.,BANDEL JN.
37282,BANDEL JN.,HOWRAH JN.
37283,HOWRAH JN.,BANDEL JN.
37284,BANDEL JN.,HOWRAH JN.
37285,HOWRAH JN.,BANDEL JN.
37286,BANDEL JN.,HOWRAH JN.
37287,HOWRAH JN.,BANDEL JN.
37288,BANDEL JN.,HOWRAH JN.
37289,HOWRAH JN.,BANDEL JN.
37290,BANDEL JN.,HOWRAH JN.
37291,HOWRAH JN.,BANDEL JN.
37303,HOWRAH JN.,SINGUR
37304,SINGUR,HOWRAH JN.
37305,HOWRAH JN.,SINGUR
37306,SINGUR,HOWRAH JN.
37307,HOWRAH JN.,HARI PAL
37308,HARI PAL,HOWRAH JN.
37311,HOWRAH JN.,TARAKESHWAR
37312,TARAKESHWAR,HOWRAH JN.
37313,HOWRAH JN.,TARAKESHWAR
37314,TARAKESHWAR,HOWRAH JN.
37315,HOWRAH JN.,TARAKESHWAR
37316,TARAKESHWAR,HOWRAH JN.
37317,HOWRAH JN.,TARAKESHWAR
37318,TARAKESHWAR,HOWRAH JN.
37319,HOWRAH JN.,TARAKESHWAR
37320,TARAKESHWAR,HOWRAH JN.
37321,HOWRAH JN.,TARAKESHWAR
37322,TARAKESHWAR,HOWRAH JN.
37323,HOWRAH JN.,TARAKESHWAR
37324,TARAKESHWAR,HOWRAH JN.
37325,HOWRAH JN.,TARAKESHWAR
37326,TARAKESHWAR,HOWRAH JN.
37327,HOWRAH JN.,TARAKESHWAR
37328,TARAKESHWAR,HOWRAH JN.
37329,HOWRAH JN.,TARAKESHWAR
37330,TARAKESHWAR,HOWRAH JN.
37331,HOWRAH JN.,TARAKESHWAR
37332,TARAKESHWAR,HOWRAH JN.
37333,HOWRAH JN.,TARAKESHWAR
37334,TARAKESHWAR,HOWRAH JN.
37335,HOWRAH JN.,TARAKESHWAR
37336,TARAKESHWAR,HOWRAH JN.
37337,HOWRAH JN.,TARAKESHWAR
37338,TARAKESHWAR,HOWRAH JN.
37339,HOWRAH JN.,TARAKESHWAR
37340,TARAKESHWAR,HOWRAH JN.
37341,HOWRAH JN.,TARAKESHWAR
37342,TARAKESHWAR,HOWRAH JN.
37343,HOWRAH JN.,TARAKESHWAR
37344,TARAKESHWAR,HOWRAH JN.
37345,HOWRAH JN.,TARAKESHWAR
37346,TARAKESHWAR,HOWRAH JN.
37347,HOWRAH JN.,TARAKESHWAR
37348,TARAKESHWAR,HOWRAH JN.
37349,HOWRAH JN.,TARAKESHWAR
37350,TARAKESHWAR,HOWRAH JN.
37351,HOWRAH JN.,TARAKESHWAR
37352,TARAKESHWAR,HOWRAH JN.
37354,TARAKESHWAR,HOWRAH JN.
37361,HOWRAH JN.,ARAMBAG
37362,ARAMBAG,HOWRAH JN.
37363,HOWRAH JN.,ARAMBAG
37364,ARAMBAG,HOWRAH JN.
37365,HOWRAH JN.,ARAMBAG
37366,ARAMBAG,HOWRAH JN.
37367,HOWRAH JN.,ARAMBAG
37368,ARAMBAG,HOWRAH JN.
37371,HOWRAH JN.,ARAMBAG
37372,ARAMBAG,HOWRAH JN.
37373,HOWRAH JN.,ARAMBAG
37374,ARAMBAG,HOWRAH JN.
37375,HOWRAH JN.,ARAMBAG
37376,ARAMBAG,HOWRAH JN.
37378,ARAMBAG,HOWRAH JN.
37379,HOWRAH JN.,ARAMBAG
37385,TARAKESHWAR,ARAMBAG
37386,ARAMBAG,TARAKESHWAR
37387,TARAKESHWAR,ARAMBAG
37388,ARAMBAG,TARAKESHWAR
37389,TARAKESHWAR,ARAMBAG
37390,ARAMBAG,TARAKESHWAR
37391,TARAKESHWAR,ARAMBAG
37392,ARAMBAG,TARAKESHWAR
37394,ARAMBAG,TARAKESHWAR
37411,SEORAPHULI J,TARAKESHWAR
37412,TARAKESHWAR,SEORAPHULI J
37413,SEORAPHULI J,TARAKESHWAR
37414,TARAKESHWAR,SEORAPHULI J
37511,BALLY,BANDEL JN.
37512,BANDEL JN.,BALLY
37521,NAIHATI JN.,BANDEL JN.
37522,BANDEL JN.,NAIHATI JN.
37523,NAIHATI JN.,BANDEL JN.
37524,BANDEL JN.,NAIHATI JN.
37525,NAIHATI JN.,BANDEL JN.
37526,BANDEL JN.,NAIHATI JN.
37527,NAIHATI JN.,BANDEL JN.
37528,BANDEL JN.,NAIHATI JN.
37529,NAIHATI JN.,BANDEL JN.
37530,BANDEL JN.,NAIHATI JN.
37531,NAIHATI JN.,BANDEL JN.
37532,BANDEL JN.,NAIHATI JN.
37533,NAIHATI JN.,BANDEL JN.
37534,BANDEL JN.,NAIHATI JN.
37535,NAIHATI JN.,BANDEL JN.
37536,BANDEL JN.,NAIHATI JN.
37537,NAIHATI JN.,BANDEL JN.
37538,BANDEL JN.,NAIHATI JN.
37539,NAIHATI JN.,BANDEL JN.
37540,BANDEL JN.,NAIHATI JN.
37541,NAIHATI JN.,BANDEL JN.
37542,BANDEL JN.,NAIHATI JN.
37543,NAIHATI JN.,BANDEL JN.
37544,BANDEL JN.,NAIHATI JN.
37545,NAIHATI JN.,BANDEL JN.
37546,BANDEL JN.,NAIHATI JN.
37547,NAIHATI JN.,BANDEL JN.
37548,BANDEL JN.,NAIHATI JN.
37549,NAIHATI JN.,BANDEL JN.
37550,BANDEL JN.,NAIHATI JN.
37551,NAIHATI JN.,BANDEL JN.
37552,BANDEL JN.,NAIHATI JN.
37553,NAIHATI JN.,BANDEL JN.
37554,BANDEL JN.,NAIHATI JN.
37555,NAIHATI JN.,BANDEL JN.
37556,BANDEL JN.,NAIHATI JN.
37557,NAIHATI JN.,BANDEL JN.
37558,BANDEL JN.,NAIHATI JN.
37611,HOWRAH JN.,PUNDOOAH
37612,PUNDOOAH,HOWRAH JN.
37614,PUNDOOAH,HOWRAH JN.
37651,HOWRAH JN.,MEMARI
37652,MEMARI,HOWRAH JN.
37653,HOWRAH JN.,MEMARI
37654,MEMARI,HOWRAH JN.
37655,HOWRAH JN.,MEMARI
37656,MEMARI,HOWRAH JN.
37657,HOWRAH JN.,MEMARI
37658,MEMARI,HOWRAH JN.
37711,BANDEL JN.,PUNDOOAH
37731,BANDEL JN.,MEMARI
37732,MEMARI,BANDEL JN.
37741,BANDEL JN.,KATWA JN.
37742,KATWA JN.,BANDEL JN.
37743,BANDEL JN.,KATWA JN.
37744,KATWA JN.,BANDEL JN.
37745,BANDEL JN.,KATWA JN.
37746,KATWA JN.,BANDEL JN.
37747,BANDEL JN.,KATWA JN.
37748,KATWA JN.,BANDEL JN.
37750,KATWA JN.,BANDEL JN.
37751,BANDEL JN.,KATWA JN.
37752,KATWA JN.,BANDEL JN.
37753,BANDEL JN.,KATWA JN.
37754,KATWA JN.,BANDEL JN.
37756,KATWA JN.,BANDEL JN.
37757,BANDEL JN.,KATWA JN.
37758,KATWA JN.,BANDEL JN.
37781,BANDEL JN.,BARDDHAMAN J
37782,BARDDHAMAN J,BANDEL JN.
37783,BANDEL JN.,BARDDHAMAN J
37784,BARDDHAMAN J,BANDEL JN.
37785,BANDEL JN.,BARDDHAMAN J
37786,BARDDHAMAN J,BANDEL JN.
37811,HOWRAH JN.,BARDDHAMAN J
37812,BARDDHAMAN J,HOWRAH JN.
37813,HOWRAH JN.,BARDDHAMAN J
37814,BARDDHAMAN J,HOWRAH JN.
37815,HOWRAH JN.,BARDDHAMAN J
37816,BARDDHAMAN J,HOWRAH JN.
37817,HOWRAH JN.,BARDDHAMAN J
37818,BARDDHAMAN J,HOWRAH JN.
37819,HOWRAH JN.,BARDDHAMAN J
37820,BARDDHAMAN J,HOWRAH JN.
37821,HOWRAH JN.,BARDDHAMAN J
37822,BARDDHAMAN J,HOWRAH JN.
37823,HOWRAH JN.,BARDDHAMAN J
37824,BARDDHAMAN J,HOWRAH JN.
37825,HOWRAH JN.,BARDDHAMAN J
37826,BARDDHAMAN J,HOWRAH JN.
37827,HOWRAH JN.,BARDDHAMAN J
37828,BARDDHAMAN J,HOWRAH JN.
37829,HOWRAH JN.,BARDDHAMAN J
37830,BARDDHAMAN J,HOWRAH JN.
37831,HOWRAH JN.,BARDDHAMAN J
37832,BARDDHAMAN J,HOWRAH JN.
37833,HOWRAH JN.,BARDDHAMAN J
37834,BARDDHAMAN J,HOWRAH JN.
37835,HOWRAH JN.,BARDDHAMAN J
37836,BARDDHAMAN J,HOWRAH JN.
37837,HOWRAH JN.,BARDDHAMAN J
37838,BARDDHAMAN J,HOWRAH JN.
37839,HOWRAH JN.,BARDDHAMAN J
37840,BARDDHAMAN J,HOWRAH JN.
37841,HOWRAH JN.,BARDDHAMAN J
37842,BARDDHAMAN J,HOWRAH JN.
37843,HOWRAH JN.,BARDDHAMAN J
37844,BARDDHAMAN J,HOWRAH JN.
37845,HOWRAH JN.,BARDDHAMAN J
37846,BARDDHAMAN J,HOWRAH JN.
37847,HOWRAH JN.,BARDDHAMAN J
37848,BARDDHAMAN J,HOWRAH JN.
37849,HOWRAH JN.,BARDDHAMAN J
37850,BARDDHAMAN J,HOWRAH JN.
37851,HOWRAH JN.,BARDDHAMAN J
37852,BARDDHAMAN J,HOWRAH JN.
37853,HOWRAH JN.,BARDDHAMAN J
37854,BARDDHAMAN J,HOWRAH JN.
37855,HOWRAH JN.,BARDDHAMAN J
37857,HOWRAH JN.,BARDDHAMAN J
37911,HOWRAH JN.,KATWA JN.
37912,KATWA JN.,HOWRAH JN.
37913,HOWRAH JN.,KATWA JN.
37914,KATWA JN.,HOWRAH JN.
37915,HOWRAH JN.,KATWA JN.
37916,KATWA JN.,HOWRAH JN.
37917,HOWRAH JN.,KATWA JN.
37918,KATWA JN.,HOWRAH JN.
37919,HOWRAH JN.,KATWA JN.
37920,KATWA JN.,HOWRAH JN.
37921,HOWRAH JN.,KATWA JN.
37922,KATWA JN.,HOWRAH JN.
37923,HOWRAH JN.,KATWA JN.
37924,KATWA JN.,HOWRAH JN.
37925,HOWRAH JN.,KATWA JN.
37926,KATWA JN.,HOWRAH JN.
37927,HOWRAH JN.,KATWA JN.
37928,KATWA JN.,HOWRAH JN.
38031,SHALIMAR,SANTRAGACHI
38032,SANTRAGACHI,SHALIMAR
38033,SHALIMAR,SANTRAGACHI
38034,SANTRAGACHI,SHALIMAR
38036,SANTRAGACHI,SHALIMAR
38051,HOWRAH JN.,HALDIA
38052,HALDIA,HOWRAH JN.
38053,HOWRAH JN.,HALDIA
38054,HALDIA,PANSKURA
38055,PANSKURA,HALDIA
38056,HALDIA,HOWRAH JN.
38057,HOWRAH JN.,HALDIA
38058,HALDIA,HOWRAH JN.
38101,SANTRAGACHI,ULUBARIA
38102,ULUBARIA,SANTRAGACHI
38103,HOWRAH JN.,ULUBARIA
38104,ULUBARIA,HOWRAH JN.
38105,HOWRAH JN.,ULUBARIA
38106,ULUBARIA,HOWRAH JN.
38107,SANTRAGACHI,ULUBARIA
38108,ULUBARIA,HOWRAH JN.
38202,BAGNAN,HOWRAH JN.
38204,BAGNAN,HOWRAH JN.
38206,BAGNAN,SANTRAGACHI
38301,SANTRAGACHI,MECHEDA
38302,MECHEDA,HOWRAH JN.
38303,HOWRAH JN.,MECHEDA
38304,MECHEDA,HOWRAH JN.
38305,SHALIMAR,MECHEDA
38306,MECHEDA,HOWRAH JN.
38307,HOWRAH JN.,MECHEDA
38308,MECHEDA,HOWRAH JN.
38310,MECHEDA,SHALIMAR
38312,MECHEDA,HOWRAH JN.
38314,MECHEDA,HOWRAH JN.
38316,MECHEDA,SANTRAGACHI
38318,MECHEDA,HOWRAH JN.
38321,HOWRAH JN.,MECHEDA
38401,HOWRAH JN.,PANSKURA
38402,PANSKURA,HOWRAH JN.
38403,HOWRAH JN.,PANSKURA
38404,PANSKURA,HOWRAH JN.
38405,HOWRAH JN.,PANSKURA
38406,PANSKURA,HOWRAH JN.
38407,SANTRAGACHI,PANSKURA
38408,PANSKURA,HOWRAH JN.
38409,HOWRAH JN.,PANSKURA
38410,PANSKURA,HOWRAH JN.
38411,HOWRAH JN.,PANSKURA
38412,PANSKURA,HOWRAH JN.
38413,HOWRAH JN.,PANSKURA
38414,PANSKURA,HOWRAH JN.
38416,PANSKURA,HOWRAH JN.
38419,HOWRAH JN.,PANSKURA
38421,HOWRAH JN.,PANSKURA
38423,HOWRAH JN.,PANSKURA
38425,HOWRAH JN.,PANSKURA
38427,HOWRAH JN.,PANSKURA
38431,HOWRAH JN.,PANSKURA
38433,HOWRAH JN.,PANSKURA
38437,HOWRAH JN.,PANSKURA
38447,HOWRAH JN.,PANSKURA
38449,HOWRAH JN.,PANSKURA
38451,HOWRAH JN.,PANSKURA
38452,PANSKURA,HOWRAH JN.
38453,HOWRAH JN.,PANSKURA
38454,PANSKURA,HOWRAH JN.
38455,HOWRAH JN.,PANSKURA
38456,PANSKURA,HOWRAH JN.
38501,HOWRAH JN.,BALICHAK
38502,BALICHAK,HOWRAH JN.
38601,HOWRAH JN.,KOLAGHAT
38602,KOLAGHAT,HOWRAH JN.
38701,HOWRAH JN.,KHARAGPUR
38702,KHARAGPUR,HOWRAH JN.
38703,HOWRAH JN.,KHARAGPUR
38704,KHARAGPUR,HOWRAH JN.
38705,HOWRAH JN.,KHARAGPUR
38706,KHARAGPUR,HOWRAH JN.
38707,HOWRAH JN.,KHARAGPUR
38708,KHARAGPUR,HOWRAH JN.
38709,SANTRAGACHI,KHARAGPUR
38710,KHARAGPUR,HOWRAH JN.
38711,HOWRAH JN.,KHARAGPUR
38713,HOWRAH JN.,KHARAGPUR
38719,HOWRAH JN.,KHARAGPUR
38726,KHARAGPUR,HOWRAH JN.
38728,KHARAGPUR,HOWRAH JN.
38730,KHARAGPUR,HOWRAH JN.
38801,HOWRAH JN.,MIDNAPORE
38802,MIDNAPORE,HOWRAH JN.
38803,HOWRAH JN.,MIDNAPORE
38804,MIDNAPORE,HOWRAH JN.
38805,HOWRAH JN.,MIDNAPORE
38806,MIDNAPORE,HOWRAH JN.
38807,HOWRAH JN.,MIDNAPORE
38808,MIDNAPORE,HOWRAH JN.
38809,HOWRAH JN.,MIDNAPORE
38810,MIDNAPORE,HOWRAH JN.
38811,HOWRAH JN.,MIDNAPORE
38812,MIDNAPORE,HOWRAH JN.
38813,HOWRAH JN.,MIDNAPORE
38814,MIDNAPORE,HOWRAH JN.
38815,HOWRAH JN.,MIDNAPORE
38816,MIDNAPORE,HOWRAH JN.
38817,HOWRAH JN.,MIDNAPORE
38818,MIDNAPORE,HOWRAH JN.
38819,HOWRAH JN.,MIDNAPORE
38820,MIDNAPORE,HOWRAH JN.
38821,HOWRAH JN.,MIDNAPORE
38822,MIDNAPORE,HOWRAH JN.
38823,HOWRAH JN.,MIDNAPORE
38824,MIDNAPORE,HOWRAH JN.
38825,HOWRAH JN.,MIDNAPORE
38826,MIDNAPORE,HOWRAH JN.
38827,HOWRAH JN.,MIDNAPORE
38828,MIDNAPORE,HOWRAH JN.
38829,HOWRAH JN.,MIDNAPORE
38830,MIDNAPORE,HOWRAH JN.
38831,HOWRAH JN.,MIDNAPORE
38832,MIDNAPORE,KHARAGPUR
38902,AMTA,SANTRAGACHI
38905,HOWRAH JN.,AMTA
38908,AMTA,HOWRAH JN.
38909,HOWRAH JN.,AMTA
38923,HOWRAH JN.,AMTA
38924,AMTA,HOWRAH JN.
40001,CHENNAI BEAC,TAMBARAM
40002,TAMBARAM,CHENNAI BEAC
40003,CHENNAI BEAC,TAMBARAM
40004,TAMBARAM,CHENNAI BEAC
40005,CHENNAI BEAC,TAMBARAM
40006,TAMBARAM,CHENNAI BEAC
40007,CHENNAI BEAC,TAMBARAM
40008,TAMBARAM,CHENNAI BEAC
40009,CHENNAI BEAC,TAMBARAM
40010,TAMBARAM,CHENNAI BEAC
40011,CHENNAI BEAC,TAMBARAM
40012,TAMBARAM,CHENNAI BEAC
40013,CHENNAI BEAC,TAMBARAM
40014,TAMBARAM,CHENNAI BEAC
40015,CHENNAI BEAC,TAMBARAM
40016,TAMBARAM,CHENNAI BEAC
40017,CHENNAI BEAC,TAMBARAM
40018,TAMBARAM,CHENNAI BEAC
40019,CHENNAI BEAC,PALLAVARAM
40020,TAMBARAM,CHENNAI BEAC
40021,CHENNAI BEAC,ST. THOMAS M
40022,TAMBARAM,CHENNAI BEAC
40023,CHENNAI BEAC,TAMBARAM
40025,CHENNAI BEAC,TAMBARAM
40026,TAMBARAM,CHENNAI BEAC
40027,CHENNAI BEAC,TAMBARAM
40028,TAMBARAM,CHENNAI BEAC
40029,CHENNAI BEAC,TAMBARAM
40030,TAMBARAM,CHENNAI BEAC
40031,CHENNAI BEAC,TAMBARAM
40032,TAMBARAM,CHENNAI BEAC
40033,CHENNAI BEAC,TAMBARAM
40034,TAMBARAM,CHENNAI BEAC
40035,CHENNAI BEAC,TAMBARAM
40036,TAMBARAM,CHENNAI BEAC
40037,CHENNAI BEAC,TAMBARAM
40038,TAMBARAM,CHENNAI BEAC
40039,CHENNAI BEAC,TAMBARAM
40040,TAMBARAM,CHENNAI BEAC
40041,CHENNAI BEAC,TAMBARAM
40042,ST. THOMAS M,CHENNAI BEAC
40043,CHENNAI BEAC,TAMBARAM
40044,PALLAVARAM,CHENNAI BEAC
40045,CHENNAI BEAC,TAMBARAM
40046,TAMBARAM,CHENNAI BEAC
40047,CHENNAI BEAC,TAMBARAM
40048,TAMBARAM,CHENNAI BEAC
40049,CHENNAI BEAC,TAMBARAM
40050,TAMBARAM,CHENNAI BEAC
40051,CHENNAI BEAC,TAMBARAM
40052,TAMBARAM,CHENNAI BEAC
40053,CHENNAI BEAC,TAMBARAM
40054,TAMBARAM,CHENNAI BEAC
40055,CHENNAI BEAC,TAMBARAM
40056,TAMBARAM,CHENNAI BEAC
40057,CHENNAI BEAC,TAMBARAM
40058,TAMBARAM,CHENNAI BEAC
40059,CHENNAI BEAC,TAMBARAM
40060,TAMBARAM,CHENNAI BEAC
40061,CHENNAI BEAC,TAMBARAM
40062,TAMBARAM,CHENNAI BEAC
40063,CHENNAI BEAC,TAMBARAM
40064,TAMBARAM,CHENNAI BEAC
40065,CHENNAI BEAC,TAMBARAM
40066,TAMBARAM,CHENNAI BEAC
40067,CHENNAI BEAC,TAMBARAM
40068,TAMBARAM,CHENNAI BEAC
40069,CHENNAI BEAC,TAMBARAM
40070,TAMBARAM,CHENNAI BEAC
40071,CHENNAI BEAC,TAMBARAM
40072,TAMBARAM,CHENNAI BEAC
40073,CHENNAI BEAC,TAMBARAM
40074,TAMBARAM,CHENNAI BEAC
40075,CHENNAI BEAC,TAMBARAM
40076,TAMBARAM,CHENNAI BEAC
40077,CHENNAI BEAC,TAMBARAM
40078,TAMBARAM,CHENNAI BEAC
40079,CHENNAI BEAC,TAMBARAM
40080,TAMBARAM,CHENNAI BEAC
40081,CHENNAI BEAC,TAMBARAM
40082,TAMBARAM,CHENNAI BEAC
40083,CHENNAI BEAC,TAMBARAM
40084,TAMBARAM,CHENNAI BEAC
40085,CHENNAI BEAC,TAMBARAM
40086,TAMBARAM,CHENNAI BEAC
40087,CHENNAI BEAC,TAMBARAM
40088,TAMBARAM,CHENNAI BEAC
40089,CHENNAI BEAC,TAMBARAM
40090,TAMBARAM,CHENNAI BEAC
40091,CHENNAI BEAC,TAMBARAM
40092,TAMBARAM,CHENNAI BEAC
40093,CHENNAI BEAC,TAMBARAM
40094,TAMBARAM,CHENNAI BEAC
40095,CHENNAI BEAC,TAMBARAM
40096,TAMBARAM,CHENNAI BEAC
40097,CHENNAI BEAC,TAMBARAM
40098,TAMBARAM,CHENNAI BEAC
40099,CHENNAI BEAC,TAMBARAM
40100,TAMBARAM,CHENNAI BEAC
40101,CHENNAI BEAC,TAMBARAM
40102,TAMBARAM,CHENNAI BEAC
40103,CHENNAI BEAC,TAMBARAM
40104,TAMBARAM,CHENNAI BEAC
40105,CHENNAI BEAC,TAMBARAM
40106,TAMBARAM,CHENNAI BEAC
40107,CHENNAI BEAC,TAMBARAM
40108,TAMBARAM,CHENNAI BEAC
40109,CHENNAI BEAC,TAMBARAM
40110,TAMBARAM,CHENNAI BEAC
40111,CHENNAI BEAC,TAMBARAM
40112,TAMBARAM,CHENNAI BEAC
40113,CHENNAI BEAC,TAMBARAM
40114,TAMBARAM,CHENNAI BEAC
40115,CHENNAI BEAC,TAMBARAM
40116,TAMBARAM,CHENNAI BEAC
40117,CHENNAI BEAC,TAMBARAM
40118,TAMBARAM,CHENNAI BEAC
40119,CHENNAI BEAC,TAMBARAM
40120,TAMBARAM,CHENNAI BEAC
40121,CHENNAI BEAC,TAMBARAM
40122,TAMBARAM,CHENNAI BEAC
40123,CHENNAI BEAC,TAMBARAM
40124,TAMBARAM,CHENNAI BEAC
40125,CHENNAI BEAC,TAMBARAM
40126,TAMBARAM,CHENNAI BEAC
40127,CHENNAI BEAC,TAMBARAM
40128,TAMBARAM,CHENNAI BEAC
40129,CHENNAI BEAC,TAMBARAM
40130,TAMBARAM,CHENNAI BEAC
40131,CHENNAI BEAC,TAMBARAM
40132,TAMBARAM,CHENNAI BEAC
40133,CHENNAI BEAC,TAMBARAM
40134,TAMBARAM,CHENNAI BEAC
40135,CHENNAI BEAC,TAMBARAM
40136,TAMBARAM,CHENNAI BEAC
40137,CHENNAI BEAC,TAMBARAM
40138,TAMBARAM,CHENNAI BEAC
40139,CHENNAI BEAC,TAMBARAM
40140,TAMBARAM,CHENNAI BEAC
40141,CHENNAI BEAC,TAMBARAM
40142,TAMBARAM,CHENNAI BEAC
40143,CHENNAI BEAC,TAMBARAM
40144,TAMBARAM,CHENNAI BEAC
40145,CHENNAI BEAC,TAMBARAM
40146,TAMBARAM,CHENNAI BEAC
40147,CHENNAI BEAC,TAMBARAM
40148,TAMBARAM,CHENNAI BEAC
40150,TAMBARAM,CHENNAI BEAC
40151,CHENNAI BEAC,TAMBARAM
40152,TAMBARAM,CHENNAI BEAC
40153,CHENNAI BEAC,TAMBARAM
40154,TAMBARAM,CHENNAI BEAC
40155,CHENNAI BEAC,TAMBARAM
40156,TAMBARAM,CHENNAI BEAC
40157,CHENNAI BEAC,TAMBARAM
40158,TAMBARAM,CHENNAI BEAC
40301,CHENNAI BEAC,TAMBARAM
40302,TAMBARAM,CHENNAI BEAC
40303,CHENNAI BEAC,TAMBARAM
40304,TAMBARAM,CHENNAI BEAC
40305,CHENNAI BEAC,TAMBARAM
40306,TAMBARAM,CHENNAI BEAC
40307,CHENNAI BEAC,TAMBARAM
40308,TAMBARAM,CHENNAI BEAC
40309,CHENNAI BEAC,TAMBARAM
40310,TAMBARAM,CHENNAI BEAC
40311,CHENNAI BEAC,TAMBARAM
40312,TAMBARAM,CHENNAI BEAC
40313,CHENNAI BEAC,TAMBARAM
40314,TAMBARAM,CHENNAI BEAC
40315,CHENNAI BEAC,TAMBARAM
40316,TAMBARAM,CHENNAI BEAC
40317,CHENNAI BEAC,TAMBARAM
40318,TAMBARAM,CHENNAI BEAC
40319,CHENNAI BEAC,TAMBARAM
40320,TAMBARAM,CHENNAI BEAC
40321,CHENNAI BEAC,TAMBARAM
40322,TAMBARAM,CHENNAI BEAC
40323,CHENNAI BEAC,TAMBARAM
40324,TAMBARAM,CHENNAI BEAC
40325,CHENNAI BEAC,TAMBARAM
40326,TAMBARAM,CHENNAI BEAC
40327,CHENNAI BEAC,TAMBARAM
40328,TAMBARAM,CHENNAI BEAC
40329,CHENNAI BEAC,TAMBARAM
40330,TAMBARAM,CHENNAI BEAC
40331,CHENNAI BEAC,TAMBARAM
40332,TAMBARAM,CHENNAI BEAC
40333,CHENNAI BEAC,TAMBARAM
40334,TAMBARAM,CHENNAI BEAC
40335,CHENNAI BEAC,TAMBARAM
40336,TAMBARAM,CHENNAI BEAC
40337,CHENNAI BEAC,TAMBARAM
40338,TAMBARAM,CHENNAI BEAC
40339,CHENNAI BEAC,TAMBARAM
40340,TAMBARAM,CHENNAI BEAC
40341,CHENNAI BEAC,TAMBARAM
40342,TAMBARAM,CHENNAI BEAC
40343,CHENNAI BEAC,TAMBARAM
40344,TAMBARAM,CHENNAI BEAC
40345,CHENNAI BEAC,TAMBARAM
40346,TAMBARAM,CHENNAI BEAC
40347,CHENNAI BEAC,TAMBARAM
40348,TAMBARAM,CHENNAI BEAC
40349,CHENNAI BEAC,TAMBARAM
40350,TAMBARAM,CHENNAI BEAC
40351,CHENNAI BEAC,TAMBARAM
40352,TAMBARAM,CHENNAI BEAC
40353,CHENNAI BEAC,TAMBARAM
40354,TAMBARAM,CHENNAI BEAC
40355,CHENNAI BEAC,TAMBARAM
40356,TAMBARAM,CHENNAI BEAC
40357,CHENNAI BEAC,TAMBARAM
40358,TAMBARAM,CHENNAI BEAC
40359,CHENNAI BEAC,TAMBARAM
40360,TAMBARAM,CHENNAI BEAC
40361,CHENNAI BEAC,TAMBARAM
40362,TAMBARAM,CHENNAI BEAC
40363,CHENNAI BEAC,TAMBARAM
40364,TAMBARAM,CHENNAI BEAC
40365,CHENNAI BEAC,TAMBARAM
40366,TAMBARAM,CHENNAI BEAC
40367,CHENNAI BEAC,TAMBARAM
40368,TAMBARAM,CHENNAI BEAC
40369,CHENNAI BEAC,TAMBARAM
40370,TAMBARAM,CHENNAI BEAC
40371,CHENNAI BEAC,TAMBARAM
40372,TAMBARAM,CHENNAI BEAC
40373,CHENNAI BEAC,TAMBARAM
40374,TAMBARAM,CHENNAI BEAC
40375,CHENNAI BEAC,TAMBARAM
40376,TAMBARAM,CHENNAI BEAC
40377,CHENNAI BEAC,TAMBARAM
40378,TAMBARAM,CHENNAI BEAC
40379,CHENNAI BEAC,TAMBARAM
40380,TAMBARAM,CHENNAI BEAC
40381,CHENNAI BEAC,TAMBARAM
40382,TAMBARAM,CHENNAI BEAC
40383,CHENNAI BEAC,TAMBARAM
40384,TAMBARAM,CHENNAI BEAC
40385,CHENNAI BEAC,TAMBARAM
40386,TAMBARAM,CHENNAI BEAC
40387,CHENNAI BEAC,TAMBARAM
40388,TAMBARAM,CHENNAI BEAC
40389,CHENNAI BEAC,TAMBARAM
40390,TAMBARAM,CHENNAI BEAC
40391,CHENNAI BEAC,TAMBARAM
40392,TAMBARAM,CHENNAI BEAC
40393,CHENNAI BEAC,TAMBARAM
40394,TAMBARAM,CHENNAI BEAC
40395,CHENNAI BEAC,TAMBARAM
40396,TAMBARAM,CHENNAI BEAC
40397,CHENNAI BEAC,TAMBARAM
40398,TAMBARAM,CHENNAI BEAC
40399,CHENNAI BEAC,TAMBARAM
40400,TAMBARAM,CHENNAI BEAC
40401,CHENNAI BEAC,TAMBARAM
40402,TAMBARAM,CHENNAI BEAC
40403,CHENNAI BEAC,TAMBARAM
40404,TAMBARAM,CHENNAI BEAC
40405,CHENNAI BEAC,TAMBARAM
40406,TAMBARAM,CHENNAI BEAC
40407,CHENNAI BEAC,TAMBARAM
40408,TAMBARAM,CHENNAI BEAC
40409,CHENNAI BEAC,TAMBARAM
40410,TAMBARAM,CHENNAI BEAC
40411,CHENNAI BEAC,TAMBARAM
40412,TAMBARAM,CHENNAI BEAC
40413,CHENNAI BEAC,TAMBARAM
40414,TAMBARAM,CHENNAI BEAC
40415,CHENNAI BEAC,TAMBARAM
40416,TAMBARAM,CHENNAI BEAC
40417,CHENNAI BEAC,TAMBARAM
40418,TAMBARAM,CHENNAI BEAC
40419,CHENNAI BEAC,TAMBARAM
40420,TAMBARAM,CHENNAI BEAC
40421,CHENNAI BEAC,TAMBARAM
40422,TAMBARAM,CHENNAI BEAC
40501,CHENNAI BEAC,CHENGALPATTU
40502,CHENGALPATTU,CHENNAI BEAC
40503,CHENNAI BEAC,CHENGALPATTU
40504,CHENGALPATTU,CHENNAI BEAC
40505,CHENNAI BEAC,CHENGALPATTU
40506,CHENGALPATTU,CHENNAI BEAC
40507,CHENNAI BEAC,CHENGALPATTU
40508,CHENGALPATTU,CHENNAI BEAC
40509,CHENNAI BEAC,CHENGALPATTU
40510,CHENGALPATTU,CHENNAI BEAC
40511,CHENNAI BEAC,CHENGALPATTU
40512,CHENGALPATTU,CHENNAI BEAC
40513,CHENNAI BEAC,CHENGALPATTU
40514,CHENGALPATTU,CHENNAI BEAC
40515,CHENNAI BEAC,CHENGALPATTU
40516,CHENGALPATTU,CHENNAI BEAC
40517,CHENNAI BEAC,CHENGALPATTU
40518,CHENGALPATTU,CHENNAI BEAC
40519,CHENNAI BEAC,CHENGALPATTU
40520,CHENGALPATTU,CHENNAI BEAC
40522,CHENGALPATTU,CHENNAI BEAC
40523,CHENNAI BEAC,CHENGALPATTU
40524,CHENGALPATTU,CHENNAI BEAC
40525,CHENNAI BEAC,CHENGALPATTU
40526,CHENGALPATTU,CHENNAI BEAC
40527,CHENNAI BEAC,CHENGALPATTU
40528,CHENGALPATTU,CHENNAI BEAC
40529,CHENNAI BEAC,CHENGALPATTU
40531,CHENNAI BEAC,CHENGALPATTU
40532,CHENGALPATTU,CHENNAI BEAC
40533,CHENNAI BEAC,CHENGALPATTU
40534,CHENGALPATTU,CHENNAI BEAC
40535,CHENNAI BEAC,CHENGALPATTU
40536,CHENGALPATTU,CHENNAI BEAC
40538,CHENGALPATTU,CHENNAI BEAC
40539,CHENNAI BEAC,CHENGALPATTU
40540,CHENGALPATTU,CHENNAI BEAC
40541,CHENNAI BEAC,CHENGALPATTU
40542,CHENGALPATTU,CHENNAI BEAC
40543,CHENNAI BEAC,CHENGALPATTU
40544,CHENGALPATTU,CHENNAI BEAC
40545,CHENNAI BEAC,CHENGALPATTU
40547,CHENNAI BEAC,CHENGALPATTU
40548,CHENGALPATTU,CHENNAI BEAC
40549,CHENNAI BEAC,CHENGALPATTU
40550,CHENGALPATTU,CHENNAI BEAC
40551,CHENNAI BEAC,CHENGALPATTU
40552,CHENGALPATTU,CHENNAI BEAC
40553,CHENNAI BEAC,CHENGALPATTU
40554,CHENGALPATTU,CHENNAI BEAC
40555,CHENNAI BEAC,CHENGALPATTU
40556,CHENGALPATTU,CHENNAI BEAC
40557,CHENNAI BEAC,CHENGALPATTU
40558,CHENGALPATTU,CHENNAI BEAC
40559,CHENNAI BEAC,CHENGALPATTU
40560,CHENGALPATTU,CHENNAI BEAC
40561,CHENNAI BEAC,CHENGALPATTU
40562,CHENGALPATTU,CHENNAI BEAC
40563,CHENNAI BEAC,CHENGALPATTU
40564,CHENGALPATTU,CHENNAI BEAC
40565,CHENNAI BEAC,CHENGALPATTU
40566,CHENGALPATTU,CHENNAI BEAC
40567,CHENNAI BEAC,CHENGALPATTU
40568,CHENGALPATTU,CHENNAI BEAC
40569,CHENNAI BEAC,CHENGALPATTU
40570,CHENGALPATTU,CHENNAI BEAC
40571,CHENNAI BEAC,CHENGALPATTU
40572,CHENGALPATTU,CHENNAI BEAC
40573,CHENNAI BEAC,CHENGALPATTU
40574,CHENGALPATTU,CHENNAI BEAC
40601,CHENNAI BEAC,CHENGALPATTU
40602,CHENGALPATTU,CHENNAI BEAC
40603,CHENNAI BEAC,CHENGALPATTU
40604,CHENGALPATTU,CHENNAI BEAC
40605,CHENNAI BEAC,CHENGALPATTU
40606,CHENGALPATTU,CHENNAI BEAC
40607,CHENNAI BEAC,CHENGALPATTU
40608,CHENGALPATTU,CHENNAI BEAC
40609,CHENNAI BEAC,CHENGALPATTU
40610,CHENGALPATTU,CHENNAI BEAC
40612,CHENGALPATTU,CHENNAI BEAC
40613,CHENNAI BEAC,CHENGALPATTU
40614,CHENGALPATTU,CHENNAI BEAC
40615,CHENNAI BEAC,CHENGALPATTU
40616,CHENGALPATTU,CHENNAI BEAC
40617,CHENNAI BEAC,CHENGALPATTU
40618,CHENGALPATTU,CHENNAI BEAC
40619,CHENNAI BEAC,CHENGALPATTU
40621,CHENNAI BEAC,CHENGALPATTU
40622,CHENGALPATTU,CHENNAI BEAC
40623,CHENNAI BEAC,CHENGALPATTU
40624,CHENGALPATTU,CHENNAI BEAC
40625,CHENNAI BEAC,CHENGALPATTU
40626,CHENGALPATTU,CHENNAI BEAC
40627,CHENNAI BEAC,CHENGALPATTU
40628,CHENGALPATTU,CHENNAI BEAC
40629,CHENNAI BEAC,CHENGALPATTU
40630,CHENGALPATTU,CHENNAI BEAC
40631,CHENNAI BEAC,CHENGALPATTU
40632,CHENGALPATTU,CHENNAI BEAC
40633,CHENNAI BEAC,CHENGALPATTU
40634,CHENGALPATTU,CHENNAI BEAC
40635,CHENNAI BEAC,CHENGALPATTU
40636,CHENGALPATTU,CHENNAI BEAC
40637,CHENNAI BEAC,CHENGALPATTU
40638,CHENGALPATTU,CHENNAI BEAC
40639,CHENNAI BEAC,CHENGALPATTU
40640,CHENGALPATTU,CHENNAI BEAC
40641,CHENNAI BEAC,CHENGALPATTU
40642,CHENGALPATTU,CHENNAI BEAC
40643,CHENNAI BEAC,CHENGALPATTU
40644,CHENGALPATTU,CHENNAI BEAC
40645,CHENNAI BEAC,CHENGALPATTU
40646,CHENGALPATTU,CHENNAI BEAC
40647,CHENNAI BEAC,CHENGALPATTU
40648,CHENGALPATTU,CHENNAI BEAC
40649,CHENNAI BEAC,CHENGALPATTU
40650,CHENGALPATTU,CHENNAI BEAC
40651,CHENNAI BEAC,CHENGALPATTU
40652,CHENGALPATTU,CHENNAI BEAC
40653,CHENNAI BEAC,CHENGALPATTU
40654,CHENGALPATTU,CHENNAI BEAC
40655,CHENNAI BEAC,CHENGALPATTU
40656,CHENGALPATTU,CHENNAI BEAC
40657,CHENNAI BEAC,CHENGALPATTU
40658,CHENGALPATTU,CHENNAI BEAC
40659,CHENNAI BEAC,CHENGALPATTU
40660,CHENGALPATTU,CHENNAI BEAC
40661,CHENNAI BEAC,CHENGALPATTU
40662,CHENGALPATTU,CHENNAI BEAC
40663,CHENNAI BEAC,CHENGALPATTU
40664,CHENGALPATTU,CHENNAI BEAC
40665,CHENNAI BEAC,CHENGALPATTU
40666,CHENGALPATTU,CHENNAI BEAC
40701,CHENNAI BEAC,TIRUMALPUR
40702,TIRUMALPUR,CHENNAI BEAC
40704,TIRUMALPUR,CHENNAI BEAC
40705,CHENNAI BEAC,TIRUMALPUR
40706,TIRUMALPUR,CHENNAI BEAC
40707,CHENNAI BEAC,TIRUMALPUR
40708,TIRUMALPUR,CHENNAI BEAC
40709,CHENNAI BEAC,TIRUMALPUR
40711,CHENNAI BEAC,TIRUMALPUR
40712,TIRUMALPUR,CHENNAI BEAC
40751,CHENNAI BEAC,TIRUMALPUR
40752,TIRUMALPUR,CHENNAI BEAC
40754,TIRUMALPUR,CHENNAI BEAC
40755,CHENNAI BEAC,TIRUMALPUR
40756,TIRUMALPUR,CHENNAI BEAC
40757,CHENNAI BEAC,TIRUMALPUR
40758,TIRUMALPUR,CHENNAI BEAC
40759,CHENNAI BEAC,TIRUMALPUR
40761,CHENNAI BEAC,TIRUMALPUR
40762,TIRUMALPUR,CHENNAI BEAC
40801,CHENNAI BEAC,KANCHIPURAM
40802,KANCHIPURAM,CHENNAI BEAC
40803,CHENNAI BEAC,KANCHIPURAM
40804,KANCHIPURAM,CHENNAI BEAC
40901,CHENGALPATTU,TIRUMALPUR
40902,TIRUMALPUR,CHENGALPATTU
41001,CHENNAI BEAC,VELACHEERY
41003,CHENNAI BEAC,VELACHEERY
41006,VELACHEERY,CHENNAI BEAC
41008,VELACHEERY,CHENNAI BEAC
41009,CHENNAI BEAC,VELACHEERY
41012,VELACHEERY,CHENNAI BEAC
41013,CHENNAI BEAC,VELACHEERY
41014,VELACHEERY,CHENNAI BEAC
41015,CHENNAI BEAC,VELACHEERY
41016,VELACHEERY,CHENNAI BEAC
41017,CHENNAI BEAC,VELACHEERY
41020,VELACHEERY,CHENNAI BEAC
41021,CHENNAI BEAC,VELACHEERY
41022,VELACHEERY,CHENNAI BEAC
41023,CHENNAI BEAC,VELACHEERY
41024,VELACHEERY,CHENNAI BEAC
41028,VELACHEERY,CHENNAI BEAC
41029,CHENNAI BEAC,VELACHEERY
41033,CHENNAI BEAC,VELACHEERY
41035,CHENNAI BEAC,VELACHEERY
41036,VELACHEERY,CHENNAI BEAC
41038,VELACHEERY,CHENNAI BEAC
41040,VELACHEERY,CHENNAI BEAC
41042,VELACHEERY,CHENNAI BEAC
41043,CHENNAI BEAC,VELACHEERY
41046,VELACHEERY,CHENNAI BEAC
41048,VELACHEERY,CHENNAI BEAC
41050,VELACHEERY,CHENNAI BEAC
41051,CHENNAI BEAC,VELACHEERY
41055,CHENNAI BEAC,VELACHEERY
41056,VELACHEERY,CHENNAI BEAC
41057,CHENNAI BEAC,VELACHEERY
41060,VELACHEERY,CHENNAI BEAC
41061,CHENNAI BEAC,VELACHEERY
41063,CHENNAI BEAC,VELACHEERY
41064,VELACHEERY,CHENNAI BEAC
41065,CHENNAI BEAC,VELACHEERY
41069,CHENNAI BEAC,VELACHEERY
41070,VELACHEERY,CHENNAI BEAC
41073,CHENNAI BEAC,VELACHEERY
41076,VELACHEERY,CHENNAI BEAC
41077,CHENNAI BEAC,VELACHEERY
41078,VELACHEERY,CHENNAI BEAC
41079,CHENNAI BEAC,VELACHEERY
41080,VELACHEERY,CHENNAI BEAC
41081,CHENNAI BEAC,VELACHEERY
41082,VELACHEERY,CHENNAI BEAC
41084,VELACHEERY,CHENNAI BEAC
41085,CHENNAI BEAC,VELACHEERY
41086,VELACHEERY,CHENNAI BEAC
41089,CHENNAI BEAC,VELACHEERY
41091,CHENNAI BEAC,VELACHEERY
41092,VELACHEERY,CHENNAI BEAC
41093,CHENNAI BEAC,VELACHEERY
41095,CHENNAI BEAC,VELACHEERY
41096,VELACHEERY,CHENNAI BEAC
41097,CHENNAI BEAC,VELACHEERY
41102,VELACHEERY,CHENNAI BEAC
41103,CHENNAI BEAC,VELACHEERY
41104,VELACHEERY,CHENNAI BEAC
41105,CHENNAI BEAC,VELACHEERY
41108,VELACHEERY,CHENNAI BEAC
41110,VELACHEERY,CHENNAI BEAC
41111,CHENNAI BEAC,VELACHEERY
41113,CHENNAI BEAC,VELACHEERY
41116,VELACHEERY,CHENNAI BEAC
41117,CHENNAI BEAC,VELACHEERY
41119,CHENNAI BEAC,VELACHEERY
41120,VELACHEERY,CHENNAI BEAC
41122,VELACHEERY,CHENNAI BEAC
41127,CHENNAI BEAC,VELACHEERY
41128,VELACHEERY,CHENNAI BEAC
41129,CHENNAI BEAC,VELACHEERY
41130,VELACHEERY,CHENNAI BEAC
41131,CHENNAI BEAC,VELACHEERY
41132,VELACHEERY,CHENNAI BEAC
41134,VELACHEERY,CHENNAI BEAC
41135,CHENNAI BEAC,VELACHEERY
41138,VELACHEERY,CHENNAI BEAC
41140,VELACHEERY,CHENNAI BEAC
41501,CHENNAI BEAC,VELACHEERY
41502,VELACHEERY,CHENNAI BEAC
41503,CHENNAI BEAC,VELACHEERY
41504,VELACHEERY,CHENNAI BEAC
41505,CHENNAI BEAC,VELACHEERY
41506,VELACHEERY,CHENNAI BEAC
41507,CHENNAI BEAC,VELACHEERY
41508,VELACHEERY,CHENNAI BEAC
41509,CHENNAI BEAC,VELACHEERY
41510,VELACHEERY,CHENNAI BEAC
41511,CHENNAI BEAC,VELACHEERY
41512,VELACHEERY,CHENNAI BEAC
41513,CHENNAI BEAC,VELACHEERY
41514,VELACHEERY,CHENNAI BEAC
41515,CHENNAI BEAC,VELACHEERY
41516,VELACHEERY,CHENNAI BEAC
41517,CHENNAI BEAC,VELACHEERY
41518,VELACHEERY,CHENNAI BEAC
41519,CHENNAI BEAC,VELACHEERY
41520,VELACHEERY,CHENNAI BEAC
41521,CHENNAI BEAC,VELACHEERY
41522,VELACHEERY,CHENNAI BEAC
41523,CHENNAI BEAC,VELACHEERY
41524,VELACHEERY,CHENNAI BEAC
41525,CHENNAI BEAC,VELACHEERY
41526,VELACHEERY,CHENNAI BEAC
41527,CHENNAI BEAC,VELACHEERY
41528,VELACHEERY,CHENNAI BEAC
41529,CHENNAI BEAC,VELACHEERY
41530,VELACHEERY,CHENNAI BEAC
41531,CHENNAI BEAC,VELACHEERY
41532,VELACHEERY,CHENNAI BEAC
41533,CHENNAI BEAC,VELACHEERY
41534,VELACHEERY,CHENNAI BEAC
41535,CHENNAI BEAC,VELACHEERY
41536,VELACHEERY,CHENNAI BEAC
41537,CHENNAI BEAC,VELACHEERY
41538,VELACHEERY,CHENNAI BEAC
41539,CHENNAI BEAC,VELACHEERY
41540,VELACHEERY,CHENNAI BEAC
41541,CHENNAI BEAC,VELACHEERY
41542,VELACHEERY,CHENNAI BEAC
41543,CHENNAI BEAC,VELACHEERY
41544,VELACHEERY,CHENNAI BEAC
41545,CHENNAI BEAC,VELACHEERY
41546,VELACHEERY,CHENNAI BEAC
41547,CHENNAI BEAC,VELACHEERY
41548,VELACHEERY,CHENNAI BEAC
41549,CHENNAI BEAC,VELACHEERY
41550,VELACHEERY,CHENNAI BEAC
41551,CHENNAI BEAC,VELACHEERY
41552,VELACHEERY,CHENNAI BEAC
41553,CHENNAI BEAC,VELACHEERY
41554,VELACHEERY,CHENNAI BEAC
41555,CHENNAI BEAC,VELACHEERY
41556,VELACHEERY,CHENNAI BEAC
41557,CHENNAI BEAC,VELACHEERY
41558,VELACHEERY,CHENNAI BEAC
41559,CHENNAI BEAC,VELACHEERY
41560,VELACHEERY,CHENNAI BEAC
41561,CHENNAI BEAC,VELACHEERY
41562,VELACHEERY,CHENNAI BEAC
41563,CHENNAI BEAC,VELACHEERY
41564,VELACHEERY,CHENNAI BEAC
41565,CHENNAI BEAC,VELACHEERY
41566,VELACHEERY,CHENNAI BEAC
41567,CHENNAI BEAC,VELACHEERY
41568,VELACHEERY,CHENNAI BEAC
41569,CHENNAI BEAC,VELACHEERY
41570,VELACHEERY,CHENNAI BEAC
41571,CHENNAI BEAC,VELACHEERY
41572,VELACHEERY,CHENNAI BEAC
41573,CHENNAI BEAC,VELACHEERY
41574,VELACHEERY,CHENNAI BEAC
41575,CHENNAI BEAC,VELACHEERY
41576,VELACHEERY,CHENNAI BEAC
41577,CHENNAI BEAC,VELACHEERY
41578,VELACHEERY,CHENNAI BEAC
41579,CHENNAI BEAC,VELACHEERY
41580,VELACHEERY,CHENNAI BEAC
41581,CHENNAI BEAC,VELACHEERY
41582,VELACHEERY,CHENNAI BEAC
41583,CHENNAI BEAC,VELACHEERY
41584,VELACHEERY,CHENNAI BEAC
41585,CHENNAI BEAC,VELACHEERY
41586,VELACHEERY,CHENNAI BEAC
41587,CHENNAI BEAC,VELACHEERY
41588,VELACHEERY,CHENNAI BEAC
41589,CHENNAI BEAC,VELACHEERY
41590,VELACHEERY,CHENNAI BEAC
41593,CHENNAI BEAC,VELACHEERY
41594,VELACHEERY,CHENNAI BEAC
41597,CHENNAI BEAC,VELACHEERY
41598,VELACHEERY,CHENNAI BEAC
41599,CHENNAI BEAC,VELACHEERY
41600,VELACHEERY,CHENNAI BEAC
42001,MOOR MARKET,GUMMIDIPUNDI
42002,GUMMIDIPUNDI,MOOR MARKET
42003,MOOR MARKET,GUMMIDIPUNDI
42004,GUMMIDIPUNDI,MOOR MARKET
42005,MOOR MARKET,GUMMIDIPUNDI
42006,GUMMIDIPUNDI,MOOR MARKET
42007,MOOR MARKET,GUMMIDIPUNDI
42008,GUMMIDIPUNDI,MOOR MARKET
42009,MOOR MARKET,GUMMIDIPUNDI
42010,GUMMIDIPUNDI,MOOR MARKET
42011,MOOR MARKET,GUMMIDIPUNDI
42012,GUMMIDIPUNDI,MOOR MARKET
42013,MOOR MARKET,GUMMIDIPUNDI
42014,GUMMIDIPUNDI,MOOR MARKET
42015,MOOR MARKET,GUMMIDIPUNDI
42016,GUMMIDIPUNDI,MOOR MARKET
42017,MOOR MARKET,GUMMIDIPUNDI
42018,GUMMIDIPUNDI,MOOR MARKET
42019,MOOR MARKET,GUMMIDIPUNDI
42020,GUMMIDIPUNDI,MOOR MARKET
42021,MOOR MARKET,GUMMIDIPUNDI
42022,GUMMIDIPUNDI,MOOR MARKET
42023,MOOR MARKET,GUMMIDIPUNDI
42024,GUMMIDIPUNDI,MOOR MARKET
42025,MOOR MARKET,GUMMIDIPUNDI
42026,GUMMIDIPUNDI,MOOR MARKET
42027,MOOR MARKET,GUMMIDIPUNDI
42028,GUMMIDIPUNDI,MOOR MARKET
42029,MOOR MARKET,GUMMIDIPUNDI
42030,GUMMIDIPUNDI,MOOR MARKET
42031,MOOR MARKET,GUMMIDIPUNDI
42032,GUMMIDIPUNDI,MOOR MARKET
42033,MOOR MARKET,GUMMIDIPUNDI
42034,GUMMIDIPUNDI,MOOR MARKET
42035,MOOR MARKET,GUMMIDIPUNDI
42036,GUMMIDIPUNDI,MOOR MARKET
42037,MOOR MARKET,GUMMIDIPUNDI
42038,GUMMIDIPUNDI,MOOR MARKET
42039,MOOR MARKET,GUMMIDIPUNDI
42040,GUMMIDIPUNDI,MOOR MARKET
42041,MOOR MARKET,GUMMIDIPUNDI
42042,GUMMIDIPUNDI,MOOR MARKET
42043,MOOR MARKET,GUMMIDIPUNDI
42044,GUMMIDIPUNDI,MOOR MARKET
42045,MOOR MARKET,GUMMIDIPUNDI
42046,GUMMIDIPUNDI,MOOR MARKET
42301,MOOR MARKET,PONNERI
42302,PONNERI,MOOR MARKET
42401,MOOR MARKET,SULLURUPETTA
42402,SULLURUPETTA,MOOR MARKET
42403,MOOR MARKET,SULLURUPETTA
42404,SULLURUPETTA,MOOR MARKET
42406,SULLURUPETTA,MOOR MARKET
42407,MOOR MARKET,SULLURUPETTA
42408,SULLURUPETTA,MOOR MARKET
42409,MOOR MARKET,SULLURUPETTA
42411,MOOR MARKET,SULLURUPETTA
42412,SULLURUPETTA,MOOR MARKET
42413,MOOR MARKET,SULLURUPETTA
42414,SULLURUPETTA,MOOR MARKET
42416,SULLURUPETTA,MOOR MARKET
42417,MOOR MARKET,SULLURUPETTA
42419,MOOR MARKET,SULLURUPETTA
42420,SULLURUPETTA,MOOR MARKET
42421,MOOR MARKET,SULLURUPETTA
42422,SULLURUPETTA,MOOR MARKET
42423,MOOR MARKET,SULLURUPETTA
42451,GUMMIDIPUNDI,SULLURUPETTA
42452,SULLURUPETTA,GUMMIDIPUNDI
42601,CHENNAI BEAC,GUMMIDIPUNDI
42602,GUMMIDIPUNDI,CHENNAI BEAC
42603,CHENNAI BEAC,GUMMIDIPUNDI
42604,GUMMIDIPUNDI,CHENNAI BEAC
42605,CHENNAI BEAC,GUMMIDIPUNDI
42606,GUMMIDIPUNDI,CHENNAI BEAC
42607,CHENNAI BEAC,GUMMIDIPUNDI
42608,GUMMIDIPUNDI,CHENNAI BEAC
42651,VELACHEERY,GUMMIDIPUNDI
42652,GUMMIDIPUNDI,VELACHEERY
42653,VELACHEERY,GUMMIDIPUNDI
42654,GUMMIDIPUNDI,VELACHEERY
42655,VELACHEERY,GUMMIDIPUNDI
42656,GUMMIDIPUNDI,VELACHEERY
42657,VELACHEERY,GUMMIDIPUNDI
42701,CHENNAI BEAC,PONNERI
42702,PONNERI,CHENNAI BEAC
42751,VELACHEERY,PONNERI
42752,PONNERI,VELACHEERY
42801,CHENNAI BEAC,SULLURUPETTA
42802,SULLURUPETTA,CHENNAI BEAC
42804,SULLURUPETTA,CHENNAI BEAC
42851,VELACHEERY,SULLURUPETTA
42852,SULLURUPETTA,VELACHEERY
42854,SULLURUPETTA,VELACHEERY
42901,MOOR MARKET,ENNORE
43001,MOOR MARKET,AVADI
43002,AVADI,MOOR MARKET
43003,MOOR MARKET,AVADI
43005,MOOR MARKET,AVADI
43006,AVADI,MOOR MARKET
43007,MOOR MARKET,AVADI
43008,AVADI,MOOR MARKET
43009,MOOR MARKET,AVADI
43011,MOOR MARKET,AVADI
43013,MOOR MARKET,AVADI
43014,AVADI,MOOR MARKET
43015,MOOR MARKET,AVADI
43016,AVADI,MOOR MARKET
43017,MOOR MARKET,AVADI
43018,AVADI,MOOR MARKET
43019,MOOR MARKET,AVADI
43020,AVADI,MOOR MARKET
43021,MOOR MARKET,AVADI
43022,AVADI,MOOR MARKET
43023,MOOR MARKET,AVADI
43025,MOOR MARKET,AVADI
43029,MOOR MARKET,AVADI
43101,MOOR MARKET,PATTABIRAM E
43102,PATTABIRAM E,MOOR MARKET
43103,MOOR MARKET,PATTABIRAM E
43104,PATTABIRAM E,MOOR MARKET
43105,MOOR MARKET,PATTABIRAM E
43106,PATTABIRAM E,MOOR MARKET
43107,MOOR MARKET,PATTABIRAM E
43108,PATTABIRAM E,MOOR MARKET
43109,MOOR MARKET,PATTABIRAM E
43110,PATTABIRAM E,MOOR MARKET
43111,MOOR MARKET,PATTABIRAM E
43112,PATTABIRAM E,MOOR MARKET
43113,MOOR MARKET,PATTABIRAM E
43114,PATTABIRAM E,MOOR MARKET
43115,MOOR MARKET,PATTABIRAM E
43116,PATTABIRAM E,MOOR MARKET
43117,MOOR MARKET,PATTABIRAM E
43118,PATTABIRAM E,MOOR MARKET
43119,MOOR MARKET,PATTABIRAM E
43120,PATTABIRAM E,MOOR MARKET
43121,MOOR MARKET,PATTABIRAM E
43122,PATTABIRAM E,MOOR MARKET
43123,MOOR MARKET,PATTABIRAM E
43124,PATTABIRAM E,MOOR MARKET
43125,MOOR MARKET,PATTABIRAM E
43126,PATTABIRAM E,MOOR MARKET
43127,MOOR MARKET,PATTABIRAM E
43128,PATTABIRAM E,MOOR MARKET
43130,PATTABIRAM E,MOOR MARKET
43132,PATTABIRAM E,MOOR MARKET
43201,MOOR MARKET,TIRUVALLUR
43202,TIRUVALLUR,MOOR MARKET
43203,MOOR MARKET,TIRUVALLUR
43204,TIRUVALLUR,MOOR MARKET
43205,MOOR MARKET,TIRUVALLUR
43206,TIRUVALLUR,MOOR MARKET
43207,MOOR MARKET,TIRUVALLUR
43208,TIRUVALLUR,MOOR MARKET
43209,MOOR MARKET,TIRUVALLUR
43210,TIRUVALLUR,MOOR MARKET
43211,MOOR MARKET,TIRUVALLUR
43212,TIRUVALLUR,MOOR MARKET
43213,MOOR MARKET,TIRUVALLUR
43214,TIRUVALLUR,MOOR MARKET
43215,MOOR MARKET,TIRUVALLUR
43216,TIRUVALLUR,MOOR MARKET
43217,MOOR MARKET,TIRUVALLUR
43218,TIRUVALLUR,MOOR MARKET
43219,MOOR MARKET,TIRUVALLUR
43220,TIRUVALLUR,MOOR MARKET
43221,MOOR MARKET,TIRUVALLUR
43222,TIRUVALLUR,MOOR MARKET
43223,MOOR MARKET,TIRUVALLUR
43224,TIRUVALLUR,MOOR MARKET
43225,MOOR MARKET,TIRUVALLUR
43226,TIRUVALLUR,MOOR MARKET
43227,MOOR MARKET,TIRUVALLUR
43228,TIRUVALLUR,MOOR MARKET
43229,MOOR MARKET,TIRUVALLUR
43230,TIRUVALLUR,MOOR MARKET
43231,MOOR MARKET,TIRUVALLUR
43232,TIRUVALLUR,MOOR MARKET
43233,MOOR MARKET,TIRUVALLUR
43234,TIRUVALLUR,MOOR MARKET
43235,MOOR MARKET,TIRUVALLUR
43236,TIRUVALLUR,MOOR MARKET
43237,MOOR MARKET,TIRUVALLUR
43238,TIRUVALLUR,MOOR MARKET
43239,MOOR MARKET,TIRUVALLUR
43240,TIRUVALLUR,MOOR MARKET
43241,MOOR MARKET,TIRUVALLUR
43242,TIRUVALLUR,MOOR MARKET
43243,MOOR MARKET,TIRUVALLUR
43244,TIRUVALLUR,MOOR MARKET
43245,MOOR MARKET,TIRUVALLUR
43246,TIRUVALLUR,MOOR MARKET
43247,MOOR MARKET,TIRUVALLUR
43248,TIRUVALLUR,MOOR MARKET
43250,TIRUVALLUR,MOOR MARKET
43251,MOOR MARKET,TIRUVALLUR
43252,TIRUVALLUR,MOOR MARKET
43253,MOOR MARKET,TIRUVALLUR
43254,TIRUVALLUR,MOOR MARKET
43255,MOOR MARKET,TIRUVALLUR
43256,TIRUVALLUR,MOOR MARKET
43257,MOOR MARKET,TIRUVALLUR
43258,TIRUVALLUR,MOOR MARKET
43260,TIRUVALLUR,MOOR MARKET
43401,MOOR MARKET,ARAKKONAM JN
43402,ARAKKONAM JN,MOOR MARKET
43403,MOOR MARKET,ARAKKONAM JN
43404,ARAKKONAM JN,MOOR MARKET
43405,MOOR MARKET,ARAKKONAM JN
43406,ARAKKONAM JN,MOOR MARKET
43407,MOOR MARKET,ARAKKONAM JN
43408,ARAKKONAM JN,MOOR MARKET
43409,MOOR MARKET,ARAKKONAM JN
43410,ARAKKONAM JN,MOOR MARKET
43411,MOOR MARKET,ARAKKONAM JN
43412,ARAKKONAM JN,MOOR MARKET
43413,MOOR MARKET,ARAKKONAM JN
43414,ARAKKONAM JN,MOOR MARKET
43415,MOOR MARKET,ARAKKONAM JN
43418,ARAKKONAM JN,MOOR MARKET
43419,MOOR MARKET,ARAKKONAM JN
43420,ARAKKONAM JN,MOOR MARKET
43421,MOOR MARKET,ARAKKONAM JN
43422,ARAKKONAM JN,MOOR MARKET
43423,MOOR MARKET,ARAKKONAM JN
43424,ARAKKONAM JN,MOOR MARKET
43425,MOOR MARKET,ARAKKONAM JN
43426,ARAKKONAM JN,MOOR MARKET
43427,MOOR MARKET,ARAKKONAM JN
43428,ARAKKONAM JN,MOOR MARKET
43429,MOOR MARKET,ARAKKONAM JN
43430,ARAKKONAM JN,MOOR MARKET
43431,MOOR MARKET,ARAKKONAM JN
43433,MOOR MARKET,ARAKKONAM JN
43434,ARAKKONAM JN,MOOR MARKET
43435,MOOR MARKET,ARAKKONAM JN
43436,ARAKKONAM JN,MOOR MARKET
43437,MOOR MARKET,ARAKKONAM JN
43438,ARAKKONAM JN,MOOR MARKET
43439,MOOR MARKET,ARAKKONAM JN
43501,MOOR MARKET,TIRUTTANI
43502,TIRUTTANI,MOOR MARKET
43503,MOOR MARKET,TIRUTTANI
43504,TIRUTTANI,MOOR MARKET
43505,MOOR MARKET,TIRUTTANI
43506,TIRUTTANI,MOOR MARKET
43507,MOOR MARKET,TIRUTTANI
43508,TIRUTTANI,MOOR MARKET
43509,MOOR MARKET,TIRUTTANI
43510,TIRUTTANI,MOOR MARKET
43511,MOOR MARKET,TIRUTTANI
43512,TIRUTTANI,MOOR MARKET
43513,MOOR MARKET,TIRUTTANI
43514,TIRUTTANI,MOOR MARKET
43515,MOOR MARKET,TIRUTTANI
43516,TIRUTTANI,MOOR MARKET
43517,MOOR MARKET,TIRUTTANI
43518,TIRUTTANI,MOOR MARKET
43520,TIRUTTANI,MOOR MARKET
43551,ARAKKONAM JN,TIRUTTANI
43552,TIRUTTANI,ARAKKONAM JN
43553,ARAKKONAM JN,TIRUTTANI
43554,TIRUTTANI,ARAKKONAM JN
43556,TIRUTTANI,ARAKKONAM JN
43601,CHENNAI BEAC,AVADI
43602,AVADI,CHENNAI BEAC
43603,CHENNAI BEAC,AVADI
43604,AVADI,CHENNAI BEAC
43605,CHENNAI BEAC,AVADI
43606,AVADI,CHENNAI BEAC
43607,CHENNAI BEAC,AVADI
43608,AVADI,CHENNAI BEAC
43610,AVADI,CHENNAI BEAC
43611,CHENNAI BEAC,AVADI
43612,AVADI,CHENNAI BEAC
43613,CHENNAI BEAC,AVADI
43614,AVADI,CHENNAI BEAC
43615,CHENNAI BEAC,AVADI
43616,AVADI,CHENNAI BEAC
43618,AVADI,CHENNAI BEAC
43620,AVADI,CHENNAI BEAC
43622,AVADI,CHENNAI BEAC
43650,AVADI,CHENNAI BEAC
43651,VELACHEERY,AVADI
43652,AVADI,VELACHEERY
43653,VELACHEERY,AVADI
43654,AVADI,VELACHEERY
43655,VELACHEERY,AVADI
43656,AVADI,VELACHEERY
43657,VELACHEERY,AVADI
43658,AVADI,VELACHEERY
43659,VELACHEERY,AVADI
43660,AVADI,VELACHEERY
43661,VELACHEERY,AVADI
43662,AVADI,VELACHEERY
43663,VELACHEERY,AVADI
43664,AVADI,VELACHEERY
43666,AVADI,VELACHEERY
43668,AVADI,VELACHEERY
43670,AVADI,VELACHEERY
43672,AVADI,VELACHEERY
43674,AVADI,VELACHEERY
43701,CHENNAI BEAC,TIRUVALLUR
43702,TIRUVALLUR,CHENNAI BEAC
43703,CHENNAI BEAC,TIRUVALLUR
43704,TIRUVALLUR,CHENNAI BEAC
43705,CHENNAI BEAC,TIRUVALLUR
43706,TIRUVALLUR,CHENNAI BEAC
43707,CHENNAI BEAC,TIRUVALLUR
43708,TIRUVALLUR,CHENNAI BEAC
43709,CHENNAI BEAC,TIRUVALLUR
43710,TIRUVALLUR,CHENNAI BEAC
43711,CHENNAI BEAC,TIRUVALLUR
43713,CHENNAI BEAC,TIRUVALLUR
43715,CHENNAI BEAC,TIRUVALLUR
43751,CHENNAI BEAC,PATTABIRAM E
43752,PATTABIRAM E,CHENNAI BEAC
43753,CHENNAI BEAC,PATTABIRAM E
43754,PATTABIRAM E,CHENNAI BEAC
43755,CHENNAI BEAC,PATTABIRAM E
43757,CHENNAI BEAC,PATTABIRAM E
43761,VELACHEERY,TIRUVALLUR
43762,TIRUVALLUR,VELACHEERY
43763,VELACHEERY,TIRUVALLUR
43764,TIRUVALLUR,VELACHEERY
43765,VELACHEERY,TIRUVALLUR
43766,TIRUVALLUR,VELACHEERY
43767,VELACHEERY,TIRUVALLUR
43768,TIRUVALLUR,VELACHEERY
43769,VELACHEERY,TIRUVALLUR
43770,TIRUVALLUR,VELACHEERY
43771,VELACHEERY,TIRUVALLUR
43773,VELACHEERY,TIRUVALLUR
43791,VELACHEERY,PATTABIRAM E
43792,PATTABIRAM E,VELACHEERY
43793,VELACHEERY,PATTABIRAM E
43794,PATTABIRAM E,VELACHEERY
43795,VELACHEERY,PATTABIRAM E
43797,VELACHEERY,PATTABIRAM E
43801,CHENNAI BEAC,ARAKKONAM JN
43802,ARAKKONAM JN,CHENNAI BEAC
43803,CHENNAI BEAC,ARAKKONAM JN
43804,ARAKKONAM JN,CHENNAI BEAC
43805,CHENNAI BEAC,ARAKKONAM JN
43806,ARAKKONAM JN,CHENNAI BEAC
43820,TIRUTTANI,CHENNAI BEAC
43821,CHENNAI BEAC,TIRUTTANI
43823,CHENNAI BEAC,TIRUTTANI
43831,AVADI,TIRUVALLUR
43832,TIRUVALLUR,AVADI
43841,AVADI,ARAKKONAM JN
43842,ARAKKONAM JN,AVADI
43844,ARAKKONAM JN,AVADI
43847,AVADI,TIRUTTANI
43851,PONNERI,TIRUVALLUR
43852,TIRUVALLUR,PONNERI
43861,ENNORE,TIRUVALLUR
43872,PATTABIRAM E,MOOR MARKET
43882,TIRUNINRAVUR,MOOR MARKET
43891,AVADI,PATTABIRAM E
43892,PATTABIRAM E,AVADI
43901,MOOR MARKET,KADAMBATTUR
43902,KADAMBATTUR,MOOR MARKET
43903,MOOR MARKET,KADAMBATTUR
43904,KADAMBATTUR,MOOR MARKET
43912,KADAMBATTUR,CHENNAI BEAC
43921,TIRUVALLUR,KADAMBATTUR
43932,ARAKKONAM JN,VELACHEERY
43934,ARAKKONAM JN,VELACHEERY
43936,ARAKKONAM JN,VELACHEERY
43938,ARAKKONAM JN,VELACHEERY
43941,VELACHEERY,TIRUTTANI
43942,TIRUTTANI,VELACHEERY
43943,VELACHEERY,TIRUTTANI
43952,KADAMBATTUR,VELACHEERY
47100,HYDERABAD DE,LINGAMPALLI
47101,HYDERABAD DE,LINGAMPALLI
47102,HYDERABAD DE,LINGAMPALLI
47103,HYDERABAD DE,LINGAMPALLI
47104,HYDERABAD DE,LINGAMPALLI
47105,HYDERABAD DE,LINGAMPALLI
47106,HYDERABAD DE,LINGAMPALLI
47107,HYDERABAD DE,LINGAMPALLI
47108,HYDERABAD DE,LINGAMPALLI
47109,HYDERABAD DE,LINGAMPALLI
47110,HYDERABAD DE,LINGAMPALLI
47111,HYDERABAD DE,LINGAMPALLI
47112,HYDERABAD DE,LINGAMPALLI
47113,HYDERABAD DE,LINGAMPALLI
47114,HYDERABAD DE,LINGAMPALLI
47115,HYDERABAD DE,LINGAMPALLI
47116,HYDERABAD DE,LINGAMPALLI
47117,HYDERABAD DE,LINGAMPALLI
47118,HYDERABAD DE,LINGAMPALLI
47119,HYDERABAD DE,LINGAMPALLI
47120,HYDERABAD DE,LINGAMPALLI
47121,HYDERABAD DE,LINGAMPALLI
47122,HYDERABAD DE,LINGAMPALLI
47123,HYDERABAD DE,LINGAMPALLI
47124,HYDERABAD DE,LINGAMPALLI
47125,HYDERABAD DE,LINGAMPALLI
47126,LINGAMPALLI,HYDERABAD DE
47127,LINGAMPALLI,HYDERABAD DE
47128,LINGAMPALLI,HYDERABAD DE
47129,LINGAMPALLI,HYDERABAD DE
47130,LINGAMPALLI,HYDERABAD DE
47131,LINGAMPALLI,HYDERABAD DE
47132,LINGAMPALLI,HYDERABAD DE
47133,LINGAMPALLI,HYDERABAD DE
47134,LINGAMPALLI,HYDERABAD DE
47135,LINGAMPALLI,HYDERABAD DE
47136,LINGAMPALLI,HYDERABAD DE
47137,LINGAMPALLI,HYDERABAD DE
47138,LINGAMPALLI,HYDERABAD DE
47139,LINGAMPALLI,HYDERABAD DE
47140,LINGAMPALLI,HYDERABAD DE
47141,LINGAMPALLI,HYDERABAD DE
47142,LINGAMPALLI,HYDERABAD DE
47143,LINGAMPALLI,HYDERABAD DE
47144,LINGAMPALLI,HYDERABAD DE
47145,LINGAMPALLI,HYDERABAD DE
47146,LINGAMPALLI,HYDERABAD DE
47147,LINGAMPALLI,HYDERABAD DE
47148,LINGAMPALLI,HYDERABAD DE
47149,FALAKNUMA,LINGAMPALLI
47150,FALAKNUMA,LINGAMPALLI
47151,FALAKNUMA,LINGAMPALLI
47152,FALAKNUMA,LINGAMPALLI
47153,FALAKNUMA,LINGAMPALLI
47154,FALAKNUMA,LINGAMPALLI
47155,FALAKNUMA,LINGAMPALLI
47156,FALAKNUMA,LINGAMPALLI
47157,FALAKNUMA,LINGAMPALLI
47158,FALAKNUMA,LINGAMPALLI
47159,LINGAMPALLI,FALAKNUMA
47160,FALAKNUMA,LINGAMPALLI
47161,FALAKNUMA,LINGAMPALLI
47162,FALAKNUMA,LINGAMPALLI
47163,FALAKNUMA,LINGAMPALLI
47164,FALAKNUMA,LINGAMPALLI
47165,FALAKNUMA,LINGAMPALLI
47166,FALAKNUMA,LINGAMPALLI
47167,FALAKNUMA,LINGAMPALLI
47168,FALAKNUMA,SECUNDERABAD
47169,FALAKNUMA,LINGAMPALLI
47170,FALAKNUMA,LINGAMPALLI
47171,LINGAMPALLI,FALAKNUMA
47172,SECUNDERABAD,FALAKNUMA
47173,LINGAMPALLI,FALAKNUMA
47174,LINGAMPALLI,FALAKNUMA
47175,LINGAMPALLI,FALAKNUMA
47176,LINGAMPALLI,FALAKNUMA
47177,LINGAMPALLI,FALAKNUMA
47178,LINGAMPALLI,FALAKNUMA
47179,LINGAMPALLI,FALAKNUMA
47180,LINGAMPALLI,FALAKNUMA
47181,LINGAMPALLI,FALAKNUMA
47182,LINGAMPALLI,FALAKNUMA
47183,LINGAMPALLI,FALAKNUMA
47184,LINGAMPALLI,FALAKNUMA
47185,LINGAMPALLI,FALAKNUMA
47186,LINGAMPALLI,FALAKNUMA
47187,LINGAMPALLI,FALAKNUMA
47188,LINGAMPALLI,FALAKNUMA
47189,LINGAMPALLI,FALAKNUMA
47190,LINGAMPALLI,FALAKNUMA
47191,LINGAMPALLI,FALAKNUMA
47192,LINGAMPALLI,FALAKNUMA
47193,LINGAMPALLI,FALAKNUMA
47194,LINGAMPALLI,FALAKNUMA
47195,LINGAMPALLI,SECUNDERABAD
47196,SECUNDERABAD,HYDERABAD DE
47197,FALAKNUMA,HYDERABAD DE
47198,FALAKNUMA,LINGAMPALLI
47199,FALAKNUMA,HYDERABAD DE
47200,FALAKNUMA,HYDERABAD DE
47201,FALAKNUMA,HYDERABAD DE
47202,FALAKNUMA,HYDERABAD DE
47203,FALAKNUMA,LINGAMPALLI
47204,FALAKNUMA,SECUNDERABAD
47205,SECUNDERABAD,FALAKNUMA
47206,HYDERABAD DE,FALAKNUMA
47207,FALAKNUMA,LINGAMPALLI
47208,HYDERABAD DE,FALAKNUMA
47209,HYDERABAD DE,FALAKNUMA
47210,LINGAMPALLI,FALAKNUMA
47211,FALAKNUMA,LINGAMPALLI
47212,LINGAMPALLI,FALAKNUMA
47213,LINGAMPALLI,FALAKNUMA
47214,FALAKNUMA,LINGAMPALLI
47215,LINGAMPALLI,FALAKNUMA
47216,FALAKNUMA,LINGAMPALLI
47217,LINGAMPALLI,FALAKNUMA
47218,FALAKNUMA,LINGAMPALLI
47219,LINGAMPALLI,FALAKNUMA
47220,FALAKNUMA,LINGAMPALLI
50101,RATNAGIRI,MADGOAN JN.
50102,MADGOAN JN.,RATNAGIRI
50103,DADAR,RATNAGIRI
50104,RATNAGIRI,DADAR
50105,DIVA JN,SAWANTWADI R
50106,SAWANTWADI R,DIVA JN
50107,SAWANTWADI R,MADGOAN JN.
50108,MADGOAN JN.,SAWANTWADI R
50119,DIVA JN,PANVEL
50120,PANVEL,DIVA JN
51027,CST-MUMBAI,PANDHARPUR
51028,PANDHARPUR,CST-MUMBAI
51029,CST-MUMBAI,BIJAPUR JN
51030,BIJAPUR JN,CST-MUMBAI
51033,DAUND JN.,SAI NAGAR SH
51034,SAI NAGAR SH,DAUND JN.
51111,CHALISGAON J,DHULE
51112,DHULE,CHALISGAON J
51113,CHALISGAON J,DHULE
51114,DHULE,CHALISGAON J
51115,CHALISGAON J,DHULE
51116,DHULE,CHALISGAON J
51135,BADNERA JN.,AMRAVATI
51136,AMRAVATI,BADNERA JN.
51137,BADNERA JN.,AMRAVATI
51138,AMRAVATI,BADNERA JN.
51139,BADNERA JN.,AMRAVATI
51140,AMRAVATI,BADNERA JN.
51141,BADNERA JN.,AMRAVATI
51142,AMRAVATI,BADNERA JN.
51145,BADNERA JN.,AMRAVATI
51146,AMRAVATI,BADNERA JN.
51147,BADNERA JN.,AMRAVATI
51148,AMRAVATI,BADNERA JN.
51149,BADNERA JN.,AMRAVATI
51150,AMRAVATI,BADNERA JN.
51151,NEW AMRAVATI,NARKHER
51152,NARKHER,NEW AMRAVATI
51153,CST-MUMBAI,BHUSAVAL JN.
51154,BHUSAVAL JN.,CST-MUMBAI
51157,BHUSAVAL JN.,ITARSI
51158,ITARSI,BHUSAVAL JN.
51181,DEVLALI,BHUSAVAL JN.
51182,BHUSAVAL JN.,DEVLALI
51183,BHUSAVAL JN.,NARKHER
51184,NARKHER,BHUSAVAL JN.
51187,BHUSAVAL JN.,KATNI
51188,KATNI,BHUSAVAL JN.
51189,ITARSI,CHHEOKI
51190,CHHEOKI,ITARSI
51195,WARDHA JN.,BALHARSHAH
51196,BALHARSHAH,WARDHA JN.
51197,BHUSAVAL JN.,WARDHA JN.
51198,WARDHA JN.,BHUSAVAL JN.
51239,AMLA JN.,BETUL
51240,BETUL,AMLA JN.
51253,AMLA JN.,CHHINWARA JN
51254,CHHINWARA JN,AMLA JN.
51255,BORDHAI,CHHINWARA JN
51256,CHHINWARA JN,BORDHAI
51259,WARDHA JN.,NAGPUR JN.(C
51260,NAGPUR JN.(C,WARDHA JN.
51261,AMRAVATI,WARDHA JN.
51262,WARDHA JN.,AMRAVATI
51285,BHUSAVAL JN.,NAGPUR JN.(C
51286,NAGPUR JN.(C,BHUSAVAL JN.
51293,NAGPUR JN.(C,AMLA JN.
51294,AMLA JN.,NAGPUR JN.(C
51317,KARJAT,PUNE JN.
51318,PUNE JN.,KARJAT
51347,PUNE JN.,BARAMATI
51348,BARAMATI,DAUND JN.
51350,DAUND JN.,PUNE JN.
51401,PUNE JN.,MANMAD JN.
51402,MANMAD JN.,PUNE JN.
51405,MIRAJ JN.,CASTLE ROCK
51406,CASTLE ROCK,MIRAJ JN.
51407,MIRAJ JN.,CHHATRAPATI
51408,CHHATRAPATI,MIRAJ JN.
51409,PUNE JN.,CHHATRAPATI
51410,CHHATRAPATI,PUNE JN.
51411,BELLARY JN.,DHARWAD
51412,HUBLI JN.,BELLARY JN.
51419,MIRAJ JN.,HUBLI JN.
51420,HUBLI JN.,MIRAJ JN.
51421,PUNE JN.,NIZAMABAD
51422,NIZAMABAD,PUNE JN.
51423,IGATPURI,MANMAD JN.
51424,MANMAD JN.,IGATPURI
51425,PARLI VAIJNA,MIRAJ JN.
51426,MIRAJ JN.,PARLI VAIJNA
51427,MIRAJ JN.,CHHATRAPATI
51428,CHHATRAPATI,MIRAJ JN.
51429,SANGLI,CHHATRAPATI
51430,CHHATRAPATI,SANGLI
51431,MIRAJ JN.,LONDA JN.
51432,LONDA JN.,MIRAJ JN.
51433,NIZAMABAD,PANDHARPUR
51434,PANDHARPUR,NIZAMABAD
51435,PUNE JN.,SATARA
51436,SATARA,PUNE JN.
51437,KURDUVADI JN,MIRAJ JN.
51438,MIRAJ JN.,KURDUVADI JN
51441,SATARA,CHHATRAPATI
51442,CHHATRAPATI,SATARA
51451,PUNE JN.,BARAMATI
51452,BARAMATI,PUNE JN.
51458,DHARWAD,HUBLI JN.
51461,MIRAJ JN.,BELGAUM
51462,BELGAUM,MIRAJ JN.
51463,MIRAJ JN.,BELGAUM
51464,BELGAUM,MIRAJ JN.
51601,BINA,KATNI MURWAR
51602,KATNI MURWAR,BINA
51603,BINA,KATNI
51604,KATNI,BINA
51605,KATNI MURWAR,CHIRMIRI
51606,CHIRMIRI,KATNI MURWAR
51607,BINA,GUNA
51608,GUNA,BINA
51609,BINA,GUNA
51610,GUNA,BINA
51611,KOTA,BINA
51612,BINA,KOTA
51671,ITARSI,SATNA
51672,SATNA,ITARSI
51673,ITARSI,SATNA
51674,SATNA,ITARSI
51675,KATNI,CHOPAN
51676,CHOPAN,KATNI
51678,SHAKTINAGAR,CHOPAN
51679,KATNI,CHOPAN
51680,CHOPAN,KATNI
51685,KHANDWA JN.,BIR
51686,BIR,KHANDWA JN.
51687,KHANDWA JN.,BIR
51688,BIR,KHANDWA JN.
51701,JABALPUR,REWA
51702,REWA,JABALPUR
51703,JABALPUR,NAINPUR JN.
51704,NAINPUR JN.,MADANMAHAL
51705,MADANMAHAL,NAINPUR JN.
51706,NAINPUR JN.,MADANMAHAL
51708,NAINPUR JN.,JABALPUR
51753,REWA,CHIRMIRI
51754,CHIRMIRI,REWA
51755,CHIRMIRI,ANUPPUR JN.
51756,ANUPPUR JN.,CHIRMIRI
51763,SATNA,MANIKPUR JN.
51764,MANIKPUR JN.,SATNA
51765,SATNA,MANIKPUR JN.
51766,MANIKPUR JN.,SATNA
51803,JHANSI JN,KANPUR CENTR
51804,KANPUR CENTR,JHANSI JN
51805,JHANSI JN,MANIKPUR JN.
51806,MANIKPUR JN.,JHANSI JN
51807,JHANSI JN,BANDA JN
51811,BINA,JHANSI JN
51812,JHANSI JN,BINA
51813,JHANSI JN,LUCKNOW JN.
51814,LUCKNOW JN.,JHANSI JN
51815,JHANSI JN,AGRA CANTT
51816,AGRA CANTT,JHANSI JN
51817,KHAJAURAHO,JHANSI JN
51818,JHANSI JN,KHAJAURAHO
51821,MAHOBA,KHAJAURAHO
51822,KHAJAURAHO,MAHOBA
51827,ITARSI,JHANSI JN
51828,JHANSI JN,ITARSI
51829,NAGPUR JN.(C,ITARSI
51830,ITARSI,NAGPUR JN.(C
51831,JHANSI JN,AGRA CANTT
51832,AGRA CANTT,JHANSI JN
51861,AIT JN,KONCH
51862,KONCH,AIT JN
51863,AIT JN,KONCH
51864,KONCH,AIT JN
51865,AIT JN,KONCH
51866,KONCH,AIT JN
51867,AIT JN,KONCH
51868,KONCH,AIT JN
51869,AIT JN,KONCH
51870,KONCH,AIT JN
51881,GWALIOR JN,AGRA CANTT
51882,AGRA CANTT,GWALIOR JN
51883,BINA,GWALIOR JN
51884,GWALIOR JN,BINA
51885,BINA,DAMOH
51886,DAMOH,BINA
51901,AGRA CANTT,DELHI JN.
51902,DELHI JN.,AGRA CANTT
51905,DELHI JN.,SHAMLI
51906,SHAMLI,DELHI JN.
51907,SHAMLI,SAHARANPUR J
51908,SAHARANPUR J,SHAMLI
51909,DELHI JN.,SAHARANPUR J
51910,SAHARANPUR J,DELHI JN.
51911,DELHI JN.,SAHARANPUR J
51912,SAHARANPUR J,DELHI JN.
51913,DELHI JN.,SAHARANPUR J
51914,SAHARANPUR J,DELHI JN.
51915,DELHI JN.,FARUKHNAGAR
51916,FARUKHNAGAR,DELHI JN.
51971,MATHURA JN.,ALWAR JN.
51972,ALWAR JN.,MATHURA JN.
51973,MATHURA JN.,JAIPUR JN.
51974,JAIPUR JN.,MATHURA JN.
52073,MARWAR JN.,MAVLI JN.
52074,MAVLI JN.,MARWAR JN.
52075,MARWAR JN.,MAVLI JN.
52076,MAVLI JN.,MARWAR JN.
52171,GWALIOR (NG),SHEOPUR KALA
52172,SHEOPUR KALA,GWALIOR (NG)
52173,GWALIOR (NG),SABALGARH
52174,SABALGARH,GWALIOR (NG)
52175,GWALIOR (NG),SABALGARH
52176,SABALGARH,GWALIOR (NG)
52177,SABALGARH,SHEOPUR KALA
52178,SHEOPUR KALA,SABALGARH
52179,DHOLPUR (NG),SIRMUTTRA
52180,SIRMUTTRA,DHOLPUR (NG)
52181,DHOLPUR (NG),TANTPUR
52182,TANTPUR,BARI
52183,BARI,SIRMUTTRA
52184,SIRMUTTRA,DHOLPUR (NG)
52205,PILIBHIT JN.,MAILANI JN.
52206,MAILANI JN.,PILIBHIT JN.
52207,PILIBHIT JN.,MAILANI JN.
52208,MAILANI JN.,PILIBHIT JN.
52221,PILIBHIT JN.,MAILANI JN.
52222,MAILANI JN.,PILIBHIT JN.
52223,PILIBHIT JN.,MAILANI JN.
52224,MAILANI JN.,PILIBHIT JN.
52225,PILIBHIT JN.,MAILANI JN.
52226,MAILANI JN.,PILIBHIT JN.
52229,SHAHJAHANPUR,PILIBHIT JN.
52230,PILIBHIT JN.,SHAHJAHANPUR
52231,PILIBHIT JN.,SHAHJAHANPUR
52232,SHAHJAHANPUR,PILIBHIT JN.
52233,PILIBHIT JN.,SHAHJAHANPUR
52234,SHAHJAHANPUR,PILIBHIT JN.
52235,PILIBHIT JN.,SHAHJAHANPUR
52236,SHAHJAHANPUR,PILIBHIT JN.
52239,TIKUNIA,MAILANI JN.
52240,MAILANI JN.,TIKUNIA
52241,BAHRAICH,MAILANI JN.
52242,MAILANI JN.,BAHRAICH
52251,BAHRAICH,MAILANI JN.
52252,MAILANI JN.,BAHRAICH
52253,BAHRAICH,MAILANI JN.
52254,MAILANI JN.,BAHRAICH
52255,BAHRAICH,MAILANI JN.
52256,MAILANI JN.,BAHRAICH
52257,BAHRAICH,MAILANI JN.
52258,MAILANI JN.,BAHRAICH
52259,BAHRAICH,MAILANI JN.
52260,MAILANI JN.,BAHRAICH
52263,BAHRAICH,NEPALGANJ RO
52264,NEPALGANJ RO,BAHRAICH
52265,BAHRAICH,NEPALGANJ RO
52266,NEPALGANJ RO,BAHRAICH
52267,BAHRAICH,NEPALGANJ RO
52268,NEPALGANJ RO,BAHRAICH
52297,PILIBHIT JN.,SHAHJAHANPUR
52298,SHAHJAHANPUR,PILIBHIT JN.
52451,KALKA,SHIMLA
52452,SHIMLA,KALKA
52453,KALKA,SHIMLA
52454,SHIMLA,KALKA
52455,KALKA,SHIMLA
52456,SHIMLA,KALKA
52457,KALKA,SHIMLA
52458,SHIMLA,KALKA
52461,PATHANKOT JN,JAWALAMUKHI
52462,JAWALAMUKHI,PATHANKOT JN
52463,PATHANKOT JN,BAIJNATH PAP
52464,BAIJNATH PAP,PATHANKOT JN
52465,PATHANKOT JN,BAIJNATH PAP
52466,BAIJNATH PAP,PATHANKOT JN
52467,PATHANKOT JN,BAIJNATH PAP
52468,BAIJNATH PAP,PATHANKOT JN
52469,PATHANKOT JN,BAIJNATH PAP
52470,BAIJNATH PAP,PATHANKOT JN
52471,PATHANKOT JN,JOGINDER NAG
52472,JOGINDER NAG,PATHANKOT JN
52473,PATHANKOT JN,JOGINDER NAG
52474,JOGINDER NAG,PATHANKOT JN
52540,DARJEELING,NEW JALPAIGU
52541,NEW JALPAIGU,DARJEELING
52570,DARJEELING,KURSEONG
52571,KURSEONG,DARJEELING
52587,KURSEONG,DARJEELING
52588,DARJEELING,KURSEONG
52591,DARJEELING,DARJEELING
52592,DARJEELING,DARJEELING
52593,DARJEELING,DARJEELING
52594,DARJEELING,DARJEELING
52595,DARJEELING,DARJEELING
52596,DARJEELING,DARJEELING
52597,DARJEELING,DARJEELING
52598,DARJEELING,DARJEELING
52599,DARJEELING,DARJEELING
52911,RANUJ,AHMEDABAD JN
52912,AHMEDABAD JN,RANUJ
52913,RANUJ,AHMEDABAD JN
52914,AHMEDABAD JN,RANUJ
52929,VERAVAL MG,DHASA JN (MG
52930,DHASA JN (MG,VERAVAL MG
52931,JETALSAR JN,DHASA JN (MG
52932,DHASA JN (MG,JETALSAR JN
52933,VERAVAL MG,DHASA JN (MG
52934,BOTAD JN (MG,GANDHIGRAM
52935,GANDHIGRAM,BOTAD JN (MG
52938,BOTAD JN (MG,AHMEDABAD JN
52939,AHMEDABAD JN,BOTAD JN (MG
52940,BOTAD JN (MG,GANDHIGRAM
52941,GANDHIGRAM,BOTAD JN (MG
52942,BOTAD JN (MG,GANDHIGRAM
52943,GANDHIGRAM,BOTAD JN (MG
52944,BOTAD JN (MG,GANDHIGRAM
52945,GANDHIGRAM,BOTAD JN (MG
52946,DHASA JN (MG,VERAVAL MG
52947,JETALSAR JN,DHASA JN (MG
52948,DHASA JN (MG,JETALSAR JN
52949,VERAVAL MG,DELVADA
52950,DELVADA,VERAVAL MG
52951,DELVADA,JUNAGADH JN
52952,JUNAGADH JN,DELVADA
52953,KODINAR,VERAVAL MG
52954,VERAVAL MG,KODINAR
52955,KHIJADIYA JN,JUNAGADH JN
52956,JUNAGADH JN,KHIJADIYA JN
52963,MHOW,SANAWAD
52964,SANAWAD,MHOW
52973,MHOW,SANAWAD
52974,SANAWAD,MHOW
52975,MHOW,SANAWAD
52976,SANAWAD,MHOW
52987,MHOW,SANAWAD
52988,SANAWAD,MHOW
53001,HOWRAH JN.,AZIMGANJ JN.
53002,AZIMGANJ JN.,HOWRAH JN.
53005,KATWA JN.,AZIMGANJ JN.
53006,AZIMGANJ JN.,KATWA JN.
53007,KATWA JN.,RAMPUR HAT
53008,RAMPUR HAT,KATWA JN.
53009,KATWA JN.,AZIMGANJ JN.
53010,AZIMGANJ JN.,KATWA JN.
53011,KATWA JN.,AZIMGANJ JN.
53012,AZIMGANJ JN.,KATWA JN.
53013,KATWA JN.,AZIMGANJ JN.
53014,AZIMGANJ JN.,KATWA JN.
53015,KATWA JN.,AZIMGANJ JN.
53016,AZIMGANJ JN.,KATWA JN.
53017,KATWA JN.,AZIMGANJ JN.
53018,AZIMGANJ JN.,KATWA JN.
53019,KATWA JN.,AZIMGANJ JN.
53020,AZIMGANJ JN.,KATWA JN.
53021,AZIMGANJ JN.,SAHIBGANJ
53022,SAHIBGANJ,AZIMGANJ JN.
53023,AZIMGANJ JN.,RAMPUR HAT
53024,RAMPUR HAT,AZIMGANJ JN.
53025,AZIMGANJ JN.,RAMPUR HAT
53026,RAMPUR HAT,AZIMGANJ JN.
53027,AZIMGANJ JN.,MALDA TOWN
53028,MALDA TOWN,AZIMGANJ JN.
53029,AZIMGANJ JN.,BHAGALPUR
53030,BHAGALPUR,AZIMGANJ JN.
53031,AZIMGANJ JN.,RAMPUR HAT
53034,RAMPUR HAT,AZIMGANJ JN.
53035,AZIMGANJ JN.,BARHARWA JN.
53036,BARHARWA JN.,AZIMGANJ JN.
53037,SAHIBGANJ,BHAGALPUR
53038,BHAGALPUR,SAHIBGANJ
53041,HOWRAH JN.,JAYNAGAR
53042,JAYNAGAR,HOWRAH JN.
53043,HOWRAH JN.,RAJGIR
53044,RAJGIR,HOWRAH JN.
53045,HOWRAH JN.,RAMPUR HAT
53046,RAMPUR HAT,HOWRAH JN.
53047,HOWRAH JN.,RAMPUR HAT
53048,RAMPUR HAT,HOWRAH JN.
53049,HOWRAH JN.,MOKAMA JN.
53050,MOKAMA JN.,HOWRAH JN.
53061,BARDDHAMAN J,HATIA
53062,HATIA,BARDDHAMAN J
53063,BARDDHAMAN J,BARHARWA JN.
53064,BARHARWA JN.,BARDDHAMAN J
53068,RAMPUR HAT,BARDDHAMAN J
53069,BARDDHAMAN J,RAMPUR HAT
53073,RAMPUR HAT,SAHIBGANJ
53074,SAHIBGANJ,RAMPUR HAT
53075,RAMPUR HAT,BARHARWA JN.
53076,BARHARWA JN.,RAMPUR HAT
53081,RAMPUR HAT,DUMKA
53131,SEALDAH,MUZAFFARPUR
53132,MUZAFFARPUR,SEALDAH
53137,RAMPUR HAT,BARHARWA JN.
53138,BARHARWA JN.,RAMPUR HAT
53139,KOLKATA,JASIDIH JN.
53140,JASIDIH JN.,KOLKATA
53171,SEALDAH,LALGOLA
53172,LALGOLA,SEALDAH
53175,SEALDAH,LALGOLA
53176,LALGOLA,SEALDAH
53177,SEALDAH,LALGOLA
53178,LALGOLA,SEALDAH
53179,KOLKATA,LALGOLA
53180,LALGOLA,KOLKATA
53181,SEALDAH,LALGOLA
53186,LALGOLA,SEALDAH
53207,ISLAMPUR,FATUHA
53208,FATUHA,ISLAMPUR
53209,RAJGIR,FATUHA
53210,FATUHA,RAJGIR
53211,PATNA JN.,SASARAM
53212,SASARAM,PATNA JN.
53213,PATNA JN.,GAYA JN.
53214,GAYA JN.,PATNA JN.
53221,RAJGIR,BAKHTIYARPUR
53222,BAKHTIYARPUR,RAJGIR
53223,RAJGIR,BAKHTIYARPUR
53224,BAKHTIYARPUR,RAJGIR
53225,BAKHTIYARPUR,GAYA JN.
53226,GAYA JN.,BAKHTIYARPUR
53229,RAJGIR,DANAPUR
53230,DANAPUR,RAJGIR
53231,TILAIYA,DANAPUR
53232,DANAPUR,TILAIYA
53323,SINDRI TOWN,DHANBAD JN.
53324,DHANBAD JN.,SINDRI TOWN
53327,SINDRI TOWN,NSC BOSE J G
53328,NSC BOSE J G,SINDRI TOWN
53333,SINDRI TOWN,DHANBAD JN.
53334,DHANBAD JN.,SINDRI TOWN
53343,NSC BOSE J G,CHOPAN
53344,CHOPAN,NSC BOSE J G
53345,CHOPAN,ALLAHABAD JN
53346,ALLAHABAD JN,CHOPAN
53347,NSC BOSE J G,BARWADIH JN
53348,BARWADIH JN,NSC BOSE J G
53349,BARWADIH JN,DEHRI-ON-SON
53350,DEHRI-ON-SON,BARWADIH JN
53351,BARWADIH JN,CHUNAR JN.
53352,CHUNAR JN.,BARWADIH JN
53357,BARKAKANA,DEHRI-ON-SON
53358,DEHRI-ON-SON,BARKAKANA
53363,GAYA JN.,DEHRI-ON-SON
53364,DEHRI-ON-SON,GAYA JN.
53365,KAWAR,KODERMA
53366,KODERMA,KAWAR
53369,KAWAR,KODERMA
53370,KODERMA,KAWAR
53371,KODERMA,BARKAKANA
53372,BARKAKANA,KODERMA
53373,KODERMA,BARKAKANA
53374,BARKAKANA,KODERMA
53401,SAHIBGANJ,MALDA TOWN
53402,MALDA TOWN,SAHIBGANJ
53403,RAMPUR HAT,GAYA JN.
53404,GAYA JN.,JAMALPUR JN.
53405,RAMPUR HAT,SAHIBGANJ
53406,SAHIBGANJ,RAMPUR HAT
53408,JAMALPUR JN.,RAMPUR HAT
53411,BARHARWA JN.,SAHIBGANJ
53412,SAHIBGANJ,BARHARWA JN.
53415,SAHIBGANJ,JAMALPUR JN.
53416,JAMALPUR JN.,SAHIBGANJ
53417,BARDDHAMAN J,MALDA TOWN
53418,MALDA TOWN,BARDDHAMAN J
53423,JAMALPUR JN.,KIUL JN.
53424,KIUL JN.,JAMALPUR JN.
53431,SAHIBGANJ,JAMALPUR JN.
53432,JAMALPUR JN.,SAHIBGANJ
53433,AZIMGANJ JN.,BARHARWA JN.
53434,BARHARWA JN.,AZIMGANJ JN.
53435,KATWA JN.,AZIMGANJ JN.
53436,AZIMGANJ JN.,KATWA JN.
53441,HANSDIHA,BHAGALPUR
53442,BHAGALPUR,HANSDIHA
53443,HANSDIHA,BHAGALPUR
53444,BHAGALPUR,HANSDIHA
53445,HANSDIHA,BHAGALPUR
53446,BHAGALPUR,HANSDIHA
53447,BANKA,BHAGALPUR
53448,BHAGALPUR,BANKA
53449,BANKA,BHAGALPUR
53450,BHAGALPUR,BANKA
53451,DUMKA,HANSDIHA
53452,HANSDIHA,DUMKA
53479,JAMALPUR JN.,KIUL JN.
53480,KIUL JN.,JAMALPUR JN.
53481,TINPAHAR JN.,RAJMAHAL
53482,RAJMAHAL,TINPAHAR JN.
53483,TINPAHAR JN.,RAJMAHAL
53484,RAJMAHAL,TINPAHAR JN.
53485,TINPAHAR JN.,RAJMAHAL
53486,RAJMAHAL,TINPAHAR JN.
53487,TINPAHAR JN.,RAJMAHAL
53488,RAJMAHAL,TINPAHAR JN.
53489,TINPAHAR JN.,RAJMAHAL
53490,RAJMAHAL,TINPAHAR JN.
53491,TINPAHAR JN.,RAJMAHAL
53492,RAJMAHAL,TINPAHAR JN.
53493,TINPAHAR JN.,RAJMAHAL
53494,RAJMAHAL,TINPAHAR JN.
53495,TINPAHAR JN.,RAJMAHAL
53496,RAJMAHAL,TINPAHAR JN.
53497,BHAGALPUR,JAMALPUR JN.
53498,JAMALPUR JN.,BHAGALPUR
53511,MADHUPUR JN.,GIRDIH
53512,GIRDIH,MADHUPUR JN.
53513,MADHUPUR JN.,GIRDIH
53514,GIRDIH,MADHUPUR JN.
53515,MADHUPUR JN.,GIRDIH
53516,GIRDIH,MADHUPUR JN.
53517,MADHUPUR JN.,GIRDIH
53518,GIRDIH,MADHUPUR JN.
53519,MADHUPUR JN.,GIRDIH
53520,GIRDIH,MADHUPUR JN.
53523,ASANSOL MAIN,BARKAKANA
53524,BARKAKANA,ASANSOL MAIN
53525,BARKAKANA,VARANASI JN.
53526,VARANASI JN.,BARKAKANA
53551,DUMKA,JASIDIH JN.
53552,JASIDIH JN.,DUMKA
53553,DUMKA,JASIDIH JN.
53554,JASIDIH JN.,DUMKA
53555,DUMKA,JASIDIH JN.
53556,JASIDIH JN.,DUMKA
53611,BARWADIH JN,DEHRI-ON-SON
53612,DEHRI-ON-SON,BARWADIH JN
53615,JAMALPUR JN.,GAYA JN.
53616,GAYA JN.,JAMALPUR JN.
53623,JHAJHA,GAYA JN.
53624,GAYA JN.,JHAJHA
53625,KIUL JN.,GAYA JN.
53626,GAYA JN.,KIUL JN.
53627,KIUL JN.,GAYA JN.
53628,GAYA JN.,KIUL JN.
53629,KIUL JN.,GAYA JN.
53630,GAYA JN.,KIUL JN.
53631,KIUL JN.,GAYA JN.
53632,GAYA JN.,KIUL JN.
53641,DILDARNAGAR,MUGHAL SARAI
53642,MUGHAL SARAI,DILDARNAGAR
53643,DILDARNAGAR,TARIGHAT
53644,TARIGHAT,DILDARNAGAR
53645,DILDARNAGAR,TARIGHAT
53646,TARIGHAT,DILDARNAGAR
53647,DILDARNAGAR,TARIGHAT
53648,TARIGHAT,DILDARNAGAR
54001,TILAK BRIDGE,ROHTAK JN.
54002,ROHTAK JN.,TILAK BRIDGE
54005,DELHI JN.,BHIWANI JN.
54006,JIND JN,ROHTAK JN.
54007,ROHTAK JN.,JIND JN
54008,JIND JN,ROHTAK JN.
54009,ROHTAK JN.,JIND JN
54010,NARWANA JN.,JIND JN
54011,TILAK BRIDGE,SADULPUR JN
54012,SADULPUR JN,TILAK BRIDGE
54013,ROHTAK JN.,BHIWANI JN.
54014,BHIWANI JN.,ROHTAK JN.
54015,ROHTAK JN.,BHIWANI JN.
54016,BHIWANI JN.,ROHTAK JN.
54018,BHIWANI JN.,ROHTAK JN.
54019,REWARI JN.,ROHTAK JN.
54023,ROHTAK JN.,JIND JN
54024,JIND JN,DELHI JN.
54025,ROHTAK JN.,PANIPAT JN.
54026,PANIPAT JN.,ROHTAK JN.
54031,DELHI JN.,JIND JN
54032,JIND JN,DELHI JN.
54033,DELHI JN.,NARWANA JN.
54034,JIND JN,DELHI JN.
54035,DELHI JN.,JAKHAL JN.
54036,JAKHAL JN.,DELHI JN.
54037,KURUKSHETRA,JIND JN
54038,JIND JN,KURUKSHETRA
54039,KURUKSHETRA,JIND JN
54040,JIND JN,KURUKSHETRA
54041,KURUKSHETRA,JIND JN
54042,JIND JN,KURUKSHETRA
54043,JIND JN,HISAR JN
54044,HISAR JN,JIND JN
54045,JIND JN,FIROZPUR CAN
54046,FIROZPUR CAN,JIND JN
54047,KURUKSHETRA,JIND JN
54048,JIND JN,KURUKSHETRA
54049,ROHTAK JN.,JIND JN
54050,JIND JN,ROHTAK JN.
54051,LUDHIANA JN.,FIROZPUR CAN
54052,FIROZPUR CAN,LUDHIANA JN.
54053,JAKHAL JN.,LUDHIANA JN.
54054,LUDHIANA JN.,JAKHAL JN.
54055,MORADABAD JN,DELHI JN.
54056,DELHI JN.,MORADABAD JN
54057,DELHI JN.,SHAMLI
54058,SHAMLI,DELHI JN.
54059,DELHI JN.,SHAMLI
54060,SHAMLI,DELHI JN.
54075,SITAPUR CITY,DELHI JN.
54076,DELHI JN.,SITAPUR CITY
54077,BAREILLY JN.,MORADABAD JN
54078,MORADABAD JN,BAREILLY JN.
54085,DELHI JN.,REWARI JN.
54086,REWARI JN.,DELHI JN.
54091,NAJIBABAD JN,KOTDWARA
54092,KOTDWARA,NAJIBABAD JN
54101,PRAYAG JN.,KANPUR CENTR
54102,KANPUR CENTR,PRAYAG JN.
54103,CHUNAR JN.,ALLAHABAD JN
54104,ALLAHABAD JN,CHUNAR JN.
54107,ALLAHABAD JN,JAUNPUR JN.
54108,JAUNPUR JN.,ALLAHABAD JN
54109,MUGHAL SARAI,FAIZABAD JN.
54110,FAIZABAD JN.,MUGHAL SARAI
54152,KANPUR CENTR,FATEHPUR
54153,RAE BARELI J,KANPUR CENTR
54154,KANPUR CENTR,RAE BARELI J
54155,KANPUR CENTR,FARRUKHABAD
54156,FARRUKHABAD,KANPUR CENTR
54158,FARRUKHABAD,KANPUR ANWAR
54159,JHANSI JN,ALLAHABAD JN
54161,KHAJAURAHO,KANPUR CENTR
54162,KANPUR CENTR,KHAJAURAHO
54201,LUCKNOW JN.,RAHIMABAD
54211,RAE BARELI J,KANPUR CENTR
54212,KANPUR CENTR,RAE BARELI J
54221,RAE BARELI J,RAGHURAJ SIN
54222,RAGHURAJ SIN,RAE BARELI J
54223,RAE BARELI J,RAGHURAJ SIN
54224,RAGHURAJ SIN,RAE BARELI J
54225,UNCHAHAR JN.,RAE BARELI J
54226,RAE BARELI J,UNCHAHAR JN.
54227,UNCHAHAR JN.,RAE BARELI J
54228,RAE BARELI J,UNCHAHAR JN.
54231,FAIZABAD JN.,LUCKNOW JN.
54232,LUCKNOW JN.,FAIZABAD JN.
54233,FAIZABAD JN.,LUCKNOW JN.
54234,LUCKNOW JN.,FAIZABAD JN.
54237,MANKAPUR JN.,FAIZABAD JN.
54238,FAIZABAD JN.,MANKAPUR JN.
54239,MANKAPUR JN.,AYODHYA
54240,AYODHYA,MANKAPUR JN.
54243,MANKAPUR JN.,AYODHYA
54244,AYODHYA,MANKAPUR JN.
54251,LUCKNOW JN.,SAHARANPUR J
54252,SAHARANPUR J,LUCKNOW JN.
54253,PRAYAG JN.,LUCKNOW JN.
54254,LUCKNOW JN.,PRAYAG JN.
54255,VARANASI JN.,LUCKNOW JN.
54256,LUCKNOW JN.,VARANASI JN.
54261,MUGHAL SARAI,JAUNPUR JN.
54262,JAUNPUR JN.,VARANASI JN.
54263,VARANASI JN.,SULTANPUR JN
54264,SULTANPUR JN,VARANASI JN.
54265,VARANASI JN.,SULTANPUR JN
54266,SULTANPUR JN,VARANASI JN.
54267,MUGHAL SARAI,VARANASI JN.
54268,VARANASI JN.,MUGHAL SARAI
54270,VARANASI JN.,MUGHAL SARAI
54271,ARA,MUGHAL SARAI
54272,MUGHAL SARAI,ARA
54273,ARA,SASARAM
54274,SASARAM,ARA
54281,SULTANPUR JN,LUCKNOW JN.
54282,LUCKNOW JN.,SULTANPUR JN
54283,SULTANPUR JN,LUCKNOW JN.
54284,LUCKNOW JN.,SULTANPUR JN
54291,VARANASI JN.,PARTAPGARH J
54292,PARTAPGARH J,VARANASI JN.
54293,PARTAPGARH J,LUCKNOW JN.
54294,LUCKNOW JN.,PARTAPGARH J
54303,DELHI JN.,KALKA
54304,KALKA,DELHI JN.
54307,MORADABAD JN,DELHI JN.
54308,DELHI JN.,MORADABAD JN
54309,DELHI JN.,REWARI JN.
54310,REWARI JN.,DELHI JN.
54311,BAREILLY JN.,MORADABAD JN
54312,MORADABAD JN,BAREILLY JN.
54313,CHANDAUSI JN,MORADABAD JN
54314,MORADABAD JN,CHANDAUSI JN
54321,BALAMAU JN.,SITAPUR CANT
54322,SITAPUR CANT,BALAMAU JN.
54323,BURHWAL JN.,SITAPUR CANT
54324,SITAPUR CANT,BURHWAL JN.
54325,SITAPUR CITY,KANPUR CENTR
54326,KANPUR CENTR,SITAPUR CITY
54327,SITAPUR CITY,SHAHJAHANPUR
54328,SHAHJAHANPUR,SITAPUR CITY
54329,BALAMAU JN.,SHAHJAHANPUR
54330,SHAHJAHANPUR,BALAMAU JN.
54331,LUCKNOW JN.,BALAMAU JN.
54332,BALAMAU JN.,LUCKNOW JN.
54333,VARANASI JN.,LUCKNOW JN.
54334,LUCKNOW JN.,VARANASI JN.
54335,BALAMAU JN.,KANPUR CENTR
54336,KANPUR CENTR,BALAMAU JN.
54341,SAHARANPUR J,DEHRA DUN
54342,DEHRA DUN,SAHARANPUR J
54351,ALIGARH JN.,BAREILLY JN.
54352,BAREILLY JN.,ALIGARH JN.
54353,ALIGARH JN.,BAREILLY JN.
54354,BAREILLY JN.,ALIGARH JN.
54355,ROZA JN,BAREILLY JN.
54356,BAREILLY JN.,ROZA JN
54371,PRAYAG JN.,FAIZABAD JN.
54372,FAIZABAD JN.,PRAYAG JN.
54373,PRAYAG JN.,FAIZABAD JN.
54374,FAIZABAD JN.,PRAYAG JN.
54375,PRAYAG JN.,JAUNPUR JN.
54376,JAUNPUR JN.,PRAYAG JN.
54377,PRAYAG JN.,BAREILLY JN.
54378,BAREILLY JN.,PRAYAG JN.
54381,GAJRAULA JN.,NAJIBABAD JN
54382,NAJIBABAD JN,GAJRAULA JN.
54383,GAJRAULA JN.,NAJIBABAD JN
54384,NAJIBABAD JN,GAJRAULA JN.
54385,NAJIBABAD JN,KOTDWARA
54386,KOTDWARA,NAJIBABAD JN
54387,NAJIBABAD JN,KOTDWARA
54388,KOTDWARA,NAJIBABAD JN
54389,NAJIBABAD JN,KOTDWARA
54390,KOTDWARA,NAJIBABAD JN
54391,ALIGARH JN.,MORADABAD JN
54392,MORADABAD JN,ALIGARH JN.
54393,MORADABAD JN,GAJRAULA JN.
54394,GAJRAULA JN.,MORADABAD JN
54395,MORADABAD JN,NAJIBABAD JN
54396,NAJIBABAD JN,MORADABAD JN
54397,SAMBAHAL HAT,MORADABAD JN
54398,MORADABAD JN,SAMBAHAL HAT
54401,KHURJA JN,MEERUT CITY
54402,MEERUT CITY,KHURJA JN
54403,KHURJA JN,MEERUT CITY
54404,MEERUT CITY,KHURJA JN
54405,KHURJA JN,MEERUT CITY
54406,MEERUT CITY,KHURJA JN
54411,REWARI JN.,MEERUT CANT
54412,MEERUT CANT,REWARI JN.
54413,DELHI JN.,REWARI JN.
54414,REWARI JN.,DELHI JN.
54416,REWARI JN.,DELHI JN.
54417,DELHI JN.,REWARI JN.
54420,REWARI JN.,DELHI JN.
54421,DELHI JN.,REWARI JN.
54423,DELHI JN.,BHIWANI JN.
54424,BHIWANI JN.,DELHI JN.
54461,BANDIKUI JN.,BAREILLY JN.
54462,BAREILLY JN.,BANDIKUI JN.
54463,CHANDAUSI JN,RISHIKESH
54464,RISHIKESH,CHANDAUSI JN
54465,FARRUKHABAD,TUNDLA JN
54466,TUNDLA JN,FARRUKHABAD
54467,TUNDLA JN,ETAH
54468,ETAH,TUNDLA JN
54469,TUNDLA JN,ETAH
54470,ETAH,TUNDLA JN
54471,DELHI JN.,RISHIKESH
54472,RISHIKESH,DELHI JN.
54473,DELHI JN.,SAHARANPUR J
54474,SAHARANPUR J,DELHI JN.
54475,DELHI JN.,HARIDWAR JN
54476,HARIDWAR JN,DELHI JN.
54481,HARIDWAR JN,RISHIKESH
54482,RISHIKESH,HARIDWAR JN
54483,HARIDWAR JN,RISHIKESH
54484,RISHIKESH,HARIDWAR JN
54485,HARIDWAR JN,RISHIKESH
54486,RISHIKESH,HARIDWAR JN
54531,AMBALA CANTT,KALKA
54532,KALKA,AMBALA CANTT
54539,HAZRAT NIZAM,AMBALA CANTT
54540,AMBALA CANTT,HAZRAT NIZAM
54541,MEERUT CITY,AMBALA CANTT
54542,AMBALA CANTT,MEERUT CITY
54551,AMBALA CANTT,BATHINDA JN
54552,BATHINDA JN,AMBALA CANTT
54553,AMBALA CANTT,DHURI JN.
54555,DHURI JN.,BATHINDA JN
54556,BATHINDA JN,AMBALA CANTT
54557,AMBALA CANTT,PATIALA
54558,PATIALA,AMBALA CANTT
54559,BATHINDA JN,FAZILKA JN.
54560,FAZILKA JN.,BATHINDA JN
54561,BATHINDA JN,FIROZPUR CAN
54562,FIROZPUR CAN,BATHINDA JN
54563,BATHINDA JN,FIROZPUR CAN
54564,FIROZPUR CAN,BATHINDA JN
54571,LUDHIANA JN.,FIROZPUR CAN
54572,FIROZPUR CAN,LUDHIANA JN.
54575,LUDHIANA JN.,LOHIAN KHAS
54576,LOHIAN KHAS,LUDHIANA JN.
54581,NANGAL DAM,AMB  ANDAURA
54582,AMB  ANDAURA,NANGAL DAM
54601,HISAR JN,AMRITSAR JN.
54602,AMRITSAR JN.,SADULPUR JN
54603,HISAR JN,LUDHIANA JN.
54604,LUDHIANA JN.,HISAR JN
54605,SADULPUR JN,LUDHIANA JN.
54606,LUDHIANA JN.,HISAR JN
54611,AMRITSAR JN.,PATHANKOT JN
54612,PATHANKOT JN,AMRITSAR JN.
54613,AMRITSAR JN.,PATHANKOT JN
54614,PATHANKOT JN,AMRITSAR JN.
54615,AMRITSAR JN.,PATHANKOT JN
54616,PATHANKOT JN,AMRITSAR JN.
54621,JALANDHAR CI,PATHANKOT JN
54622,PATHANKOT JN,JALANDHAR CI
54625,JAIJON DOABA,JALANDHAR CI
54626,JALANDHAR CI,JAIJON DOABA
54631,BHIWANI JN.,DHURI JN.
54632,DHURI JN.,SIRSA
54633,SIRSA,LUDHIANA JN.
54634,LUDHIANA JN.,BHIWANI JN.
54635,HISAR JN,LUDHIANA JN.
54636,LUDHIANA JN.,HISAR JN
54637,HOSHIARPUR,JALANDHAR CI
54638,JALANDHAR CI,HOSHIARPUR
54641,DELHI JN.,FIROZPUR CAN
54642,FIROZPUR CAN,DELHI JN.
54643,JALANDHAR CI,FIROZPUR CAN
54644,FIROZPUR CAN,JALANDHAR CI
54645,LUDHIANA JN.,FIROZPUR CAN
54646,FIROZPUR CAN,LUDHIANA JN.
54651,JAMMU TAWI,UDHAMPUR
54654,UDHAMPUR,JAMMU TAWI
54701,BATHINDA JN,LALGARH JN.
54702,LALGARH JN.,ABOHAR
54703,ABOHAR,JODHPUR JN.
54704,JODHPUR JN.,BATHINDA JN
54751,REWARI JN.,SHRI GANGANA
54752,SHRI GANGANA,REWARI JN.
54753,BATHINDA JN,SHRI GANGANA
54754,SHRI GANGANA,BATHINDA JN
54755,BATHINDA JN,SHRI GANGANA
54756,SHRI GANGANA,BATHINDA JN
54757,AMBALA CANTT,SHRI GANGANA
54758,SHRI GANGANA,AMBALA CANTT
54759,SHRI GANGANA,SURATGARH JN
54760,SURATGARH JN,SHRI GANGANA
54761,SHRI GANGANA,SURATGARH JN
54762,SURATGARH JN,SHRI GANGANA
54763,SADULPUR JN,SHRI GANGANA
54764,SHRI GANGANA,SADULPUR JN
54765,DHURI JN.,BATHINDA JN
54766,BATHINDA JN,DHURI JN.
54781,BATHINDA JN,REWARI JN.
54782,REWARI JN.,BATHINDA JN
54783,FAZILKA JN.,REWARI JN.
54784,REWARI JN.,FAZILKA JN.
54785,FIROZPUR CAN,FAZILKA JN.
54786,FAZILKA JN.,FIROZPUR CAN
54787,BHIWANI JN.,REWARI JN.
54788,REWARI JN.,BHIWANI JN.
54789,REWARI JN.,BIKANER JN.
54790,BIKANER JN.,REWARI JN.
54791,MATHURA JN.,BHIWANI JN.
54792,BHIWANI JN.,MATHURA JN.
54793,SAWAI MADHOP,MATHURA JN.
54794,MATHURA JN.,SAWAI MADHOP
54803,JODHPUR JN.,AHMEDABAD
54804,AHMEDABAD,JODHPUR JN.
54805,AHMEDABAD,JAIPUR JN.
54806,JAIPUR JN.,AHMEDABAD
54809,REWARI JN.,JODHPUR JN.
54810,JODHPUR JN.,REWARI JN.
54813,JODHPUR JN.,BARMER
54819,JAISALMER,JODHPUR JN.
54820,JODHPUR JN.,JAISALMER
54822,MAKRANA JN.,PARVATSAR CI
54825,JODHPUR JN.,BILARA
54826,BILARA,JODHPUR JN.
54833,JAIPUR JN.,HISAR JN
54834,HISAR JN,JAIPUR JN.
54835,HISAR JN,REWARI JN.
54836,REWARI JN.,HISAR JN
54881,BARMER,MUNABAO
54882,MUNABAO,BARMER
55001,GORAKHPUR JN,AYODHYA
55002,AYODHYA,GORAKHPUR JN
55007,PATLIPUTRA,GORAKHPUR JN
55008,GORAKHPUR JN,PATLIPUTRA
55009,CHHAPRA JN.,BHATNI JN.
55010,BHATNI JN.,CHHAPRA JN.
55011,SIWAN JN.,GORAKHPUR JN
55012,GORAKHPUR JN,SIWAN JN.
55013,CHHAPRA JN.,VARANASI CIT
55014,VARANASI CIT,CHHAPRA JN.
55017,CHHAPRA JN.,MAU JN.
55018,MAU JN.,CHHAPRA JN.
55019,CHHAPRA JN.,GORAKHPUR JN
55020,GORAKHPUR JN,CHHAPRA JN.
55021,SAMASTIPUR J,SIWAN JN.
55022,SIWAN JN.,SAMASTIPUR J
55025,GORAKHPUR JN,GONDA JN.
55026,GONDA JN.,GORAKHPUR JN
55027,GORAKHPUR JN,GONDA JN.
55028,GONDA JN.,GORAKHPUR JN
55029,NARKATIAGANJ,GORAKHPUR JN
55030,GORAKHPUR JN,NARKATIAGANJ
55031,NAKAHA JUNGL,LUCKNOW JN.
55032,DALIGANJ JN,NAKAHA JUNGL
55033,GONDA JN.,SITAPUR CANT
55034,SITAPUR CITY,GONDA JN.
55035,GONDA JN.,SITAPUR CANT
55036,SITAPUR CANT,GONDA JN.
55037,BURHWAL JN.,SITAPUR CITY
55038,SITAPUR CANT,BURHWAL JN.
55041,NARKATIAGANJ,GORAKHPUR JN
55042,GORAKHPUR JN,BETTIAH
55043,GORAKHPUR JN,NAUTANWA
55044,NAUTANWA,GORAKHPUR JN
55045,SITAPUR CANT,SHAHJAHANPUR
55046,SHAHJAHANPUR,SITAPUR CANT
55049,NAKAHA JUNGL,DALIGANJ JN
55050,LUCKNOW JN.,NAKAHA JUNGL
55051,GORAKHPUR JN,NAUTANWA
55052,NAUTANWA,GORAKHPUR JN
55055,KAPTANGANJ J,GORAKHPUR JN
55056,GORAKHPUR JN,KAPTANGANJ J
55071,NARKATIAGANJ,GORAKHPUR JN
55072,GORAKHPUR JN,NARKATIAGANJ
55073,NARKATIAGANJ,GORAKHPUR JN
55074,GORAKHPUR JN,NARKATIAGANJ
55075,SIWAN JN.,GORAKHPUR JN
55076,GORAKHPUR JN,SIWAN JN.
55077,GORAKHPUR JN,BARHNI
55078,BARHNI,GORAKHPUR JN
55079,BETTIAH,GORAKHPUR JN
55080,GORAKHPUR JN,NARKATIAGANJ
55081,NARKATIAGANJ,GORAKHPUR JN
55082,GORAKHPUR JN,NARKATIAGANJ
55101,BHATNI JN.,BARHAJ BAZAR
55102,BARHAJ BAZAR,BHATNI JN.
55103,BHATNI JN.,BARHAJ BAZAR
55104,BARHAJ BAZAR,BHATNI JN.
55105,SALEMPUR JN.,BARHAJ BAZAR
55106,BARHAJ BAZAR,SALEMPUR JN.
55107,SIWAN JN.,THAWE JN.
55108,THAWE JN.,SIWAN JN.
55109,SIWAN JN.,THAWE JN.
55110,THAWE JN.,SIWAN JN.
55111,SIWAN JN.,THAWE JN.
55112,THAWE JN.,SIWAN JN.
55113,SIWAN JN.,THAWE JN.
55114,THAWE JN.,SIWAN JN.
55115,CHHAPRA JN.,BHATNI JN.
55116,BHATNI JN.,CHHAPRA JN.
55119,GORAKHPUR JN,VARANASI CIT
55120,VARANASI CIT,GORAKHPUR JN
55122,MANDUADIH,BHATNI JN.
55123,BHATNI JN.,VARANASI CIT
55125,MANDUADIH,ALLAHABAD CI
55126,ALLAHABAD CI,MANDUADIH
55127,MANDUADIH,ALLAHABAD CI
55128,ALLAHABAD CI,MANDUADIH
55129,MANDUADIH,ALLAHABAD CI
55130,ALLAHABAD CI,MANDUADIH
55131,CHHAPRA JN.,VARANASI CIT
55132,VARANASI CIT,CHHAPRA JN.
55133,BALLIA,VARANASI CIT
55134,VARANASI CIT,BALLIA
55135,AZAMGARH,VARANASI CIT
55136,VARANASI CIT,AZAMGARH
55137,BALLIA,SHAHGANJ JN.
55138,SHAHGANJ JN.,BALLIA
55139,BALLIA,SHAHGANJ JN.
55140,SHAHGANJ JN.,BALLIA
55141,GORAKHPUR JN,NAUTANWA
55142,NAUTANWA,GORAKHPUR JN
55143,AUNRIHAR JN.,JAUNPUR JN.
55144,JAUNPUR JN.,AUNRIHAR JN.
55145,SALEMPUR JN.,BARHAJ BAZAR
55146,BARHAJ BAZAR,SALEMPUR JN.
55149,GORAKHPUR JN,VARANASI CIT
55150,VARANASI CIT,GORAKHPUR JN
55159,AUNRIHAR JN.,JAUNPUR JN.
55160,JAUNPUR JN.,AUNRIHAR JN.
55163,SHAHGANJ JN.,AUNRIHAR JN.
55164,AUNRIHAR JN.,SHAHGANJ JN.
55165,CHHAPRA JN.,DURAUNDHA JN
55166,DURAUNDHA JN,CHHAPRA JN.
55167,DURAUNDHA JN,SIWAN JN.
55168,SIWAN JN.,DURAUNDHA JN
55169,DURAUNDHA JN,SIWAN JN.
55170,SIWAN JN.,DURAUNDHA JN
55171,DURAUNDHA JN,MAHARAJGANJ
55172,MAHARAJGANJ,DURAUNDHA JN
55173,DURAUNDHA JN,MAHARAJGANJ
55174,MAHARAJGANJ,DURAUNDHA JN
55175,DURAUNDHA JN,MAHARAJGANJ
55176,MAHARAJGANJ,DURAUNDHA JN
55177,DURAUNDHA JN,MAHARAJGANJ
55178,MAHARAJGANJ,DURAUNDHA JN
55179,DURAUNDHA JN,MAHARAJGANJ
55180,MAHARAJGANJ,DURAUNDHA JN
55181,THAWE JN.,CHHAPRA KACH
55182,CHHAPRA KACH,THAWE JN.
55183,THAWE JN.,CHHAPRA KACH
55184,CHHAPRA KACH,THAWE JN.
55207,MUZAFFARPUR,NARKATIAGANJ
55208,NARKATIAGANJ,MUZAFFARPUR
55209,MUZAFFARPUR,NARKATIAGANJ
55211,MUZAFFARPUR,RAXAUL JN.
55212,RAXAUL JN.,MUZAFFARPUR
55213,MUZAFFARPUR,NARKATIAGANJ
55214,NARKATIAGANJ,MUZAFFARPUR
55215,MUZAFFARPUR,PATLIPUTRA
55216,PATLIPUTRA,MUZAFFARPUR
55217,MUZAFFARPUR,PATLIPUTRA
55218,PATLIPUTRA,MUZAFFARPUR
55220,NARKATIAGANJ,MUZAFFARPUR
55221,KATIHAR JN.,BARAUNI JN.
55222,BARAUNI JN.,KATIHAR JN.
55223,KATIHAR JN.,DARBHANGA JN
55224,DARBHANGA JN,KATIHAR JN.
55225,MUZAFFARPUR,RAXAUL JN.
55226,RAXAUL JN.,MUZAFFARPUR
55227,SAMASTIPUR J,MUZAFFARPUR
55228,MUZAFFARPUR,SAMASTIPUR J
55229,BARAUNI JN.,PATLIPUTRA
55230,PATLIPUTRA,BARAUNI JN.
55231,PATLIPUTRA,PATNA JN.
55232,PATNA JN.,PATLIPUTRA
55237,BARAUNI JN.,SAMASTIPUR J
55238,SAMASTIPUR J,BARAUNI JN.
55239,SAMASTIPUR J,MUZAFFARPUR
55240,MUZAFFARPUR,SAMASTIPUR J
55301,MORADABAD JN,KATHGODAM
55302,KATHGODAM,MORADABAD JN
55303,MORADABAD JN,KATHGODAM
55304,KATHGODAM,MORADABAD JN
55305,MORADABAD JN,RAMNAGAR
55306,RAMNAGAR,MORADABAD JN
55307,MORADABAD JN,RAMNAGAR
55308,RAMNAGAR,MORADABAD JN
55309,MORADABAD JN,RAMNAGAR
55310,RAMNAGAR,MORADABAD JN
55311,MORADABAD JN,KASHIPUR JN
55312,KASHIPUR JN,MORADABAD JN
55313,KASHIPUR JN,RAMNAGAR
55314,RAMNAGAR,KASHIPUR JN
55315,LALKUA JN.,KASHIPUR JN
55316,KASHIPUR JN,LALKUA JN.
55317,LALKUA JN.,KASHIPUR JN
55318,KASHIPUR JN,LALKUA JN.
55319,LALKUA JN.,KASHIPUR JN
55320,KASHIPUR JN,LALKUA JN.
55321,MORADABAD JN,RAMNAGAR
55322,RAMNAGAR,MORADABAD JN
55323,MORADABAD JN,RAMNAGAR
55324,RAMNAGAR,MORADABAD JN
55325,LUCKNOW JN.,KASGANJ JN.
55326,KASGANJ JN.,LUCKNOW JN.
55327,KANPUR CENTR,FARRUKHABAD
55328,FARRUKHABAD,KANPUR CENTR
55329,SHIKOHABAD J,KASGANJ JN.
55330,KASGANJ JN.,SHIKOHABAD J
55331,FARRUKHABAD,KASGANJ JN.
55332,KASGANJ JN.,FARRUKHABAD
55333,KASGANJ JN.,AGRA  FORT
55334,AGRA  FORT,KASGANJ JN.
55335,BAREILLY CIT,LALKUA JN.
55336,LALKUA JN.,BAREILLY CIT
55337,KASGANJ JN.,ACHHNERA JN.
55338,ACHHNERA JN.,KASGANJ JN.
55339,KASGANJ JN.,MATHURA JN.
55340,MATHURA JN.,KASGANJ JN.
55341,KASGANJ JN.,BHARATPUR JN
55342,BHARATPUR JN,KASGANJ JN.
55343,KASGANJ JN.,BAREILLY CIT
55344,BAREILLY CIT,KASGANJ JN.
55345,KASGANJ JN.,BAREILLY CIT
55346,BAREILLY CIT,KASGANJ JN.
55347,BAREILLY CIT,LALKUA JN.
55348,LALKUA JN.,BAREILLY CIT
55349,BAREILLY CIT,LALKUA JN.
55350,LALKUA JN.,BAREILLY CIT
55351,BAREILLY CIT,LALKUA JN.
55352,LALKUA JN.,BAREILLY CIT
55353,KASGANJ JN.,MATHURA JN.
55354,MATHURA JN.,KASGANJ JN.
55355,KASGANJ JN.,BAREILLY CIT
55356,BAREILLY CIT,KASGANJ JN.
55357,KASGANJ JN.,BAREILLY CIT
55358,BAREILLY CIT,KASGANJ JN.
55359,KASGANJ JN.,BAREILLY CIT
55360,BAREILLY CIT,KASGANJ JN.
55361,BAREILLY CIT,PILIBHIT JN.
55362,PILIBHIT JN.,BAREILLY CIT
55363,BAREILLY CIT,PILIBHIT JN.
55364,PILIBHIT JN.,BAREILLY CIT
55365,BAREILLY CIT,PILIBHIT JN.
55366,PILIBHIT JN.,BAREILLY CIT
55367,BAREILLY CIT,PILIBHIT JN.
55368,PILIBHIT JN.,BAREILLY CIT
55369,BAREILLY CIT,PILIBHIT JN.
55370,PILIBHIT JN.,BAREILLY CIT
55371,PILIBHIT JN.,MAJHOLA PAKA
55372,MAJHOLA PAKA,PILIBHIT JN.
55373,PILIBHIT JN.,MAJHOLA PAKA
55374,MAJHOLA PAKA,PILIBHIT JN.
55375,PILIBHIT JN.,MAJHOLA PAKA
55376,MAJHOLA PAKA,PILIBHIT JN.
55421,MALDA TOWN,BALURGHAT
55422,BALURGHAT,MALDA TOWN
55465,ALIPUR DUAR,BAMANHAT
55466,BAMANHAT,ALIPUR DUAR
55467,SILIGURI JN.,BAMANHAT
55468,BAMANHAT,SILIGURI JN.
55513,SAMASTIPUR J,JAYNAGAR
55514,JAYNAGAR,SAMASTIPUR J
55517,DARBHANGA JN,JAYNAGAR
55518,JAYNAGAR,DARBHANGA JN
55519,SAMASTIPUR J,JAYNAGAR
55520,JAYNAGAR,SAMASTIPUR J
55525,BARAUNI JN.,SAMASTIPUR J
55526,SAMASTIPUR J,BARAUNI JN.
55527,JAYNAGAR,PATNA JN.
55528,PATNA JN.,JAYNAGAR
55533,SAHARSA JN.,SAMASTIPUR J
55534,SAMASTIPUR J,SAHARSA JN.
55537,KATIHAR JN.,SAMASTIPUR J
55538,SAMASTIPUR J,KATIHAR JN.
55539,KATIHAR JN.,HAJIPUR JN.
55540,HAJIPUR JN.,KATIHAR JN.
55541,HAJIPUR JN.,BATHUA BAZAR
55542,BATHUA BAZAR,HAJIPUR JN.
55549,BARAUNI JN.,HAJIPUR JN.
55550,HAJIPUR JN.,BARAUNI JN.
55553,SAHARSA JN.,SAMASTIPUR J
55554,SAMASTIPUR J,SAHARSA JN.
55555,SAHARSA JN.,SAMASTIPUR J
55556,SAMASTIPUR J,SAHARSA JN.
55559,SAHARSA JN.,SAMASTIPUR J
55560,SAMASTIPUR J,SAHARSA JN.
55563,PURNEA JN.,SAHARSA JN.
55564,SAHARSA JN.,PURNEA JN.
55565,SAHARSA JN.,SAMASTIPUR J
55566,SAMASTIPUR J,SAHARSA JN.
55567,SAHARSA JN.,SAMASTIPUR J
55568,SAMASTIPUR J,SAHARSA JN.
55569,DAURAM MADHE,SAHARSA JN.
55570,SAHARSA JN.,DAURAM MADHE
55571,PURNEA JN.,SAHARSA JN.
55572,SAHARSA JN.,PURNEA JN.
55575,DARBHANGA JN,BIRAUL
55576,BIRAUL,DARBHANGA JN
55577,DARBHANGA JN,BIRAUL
55578,BIRAUL,DARBHANGA JN
55583,PURNEA JN.,SAHARSA JN.
55584,SAHARSA JN.,PURNEA JN.
55601,GUWAHATI,LUMDING JN.
55602,LUMDING JN.,GUWAHATI
55603,GUWAHATI,MAIRABARI
55604,MAIRABARI,GUWAHATI
55615,GUWAHATI,SILCHAR
55616,SILCHAR,GUWAHATI
55661,MAISHASHAN,SILCHAR
55662,SILCHAR,MAISHASHAN
55663,AGARTALA,SILCHAR
55664,SILCHAR,AGARTALA
55665,SILCHAR,VANGAICHUNGP
55666,JIRIBAM,SILCHAR
55667,SILCHAR,BHAIRABI
55668,BHAIRABI,SILCHAR
55675,AGARTALA,DHARMANAGAR
55676,DHARMANAGAR,AGARTALA
55677,SILCHAR,DHARMANAGAR
55678,DHARMANAGAR,SILCHAR
55679,AGARTALA,DHARMANAGAR
55680,DHARMANAGAR,AGARTALA
55681,UDAIPUR,AGARTALA
55682,AGARTALA,UDAIPUR
55683,UDAIPUR,AGARTALA
55684,AGARTALA,UDAIPUR
55685,MAISHASHAN,SILCHAR
55686,SILCHAR,MAISHASHAN
55687,DULLABCHERRA,SILCHAR
55688,SILCHAR,DULLABCHERRA
55689,DULLABCHERRA,BADARPUR JN.
55690,BADARPUR JN.,DULLABCHERRA
55701,MALDA TOWN,KATIHAR JN.
55702,KATIHAR JN.,MALDA TOWN
55703,MALDA COURT,KATIHAR JN.
55704,KATIHAR JN.,MALDA COURT
55707,RADHIKAPUR,KATIHAR JN.
55708,KATIHAR JN.,RADHIKAPUR
55709,SINGHABAD,OLD MALDA
55710,OLD MALDA,SINGHABAD
55711,MALDA TOWN,NEW JALPAIGU
55712,NEW JALPAIGU,MALDA TOWN
55713,NEW JALPAIGU,RANGIYA JN.
55714,RANGIYA JN.,NEW JALPAIGU
55719,DEKARGAON,BHALUKPONG
55720,BHALUKPONG,DEKARGAON
55721,RANGIYA JN.,DEKARGAON
55722,DEKARGAON,RANGIYA JN.
55725,NEW JALPAIGU,ALIPUR DUAR
55726,ALIPUR DUAR,NEW JALPAIGU
55727,KATIHAR JN.,RADHIKAPUR
55728,RADHIKAPUR,KATIHAR JN.
55729,KATIHAR JN.,RADHIKAPUR
55730,RADHIKAPUR,KATIHAR JN.
55733,KATIHAR JN.,JOGBANI
55734,JOGBANI,KATIHAR JN.
55735,KATIHAR JN.,JOGBANI
55736,JOGBANI,KATIHAR JN.
55740,JOGBANI,KATIHAR JN.
55741,KATIHAR JN.,JOGBANI
55742,JOGBANI,KATIHAR JN.
55743,KATIHAR JN.,JOGBANI
55744,JOGBANI,KATIHAR JN.
55749,NEW JALPAIGU,HALDIBARI
55750,HALDIBARI,NEW JALPAIGU
55751,NEW JALPAIGU,HALDIBARI
55752,HALDIBARI,NEW JALPAIGU
55753,ALIPUR DUAR,GUWAHATI
55754,GUWAHATI,ALIPUR DUAR
55755,KATIHAR JN.,JOGBANI
55756,JOGBANI,KATIHAR JN.
55763,KATIHAR JN.,JOGBANI
55764,JOGBANI,KATIHAR JN.
55769,MALDA COURT,KATIHAR JN.
55770,KATIHAR JN.,MALDA COURT
55771,MALDA COURT,BUNIYADPUR
55772,BUNIYADPUR,MALDA COURT
55801,NEW BONGAIGA,GUWAHATI
55802,GUWAHATI,NEW BONGAIGA
55803,NEW BONGAIGA,GUWAHATI
55804,GUWAHATI,NEW BONGAIGA
55809,NEW BONGAIGA,GUWAHATI
55810,GUWAHATI,NEW BONGAIGA
55811,DHUBRI,KAMAKHYA JN
55812,KAMAKHYA JN,DHUBRI
55813,DEKARGAON,MURKEONG SEL
55814,MURKEONG SEL,DEKARGAON
55817,NEW BONGAIGA,GUWAHATI
55818,GUWAHATI,NEW BONGAIGA
55819,MENDIPATHAR,GUWAHATI
55820,GUWAHATI,MENDIPATHAR
55823,RANGAPARA NO,DEKARGAON
55824,DEKARGAON,RANGAPARA NO
55861,RANGIYA JN.,DEKARGAON
55862,DEKARGAON,RANGIYA JN.
55893,RANGIYA JN.,RANGAPARA NO
55894,RANGAPARA NO,RANGIYA JN.
55895,RANGIYA JN.,MURKEONG SEL
55896,MURKEONG SEL,RANGIYA JN.
55901,LUMDING JN.,TINSUKIA JN.
55902,TINSUKIA JN.,LUMDING JN.
55903,DIMAPUR,MARIANI JN.
55904,MARIANI JN.,DIMAPUR
55909,SIMALUGURI J,DIBRUGARH TO
55910,DIBRUGARH TO,SIMALUGURI J
55913,JORHAT TOWN,TINSUKIA JN.
55914,TINSUKIA JN.,JORHAT TOWN
56001,CHENNAI CENT,ARAKKONAM JN
56002,ARAKKONAM JN,CHENNAI CENT
56003,ARAKKONAM JN,CHENGALPATTU
56004,CHENGALPATTU,ARAKKONAM JN
56005,ARAKKONAM JN,CHENGALPATTU
56006,CHENGALPATTU,ARAKKONAM JN
56007,ARAKKONAM JN,KATPADI JN
56008,KATPADI JN,ARAKKONAM JN
56009,ARAKKONAM JN,VELLORE CANT
56010,VELLORE CANT,ARAKKONAM JN
56011,ARAKKONAM JN,CUDDAPAH
56012,CUDDAPAH,ARAKKONAM JN
56013,ARAKKONAM JN,VELLORE CANT
56014,VELLORE CANT,ARAKKONAM JN
56033,MAYILADUTURA,MANNARGUDI
56034,MANNARGUDI,MAYILADUTURA
56035,TIRUCHENDUR,TIRUNELVELI
56036,TIRUNELVELI,TIRUCHENDUR
56037,CHENNAI EGMO,PONDICHERRY
56038,PONDICHERRY,CHENNAI EGMO
56041,TIRUPATI,PONDICHERRY
56042,PONDICHERRY,TIRUPATI
56043,GURUVAYUR,TRICHUR
56044,TRICHUR,GURUVAYUR
56100,ERODE JN.,METTUR DAM
56101,METTUR DAM,ERODE JN.
56102,SALEM JN.,METTUR DAM
56103,METTUR DAM,SALEM JN.
56105,SALEM JN.,KARUR JN.
56106,KARUR JN.,SALEM JN.
56107,SALEM JN.,KARUR JN.
56108,KARUR JN.,SALEM JN.
56109,TIRUCHIRAPPA,ERODE JN.
56110,ERODE JN.,TIRUCHIRAPPA
56111,JOLARPETTAI,ERODE JN.
56112,ERODE JN.,JOLARPETTAI
56113,MAYILADUTURA,TIRUCHIRAPPA
56114,TIRUCHIRAPPA,MAYILADUTURA
56115,MAYILADUTURA,THANJAVUR JN
56116,THANJAVUR JN,MAYILADUTURA
56136,METTUPALAIYA,UDHAGAMANDAL
56137,UDHAGAMANDAL,METTUPALAIYA
56138,COONOOR,UDHAGAMANDAL
56139,UDHAGAMANDAL,COONOOR
56140,UDHAGAMANDAL,COONOOR
56141,COONOOR,UDHAGAMANDAL
56142,UDHAGAMANDAL,COONOOR
56143,COONOOR,UDHAGAMANDAL
56144,COIMBATORE,METTUPALAIYA
56145,METTUPALAIYA,COIMBATORE
56146,COIMBATORE,METTUPALAIYA
56147,METTUPALAIYA,COIMBATORE
56148,COIMBATORE,METTUPALAIYA
56149,METTUPALAIYA,COIMBATORE
56150,COIMBATORE,METTUPALAIYA
56151,METTUPALAIYA,COIMBATORE
56201,CHAMRAJANAGA,MYSORE JN.
56202,MYSORE JN.,CHAMRAJANAGA
56203,CHAMRAJANAGA,MYSORE JN.
56204,MYSORE JN.,CHAMRAJANAGA
56205,NANJANGUD TO,MYSORE JN.
56206,MYSORE JN.,NANJANGUD TO
56207,CHAMRAJANAGA,MYSORE JN.
56208,MYSORE JN.,CHAMRAJANAGA
56209,CHAMRAJANAGA,MYSORE JN.
56210,MYSORE JN.,CHAMRAJANAGA
56215,YESVANTPUR J,MYSORE JN.
56216,MYSORE JN.,YESVANTPUR J
56217,TALGUPPA,SHIMOGA TOWN
56218,SHIMOGA TOWN,TALGUPPA
56221,KRANTIVIRA S,TUMKUR
56222,TUMKUR,KRANTIVIRA S
56223,KRANTIVIRA S,ARSIKERE JN.
56224,ARSIKERE JN.,KRANTIVIRA S
56225,KRANTIVIRA S,TUMKUR
56226,TUMKUR,KRANTIVIRA S
56227,KRANTIVIRA S,SHIMOGA TOWN
56228,SHIMOGA TOWN,KRANTIVIRA S
56231,MYSORE JN.,KRANTIVIRA S
56232,KRANTIVIRA S,MYSORE JN.
56237,MYSORE JN.,KRANTIVIRA S
56238,KRANTIVIRA S,MYSORE JN.
56241,SALEM JN.,YESVANTPUR J
56242,YESVANTPUR J,SALEM JN.
56261,ARAKKONAM JN,KRANTIVIRA S
56262,KRANTIVIRA S,ARAKKONAM JN
56263,MYSORE JN.,KRANTIVIRA S
56264,KRANTIVIRA S,MYSORE JN.
56265,ARSIKERE JN.,MYSORE JN.
56266,MYSORE JN.,ARSIKERE JN.
56267,ARSIKERE JN.,MYSORE JN.
56268,MYSORE JN.,ARSIKERE JN.
56269,SHIMOGA TOWN,MYSORE JN.
56270,MYSORE JN.,SHIMOGA TOWN
56271,SHIMOGA TOWN,CHIKMAGALURU
56272,CHIKMAGALURU,SHIMOGA TOWN
56273,ARSIKERE JN.,HUBLI JN.
56274,HUBLI JN.,ARSIKERE JN.
56275,TALGUPPA,MYSORE JN.
56276,MYSORE JN.,TALGUPPA
56277,CHIKMAGALURU,YESVANTPUR J
56278,YESVANTPUR J,CHIKMAGALURU
56281,CHAMRAJANAGA,KRANTIVIRA S
56282,KRANTIVIRA S,CHAMRAJANAGA
56300,QUILON,ALLEPPEY
56301,ALLEPPEY,QUILON
56302,ALLEPPEY,ERNAKULAM. J
56303,ERNAKULAM. J,ALLEPPEY
56304,NAGERCOIL JN,KOTTAYAM
56305,KOTTAYAM,QUILON
56307,QUILON,TRIVANDRUM C
56308,TRIVANDRUM C,QUILON
56309,QUILON,TRIVANDRUM C
56310,NAGERCOIL JN,TRIVANDRUM C
56311,TRIVANDRUM C,NAGERCOIL JN
56313,TRIVANDRUM C,NAGERCOIL JN
56315,TRIVANDRUM C,NAGERCOIL JN
56316,NAGERCOIL JN,TRIVANDRUM C
56317,KOCHUVELI,NAGERCOIL JN
56318,NAGERCOIL JN,KOCHUVELI
56319,NAGERCOIL JN,COIMBATORE
56320,COIMBATORE,NAGERCOIL JN
56323,COIMBATORE,MANGALORE CE
56324,MANGALORE CE,COIMBATORE
56331,PUNALUR,QUILON
56332,QUILON,PUNALUR
56333,EDAMANN,QUILON
56334,QUILON,EDAMANN
56335,EDAMANN,QUILON
56336,QUILON,EDAMANN
56337,PUNALUR,QUILON
56338,QUILON,PUNALUR
56361,SHORANUR JN.,ERNAKULAM. J
56362,ERNAKULAM. J,NILAMBUR ROA
56363,NILAMBUR ROA,ERNAKULAM. J
56364,ERNAKULAM. J,SHORANUR JN.
56365,GURUVAYUR,EDAMANN
56366,EDAMANN,GURUVAYUR
56370,ERNAKULAM. J,GURUVAYUR
56371,GURUVAYUR,ERNAKULAM. J
56373,GURUVAYUR,TRICHUR
56374,TRICHUR,GURUVAYUR
56375,GURUVAYUR,ERNAKULAM. J
56376,ERNAKULAM. J,GURUVAYUR
56377,ALLEPPEY,KAYANKULAM J
56378,KAYANKULAM J,ALLEPPEY
56379,ERNAKULAM. J,ALLEPPEY
56380,KAYANKULAM J,ERNAKULAM. J
56381,ERNAKULAM. J,KAYANKULAM J
56382,KAYANKULAM J,ERNAKULAM. J
56383,ERNAKULAM. J,KAYANKULAM J
56384,ALLEPPEY,ERNAKULAM. J
56385,ERNAKULAM. J,KOTTAYAM
56386,KOTTAYAM,ERNAKULAM. J
56387,ERNAKULAM. J,KAYANKULAM J
56388,KAYANKULAM J,ERNAKULAM. J
56389,ERNAKULAM. J,KOTTAYAM
56390,KOTTAYAM,ERNAKULAM. J
56391,ERNAKULAM. J,QUILON
56392,QUILON,ERNAKULAM. J
56393,KOTTAYAM,QUILON
56394,QUILON,KOTTAYAM
56501,VIJAYWADA JN,HUBLI JN.
56502,HUBLI JN.,VIJAYWADA JN
56503,BANGALORE CA,VIJAYWADA JN
56504,VIJAYWADA JN,BANGALORE CA
56505,BANGARPET JN,MARIKUPPAM
56506,MARIKUPPAM,BANGARPET JN
56507,MARIKUPPAM,KRANTIVIRA S
56508,KRANTIVIRA S,MARIKUPPAM
56509,MARIKUPPAM,KRANTIVIRA S
56510,KRANTIVIRA S,MARIKUPPAM
56511,BANGARPET JN,MARIKUPPAM
56512,MARIKUPPAM,BANGARPET JN
56513,KARAIKAL,KRANTIVIRA S
56514,KRANTIVIRA S,KARAIKAL
56515,KRANTIVIRA S,HUBLI JN.
56516,HUBLI JN.,KRANTIVIRA S
56517,CHITRADURG,HARIHAR JN.
56518,HARIHAR JN.,CHITRADURG
56519,CHIKJAJUR JN,CHITRADURG
56520,CHITRADURG,CHIKJAJUR JN
56600,CALICUT,SHORANUR JN.
56601,SHORANUR JN.,CALICUT
56602,KANNUR,SHORANUR JN.
56603,TRICHUR,KANNUR
56604,SHORANUR JN.,COIMBATORE
56605,COIMBATORE,TRICHUR
56610,NILAMBUR ROA,PALAKKAD JN
56611,PALAKKAD JN,NILAMBUR ROA
56612,NILAMBUR ROA,SHORANUR JN.
56613,SHORANUR JN.,NILAMBUR ROA
56614,NILAMBUR ROA,SHORANUR JN.
56616,NILAMBUR ROA,SHORANUR JN.
56617,SHORANUR JN.,NILAMBUR ROA
56619,SHORANUR JN.,NILAMBUR ROA
56620,NILAMBUR ROA,SHORANUR JN.
56621,SHORANUR JN.,NILAMBUR ROA
56640,MANGALORE CE,MADGOAN JN.
56641,MADGOAN JN.,MANGALORE CE
56642,KABAKA PUTTU,MANGALORE CE
56643,MANGALORE CE,KABAKA PUTTU
56644,KABAKA PUTTU,MANGALORE CE
56645,MANGALORE CE,KABAKA PUTTU
56646,SUBRAHMANYA,MANGALORE CE
56647,MANGALORE CE,SUBRAHMANYA
56650,KANNUR,COIMBATORE
56651,COIMBATORE,KANNUR
56652,KANNUR,CALICUT
56653,CALICUT,KANNUR
56654,MANGALORE CE,CALICUT
56655,KANNUR,MANGALORE CE
56656,MANGALORE CE,KANNUR
56657,CALICUT,KANNUR
56659,KANNUR,CHERVATTUR
56661,CHERVATTUR,MANGALORE CE
56663,TRICHUR,CALICUT
56664,CALICUT,TRICHUR
56665,KASARAGOD,BYNDOOR
56666,BYNDOOR,KASARAGOD
56700,MADURAI JN,PUNALUR
56701,PUNALUR,MADURAI JN
56703,TIRUCHIRAPPA,DINDIGUL JN
56704,DINDIGUL JN,TIRUCHIRAPPA
56705,VILLUPURAM J,MADURAI JN
56706,MADURAI JN,VILLUPURAM J
56707,DINDIGUL JN,MADURAI JN
56708,MADURAI JN,DINDIGUL JN
56709,PALANI,MADURAI JN
56710,MADURAI JN,PALANI
56711,KARAIKAL,TIRUCHIRAPPA
56714,TIRUCHIRAPPA,KARAIKAL
56715,PUNALUR,KANNIYAKUMAR
56716,KANNIYAKUMAR,PUNALUR
56717,KANNIYAKUMAR,TIRUNELVELI
56718,TIRUNELVELI,NAGERCOIL JN
56719,NAGERCOIL JN,KANNIYAKUMAR
56721,MADURAI JN,RAMESWARAM
56722,RAMESWARAM,MADURAI JN
56723,MADURAI JN,RAMESWARAM
56724,RAMESWARAM,MADURAI JN
56725,MADURAI JN,RAMESWARAM
56726,RAMESWARAM,MADURAI JN
56731,MADURAI JN,SENGOTTAI JN
56732,SENGOTTAI JN,MADURAI JN
56733,MADURAI JN,SENGOTTAI JN
56734,SENGOTTAI JN,MADURAI JN
56735,MADURAI JN,SENGOTTAI JN
56736,SENGOTTAI JN,MADURAI JN
56741,TUTICORIN,TIRUNELVELI
56742,TIRUNELVELI,TUTICORIN
56761,TIRUNELVELI,TIRUCHENDUR
56762,TIRUCHENDUR,TIRUNELVELI
56763,TIRUNELVELI,TIRUCHENDUR
56764,TIRUCHENDUR,TIRUNELVELI
56765,TIRUNELVELI,TIRUCHENDUR
56766,TIRUCHENDUR,TIRUNELVELI
56767,TUTICORIN,TIRUCHENDUR
56768,TIRUCHENDUR,TUTICORIN
56769,PALAKKAD JN,TIRUCHENDUR
56770,TIRUCHENDUR,PALAKKAD JN
56796,SENGOTTAI JN,TIRUNELVELI
56797,TIRUNELVELI,BAGAVATHIPUR
56798,BAGAVATHIPUR,TIRUNELVELI
56799,TIRUNELVELI,SENGOTTAI JN
56800,SENGOTTAI JN,TIRUNELVELI
56801,TIRUNELVELI,SENGOTTAI JN
56802,SENGOTTAI JN,TIRUNELVELI
56803,TIRUNELVELI,SENGOTTAI JN
56811,MAYILADUTURA,TIRUCHIRAPPA
56812,TIRUCHIRAPPA,MAYILADUTURA
56819,KUMBAKONAM,THANJAVUR JN
56820,THANJAVUR JN,KUMBAKONAM
56821,MAYILADUTURA,DINDIGUL JN
56822,DINDIGUL JN,MAYILADUTURA
56823,MAYILADUTURA,TIRUCHIRAPPA
56824,TIRUCHIRAPPA,MAYILADUTURA
56825,ERODE JN.,TIRUNELVELI
56826,TIRUNELVELI,ERODE JN.
56829,TIRUCHIRAPPA,RAMESWARAM
56830,RAMESWARAM,TIRUCHIRAPPA
56839,JOLARPETTAI,ERODE JN.
56840,ERODE JN.,JOLARPETTAI
56841,TIRUCHIRAPPA,ERODE JN.
56842,ERODE JN.,TIRUCHIRAPPA
56843,TIRUCHIRAPPA,ERODE JN.
56844,ERODE JN.,TIRUCHIRAPPA
56845,JOLARPETTAI,ERODE JN.
56846,ERODE JN.,JOLARPETTAI
56859,TAMBARAM,VILLUPURAM J
56860,VILLUPURAM J,TAMBARAM
56861,VILLUPURAM J,PONDICHERRY
56862,PONDICHERRY,VILLUPURAM J
56863,VILLUPURAM J,PONDICHERRY
56864,PONDICHERRY,VILLUPURAM J
56865,VILLUPURAM J,PONDICHERRY
56866,PONDICHERRY,VILLUPURAM J
56871,MAYILADUTURA,THIRUVARUR J
56872,THIRUVARUR J,MAYILADUTURA
56873,VILLUPURAM J,MAYILADUTURA
56874,MAYILADUTURA,VILLUPURAM J
56875,VILLUPURAM J,MAYILADUTURA
56876,MAYILADUTURA,VILLUPURAM J
56877,VILLUPURAM J,MAYILADUTURA
56878,MAYILADUTURA,VILLUPURAM J
56879,MAYILADUTURA,THIRUVARUR J
56880,THIRUVARUR J,MAYILADUTURA
56881,KATPADI JN,VILLUPURAM J
56882,VILLUPURAM J,TIRUPATI
56883,KATPADI JN,VILLUPURAM J
56884,VILLUPURAM J,TIRUPATI
56885,TIRUPATI,VILLUPURAM J
56886,VILLUPURAM J,KATPADI JN
56889,TIRUPATI,KATPADI JN
56902,DHARWAD,HUBLI JN.
56903,SOLAPUR,DHARWAD
56904,DHARWAD,SOLAPUR
56905,SOLAPUR,HUBLI JN.
56906,HUBLI JN.,SOLAPUR
56907,HUBLI JN.,DHARWAD
56909,KRANTIVIRA S,HOSPET JN.
56910,HOSPET JN.,KRANTIVIRA S
56911,CHIKJAJUR JN,HUBLI JN.
56912,HUBLI JN.,CHIKJAJUR JN
56913,KRANTIVIRA S,HUBLI JN.
56914,HUBLI JN.,KRANTIVIRA S
56915,CHIKJAJUR JN,HUBLI JN.
56916,HUBLI JN.,CHIKJAJUR JN
56917,BIRUR JN.,SHIMOGA TOWN
56918,SHIMOGA TOWN,BIRUR JN.
56921,HUBLI JN.,BELGAUM
56922,BELGAUM,HUBLI JN.
56925,KRANTIVIRA S,TUMKUR
56926,TUMKUR,KRANTIVIRA S
56961,KULEM,VASCO-DA-GAM
56962,VASCO-DA-GAM,KULEM
56963,KULEM,VASCO-DA-GAM
56964,VASCO-DA-GAM,KULEM
56965,KULEM,VASCO-DA-GAM
56966,VASCO-DA-GAM,KULEM
57121,KAZIPET JN.,BALHARSHAH
57122,SIRPUR TOWN,KAZIPET JN.
57123,BHADRACHALAM,SIRPUR TOWN
57124,BALHARSHAH,BHADRACHALAM
57129,BIJAPUR JN,BOLARUM
57130,HYDERABAD DE,BIJAPUR JN
57131,BOLARUM,HYDERABAD DE
57133,BIJAPUR JN,RAICHUR
57134,RAICHUR,BIJAPUR JN
57135,AJNI,KAZIPET JN.
57136,KAZIPET JN.,AJNI
57145,DORNAKAL JN.,BHADRACHALAM
57146,BHADRACHALAM,DORNAKAL JN.
57155,GULBARGA,HYDERABAD DE
57156,HYDERABAD DE,GULBARGA
57225,VIJAYWADA JN,VISAKHAPATNA
57226,VISAKHAPATNA,VIJAYWADA JN
57229,MACHILIPATNA,VISAKHAPATNA
57230,VISAKHAPATNA,MACHILIPATNA
57231,VIJAYWADA JN,KAKINADA POR
57232,KAKINADA POR,VIJAYWADA JN
57237,KAZIPET JN.,VIJAYWADA JN
57238,VIJAYWADA JN,KAZIPET JN.
57239,CHENNAI CENT,GUDUR JN.
57240,BITRAGUNTA,CHENNAI CENT
57241,BITRAGUNTA,VIJAYWADA JN
57242,VIJAYWADA JN,BITRAGUNTA
57255,KAKINADA POR,VISAKHAPATNA
57256,VISAKHAPATNA,KAKINADA POR
57257,TIRUPATI,KAKINADA POR
57258,KAKINADA POR,TIRUPATI
57264,NARASAPUR,BHIMAVARAM J
57265,BHIMAVARAM J,NARASAPUR
57271,VIJAYWADA JN,RAYAGADA JN.
57272,RAYAGADA JN.,VIJAYWADA JN
57273,HUBLI JN.,TIRUPATI
57274,TIRUPATI,HUBLI JN.
57277,GUDUR JN.,VIJAYWADA JN
57278,VIJAYWADA JN,BITRAGUNTA
57305,KACHEGUDA,GUNTUR JN.
57306,GUNTUR JN.,KACHEGUDA
57307,KACHEGUDA,MEDCHAL
57308,MEDCHAL,KACHEGUDA
57317,GUNTUR JN.,MACHERLA
57320,MACHERLA,GUNTUR JN.
57323,NADIKUDE JN.,MACHERLA
57324,MACHERLA,NADIKUDE JN.
57325,KACHEGUDA,GUNTUR JN.
57326,GUNTUR JN.,KACHEGUDA
57327,DHONE JN,GUNTUR JN.
57328,GUNTUR JN.,DHONE JN
57329,TIRUPATI,GUNTUR JN.
57330,GUNTUR JN.,TIRUPATI
57381,GUNTUR JN.,NARASAPUR
57382,NARASAPUR,GUNTUR JN.
57401,TIRUPATI,KATPADI JN
57402,KATPADI JN,TIRUPATI
57403,TIRUPATI,KATPADI JN
57404,KATPADI JN,TIRUPATI
57405,TIRUPATI,KATPADI JN
57406,KATPADI JN,TIRUPATI
57411,RENIGUNTA JN,GUDUR JN.
57412,GUDUR JN.,RENIGUNTA JN
57425,KACHEGUDA,GUNTAKAL JN.
57426,GUNTAKAL JN.,KACHEGUDA
57429,TIRUPATI,GUDUR JN.
57430,GUDUR JN.,TIRUPATI
57435,KACHEGUDA,KURNOOL TOWN
57436,KURNOOL TOWN,KACHEGUDA
57447,KACHEGUDA,MAHBUBNAGAR
57448,MAHBUBNAGAR,MIRZAPALI
57451,CHIKJAJUR JN,GUNTAKAL JN.
57452,GUNTAKAL JN.,CHIKJAJUR JN
57456,MAHBUBNAGAR,KACHEGUDA
57473,KACHEGUDA,BODHAN
57474,BODHAN,MAHBUBNAGAR
57475,TIRUPATI,GUNTAKAL JN.
57476,GUNTAKAL JN.,TIRUPATI
57477,TIRUPATI,RAYA DRUG
57478,RAYA DRUG,TIRUPATI
57486,MIRZAPALI,KACHEGUDA
57501,NIZAMABAD,BODHAN
57502,BODHAN,MIRZAPALI
57503,MIRZAPALI,BODHAN
57504,BODHAN,NIZAMABAD
57512,PARBHANI JN.,NANDED
57515,DAUND JN.,NANDED
57516,NANDED,DAUND JN.
57517,HYDERABAD DE,TANDUR
57518,TANDUR,HYDERABAD DE
57521,PARLI VAIJNA,PURNA  JN.
57522,PURNA  JN.,PARLI VAIJNA
57539,AKOLA JN.,PARLI VAIJNA
57540,PARLI VAIJNA,AKOLA JN.
57541,NAGARSOL,NANDED
57542,NANDED,MANMAD JN.
57547,HYDERABAD DE,PURNA  JN.
57548,PURNA  JN.,HYDERABAD DE
57549,HYDERABAD DE,AURANGABAD
57550,AURANGABAD,HYDERABAD DE
57551,PURNA  JN.,ADILABAD
57552,ADILABAD,PURNA  JN.
57553,PARLI VAIJNA,ADILABAD
57554,ADILABAD,PARLI VAIJNA
57557,NIZAMABAD,NANDED
57558,NANDED,NIZAMABAD
57561,KACHEGUDA,MANMAD JN.
57562,MANMAD JN.,KACHEGUDA
57563,HYDERABAD DE,PARBHANI JN.
57564,NANDED,HYDERABAD DE
57581,AKOLA JN.,PURNA  JN.
57582,PURNA  JN.,AKOLA JN.
57583,AKOLA JN.,PURNA  JN.
57584,PURNA  JN.,AKOLA JN.
57590,MANMAD JN.,NAGARSOL
57593,MEDCHAL,NANDED
57594,NANDED,MEDCHAL
57601,KACHEGUDA,NIZAMABAD
57602,NIZAMABAD,KACHEGUDA
57605,SECUNDERABAD,VIKRABAD JN.
57606,VIKRABAD JN.,KACHEGUDA
57625,SECUNDERABAD,MANUGURU
57626,MANUGURU,SECUNDERABAD
57628,GULBARGA,SOLAPUR
57631,SOLAPUR,GUNTAKAL JN.
57632,GUNTAKAL JN.,GULBARGA
57641,SOLAPUR,GADAG JN.
57642,GADAG JN.,SOLAPUR
57649,GULBARGA,WADI JN.
57650,WADI JN.,SOLAPUR
57651,SECUNDERABAD,REPALLE
57652,REPALLE,SECUNDERABAD
57657,MANUGURU,KAZIPET JN.
57658,KAZIPET JN.,MANUGURU
57659,SOLAPUR,FALAKNUMA
57660,FALAKNUMA,GULBARGA
57685,SOLAPUR,BIJAPUR JN
57686,BIJAPUR JN,SOLAPUR
57687,NIZAMABAD,KACHEGUDA
57688,KACHEGUDA,NIZAMABAD
57689,NIZAMABAD,KACHEGUDA
57690,KACHEGUDA,NIZAMABAD
58001,HOWRAH JN.,PURI
58002,PURI,SANTRAGACHI
58003,HOWRAH JN.,BHADRAKH
58004,BHADRAKH,HOWRAH JN.
58005,KHARAGPUR,KHURDA ROAD
58006,KHURDA ROAD,KHARAGPUR
58007,KHARAGPUR,BHADRAKH
58008,BHADRAKH,KHARAGPUR
58009,KHARAGPUR,JAJPUR KEONJ
58010,JAJPUR KEONJ,KHARAGPUR
58011,HOWRAH JN.,CHAKARADHARP
58012,CHAKARADHARP,HOWRAH JN.
58013,ADRA,BOKARO STEEL
58014,BOKARO STEEL,ADRA
58015,HOWRAH JN.,ADRA
58016,ADRA,HOWRAH JN.
58017,KHARAGPUR,ASANSOL MAIN
58018,ASANSOL MAIN,KHARAGPUR
58019,ADRA,ASANSOL MAIN
58020,ASANSOL MAIN,ADRA
58021,KHARAGPUR,TATANAGAR JN
58022,TATANAGAR JN,KHARAGPUR
58023,TATANAGAR JN,BARKAKANA
58024,BARKAKANA,TATANAGAR JN
58025,KHARAGPUR,HATIA
58026,HATIA,KHARAGPUR
58029,BALASORE,BHADRAKH
58030,BHADRAKH,BALASORE
58031,CHAKULIA,TATANAGAR JN
58032,TATANAGAR JN,CHAKULIA
58033,BOKARO STEEL,RANCHI
58034,RANCHI,BOKARO STEEL
58103,TATANAGAR JN,BARBIL
58104,BARBIL,TATANAGAR JN
58109,TATANAGAR JN,GUA
58110,GUA,TATANAGAR JN
58111,TATANAGAR JN,ITWARI JN.
58112,ITWARI JN.,TATANAGAR JN
58113,TATANAGAR JN,BILASPUR JN.
58114,BILASPUR JN.,TATANAGAR JN
58117,JHARSUGUDA J,GONDIA JN.
58118,GONDIA JN.,JHARSUGUDA J
58131,ROURKELA,PURI
58132,PURI,ROURKELA
58133,ROURKELA,JHARSUGUDA J
58134,JHARSUGUDA J,ROURKELA
58135,JHARSUGUDA J,SAMBALPUR JN
58136,SAMBALPUR JN,JHARSUGUDA J
58137,JHARSUGUDA J,SAMBALPUR JN
58138,SAMBALPUR JN,JHARSUGUDA J
58143,TATANAGAR JN,HATIA
58151,BIRMITRAPUR,BARSUAN
58152,BARSUAN,BIRMITRAPUR
58161,HATIA,JHARSUGUDA J
58162,JHARSUGUDA J,HATIA
58163,GARBETA,RANCHI
58164,RANCHI,GARBETA
58201,BILASPUR JN.,RAIPUR JN.
58202,RAIPUR JN.,BILASPUR JN.
58203,GEVRA-ROAD,RAIPUR JN.
58204,RAIPUR JN.,GEVRA-ROAD
58205,RAIPUR JN.,ITWARI JN.
58206,ITWARI JN.,RAIPUR JN.
58207,RAIPUR JN.,JUNAGARH ROA
58208,JUNAGARH ROA,RAIPUR JN.
58209,GEVRA-ROAD,BILASPUR JN.
58210,BILASPUR JN.,GEVRA-ROAD
58212,BILASPUR JN.,GEVRA-ROAD
58213,TITLA GARH J,BILASPUR JN.
58214,BILASPUR JN.,TITLA GARH J
58217,TITLA GARH J,RAIPUR JN.
58218,RAIPUR JN.,TITLA GARH J
58219,BILASPUR JN.,CHIRMIRI
58220,CHIRMIRI,BILASPUR JN.
58221,CHIRMIRI,CHANDIA ROAD
58222,CHANDIA ROAD,CHIRMIRI
58223,MANENDRAGARH,AMBIKAPUR
58224,AMBIKAPUR,ANUPPUR JN.
58227,ANUPPUR JN.,MANENDRAGARH
58301,SAMBALPUR JN,KORAPUT JN.
58302,KORAPUT JN.,SAMBALPUR JN
58303,LANJI GARH R,JUNAGARH ROA
58304,JUNAGARH ROA,LANJI GARH R
58401,CUTTACK JN.,PARADEEP
58402,PARADEEP,CUTTACK JN.
58403,KHURDA ROAD,PURI
58404,PURI,KHURDA ROAD
58405,CUTTACK JN.,PARADEEP
58406,PARADEEP,CUTTACK JN.
58408,BHUBANESWAR,BHADRAKH
58409,KHURDA ROAD,PURI
58410,PURI,KHURDA ROAD
58411,BHUBANESWAR,BERHAMPUR
58412,BERHAMPUR,BHUBANESWAR
58413,TALCHER,PURI
58414,PURI,TALCHER
58415,CUTTACK JN.,PURI
58416,PURI,CUTTACK JN.
58417,PURI,GUNUPUR
58418,GUNUPUR,PURI
58419,BHUBANESWAR,PALASA
58420,PALASA,BHUBANESWAR
58421,ANGUL,PURI
58422,PURI,ANGUL
58423,BHADRAKH,CUTTACK JN.
58424,CUTTACK JN.,BHADRAKH
58425,KENDUJHAR,BHUBANESWAR
58426,BHUBANESWAR,KENDUJHAR
58427,PALASA,GUNUPUR
58428,GUNUPUR,PALASA
58429,KHURDA ROAD,NAYAGARHTOWN
58430,NAYAGARHTOWN,KHURDA ROAD
58431,KHURDA ROAD,NAYAGARHTOWN
58432,NAYAGARHTOWN,KHURDA ROAD
58433,CUTTACK JN.,BERHAMPUR
58434,BERHAMPUR,CUTTACK JN.
58435,BHADRAKH,CUTTACK JN.
58436,CUTTACK JN.,BHADRAKH
58501,VISAKHAPATNA,KIRANDUL
58502,KIRANDUL,VISAKHAPATNA
58503,RAYAGADA JN.,VISAKHAPATNA
58504,VISAKHAPATNA,RAYAGADA JN.
58505,GUNUPUR,VISAKHAPATNA
58506,VISAKHAPATNA,GUNUPUR
58525,PALASA,VISAKHAPATNA
58526,VISAKHAPATNA,PALASA
58527,RAIPUR JN.,VISAKHAPATNA
58528,VISAKHAPATNA,RAIPUR JN.
58529,DURG,VISAKHAPATNA
58530,VISAKHAPATNA,DURG
58531,PALASA,VISAKHAPATNA
58532,VISAKHAPATNA,PALASA
58533,CUTTACK JN.,PALASA
58534,PALASA,CUTTACK JN.
58535,CUTTACK JN.,PARADEEP
58536,PARADEEP,CUTTACK JN.
58537,KORAPUT JN.,VISAKHAPATNA
58538,VISAKHAPATNA,KORAPUT JN.
58601,KHARAGPUR,ADRA
58602,ADRA,KHARAGPUR
58603,KHARAGPUR,NSC BOSE J G
58604,NSC BOSE J G,KHARAGPUR
58621,ADRA,BARKAKANA
58622,BARKAKANA,ADRA
58651,RANCHI,LOHARDAGA  B
58652,LOHARDAGA  B,RANCHI
58653,RANCHI,TORI
58654,TORI,RANCHI
58655,RANCHI,LOHARDAGA  B
58656,LOHARDAGA  B,RANCHI
58657,RANCHI,LOHARDAGA  B
58658,LOHARDAGA  B,RANCHI
58659,HATIA,ROURKELA
58660,ROURKELA,HATIA
58661,TATANAGAR JN,HATIA
58662,HATIA,TATANAGAR JN
58701,SHAHDOL,AMBIKAPUR
58702,AMBIKAPUR,SHAHDOL
58711,KENDRI,DHAMTARI
58712,DHAMTARI,KENDRI
58713,KENDRI,DHAMTARI
58714,DHAMTARI,KENDRI
58715,KENDRI,DHAMTARI
58716,DHAMTARI,KENDRI
58717,KENDRI,RAJIM
58718,RAJIM,KENDRI
58719,ABHANPUR JN.,RAJIM
58720,RAJIM,ABHANPUR JN.
58721,ABHANPUR JN.,RAJIM
58722,RAJIM,ABHANPUR JN.
58801,BALHARSHAH,GONDIA JN.
58802,GONDIA JN.,BALHARSHAH
58803,BALHARSHAH,GONDIA JN.
58804,GONDIA JN.,BALHARSHAH
58805,CHANDAFORT,GONDIA JN.
58806,GONDIA JN.,WADSA
58808,WADSA,CHANDAFORT
58809,RAMTEK,ITWARI JN.
58810,NAGPUR JN.(C,RAMTEK
58811,RAMTEK,NAGPUR JN.(C
58812,ITWARI JN.,RAMTEK
58813,RAMTEK,ITWARI JN.
58814,ITWARI JN.,RAMTEK
58815,ITWARI JN.,TIRODI
58816,TIRODI,ITWARI JN.
58817,TUMSAR RD,TIRODI
58818,TIRODI,TUMSAR RD
58843,ITWARI JN.,NAGBHIR JN.
58844,NAGBHIR JN.,ITWARI JN.
58845,ITWARI JN.,NAGBHIR JN.
58846,NAGBHIR JN.,ITWARI JN.
58847,ITWARI JN.,NAGBHIR JN.
58848,NAGBHIR JN.,ITWARI JN.
58877,ITWARI JN.,NAGBHIR JN.
58878,NAGBHIR JN.,ITWARI JN.
59013,SURAT,BHUSAVAL JN.
59014,BHUSAVAL JN.,SURAT
59023,MUMBAI CENTR,VALSAD
59024,VALSAD,MUMBAI CENTR
59037,VIRAR,SURAT
59038,SURAT,VIRAR
59039,VIRAR,VALSAD
59040,VAPI,VIRAR
59045,BANDRA TERMI,VAPI
59046,VALSAD,BANDRA TERMI
59048,SURAT,VALSAD
59049,VALSAD,VIRAMGAM JN
59050,VIRAMGAM JN,VALSAD
59075,SURAT,BHUSAVAL JN.
59076,BHUSAVAL JN.,SURAT
59077,SURAT,BHUSAVAL JN.
59078,BHUSAVAL JN.,SURAT
59101,VADODARA JN.,KATHANA
59102,KATHANA,VADODARA JN.
59103,VADODARA JN.,KATHANA
59104,KATHANA,VADODARA JN.
59117,PRATAP NAGAR,CHHOTA UDEPU
59118,CHHOTA UDEPU,VADODARA JN.
59119,VADODARA JN.,CHHOTA UDEPU
59120,CHHOTA UDEPU,PRATAP NAGAR
59121,VADODARA JN.,CHHOTA UDEPU
59122,CHHOTA UDEPU,VADODARA JN.
59151,NADIAD JN.,MODASA
59152,MODASA,NADIAD JN.
59153,NADIAD JN.,MODASA
59154,MODASA,NADIAD JN.
59161,BHARUCH JN.,ANAND JN.
59162,ANAND JN.,BHARUCH JN.
59163,ANAND JN.,VADTAL SWAMI
59164,VADTAL SWAMI,ANAND JN.
59167,ANKLESHWAR J,RAJPIPLA
59168,RAJPIPLA,ANKLESHWAR J
59169,ANAND JN.,VADTAL SWAMI
59170,VADTAL SWAMI,ANAND JN.
59201,PALITANA,BHAVNAGAR TE
59202,BHAVNAGAR TE,PALITANA
59203,SURENDRANAGA,BHAVNAGAR TE
59204,BHAVNAGAR TE,SURENDRANAGA
59205,KANALUS,PORBANDAR
59206,PORBANDAR,KANALUS
59207,BHAVNAGAR TE,OKHA
59208,OKHA,BHAVNAGAR TE
59211,RAJKOT,PORBANDAR
59212,PORBANDAR,RAJKOT
59213,BHANVAD,PORBANDAR
59214,PORBANDAR,BHANVAD
59215,BHANVAD,PORBANDAR
59216,PORBANDAR,BHANVAD
59225,BHAVNAGAR TE,MAHUVA
59226,MAHUVA,BHAVNAGAR TE
59227,BOTAD,BHAVNAGAR TE
59228,BHAVNAGAR TE,BOTAD
59229,DHRANGADHRA,BHAVNAGAR TE
59230,BHAVNAGAR TE,DHRANGADHRA
59231,SURENDRANAGA,BOTAD
59232,BOTAD,SURENDRANAGA
59233,SURENDRANAGA,BHAVNAGAR TE
59234,BHAVNAGAR TE,SURENDRANAGA
59235,DHOLA JN,MAHUVA
59236,MAHUVA,DHOLA JN
59243,RAJULA CITY,MAHUVA
59244,MAHUVA,RAJULA CITY
59267,PALITANA,BHAVNAGAR TE
59268,BHAVNAGAR TE,PALITANA
59269,PALITANA,BHAVNAGAR TE
59270,BHAVNAGAR TE,PALITANA
59271,SURENDRANAGA,BHAVNAGAR TE
59272,BHAVNAGAR TE,SURENDRANAGA
59295,PALITANA,BHAVNAGAR TE
59296,BHAVNAGAR TE,PALITANA
59297,PORBANDAR,SOMNATH
59298,SOMNATH,PORBANDAR
59306,UJJAIN JN,INDORE BG
59307,INDORE BG,UJJAIN JN
59317,NAGDA JN,UJJAIN JN
59318,UJJAIN JN,NAGDA JN
59319,UJJAIN JN,BHOPAL
59320,BHOPAL,UJJAIN JN
59341,NAGDA JN,BINA
59342,BINA,NAGDA JN
59345,RATLAM JN,NAGDA JN
59346,NAGDA JN,RATLAM JN
59353,NAGDA JN,UJJAIN JN
59354,UJJAIN JN,NAGDA JN
59355,RATLAM JN,MATHURA JN.
59356,MATHURA JN.,RATLAM JN
59357,BAYANA,YAMUNA BRIDG
59358,YAMUNA BRIDG,BAYANA
59359,BAYANA,MATHURA JN.
59360,MATHURA JN.,BAYANA
59379,INDORE BG,MAKSI JN
59380,MAKSI JN,INDORE BG
59385,INDORE BG,CHHINWARA JN
59386,CHHINWARA JN,INDORE BG
59387,NAGDA JN,INDORE BG
59388,INDORE BG,NAGDA JN
59393,DAHOD,BHOPAL
59394,BHOPAL,DAHOD
59395,BETUL,CHHINWARA JN
59396,CHHINWARA JN,BETUL
59421,RAJKOT,VERAVAL
59422,SOMNATH,RAJKOT
59423,RAJKOT,SOMNATH
59424,VERAVAL,RAJKOT
59425,NEW BHUJ,PALANPUR JN
59426,PALANPUR JN,NEW BHUJ
59439,MUMBAI CENTR,AHMEDABAD
59440,AHMEDABAD,MUMBAI CENTR
59441,MUMBAI CENTR,AHMEDABAD
59442,AHMEDABAD,MUMBAI CENTR
59473,AHMEDABAD,PATAN
59474,PATAN,AHMEDABAD
59475,MAHESANA JN,PATAN
59476,PATAN,MAHESANA JN
59477,MAHESANA JN,PATAN
59478,PATAN,MAHESANA JN
59481,MAHESANA JN,PATAN
59482,PATAN,MAHESANA JN
59483,MAHESANA JN,PATAN
59484,PATAN,MAHESANA JN
59503,VIRAMGAM JN,OKHA
59504,OKHA,VIRAMGAM JN
59507,RAJKOT,SOMNATH
59508,SOMNATH,RAJKOT
59509,MAHESANA JN,VIRAMGAM JN
59510,VIRAMGAM JN,MAHESANA JN
59511,MAHESANA JN,VIRAMGAM JN
59512,VIRAMGAM JN,MAHESANA JN
59547,AHMEDABAD,OKHA
59548,OKHA,AHMEDABAD
59549,VADODARA JN.,AHMEDABAD
59550,AHMEDABAD,VADODARA JN.
59601,MARWAR JN.,AJMER JN.
59602,AJMER JN.,MARWAR JN.
59603,MADAR JN,UDAIPUR CITY
59604,UDAIPUR CITY,MADAR JN
59605,CHITTAURGARH,UDAIPUR CITY
59606,UDAIPUR CITY,CHITTAURGARH
59607,AJMER JN.,PUSHKAR TERM
59608,PUSHKAR TERM,AJMER JN.
59705,SURATGARH JN,JAIPUR JN.
59706,JAIPUR JN.,SURATGARH JN
59707,ANUPGARH,SURATGARH JN
59708,SURATGARH JN,ANUPGARH
59709,ANUPGARH,SURATGARH JN
59710,SURATGARH JN,ANUPGARH
59711,BATHINDA JN,SURATGARH JN
59712,SURATGARH JN,BATHINDA JN
59713,PHULERA JN.,JAIPUR JN.
59714,JAIPUR JN.,PHULERA JN.
59715,PHULERA JN.,REWARI JN.
59716,REWARI JN.,PHULERA JN.
59717,PHULERA JN.,REWARI JN.
59718,REWARI JN.,PHULERA JN.
59719,PHULERA JN.,REWARI JN.
59720,REWARI JN.,PHULERA JN.
59721,JAIPUR JN.,HISAR JN
59722,HISAR JN,JAIPUR JN.
59727,SIKAR JN.,REWARI JN.
59728,REWARI JN.,SIKAR JN.
59729,SIKAR JN.,REWARI JN.
59730,REWARI JN.,SIKAR JN.
59731,ANUPGARH,SURATGARH JN
59732,SURATGARH JN,ANUPGARH
59733,ANUPGARH,SURATGARH JN
59734,SURATGARH JN,ANUPGARH
59735,FATEHPUR-SHE,SIKAR JN.
59736,SIKAR JN.,FATEHPUR-SHE
59803,RATLAM JN,KOTA
59804,KOTA,RATLAM JN
59805,JAIPUR JN.,BAYANA
59806,BAYANA,JAIPUR JN.
59811,RATLAM JN,AGRA  FORT
59812,YAMUNA BRIDG,RATLAM JN
59813,KOTA,YAMUNA BRIDG
59814,AGRA  FORT,KOTA
59821,KOTA,BHIND
59822,BHIND,KOTA
59823,GWALIOR JN,BHIND
59824,BHIND,GWALIOR JN
59825,GWALIOR JN,BHIND
59826,BHIND,GWALIOR JN
59827,BHIND,ETAWAH
59828,ETAWAH,BHIND
59831,VADODARA JN.,KOTA
59832,KOTA,VADODARA JN.
59833,KOTA,NIMACH
59834,NIMACH,KOTA
59835,NIMACH,UDAIPUR CITY
59836,UDAIPUR CITY,NIMACH
59837,JHALAWAR CIT,KOTA
59838,KOTA,JHALAWAR CIT
59839,JHALAWAR CIT,KOTA
59840,KOTA,JHALAWAR CIT
61631,BHOPAL,BINA
61632,BINA,BHOPAL
63105,SEALDAH,LALGOLA
63108,LALGOLA,SEALDAH
63141,SEALDAH,RAMPUR HAT
63142,RAMPUR HAT,SEALDAH
63151,JASIDIH JN.,BAIDYANATHDH
63153,JASIDIH JN.,BAIDYANATHDH
63154,BAIDYANATHDH,JASIDIH JN.
63155,JASIDIH JN.,BAIDYANATHDH
63156,BAIDYANATHDH,JASIDIH JN.
63157,JASIDIH JN.,BAIDYANATHDH
63158,BAIDYANATHDH,JASIDIH JN.
63159,JASIDIH JN.,BAIDYANATHDH
63160,BAIDYANATHDH,JASIDIH JN.
63161,JASIDIH JN.,BAIDYANATHDH
63162,BAIDYANATHDH,JASIDIH JN.
63163,JASIDIH JN.,BAIDYANATHDH
63164,BAIDYANATHDH,JASIDIH JN.
63165,JASIDIH JN.,BAIDYANATHDH
63166,BAIDYANATHDH,JASIDIH JN.
63167,JASIDIH JN.,BAIDYANATHDH
63168,BAIDYANATHDH,JASIDIH JN.
63169,JASIDIH JN.,BAIDYANATHDH
63203,KIUL JN.,MOKAMA JN.
63204,MOKAMA JN.,KIUL JN.
63205,KIUL JN.,PATNA JN.
63206,PATNA JN.,KIUL JN.
63207,JHAJHA,PATNA JN.
63208,PATNA JN.,JASIDIH JN.
63209,JHAJHA,PATNA JN.
63210,PATNA JN.,JHAJHA
63211,JASIDIH JN.,PATNA JN.
63212,PATNA JN.,JHAJHA
63213,PATNA JN.,ARA
63214,ARA,PATNA JN.
63217,MOKAMA JN.,DANAPUR
63218,DANAPUR,MOKAMA JN.
63219,DANAPUR,RAGHUNATHPUR
63220,RAGHUNATHPUR,PATNA JN.
63221,MOKAMA JN.,PATNA JN.
63222,PATNA JN.,MOKAMA JN.
63223,PATNA JN.,ARA
63224,ARA,PATNA JN.
63225,PATNA JN.,MUGHAL SARAI
63226,VARANASI JN.,PATNA JN.
63227,PATNA JN.,MUGHAL SARAI
63228,MUGHAL SARAI,PATNA JN.
63231,PATNA JN.,MUGHAL SARAI
63232,BUXAR,PATNA JN.
63233,PATNA JN.,VARANASI JN.
63234,MUGHAL SARAI,PATNA JN.
63235,BUXAR,MUGHAL SARAI
63237,MUGHAL SARAI,ALLAHABAD JN
63238,ALLAHABAD JN,MUGHAL SARAI
63240,MUGHAL SARAI,BUXAR
63241,PATNA JN.,GAYA JN.
63242,GAYA JN.,PATNA JN.
63243,PATNA JN.,GAYA JN.
63244,GAYA JN.,PATNA JN.
63245,PATNA JN.,GAYA JN.
63246,GAYA JN.,PATNA JN.
63247,PATNA JN.,GAYA JN.
63248,GAYA JN.,PATNA JN.
63249,PATNA JN.,GAYA JN.
63250,GAYA JN.,PATNA JN.
63251,PATNA JN.,GAYA JN.
63252,GAYA JN.,PATNA JN.
63253,PATNA JN.,GAYA JN.
63254,GAYA JN.,PATNA JN.
63255,PATNA JN.,GAYA JN.
63256,GAYA JN.,PATNA JN.
63257,PATNA JN.,GAYA JN.
63258,GAYA JN.,PATNA JN.
63259,PATNA JN.,GAYA JN.
63260,GAYA JN.,PATNA JN.
63261,FATUHA,BUXAR
63262,BUXAR,FATUHA
63263,PATNA JN.,BUXAR
63264,MUGHAL SARAI,PATNA JN.
63271,MOKAMA JN.,PATNA JN.
63272,PATNA JN.,MOKAMA JN.
63273,BARAUNI JN.,MOKAMA JN.
63274,MOKAMA JN.,BARAUNI JN.
63275,BARAUNI JN.,MOKAMA JN.
63276,MOKAMA JN.,BARAUNI JN.
63279,BARAUNI JN.,SONPUR JN.
63280,PATNA JN.,BARAUNI JN.
63283,BARAUNI JN.,PATNA JN.
63284,PATNA JN.,BARAUNI JN.
63285,BARAUNI JN.,PATNA JN.
63286,SONPUR JN.,BARAUNI JN.
63289,GAYA JN.,DEHRI-ON-SON
63290,DEHRI-ON-SON,GAYA JN.
63291,GAYA JN.,DEHRI-ON-SON
63292,DEHRI-ON-SON,GAYA JN.
63293,DEHRI-ON-SON,MUGHAL SARAI
63294,MUGHAL SARAI,DEHRI-ON-SON
63295,GAYA JN.,MUGHAL SARAI
63296,MUGHAL SARAI,GAYA JN.
63501,HOWRAH JN.,BARDDHAMAN J
63502,BARDDHAMAN J,HOWRAH JN.
63505,BARDDHAMAN J,ASANSOL MAIN
63506,ASANSOL MAIN,BARDDHAMAN J
63507,BARDDHAMAN J,ASANSOL MAIN
63508,ASANSOL MAIN,BARDDHAMAN J
63509,BARDDHAMAN J,ASANSOL MAIN
63510,ASANSOL MAIN,BARDDHAMAN J
63511,BARDDHAMAN J,ASANSOL MAIN
63512,ASANSOL MAIN,BARDDHAMAN J
63513,BARDDHAMAN J,ASANSOL MAIN
63514,ASANSOL MAIN,BARDDHAMAN J
63515,BARDDHAMAN J,ASANSOL MAIN
63516,ASANSOL MAIN,BARDDHAMAN J
63517,BARDDHAMAN J,ASANSOL MAIN
63518,ASANSOL MAIN,BARDDHAMAN J
63519,BARDDHAMAN J,ASANSOL MAIN
63520,ASANSOL MAIN,BARDDHAMAN J
63521,BARDDHAMAN J,ASANSOL MAIN
63522,ASANSOL MAIN,BARDDHAMAN J
63523,BARDDHAMAN J,ASANSOL MAIN
63524,ASANSOL MAIN,BARDDHAMAN J
63525,BARDDHAMAN J,ASANSOL MAIN
63526,ASANSOL MAIN,BARDDHAMAN J
63527,DURGAPUR,ASANSOL MAIN
63528,ASANSOL MAIN,DURGAPUR
63529,ANDAL JN.,RAMPUR HAT
63530,RAMPUR HAT,ANDAL JN.
63531,ANDAL JN.,SAINTHIA JN.
63532,SAINTHIA JN.,ANDAL JN.
63533,ANDAL JN.,SAINTHIA JN.
63534,SAINTHIA JN.,ANDAL JN.
63535,ANDAL JN.,SAINTHIA JN.
63536,SAINTHIA JN.,ANDAL JN.
63537,ANDAL JN.,SAINTHIA JN.
63538,SAINTHIA JN.,ANDAL JN.
63541,ASANSOL MAIN,NSC BOSE J G
63542,NSC BOSE J G,ASANSOL MAIN
63543,ASANSOL MAIN,NSC BOSE J G
63544,NSC BOSE J G,ASANSOL MAIN
63545,ASANSOL MAIN,DHANBAD JN.
63546,DHANBAD JN.,ASANSOL MAIN
63547,DHANBAD JN.,HAZARIBAGH R
63548,GAYA JN.,KODERMA
63549,HAZARIBAGH R,GAYA JN.
63550,KODERMA,DHANBAD JN.
63551,ASANSOL MAIN,DHANBAD JN.
63552,DHANBAD JN.,ASANSOL MAIN
63553,ASANSOL MAIN,VARANASI JN.
63554,VARANASI JN.,ASANSOL MAIN
63561,ASANSOL MAIN,JASIDIH JN.
63562,BAIDYANATHDH,ASANSOL MAIN
63563,ASANSOL MAIN,JASIDIH JN.
63564,JASIDIH JN.,ASANSOL MAIN
63565,JASIDIH JN.,JHAJHA
63566,JHAJHA,JASIDIH JN.
63567,ASANSOL MAIN,JHAJHA
63568,JHAJHA,ASANSOL MAIN
63569,ASANSOL MAIN,JASIDIH JN.
63570,BAIDYANATHDH,ASANSOL MAIN
63571,JASIDIH JN.,MOKAMA JN.
63572,MOKAMA JN.,JASIDIH JN.
63573,JASIDIH JN.,KIUL JN.
63574,KIUL JN.,JASIDIH JN.
63581,BARDDHAMAN J,RAMPUR HAT
63582,RAMPUR HAT,BARDDHAMAN J
63583,BARDDHAMAN J,RAMPUR HAT
63584,RAMPUR HAT,BARDDHAMAN J
63591,BOKARO STEEL,ASANSOL MAIN
63592,ASANSOL MAIN,BOKARO STEEL
63593,PURULIA JN.,ASANSOL MAIN
63594,ASANSOL MAIN,PURULIA JN.
63595,BOKARO STEEL,ASANSOL MAIN
63596,ASANSOL MAIN,BOKARO STEEL
63597,RANCHI,ASANSOL MAIN
63598,ASANSOL MAIN,RANCHI
64001,DELHI JN.,PANIPAT JN.
64002,PANIPAT JN.,DELHI JN.
64003,NEW DELHI,SONIPAT
64004,SONIPAT,SAHIBABAD
64011,PALWAL,SHAKUR BASTI
64012,SHAKUR BASTI,PALWAL
64013,PALWAL,SHAKUR BASTI
64014,SHAKUR BASTI,PALWAL
64015,PALWAL,SHAKUR BASTI
64016,SHAKUR BASTI,PALWAL
64017,PALWAL,SHAKUR BASTI
64018,SHAKUR BASTI,NEW DELHI
64019,PALWAL,SHAKUR BASTI
64031,GHAZIABAD JN,SHAKUR BASTI
64032,SHAKUR BASTI,GHAZIABAD JN
64034,SHAKUR BASTI,GHAZIABAD JN
64036,SHAKUR BASTI,GHAZIABAD JN
64051,PALWAL,GHAZIABAD JN
64052,GHAZIABAD JN,PALWAL
64053,PALWAL,GHAZIABAD JN
64055,PALWAL,GHAZIABAD JN
64057,PALWAL,GHAZIABAD JN
64061,PALWAL,DELHI JN.
64062,DELHI JN.,PALWAL
64064,DELHI JN.,PALWAL
64071,BALLABGARH,SHAKUR BASTI
64073,KOSI KALAN,NEW DELHI
64074,NEW DELHI,KOSI KALAN
64075,PALWAL,NEW DELHI
64076,NEW DELHI,PALWAL
64077,PALWAL,NEW DELHI
64078,NEW DELHI,PALWAL
64080,NEW DELHI,PALWAL
64082,NEW DELHI,PALWAL
64084,NEW DELHI,PALWAL
64087,HAZRAT NIZAM,NEW DELHI
64088,HAZRAT NIZAM,NEW DELHI
64089,HAZRAT NIZAM,HAZRAT NIZAM
64090,HAZRAT NIZAM,HAZRAT NIZAM
64091,HAZRAT NIZAM,HAZRAT NIZAM
64092,HAZRAT NIZAM,HAZRAT NIZAM
64093,HAZRAT NIZAM,SHAKUR BASTI
64094,SHAKUR BASTI,HAZRAT NIZAM
64095,NEW DELHI,SHAKUR BASTI
64096,SHAKUR BASTI,HAZRAT NIZAM
64097,NEW DELHI,SHAKUR BASTI
64098,SHAKUR BASTI,HAZRAT NIZAM
64101,ALIGARH JN.,DELHI JN.
64102,DELHI JN.,ALIGARH JN.
64103,ALIGARH JN.,DELHI JN.
64104,DELHI JN.,DANKAUR
64105,ALIGARH JN.,NEW DELHI
64106,DELHI JN.,KHURJA JN
64107,DANKAUR,DELHI JN.
64108,DELHI JN.,KHURJA JN
64109,DANKAUR,SHAKUR BASTI
64110,NEW DELHI,ALIGARH JN.
64111,KHURJA JN,SHAKUR BASTI
64112,SHAKUR BASTI,DANKAUR
64113,KHURJA JN,SHAKUR BASTI
64114,NEW DELHI,ALIGARH JN.
64151,ALIGARH JN.,DELHI JN.
64152,DELHI JN.,ALIGARH JN.
64153,KANPUR CENTR,ETAWAH
64154,ALIGARH JN.,TUNDLA JN
64155,ETAWAH,TUNDLA JN
64156,ETAWAH,KANPUR CENTR
64157,ETAWAH,AGRA CANTT
64158,TUNDLA JN,ETAWAH
64159,KANPUR CENTR,PHAPHUND
64160,AGRA CANTT,ETAWAH
64161,PHAPHUND,SHIKOHABAD J
64162,PHAPHUND,KANPUR CENTR
64163,KANPUR CENTR,PANKI
64164,SHIKOHABAD J,PHAPHUND
64165,TUNDLA JN,ALIGARH JN.
64167,PALWAL,ALIGARH JN.
64168,ALIGARH JN.,PALWAL
64201,LUCKNOW JN.,KANPUR CENTR
64202,KANPUR CENTR,LUCKNOW JN.
64203,LUCKNOW JN.,KANPUR CENTR
64204,KANPUR CENTR,LUCKNOW JN.
64205,LUCKNOW JN.,KANPUR CENTR
64206,KANPUR CENTR,LUCKNOW JN.
64207,LUCKNOW JN.,KANPUR CENTR
64208,KANPUR CENTR,LUCKNOW JN.
64209,LUCKNOW JN.,KANPUR CENTR
64210,KANPUR CENTR,LUCKNOW JN.
64211,LUCKNOW JN.,KANPUR CENTR
64212,KANPUR CENTR,LUCKNOW JN.
64213,LUCKNOW JN.,KANPUR CENTR
64214,KALIANPUR,LUCKNOW JN.
64216,KALIANPUR,LUCKNOW JN.
64221,LUCKNOW JN.,SHAHJAHANPUR
64222,SHAHJAHANPUR,LUCKNOW JN.
64231,BARA BANKI J,LUCKNOW JN.
64232,LUCKNOW JN.,BARA BANKI J
64234,LUCKNOW JN.,BARA BANKI J
64235,BARA BANKI J,KANPUR CENTR
64236,KANPUR CENTR,BARA BANKI J
64251,LUCKNOW JN.,KANPUR CENTR
64252,KANPUR CENTR,LUCKNOW JN.
64253,LUCKNOW JN.,KALIANPUR
64254,KANPUR CENTR,LUCKNOW JN.
64255,LUCKNOW JN.,KALIANPUR
64257,LUCKNOW JN.,KANPUR CENTR
64260,PANKI,LUCKNOW JN.
64271,BARA BANKI J,LUCKNOW JN.
64272,LUCKNOW JN.,BARA BANKI J
64273,BARA BANKI J,LUCKNOW JN.
64274,LUCKNOW JN.,BARA BANKI J
64275,BARA BANKI J,LUCKNOW JN.
64281,SULTANPUR JN,LUCKNOW JN.
64282,LUCKNOW JN.,SULTANPUR JN
64401,GHAZIABAD JN,DELHI JN.
64402,DELHI JN.,GHAZIABAD JN
64403,GHAZIABAD JN,DELHI JN.
64404,DELHI JN.,GHAZIABAD JN
64406,DELHI JN.,GHAZIABAD JN
64407,GHAZIABAD JN,DELHI JN.
64408,DELHI JN.,GHAZIABAD JN
64409,GHAZIABAD JN,NEW DELHI
64410,NEW DELHI,GHAZIABAD JN
64411,SAHIBABAD,DELHI JN.
64412,DELHI JN.,GHAZIABAD JN
64414,DELHI JN.,GHAZIABAD JN
64415,GHAZIABAD JN,NEW DELHI
64417,GHAZIABAD JN,DELHI JN.
64418,DELHI JN.,GHAZIABAD JN
64419,HAZRAT NIZAM,GHAZIABAD JN
64420,GHAZIABAD JN,HAZRAT NIZAM
64421,GHAZIABAD JN,NEW DELHI
64422,NEW DELHI,GHAZIABAD JN
64423,GHAZIABAD JN,NEW DELHI
64424,NEW DELHI,GHAZIABAD JN
64425,GHAZIABAD JN,NEW DELHI
64426,NEW DELHI,GHAZIABAD JN
64427,GHAZIABAD JN,NEW DELHI
64428,NEW DELHI,GHAZIABAD JN
64429,GHAZIABAD JN,NEW DELHI
64430,NEW DELHI,GHAZIABAD JN
64431,GHAZIABAD JN,NEW DELHI
64432,NEW DELHI,GHAZIABAD JN
64433,GHAZIABAD JN,NEW DELHI
64434,DELHI JN.,GHAZIABAD JN
64437,GHAZIABAD JN,DELHI JN.
64439,GHAZIABAD JN,DELHI JN.
64441,GHAZIABAD JN,NEW DELHI
64443,GHAZIABAD JN,DELHI JN.
64445,GHAZIABAD JN,DELHI JN.
64449,GHAZIABAD JN,NEW DELHI
64450,NEW DELHI,GHAZIABAD JN
64451,DELHI JN.,PANIPAT JN.
64452,KURUKSHETRA,DELHI JN.
64453,DELHI JN.,PANIPAT JN.
64454,KURUKSHETRA,DELHI JN.
64461,HAZRAT NIZAM,KURUKSHETRA
64462,KURUKSHETRA,HAZRAT NIZAM
64463,NEW DELHI,KURUKSHETRA
64464,PANIPAT JN.,NEW DELHI
64465,NEW DELHI,KURUKSHETRA
64466,PANIPAT JN.,NEW DELHI
64470,PANIPAT JN.,NEW DELHI
64471,GHAZIABAD JN,PANIPAT JN.
64472,PANIPAT JN.,GHAZIABAD JN
64481,PANIPAT JN.,AMBALA CANTT
64482,AMBALA CANTT,KURUKSHETRA
64483,KURUKSHETRA,AMBALA CANTT
64491,PALWAL,NEW DELHI
64492,NEW DELHI,PALWAL
64493,PALWAL,HAZRAT NIZAM
64494,HAZRAT NIZAM,PALWAL
64496,HAZRAT NIZAM,KOSI KALAN
64501,SAHARANPUR J,AMBALA CANTT
64502,AMBALA CANTT,SAHARANPUR J
64504,AMBALA CANTT,SAHARANPUR J
64511,SAHARANPUR J,NANGAL DAM
64512,NANGAL DAM,SAHARANPUR J
64513,SAHARANPUR J,NANGAL DAM
64514,NANGAL DAM,AMBALA CANTT
64515,AMBALA CANTT,NANGAL DAM
64516,NANGAL DAM,AMBALA CANTT
64517,AMBALA CANTT,NANGAL DAM
64518,NANGAL DAM,AMBALA CANTT
64521,AMBALA CANTT,LUDHIANA JN.
64522,LUDHIANA JN.,AMBALA CANTT
64523,AMBALA CANTT,LUDHIANA JN.
64524,LUDHIANA JN.,AMBALA CANTT
64531,DELHI JN.,PANIPAT JN.
64532,AMBALA CANTT,PANIPAT JN.
64533,DELHI JN.,PANIPAT JN.
64534,PANIPAT JN.,GHAZIABAD JN
64536,PANIPAT JN.,DELHI JN.
64541,PANIPAT JN.,AMBALA CANTT
64542,AMBALA CANTT,PANIPAT JN.
64543,PANIPAT JN.,AMBALA CANTT
64545,KURUKSHETRA,AMBALA CANTT
64546,AMBALA CANTT,KURUKSHETRA
64547,KURUKSHETRA,AMBALA CANTT
64548,AMBALA CANTT,KURUKSHETRA
64551,LUDHIANA JN.,AMRITSAR JN.
64552,AMRITSAR JN.,LUDHIANA JN.
64553,MORADABAD JN,ANAND VIHAR
64554,ANAND VIHAR,MORADABAD JN
64555,ANAND VIHAR,MEERUT CITY
64556,MEERUT CITY,ANAND VIHAR
64557,DELHI JN.,SAHARANPUR J
64558,SAHARANPUR J,DELHI JN.
64559,DELHI JN.,SAHARANPUR J
64560,SAHARANPUR J,DELHI JN.
64561,DELHI JN.,AMBALA CANTT
64562,AMBALA CANTT,DELHI JN.
64563,AMBALA CANTT,AMB  ANDAURA
64564,AMB  ANDAURA,AMBALA CANTT
64565,MORADABAD JN,SAHARANPUR J
64566,SAHARANPUR J,MORADABAD JN
64567,BULANDSHAHR,TILAK BRIDGE
64568,TILAK BRIDGE,BULANDSHAHR
64569,KOSI KALAN,HAZRAT NIZAM
64570,HAZRAT NIZAM,KOSI KALAN
64581,HATHRAS QILA,DELHI JN.
64582,DELHI JN.,HATHRAS QILA
64583,TUNDLA JN,DELHI JN.
64584,DELHI JN.,TUNDLA JN
64585,HATHRAS QILA,HATHRAS JN.
64586,HATHRAS JN.,HATHRAS QILA
64587,KANPUR CENTR,TUNDLA JN
64588,TUNDLA JN,KANPUR CENTR
64589,KANPUR CENTR,PHAPHUND
64590,PHAPHUND,KANPUR CENTR
64591,ALLAHABAD JN,KANPUR CENTR
64592,KANPUR CENTR,ALLAHABAD JN
64593,FATEHPUR,KANPUR CENTR
64594,KANPUR CENTR,FATEHPUR
64595,MUGHAL SARAI,ALLAHABAD JN
64596,ALLAHABAD JN,MUGHAL SARAI
64901,KOSI KALAN,GHAZIABAD JN
64902,GHAZIABAD JN,KOSI KALAN
64903,MATHURA JN.,GHAZIABAD JN
64904,GHAZIABAD JN,MATHURA JN.
64905,MATHURA JN.,NEW DELHI
64906,GHAZIABAD JN,PALWAL
64908,SHAKUR BASTI,BALLABGARH
64910,SHAKUR BASTI,MATHURA JN.
64911,NEW DELHI,ROHTAK JN.
64912,ROHTAK JN.,NEW DELHI
64913,DELHI JN.,ROHTAK JN.
64914,ROHTAK JN.,DELHI JN.
64915,DELHI JN.,ROHTAK JN.
64916,ROHTAK JN.,DELHI JN.
64931,DELHI JN.,ROHTAK JN.
64932,ROHTAK JN.,DELHI JN.
64951,BAYANA,AGRA CANTT
64952,AGRA CANTT,BAYANA
64953,AGRA CANTT,HAZRAT NIZAM
64955,AGRA CANTT,TUNDLA JN
64956,TUNDLA JN,AGRA CANTT
64957,AGRA CANTT,PALWAL
64958,PALWAL,AGRA CANTT
64959,KOSI KALAN,AGRA CANTT
66000,AVADI,MOOR MARKET
66001,MOOR MARKET,TIRUVALLUR
66002,AVADI,MOOR MARKET
66003,MOOR MARKET,AVADI
66004,AVADI,MOOR MARKET
66005,MOOR MARKET,AVADI
66006,AVADI,MOOR MARKET
66007,MOOR MARKET,AVADI
66008,ARAKKONAM JN,MOOR MARKET
66009,MOOR MARKET,ARAKKONAM JN
66010,ARAKKONAM JN,MOOR MARKET
66011,MOOR MARKET,ARAKKONAM JN
66012,TIRUVALLUR,MOOR MARKET
66013,MOOR MARKET,ARAKKONAM JN
66014,TIRUPATI,ARAKKONAM JN
66015,MOOR MARKET,ARAKKONAM JN
66016,ARAKKONAM JN,CHENNAI BEAC
66017,CHENNAI BEAC,VELLORE CANT
66018,VELLORE CANT,CHENNAI BEAC
66019,KATPADI JN,SALEM JN.
66020,SALEM JN.,KATPADI JN
66021,MOOR MARKET,ARAKKONAM JN
66022,ARAKKONAM JN,MOOR MARKET
66025,MOOR MARKET,SULLURUPETTA
66026,SULLURUPETTA,MOOR MARKET
66027,MOOR MARKET,SULLURUPETTA
66028,SULLURUPETTA,MOOR MARKET
66029,SULLURUPETTA,NELLORE
66030,NELLORE,SULLURUPETTA
66031,SULLURUPETTA,NELLORE
66032,NELLORE,SULLURUPETTA
66033,TIRUPATI,NELLORE
66034,NELLORE,TIRUPATI
66035,MOOR MARKET,SULLURUPETTA
66036,SULLURUPETTA,MOOR MARKET
66037,SULLURUPETTA,NELLORE
66038,NELLORE,SULLURUPETTA
66039,ARAKKONAM JN,TIRUPATI
66040,ARAKKONAM JN,MOOR MARKET
66041,CHENNAI BEAC,TIRUMALPUR
66042,TIRUMALPUR,CHENNAI BEAC
66043,CHENNAI BEAC,MELMARUVATHU
66044,MELMARUVATHU,CHENNAI BEAC
66045,MELMARUVATHU,VILLUPURAM J
66046,VILLUPURAM J,MELMARUVATHU
66047,MOOR MARKET,TIRUPATI
66048,TIRUPATI,MOOR MARKET
66049,ARAKKONAM JN,TIRUPATI
66050,TIRUPATI,ARAKKONAM JN
66051,MOOR MARKET,AVADI
66052,AVADI,MOOR MARKET
66053,CHENNAI BEAC,TIRUVALLUR
66054,TIRUVALLUR,AVADI
66300,QUILON,ERNAKULAM. J
66301,ERNAKULAM. J,QUILON
66302,QUILON,ERNAKULAM. J
66303,ERNAKULAM. J,QUILON
66304,QUILON,KANNIYAKUMAR
66305,KANNIYAKUMAR,QUILON
66307,ERNAKULAM. J,QUILON
66308,QUILON,ERNAKULAM. J
66309,ERNAKULAM. J,QUILON
66310,QUILON,ERNAKULAM. J
66511,KRANTIVIRA S,MARIKUPPAM
66512,MARIKUPPAM,KRANTIVIRA S
66513,BANGARPET JN,MARIKUPPAM
66514,MARIKUPPAM,BAIYYAPPANAH
66515,BAIYYAPPANAH,MARIKUPPAM
66516,MARIKUPPAM,BANGARPET JN
66517,MARIKUPPAM,BANGARPET JN
66518,BANGARPET JN,MARIKUPPAM
66519,MARIKUPPAM,KRANTIVIRA S
66520,KRANTIVIRA S,MARIKUPPAM
66523,KRANTIVIRA S,HINDUPUR
66524,HINDUPUR,KRANTIVIRA S
66527,KUPPAM,BANGARPET JN
66528,BANGARPET JN,KUPPAM
66529,KUPPAM,KRANTIVIRA S
66530,KRANTIVIRA S,BANGARPET JN
66531,BANGARPET JN,KRANTIVIRA S
66532,KRANTIVIRA S,MARIKUPPAM
66533,MARIKUPPAM,BAIYYAPPANAH
66534,BAIYYAPPANAH,KUPPAM
66535,KRANTIVIRA S,RAMANAGARAM
66536,RAMANAGARAM,KRANTIVIRA S
66537,KRANTIVIRA S,RAMANAGARAM
66538,RAMANAGARAM,KRANTIVIRA S
66539,KRANTIVIRA S,RAMANAGARAM
66540,RAMANAGARAM,KRANTIVIRA S
66541,WHITE FIELD,KRANTIVIRA S
66542,KRANTIVIRA S,WHITE FIELD
66543,KUPPAM,KRANTIVIRA S
66544,KRANTIVIRA S,KUPPAM
66600,COIMBATORE,ERODE JN.
66601,ERODE JN.,COIMBATORE
66602,COIMBATORE,SALEM JN.
66603,SALEM JN.,COIMBATORE
66604,SHORANUR JN.,COIMBATORE
66605,COIMBATORE,SHORANUR JN.
66606,PALGHAT TOWN,COIMBATORE
66607,COIMBATORE,PALGHAT TOWN
66608,PALGHAT TOWN,ERODE JN.
66609,ERODE JN.,PALGHAT TOWN
66611,PALAKKAD JN,ERNAKULAM. J
66612,ERNAKULAM. J,PALAKKAD JN
67247,RAVIKAMPADU,VISAKHAPATNA
67248,TUNI,RAJAHMUNDRY
67249,TANDUR,SECUNDERABAD
67250,SECUNDERABAD,TANDUR
67251,VIJAYWADA JN,TENALI JN.
67253,TENALI JN.,VIJAYWADA JN
67254,VIJAYWADA JN,GUNTUR JN.
67255,GUNTUR JN.,TENALI JN.
67256,TENALI JN.,ONGOLE
67257,ONGOLE,TENALI JN.
67258,TENALI JN.,GUNTUR JN.
67259,GUNTUR JN.,VIJAYWADA JN
67260,ONGOLE,VIJAYWADA JN
67261,VIJAYWADA JN,RAJAHMUNDRY
67262,RAJAHMUNDRY,VIJAYWADA JN
67263,VIJAYWADA JN,ONGOLE
67264,HYDERABAD DE,WARANGAL
67265,WARANGAL,HYDERABAD DE
67266,HYDERABAD DE,KAZIPET JN.
67267,WARANGAL,HYDERABAD DE
67269,KAZIPET JN.,DORNAKAL JN.
67270,DORNAKAL JN.,KAZIPET JN.
67271,DORNAKAL JN.,VIJAYWADA JN
67272,VIJAYWADA JN,DORNAKAL JN.
67273,VIJAYWADA JN,GUNTUR JN.
67274,GUNTUR JN.,VIJAYWADA JN
67275,FALAKNUMA,BHONGIR
67276,BHONGIR,FALAKNUMA
67277,FALAKNUMA,JANGAON
67278,JANGAON,FALAKNUMA
67279,GUDUR JN.,ONGOLE
67280,ONGOLE,GUDUR JN.
67282,PALASA,VIZIANAGARAM
67291,VIZIANAGARAM,VISAKHAPATNA
67292,VISAKHAPATNA,VIZIANAGARAM
67293,VIZIANAGARAM,VISAKHAPATNA
67294,VISAKHAPATNA,SRIKAKULAM R
67295,RAJAHMUNDRY,RAVIKAMPADU
67296,VISAKHAPATNA,TUNI
67297,ONGOLE,VIJAYWADA JN
67298,VIJAYWADA JN,ONGOLE
67299,RAJAHMUNDRY,VIJAYWADA JN
67300,VIJAYWADA JN,RAJAHMUNDRY
68001,SANTRAGACHI,JHARGRAM
68003,HOWRAH JN.,GHATSILA
68004,GHATSILA,HOWRAH JN.
68005,KHARAGPUR,TATANAGAR JN
68006,TATANAGAR JN,KHARAGPUR
68007,HOWRAH JN.,JALESWAR
68008,JHARGRAM,SANTRAGACHI
68009,TATANAGAR JN,CHAKARADHARP
68010,CHAKARADHARP,TATANAGAR JN
68011,KHARAGPUR,TATANAGAR JN
68012,TATANAGAR JN,KHARAGPUR
68013,KHARAGPUR,TATANAGAR JN
68014,TATANAGAR JN,KHARAGPUR
68015,KHARAGPUR,TATANAGAR JN
68016,TATANAGAR JN,KHARAGPUR
68017,NSC BOSE J G,CHAKARADHARP
68018,CHAKARADHARP,NSC BOSE J G
68019,JHARGRAM,PHULWARTANR
68020,PHULWARTANR,JHARGRAM
68021,KHARAGPUR,BALASORE
68022,BALASORE,KHARAGPUR
68023,JHARGRAM,PURULIA JN.
68024,PURULIA JN.,JHARGRAM
68047,KHARAGPUR,BELDA
68048,BELDA,KHARAGPUR
68053,ADRA,BARABHUM
68054,BARABHUM,ADRA
68055,ASANSOL MAIN,TATANAGAR JN
68056,TATANAGAR JN,ASANSOL MAIN
68057,ADRA,PURULIA JN.
68058,PURULIA JN.,ADRA
68059,BARABHUM,ASANSOL MAIN
68060,ASANSOL MAIN,BARABHUM
68063,ADRA,ASANSOL MAIN
68069,ADRA,ASANSOL MAIN
68070,ASANSOL MAIN,ADRA
68071,ADRA,KHANODIH
68072,BHAGA JN,ADRA
68073,BHOJUDIH JN.,BHAGA JN
68074,KHANODIH,BHOJUDIH JN.
68075,ADRA,BHOJUDIH JN.
68076,BHOJUDIH JN.,ADRA
68077,ADRA,BHAGA JN
68078,BHAGA JN,ADRA
68079,BHOJUDIH JN.,CHANDRAPURA
68080,CHANDRAPURA,BHOJUDIH JN.
68081,BANKURA,ADRA
68082,ADRA,BISHNUPUR
68088,DHANBAD JN.,BANKURA
68089,MIDNAPORE,ADRA
68090,ADRA,MIDNAPORE
68091,MIDNAPORE,JHARGRAM
68092,JHARGRAM,MIDNAPORE
68093,MIDNAPORE,JHARGRAM
68094,JHARGRAM,MIDNAPORE
68097,GARBETA,ADRA
68098,ADRA,GARBETA
68643,KHARAGPUR,HIJLI
68644,HIJLI,KHARAGPUR
68645,KHARAGPUR,HIJLI
68646,HIJLI,KHARAGPUR
68685,MECHEDA,DIGHA FS
68686,DIGHA FS,PANSKURA
68688,DIGHA FS,PANSKURA
68689,PANSKURA,DIGHA FS
68690,DIGHA FS,MECHEDA
68701,RAIPUR JN.,DURG
68702,DURG,RAIPUR JN.
68703,RAIPUR JN.,DURG
68704,DURG,RAIPUR JN.
68705,RAIPUR JN.,DONGAR GARH
68706,DONGAR GARH,BILASPUR JN.
68707,RAIPUR JN.,DURG
68708,DURG,RAIPUR JN.
68709,RAIPUR JN.,DONGAR GARH
68710,DONGAR GARH,RAIPUR JN.
68711,DONGAR GARH,GONDIA JN.
68712,GONDIA JN.,DONGAR GARH
68713,GONDIA JN.,ITWARI JN.
68714,ITWARI JN.,GONDIA JN.
68715,GONDIA JN.,ITWARI JN.
68716,ITWARI JN.,GONDIA JN.
68717,RAIPUR JN.,DURG
68718,DURG,RAIPUR JN.
68719,BILASPUR JN.,RAIPUR JN.
68721,RAIPUR JN.,DONGAR GARH
68723,DONGAR GARH,GONDIA JN.
68724,GONDIA JN.,RAIPUR JN.
68725,RAIPUR JN.,DURG
68726,DURG,RAIPUR JN.
68727,BILASPUR JN.,RAIPUR JN.
68728,RAIPUR JN.,BILASPUR JN.
68729,RAIPUR JN.,DONGAR GARH
68730,DONGAR GARH,RAIPUR JN.
68731,GEVRA-ROAD,BILASPUR JN.
68732,BILASPUR JN.,GEVRA-ROAD
68733,GEVRA-ROAD,BILASPUR JN.
68734,BILASPUR JN.,GEVRA-ROAD
68735,RAIGARH,BILASPUR JN.
68736,BILASPUR JN.,RAIGARH
68737,RAIGARH,BILASPUR JN.
68738,BILASPUR JN.,RAIGARH
68739,PENDRA ROAD,BILASPUR JN.
68740,BILASPUR JN.,PENDRA ROAD
68741,DURG,GONDIA JN.
68742,GONDIA JN.,DURG
68743,GONDIA JN.,ITWARI JN.
68744,ITWARI JN.,GONDIA JN.
68745,GEVRA-ROAD,RAIPUR JN.
68746,RAIPUR JN.,GEVRA-ROAD
68747,BILASPUR JN.,KATNI
68748,KATNI,BILASPUR JN.
68749,SHAHDOL,AMBIKAPUR
68750,AMBIKAPUR,SHAHDOL
69101,VADODARA JN.,AHMEDABAD
69102,AHMEDABAD,VADODARA JN.
69104,ANAND JN.,VADODARA JN.
69105,ANAND JN.,AHMEDABAD
69106,AHMEDABAD,ANAND JN.
69107,VADODARA JN.,AHMEDABAD
69108,AHMEDABAD,VADODARA JN.
69109,SURAT,VADODARA JN.
69110,VADODARA JN.,SURAT
69111,SURAT,VADODARA JN.
69112,VADODARA JN.,SURAT
69113,VADODARA JN.,AHMEDABAD
69114,AHMEDABAD,VADODARA JN.
69115,VADODARA JN.,AHMEDABAD
69116,AHMEDABAD,ANAND JN.
69117,VADODARA JN.,DAHOD
69118,DAHOD,VADODARA JN.
69119,VADODARA JN.,DAHOD
69120,DAHOD,VADODARA JN.
69121,VADODARA JN.,GODHRA JN.
69122,GODHRA JN.,VADODARA JN.
69123,ANAND JN.,GODHRA JN.
69124,GODHRA JN.,ANAND JN.
69125,ANAND JN.,GODHRA JN.
69126,GODHRA JN.,ANAND JN.
69127,ANAND JN.,AHMEDABAD
69128,AHMEDABAD,ANAND JN.
69129,ANAND JN.,AHMEDABAD
69130,AHMEDABAD,ANAND JN.
69131,AHMEDABAD,GANDHINAGAR
69132,GANDHINAGAR,AHMEDABAD
69133,ANAND JN.,DAKOR
69134,DAKOR,ANAND JN.
69135,ANAND JN.,DAKOR
69136,DAKOR,ANAND JN.
69137,VADODARA JN.,ANAND JN.
69138,ANAND JN.,VADODARA JN.
69139,BORIVLI,SURAT
69140,SURAT,VIRAR
69141,SANJAN,SURAT
69142,SURAT,SANJAN
69143,VIRAR,SANJAN
69144,SANJAN,VIRAR
69145,ANAND JN.,GODHRA JN.
69146,GODHRA JN.,ANAND JN.
69147,ANAND JN.,GODHRA JN.
69149,VIRAR,BHARUCH JN.
69150,BHARUCH JN.,VIRAR
69151,VALSAD,SURAT
69152,SURAT,VALSAD
69153,UMBERGAON RO,VALSAD
69154,VALSAD,UMBERGAON RO
69161,PANVEL,DAHANU ROAD
69164,DAHANU ROAD,PANVEL
69165,PANVEL,VASAI ROAD
69166,VASAI ROAD,PANVEL
69167,PANVEL,VASAI ROAD
69168,VASAI ROAD,PANVEL
69169,SURAT,NANDURBAR
69171,SURAT,BHARUCH JN.
69172,BHARUCH JN.,SURAT
69173,VIRAR,DAHANU ROAD
69174,DAHANU ROAD,BORIVLI
69181,DAHOD,RATLAM JN
69182,RATLAM JN,DAHOD
69183,RATLAM JN,NAGDA JN
69184,NAGDA JN,RATLAM JN
69185,NAGDA JN,UJJAIN JN
69186,UJJAIN JN,NAGDA JN
69187,DAHOD,RATLAM JN
69188,RATLAM JN,DAHOD
69189,ANAND JN.,DAHOD
69190,DAHOD,ANAND JN.
69191,ANAND JN.,GANDHINAGAR
69192,GANDHINAGAR,ANAND JN.
69195,BHARUCH JN.,DAHEJ
69196,DAHEJ,BHARUCH JN.
70101,PERNEM,KAWR
70102,KAWR,PERNEM
70103,PERNEM,KAWR
70104,KAWR,PERNEM
70105,MADGOAN JN.,MANGALORE CE
70106,MANGALORE CE,MADGOAN JN.
71081,VASAI ROAD,DIVA JN
71082,DOMBIVLI CTL,BOISAR
71083,VASAI ROAD,DIVA JN
71084,DIVA JN,VASAI ROAD
71085,VASAI ROAD,DIVA JN
71086,DIVA JN,VASAI ROAD
71088,BOISAR,VASAI ROAD
71089,DIVA JN,ROHA
71092,ROHA,DIVA JN
71093,VASAI ROAD,DIVA JN
71094,DIVA JN,VASAI ROAD
71095,DIVA JN,ROHA
71096,ROHA,DIVA JN
71401,DAUND JN.,BARAMATI
71402,BARAMATI,PUNE JN.
71403,PUNE JN.,DAUND JN.
71404,BARAMATI,PUNE JN.
71405,DAUND JN.,BARAMATI
71407,PUNE JN.,DAUND JN.
71408,DAUND JN.,PUNE JN.
71409,PUNE JN.,DAUND JN.
71410,DAUND JN.,PUNE JN.
71411,PUNE JN.,DAUND JN.
71413,PUNE JN.,SOLAPUR
71414,SOLAPUR,PUNE JN.
71415,PUNE JN.,SOLAPUR
71416,SOLAPUR,PUNE JN.
71901,IDGAH,BHARATPUR JN
71902,BHARATPUR JN,IDGAH
71903,IDGAH,BANDIKUI JN.
71904,BANDIKUI JN.,IDGAH
71905,IDGAH,BHARATPUR JN
71906,BHARATPUR JN,IDGAH
71907,IDGAH,BANDIKUI JN.
71908,BANDIKUI JN.,IDGAH
71909,AGRA CANTT,ETAWAH
71910,ETAWAH,AGRA CANTT
72171,MATHURA JN.,VRINDAVAN
72172,VRINDAVAN,MATHURA JN.
72173,MATHURA JN.,VRINDAVAN
72174,VRINDAVAN,MATHURA JN.
72175,MATHURA JN.,VRINDAVAN
72176,VRINDAVAN,MATHURA JN.
72177,MATHURA JN.,VRINDAVAN
72178,VRINDAVAN,MATHURA JN.
72179,MATHURA JN.,VRINDAVAN
72180,VRINDAVAN,MATHURA JN.
72203,INDARA JN.,DOHRIGHAT
72204,DOHRIGHAT,INDARA JN.
72205,INDARA JN.,DOHRIGHAT
72206,DOHRIGHAT,INDARA JN.
72207,INDARA JN.,DOHRIGHAT
72208,DOHRIGHAT,INDARA JN.
72209,INDARA JN.,DOHRIGHAT
72210,DOHRIGHAT,INDARA JN.
72451,KALKA,SHIMLA
72452,SHIMLA,KALKA
73011,BARDDHAMAN J,RAMPUR HAT
73012,RAMPUR HAT,BARDDHAMAN J
73021,AZIMGANJ JN.,RAMPUR HAT
73022,RAMPUR HAT,AZIMGANJ JN.
73031,KATWA JN.,AZIMGANJ JN.
73032,AZIMGANJ JN.,KATWA JN.
73033,AZIMGANJ JN.,NALHATI JN.
73034,NALHATI JN.,AZIMGANJ JN.
73035,KATWA JN.,NIMTITA
73036,NIMTITA,KATWA JN.
73037,AZIMGANJ JN.,NIMTITA
73038,NIMTITA,AZIMGANJ JN.
73151,SEALDAH,JANGIPUR ROA
73152,JANGIPUR ROA,SEALDAH
73211,PATNA GHAT,PATNA JN.
73212,PATNA JN.,PATNA GHAT
73213,PATNA GHAT,DIGHA GHAT
73214,DIGHA GHAT,PATNA GHAT
73215,DIGHA GHAT,R BLOCK HALT
73216,R BLOCK HALT,DIGHA GHAT
73261,ISLAMPUR,PATNA JN.
73262,PATNA JN.,ISLAMPUR
73263,ISLAMPUR,PATNA JN.
73264,PATNA JN.,ISLAMPUR
73421,JAMALPUR JN.,KIUL JN.
73422,KIUL JN.,JAMALPUR JN.
73425,JAMALPUR JN.,KIUL JN.
73426,KIUL JN.,JAMALPUR JN.
73427,JAMALPUR JN.,KIUL JN.
73428,KIUL JN.,JAMALPUR JN.
73429,BHAGALPUR,JAMALPUR JN.
73430,JAMALPUR JN.,BHAGALPUR
73451,TILRATH,JAMALPUR JN.
73452,JAMALPUR JN.,TILRATH
73453,TILRATH,JAMALPUR JN.
73454,JAMALPUR JN.,TILRATH
73461,KHAGARIA JN.,JAMALPUR JN.
73462,JAMALPUR JN.,KHAGARIA JN.
73463,KHAGARIA JN.,JAMALPUR JN.
73464,JAMALPUR JN.,KHAGARIA JN.
73538,JASIDIH JN.,ANDAL JN.
73539,ANDAL JN.,JASIDIH JN.
73581,JASIDIH JN.,BANKA
73582,BANKA,JASIDIH JN.
73901,JAMALPUR JN.,DHANAURI
73902,DHANAURI,JAMALPUR JN.
73903,JAMALPUR JN.,DHANAURI
73904,DHANAURI,JAMALPUR JN.
73905,JAMALPUR JN.,DHANAURI
73911,SULTANGANJ,JAMALPUR JN.
73912,JAMALPUR JN.,SULTANGANJ
73913,SULTANGANJ,JAMALPUR JN.
73914,JAMALPUR JN.,SULTANGANJ
73916,JAMALPUR JN.,SULTANGANJ
74001,DELHI JN.,REWARI JN.
74002,REWARI JN.,DELHI JN.
74003,DELHI JN.,REWARI JN.
74004,REWARI JN.,DELHI JN.
74011,DELHI JN.,ROHTAK JN.
74012,ROHTAK JN.,DELHI JN.
74013,DELHI JN.,KURUKSHETRA
74014,KURUKSHETRA,DELHI JN.
74015,REWARI JN.,JIND JN
74016,JIND JN,REWARI JN.
74017,REWARI JN.,ROHTAK JN.
74018,ROHTAK JN.,REWARI JN.
74019,SONIPAT,JIND JN
74020,JIND JN,SONIPAT
74021,DELHI JN.,SAHARANPUR J
74022,SHAMLI,DELHI JN.
74023,DELHI JN.,SHAMLI
74024,SAHARANPUR J,DELHI JN.
74025,DELHI JN.,SHAMLI
74026,SHAMLI,DELHI JN.
74027,DELHI JN.,BARAUT
74028,BARAUT,DELHI JN.
74029,SONIPAT,JIND JN
74030,JIND JN,SONIPAT
74031,GARHI HARSAR,FARUKHNAGAR
74032,FARUKHNAGAR,DELHI-SARAI
74033,DELHI-SARAI,FARUKHNAGAR
74034,FARUKHNAGAR,GARHI HARSAR
74035,GARHI HARSAR,FARUKHNAGAR
74036,FARUKHNAGAR,DELHI-SARAI
74037,DELHI-SARAI,FARUKHNAGAR
74038,FARUKHNAGAR,GARHI HARSAR
74201,PARTAPGARH J,LUCKNOW JN.
74202,LUCKNOW JN.,PARTAPGARH J
74301,SAMBAHAL HAT,MORADABAD JN
74302,MORADABAD JN,SAMBAHAL HAT
74303,SAMBAHAL HAT,MORADABAD JN
74304,MORADABAD JN,SAMBAHAL HAT
74305,SAMBAHAL HAT,MORADABAD JN
74306,MORADABAD JN,SAMBAHAL HAT
74601,BEAS JN,TARN TARAN
74602,TARN TARAN,BEAS JN
74603,BEAS JN,TARN TARAN
74604,TARN TARAN,BEAS JN
74605,BEAS JN,TARN TARAN
74606,TARN TARAN,BEAS JN
74607,BEAS JN,TARN TARAN
74608,TARN TARAN,BEAS JN
74611,BANIHAL,BUDGAM
74612,BUDGAM,BANIHAL
74613,BUDGAM,BARAMULLA
74614,BARAMULLA,BANIHAL
74615,BANIHAL,BARAMULLA
74616,BARAMULLA,BUDGAM
74617,BUDGAM,BARAMULLA
74618,BARAMULLA,BUDGAM
74619,BANIHAL,BARAMULLA
74620,BARAMULLA,BANIHAL
74621,BUDGAM,BARAMULLA
74622,BARAMULLA,BUDGAM
74623,BUDGAM,BARAMULLA
74624,BARAMULLA,BUDGAM
74625,BANIHAL,BARAMULLA
74626,BARAMULLA,BANIHAL
74627,BANIHAL,BARAMULLA
74628,BARAMULLA,BANIHAL
74629,BANIHAL,BARAMULLA
74630,BARAMULLA,BANIHAL
74631,BANIHAL,BUDGAM
74632,BUDGAM,BANIHAL
74633,BANIHAL,BUDGAM
74634,BUDGAM,BANIHAL
74635,BANIHAL,BUDGAM
74636,BUDGAM,BANIHAL
74637,BANIHAL,BUDGAM
74638,BUDGAM,BANIHAL
74639,BANIHAL,BUDGAM
74640,BUDGAM,BANIHAL
74641,JALANDHAR CI,MANANWALA
74642,AMRITSAR JN.,JALANDHAR CI
74643,JALANDHAR CI,AMRITSAR JN.
74644,AMRITSAR JN.,JALANDHAR CI
74645,AMBALA CANTT,JALANDHAR CI
74646,JALANDHAR CI,AMBALA CANTT
74647,LUDHIANA JN.,JALANDHAR CI
74648,JALANDHAR CI,LUDHIANA JN.
74651,AMRITSAR JN.,DERABABA NAN
74652,DERABABA NAN,VERKA JN.
74653,VERKA JN.,DERABABA NAN
74654,DERABABA NAN,VERKA JN.
74655,VERKA JN.,DERABABA NAN
74656,DERABABA NAN,VERKA JN.
74657,VERKA JN.,DERABABA NAN
74658,DERABABA NAN,AMRITSAR JN.
74661,AMRITSAR JN.,ATARI JN
74662,ATARI JN,AMRITSAR JN.
74663,AMRITSAR JN.,ATARI JN
74664,ATARI JN,AMRITSAR JN.
74671,AMRITSAR JN.,PATHANKOT JN
74672,PATHANKOT JN,AMRITSAR JN.
74673,VERKA JN.,PATHANKOT JN
74674,PATHANKOT JN,VERKA JN.
74675,AMRITSAR JN.,PATHANKOT JN
74676,PATHANKOT JN,AMRITSAR JN.
74681,KHEM KARAN,AMRITSAR JN.
74682,AMRITSAR JN.,KHEM KARAN
74683,KHEM KARAN,BHAGTANWALA
74684,AMRITSAR JN.,KHEM KARAN
74685,KHEM KARAN,BHAGTANWALA
74686,BHAGTANWALA,KHEM KARAN
74687,KHEM KARAN,AMRITSAR JN.
74688,BHAGTANWALA,KHEM KARAN
74691,AMRITSAR JN.,QADIAN
74692,QADIAN,AMRITSAR JN.
74801,MERTA CITY,MERTA ROAD J
74802,MERTA ROAD J,MERTA CITY
74803,MERTA CITY,MERTA ROAD J
74804,MERTA ROAD J,MERTA CITY
74805,MERTA CITY,MERTA ROAD J
74806,MERTA ROAD J,MERTA CITY
74807,MERTA CITY,MERTA ROAD J
74808,MERTA ROAD J,MERTA CITY
74809,MERTA CITY,MERTA ROAD J
74810,MERTA ROAD J,MERTA CITY
74811,MERTA CITY,MERTA ROAD J
74812,MERTA ROAD J,MERTA CITY
74813,MERTA CITY,MERTA ROAD J
74814,MERTA ROAD J,MERTA CITY
74815,MERTA CITY,MERTA ROAD J
74816,MERTA ROAD J,MERTA CITY
74817,MERTA CITY,MERTA ROAD J
74818,MERTA ROAD J,MERTA CITY
74831,BIKANER JN.,CHURU
74832,CHURU,BIKANER JN.
74833,BIKANER JN.,HISAR JN
74834,HISAR JN,BIKANER JN.
74835,JODHPUR JN.,HISAR JN
74836,HISAR JN,JODHPUR JN.
74837,JODHPUR JN.,PALANPUR JN
74838,PALANPUR JN,JODHPUR JN.
74839,JODHPUR JN.,BARMER
74840,BARMER,JODHPUR JN.
74841,JODHPUR JN.,BHILDI JN
74842,BHILDI JN,JODHPUR JN.
74843,JODHPUR JN.,BARMER
74844,BARMER,JODHPUR JN.
74845,REWARI JN.,HISAR JN
74846,HISAR JN,REWARI JN.
74847,REWARI JN.,HISAR JN
74848,HISAR JN,REWARI JN.
74849,RATANAGARH J,SARDARSAHAR
74850,SARDARSAHAR,RATANAGARH J
74851,RATANAGARH J,SARDARSAHAR
74852,SARDARSAHAR,RATANAGARH J
74853,RATANAGARH J,SARDARSAHAR
74854,SARDARSAHAR,RATANAGARH J
74855,BIKANER JN.,RATANAGARH J
74856,RATANAGARH J,BIKANER JN.
74857,SIKAR JN.,CHURU
74858,CHURU,SIKAR JN.
74901,JALANDHAR CI,PATHANKOT JN
74902,PATHANKOT JN,JALANDHAR CI
74903,JALANDHAR CI,PATHANKOT JN
74904,PATHANKOT JN,JALANDHAR CI
74906,UDHAMPUR,JAMMU TAWI
74907,JAMMU TAWI,UDHAMPUR
74909,PATHANKOT JN,UDHAMPUR
74910,UDHAMPUR,PATHANKOT JN
74911,HOSHIARPUR,JALANDHAR CI
74912,JALANDHAR CI,HOSHIARPUR
74913,HOSHIARPUR,JALANDHAR CI
74914,JALANDHAR CI,HOSHIARPUR
74915,HOSHIARPUR,JALANDHAR CI
74916,JALANDHAR CI,HOSHIARPUR
74917,HOSHIARPUR,JALANDHAR CI
74918,JALANDHAR CI,HOSHIARPUR
74919,HOSHIARPUR,JALANDHAR CI
74920,JALANDHAR CI,HOSHIARPUR
74923,HOSHIARPUR,AMRITSAR JN.
74924,MANANWALA,HOSHIARPUR
74931,JALANDHAR CI,FIROZPUR CAN
74932,FIROZPUR CAN,JALANDHAR CI
74933,JALANDHAR CI,FIROZPUR CAN
74934,FIROZPUR CAN,JALANDHAR CI
74935,JALANDHAR CI,FIROZPUR CAN
74936,FIROZPUR CAN,JALANDHAR CI
74937,JALANDHAR CI,FIROZPUR CAN
74938,FIROZPUR CAN,JALANDHAR CI
74939,JALANDHAR CI,FIROZPUR CAN
74940,FIROZPUR CAN,JALANDHAR CI
74941,NAKODAR JN.,JALANDHAR CI
74942,JALANDHAR CI,NAKODAR JN.
74943,NAKODAR JN.,JALANDHAR CI
74944,JALANDHAR CI,NAKODAR JN.
74945,NAKODAR JN.,JALANDHAR CI
74946,JALANDHAR CI,NAKODAR JN.
74947,NAKODAR JN.,JALANDHAR CI
74948,JALANDHAR CI,NAKODAR JN.
74951,JAIJON DOABA,JALANDHAR CI
74952,JALANDHAR CI,JAIJON DOABA
74953,JAIJON DOABA,JALANDHAR CI
74954,JALANDHAR CI,JAIJON DOABA
74961,LUDHIANA JN.,FIROZPUR CAN
74962,FIROZPUR CAN,LUDHIANA JN.
74963,LUDHIANA JN.,FIROZPUR CAN
74964,FIROZPUR CAN,LUDHIANA JN.
74965,LUDHIANA JN.,LOHIAN KHAS
74966,LOHIAN KHAS,LUDHIANA JN.
74967,LUDHIANA JN.,LOHIAN KHAS
74968,LOHIAN KHAS,LUDHIANA JN.
74969,LUDHIANA JN.,LOHIAN KHAS
74970,LOHIAN KHAS,LUDHIANA JN.
74971,FIROZPUR CAN,FAZILKA JN.
74972,FAZILKA JN.,FIROZPUR CAN
74973,FIROZPUR CAN,FAZILKA JN.
74974,FAZILKA JN.,FIROZPUR CAN
74975,FIROZPUR CAN,FAZILKA JN.
74976,FAZILKA JN.,FIROZPUR CAN
74977,FIROZPUR CAN,FAZILKA JN.
74978,FAZILKA JN.,FIROZPUR CAN
74981,KOT KAPURA J,FAZILKA JN.
74982,FAZILKA JN.,KOT KAPURA J
74983,KOT KAPURA J,FAZILKA JN.
74984,FAZILKA JN.,KOT KAPURA J
74985,BATHINDA JN,FAZILKA JN.
74986,FAZILKA JN.,BATHINDA JN
74987,BATHINDA JN,FAZILKA JN.
74988,FAZILKA JN.,BATHINDA JN
74991,AMBALA CANTT,AMB  ANDAURA
74992,AMB  ANDAURA,AMBALA CANTT
74993,KURUKSHETRA,AMBALA CANTT
74994,AMBALA CANTT,KURUKSHETRA
75002,GONDA JN.,GORAKHPUR JN
75003,GORAKHPUR JN,BARHNI
75004,BARHNI,GORAKHPUR JN
75005,GORAKHPUR JN,GONDA JN.
75007,GORAKHPUR JN,GONDA JN.
75008,GONDA JN.,GORAKHPUR JN
75009,SIWAN JN.,KAPTANGANJ J
75010,KAPTANGANJ J,THAWE JN.
75011,THAWE JN.,GORAKHPUR JN
75012,GORAKHPUR JN,SIWAN JN.
75013,GORAKHPUR JN,NAUTANWA
75014,NAUTANWA,GORAKHPUR JN
75015,GORAKHPUR JN,NAUTANWA
75016,NAUTANWA,GORAKHPUR JN
75101,BALLIA,VARANASI CIT
75102,VARANASI CIT,BALLIA
75103,PHEPHNA JN.,VARANASI CIT
75104,VARANASI CIT,PHEPHNA JN.
75105,MAU JN.,ALLAHABAD CI
75106,ALLAHABAD CI,MAU JN.
75107,MANDUADIH,ALLAHABAD CI
75109,MAU JN.,VARANASI CIT
75111,GHAZIPUR CIT,VARANASI JN.
75112,VARANASI JN.,GHAZIPUR CIT
75113,BHATNI JN.,VARANASI CIT
75114,VARANASI CIT,BHATNI JN.
75115,GHAZIPUR CIT,PRAYAG JN.
75116,PRAYAG JN.,GHAZIPUR CIT
75201,SONPUR JN.,CHHAPRA JN.
75202,CHHAPRA JN.,SONPUR JN.
75207,SAMASTIPUR J,MUZAFFARPUR
75208,MUZAFFARPUR,SAMASTIPUR J
75209,SAMASTIPUR J,JAYNAGAR
75210,JAYNAGAR,SAMASTIPUR J
75211,SAMASTIPUR J,SONPUR JN.
75212,SONPUR JN.,SAMASTIPUR J
75213,RAXAUL JN.,SAGAULI JN.
75214,SAGAULI JN.,RAXAUL JN.
75221,SONPUR JN.,CHHAPRA JN.
75222,CHHAPRA JN.,SONPUR JN.
75225,SAMASTIPUR J,RAXAUL JN.
75226,RAXAUL JN.,SAMASTIPUR J
75227,SAMASTIPUR J,RAXAUL JN.
75228,RAXAUL JN.,DARBHANGA JN
75229,DARBHANGA JN,RAXAUL JN.
75230,RAXAUL JN.,SAMASTIPUR J
75231,MUZAFFARPUR,RAXAUL JN.
75232,RAXAUL JN.,MUZAFFARPUR
75233,RAXAUL JN.,SITAMARHI
75234,SITAMARHI,RAXAUL JN.
75235,RAXAUL JN.,NARKATIAGANJ
75236,NARKATIAGANJ,RAXAUL JN.
75237,MUZAFFARPUR,NARKATIAGANJ
75238,NARKATIAGANJ,MUZAFFARPUR
75253,SAMASTIPUR J,DARBHANGA JN
75254,DARBHANGA JN,SAMASTIPUR J
75255,DARBHANGA JN,MUZAFFARPUR
75256,MUZAFFARPUR,DARBHANGA JN
75271,ARA,SASARAM
75272,SASARAM,ARA
75273,ARA,SASARAM
75274,SASARAM,ARA
75279,DARBHANGA JN,BIRAUL
75280,BIRAUL,DARBHANGA JN
75707,RADHIKAPUR,SILIGURI JN.
75708,SILIGURI JN.,RADHIKAPUR
75713,SILIGURI JN.,NEW COOCH BE
75714,NEW COOCH BE,SILIGURI JN.
75715,SILIGURI JN.,DINHATA
75716,DINHATA,SILIGURI JN.
75717,SILIGURI JN.,BAMANHAT
75718,BAMANHAT,SILIGURI JN.
75719,MALDA COURT,SILIGURI JN.
75720,SILIGURI JN.,MALDA COURT
75721,SILIGURI JN.,HALDIBARI
75722,HALDIBARI,SILIGURI JN.
75723,NEW BONGAIGA,GUWAHATI
75724,GUWAHATI,NEW BONGAIGA
75727,GUWAHATI,HAIBARGAON
75728,HAIBARGAON,GUWAHATI
75729,GUWAHATI,SILGHAT TOWN
75730,SILGHAT TOWN,GUWAHATI
75733,TEZNARAYANPU,KATIHAR JN.
75734,KATIHAR JN.,TEZNARAYANPU
75735,TEZNARAYANPU,KATIHAR JN.
75736,KATIHAR JN.,TEZNARAYANPU
75737,TEZNARAYANPU,KATIHAR JN.
75738,KATIHAR JN.,TEZNARAYANPU
75739,TEZNARAYANPU,KATIHAR JN.
75740,KATIHAR JN.,TEZNARAYANPU
75743,KATIHAR JN.,SILIGURI JN.
75744,SILIGURI JN.,KATIHAR JN.
75745,KATIHAR JN.,JOGBANI
75746,JOGBANI,KATIHAR JN.
75747,KATIHAR JN.,BARSOI JN.
75748,BARSOI JN.,KATIHAR JN.
75749,KATIHAR JN.,TELTA
75750,TELTA,KATIHAR JN.
75901,TINSUKIA JN.,LEDO
75902,LEDO,DIBRUGARH TO
75903,DIBRUGARH TO,LEDO
75904,LEDO,TINSUKIA JN.
75905,TINSUKIA JN.,DIBRUGARH TO
75906,DIBRUGARH TO,LEDO
75907,LEDO,DIBRUGARH TO
75908,DIBRUGARH TO,TINSUKIA JN.
75911,TINSUKIA JN.,DANGARI
75912,DANGARI,TINSUKIA JN.
76501,BANGARPET JN,KOLAR
76502,KOLAR,BANGARPET JN
76503,BANGARPET JN,KOLAR
76504,KOLAR,BANGARPET JN
76505,BANGALORE CA,KOLAR
76506,KOLAR,BANGALORE CA
76507,BANGALORE CA,BANGARPET JN
76508,BANGARPET JN,KRANTIVIRA S
76523,YESVANTPUR J,HOSUR
76524,HOSUR,YESVANTPUR J
76525,CHANNA PATNA,KOLAR
76526,KOLAR,CHANNA PATNA
76551,KRANTIVIRA S,KOLAR
76552,KOLAR,KRANTIVIRA S
76553,KRANTIVIRA S,DHARMAPURI
76554,DHARMAPURI,KRANTIVIRA S
76800,TIRUCHIRAPPA,LALGUDI
76803,LALGUDI,TIRUCHIRAPPA
76804,TIRUCHIRAPPA,LALGUDI
76805,MANNARGUDI,TIRUCHIRAPPA
76806,TIRUCHIRAPPA,MANNARGUDI
76807,TIRUCHIRAPPA,MANAMADURAI
76808,MANAMADURAI,TIRUCHIRAPPA
76812,THANJAVUR JN,KARAIKAL
76813,KARAIKAL,VELANKANNI
76814,VELANKANNI,NAGAPPATTINA
76815,KARAIKAL,THANJAVUR JN
76817,NAGAPPATTINA,VELANKANNI
76818,VELANKANNI,KARAIKAL
76820,TIRUCHIRAPPA,THANJAVUR JN
76821,THANJAVUR JN,TIRUCHIRAPPA
76822,TIRUCHIRAPPA,THANJAVUR JN
76823,THANJAVUR JN,TIRUCHIRAPPA
76824,TIRUCHIRAPPA,THANJAVUR JN
76825,MAYILADUTURA,THANJAVUR JN
76826,THANJAVUR JN,MAYILADUTURA
76827,THANJAVUR JN,TIRUCHIRAPPA
76828,TIRUCHIRAPPA,THANJAVUR JN
76829,THANJAVUR JN,TIRUCHIRAPPA
76830,KARAIKKUDI,TIRUCHIRAPPA
76831,TIRUCHIRAPPA,KARAIKKUDI
76833,TIRUCHIRAPPA,KARUR JN.
76834,KARUR JN.,TIRUCHIRAPPA
76835,TIRUCHIRAPPA,KARUR JN.
76836,KARUR JN.,TIRUCHIRAPPA
76837,KARAIKKUDI,VIRUDUNAGAR
76838,VIRUDUNAGAR,KARAIKKUDI
76839,TIRUCHIRAPPA,KARAIKKUDI
76840,KARAIKKUDI,TIRUCHIRAPPA
76841,CUDDALORE PO,TIRUCHIRAPPA
76842,TIRUCHIRAPPA,CUDDALORE PO
76845,VRIDHA CHALA,TIRUCHIRAPPA
76846,TIRUCHIRAPPA,VRIDHA CHALA
76847,VRIDHA CHALA,SALEM JN.
76848,SALEM JN.,VRIDHA CHALA
76849,VRIDHA CHALA,SALEM JN.
76850,SALEM JN.,VRIDHA CHALA
76851,KARAIKAL,TIRUCHIRAPPA
76852,TIRUCHIRAPPA,KARAIKAL
76853,NAGORE,TIRUCHIRAPPA
76854,TIRUCHIRAPPA,NAGORE
77201,VIJAYWADA JN,GUDIVADA JN.
77202,GUDIVADA JN.,NARASAPUR
77203,NARASAPUR,GUDIVADA JN.
77204,GUDIVADA JN.,NARASAPUR
77205,NARASAPUR,BHIMAVARAM T
77206,BHIMAVARAM J,VIJAYWADA JN
77207,VIJAYWADA JN,MACHILIPATNA
77208,MACHILIPATNA,VIJAYWADA JN
77209,GUDIVADA JN.,MACHILIPATNA
77211,GUDIVADA JN.,MACHILIPATNA
77212,MACHILIPATNA,VIJAYWADA JN
77213,VIJAYWADA JN,GUDIVADA JN.
77214,GUDIVADA JN.,VIJAYWADA JN
77215,VIJAYWADA JN,MACHILIPATNA
77216,MACHILIPATNA,GUDIVADA JN.
77218,MACHILIPATNA,VIJAYWADA JN
77219,GUDIVADA JN.,MACHILIPATNA
77220,MACHILIPATNA,GUDIVADA JN.
77221,VIJAYWADA JN,GUNTUR JN.
77222,GUNTUR JN.,REPALLE
77223,REPALLE,GUNTUR JN.
77224,GUNTUR JN.,REPALLE
77225,REPALLE,TENALI JN.
77226,TENALI JN.,REPALLE
77227,REPALLE,TENALI JN.
77228,TENALI JN.,REPALLE
77229,REPALLE,GUNTUR JN.
77230,GUNTUR JN.,VIJAYWADA JN
77231,VIJAYWADA JN,BHIMAVARAM J
77232,BHIMAVARAM J,GUDIVADA JN.
77233,BHIMAVARAM J,NARASAPUR
77234,MACHILIPATNA,GUDIVADA JN.
77235,GUDIVADA JN.,MACHILIPATNA
77237,BHIMAVARAM J,RAJAHMUNDRY
77238,RAJAHMUNDRY,BHIMAVARAM J
77239,BHIMAVARAM J,NIDADAVOLU J
77240,NIDADAVOLU J,BHIMAVARAM J
77241,NARASAPUR,RAJAHMUNDRY
77242,RAJAHMUNDRY,BHIMAVARAM J
77243,BHIMAVARAM T,NIDADAVOLU J
77244,NIDADAVOLU J,BHIMAVARAM J
77245,GUNTUR JN.,TENALI JN.
77246,TENALI JN.,REPALLE
77247,REPALLE,TENALI JN.
77248,TENALI JN.,MARKAPUR ROA
77249,MARKAPUR ROA,GUNTUR JN.
77250,GUNTUR JN.,TENALI JN.
77251,PEDDAPALLI,MAHBUBABAD
77252,MAHBUBABAD,PEDDAPALLI
77253,MAHBUBABAD,VIJAYWADA JN
77254,VIJAYWADA JN,MAHBUBABAD
77255,KARIM NAGAR,SIRPUR TOWN
77256,SIRPUR TOWN,KARIM NAGAR
77257,JAGITYAL,PEDDAPALLI
77258,PEDDAPALLI,JAGITYAL
77259,NIZAMABAD,KARIM NAGAR
77260,KARIM NAGAR,NIZAMABAD
77261,VIJAYWADA JN,MACHILIPATNA
77262,MACHILIPATNA,VIJAYWADA JN
77263,VIJAYWADA JN,GUDIVADA JN.
77264,GUDIVADA JN.,NARASAPUR
77265,NARASAPUR,NIDADAVOLU J
77266,NIDADAVOLU J,BHIMAVARAM J
77267,BHIMAVARAM J,GUDIVADA JN.
77268,GUDIVADA JN.,VIJAYWADA JN
77269,VIJAYWADA JN,MACHILIPATNA
77270,MACHILIPATNA,VIJAYWADA JN
77271,KAKINADA TOW,KOTIPALLI
77272,KOTIPALLI,KAKINADA TOW
77273,JAGITYAL,KARIM NAGAR
77274,KARIM NAGAR,JAGITYAL
77281,VIJAYWADA JN,TENALI JN.
77282,TENALI JN.,GUNTUR JN.
77283,GUNTUR JN.,VIJAYWADA JN
77284,VIJAYWADA JN,GUNTUR JN.
77285,GUNTUR JN.,TENALI JN.
77286,TENALI JN.,VIJAYWADA JN
77287,VIJAYWADA JN,TENALI JN.
77288,TENALI JN.,GUNTUR JN.
77289,GUNTUR JN.,VIJAYWADA JN
77290,TENALI JN.,GUNTUR JN.
77291,BHADRACHALAM,VIJAYWADA JN
77292,VIJAYWADA JN,BHADRACHALAM
77293,BHIMAVARAM J,RAJAHMUNDRY
77294,RAJAHMUNDRY,NARASAPUR
77295,NARASAPUR,GUNTUR JN.
77297,GUNTUR JN.,MACHERLA
77298,MACHERLA,BHIMAVARAM J
77401,NANDYAL,CUDDAPAH
77402,CUDDAPAH,NANDYAL
77403,NANDYAL,CUDDAPAH
77404,CUDDAPAH,NANDYAL
77405,CUDDAPAH,PENDLIMARRI
77406,PENDLIMARRI,CUDDAPAH
77414,GUNTAKAL JN.,KURNOOL TOWN
77415,KURNOOL TOWN,GUNTAKAL JN.
77416,GUNTAKAL JN.,BELLARY JN.
77417,BELLARY JN.,GUNTAKAL JN.
77418,GUNTAKAL JN.,HINDUPUR
77419,HINDUPUR,GUNTAKAL JN.
77601,SECUNDERABAD,MEDCHAL
77602,MEDCHAL,FALAKNUMA
77603,SECUNDERABAD,MANOHARABAD
77604,BOLARUM,FALAKNUMA
77605,FALAKNUMA,BOLARUM
77606,MANOHARABAD,SECUNDERABAD
77607,SECUNDERABAD,MEDCHAL
77608,MEDCHAL,SECUNDERABAD
77609,FALAKNUMA,MANOHARABAD
77610,MANOHARABAD,SECUNDERABAD
77611,SECUNDERABAD,BOLARUM
77612,BOLARUM,SECUNDERABAD
77613,SECUNDERABAD,MANOHARABAD
77614,MANOHARABAD,SECUNDERABAD
77615,SECUNDERABAD,MEDCHAL
77616,MEDCHAL,SECUNDERABAD
77617,SECUNDERABAD,MANOHARABAD
77618,MANOHARABAD,SECUNDERABAD
77619,SECUNDERABAD,MEDCHAL
77622,MAHBUBNAGAR,JAKLAIR
77623,JAKLAIR,MAHBUBNAGAR
77630,SECUNDERABAD,UMDANAGAR
77631,FALAKNUMA,UMDANAGAR
77632,FALAKNUMA,UMDANAGAR
77633,FALAKNUMA,UMDANAGAR
77634,FALAKNUMA,UMDANAGAR
77635,FALAKNUMA,UMDANAGAR
77638,FALAKNUMA,UMDANAGAR
77640,UMDANAGAR,FALAKNUMA
77641,UMDANAGAR,FALAKNUMA
77642,UMDANAGAR,FALAKNUMA
77643,UMDANAGAR,FALAKNUMA
77645,UMDANAGAR,SECUNDERABAD
77647,UMDANAGAR,FALAKNUMA
77649,UMDANAGAR,SECUNDERABAD
77651,BIDAR,GULBARGA
77652,GULBARGA,BIDAR
77653,BIDAR,HUMNABAD
77654,HUMNABAD,BIDAR
77655,BIDAR,GULBARGA
77656,GULBARGA,BIDAR
77657,JALNA,SAI NAGAR SH
77658,SAI NAGAR SH,JALNA
77671,KACHEGUDA,MAHBUBNAGAR
77672,MAHBUBNAGAR,KACHEGUDA
77673,MIRYALAGUDA,KACHEGUDA
77674,KACHEGUDA,MIRYALAGUDA
77675,KACHEGUDA,MIRYALAGUDA
77676,MIRYALAGUDA,PIDUGURALLA
77677,PIDUGURALLA,MIRYALAGUDA
77678,MIRYALAGUDA,KACHEGUDA
77679,FALAKNUMA,MEDCHAL
77680,MEDCHAL,FALAKNUMA
77681,FALAKNUMA,MEDCHAL
77682,MEDCHAL,FALAKNUMA
77683,JALNA,NAGARSOL
77684,NAGARSOL,JALNA
77689,GADWAL,RAICHUR
77690,RAICHUR,GADWAL
77691,JALNA,NAGARSOL
77693,KACHEGUDA,RAICHUR
77694,RAICHUR,KACHEGUDA
77695,NANDYAL,KURNOOL TOWN
77696,KURNOOL TOWN,NANDYAL
78009,RUPSA JN.,BHANJPUR
78010,BHANJPUR,RUPSA JN.
78011,RUPSA JN.,BHANJPUR
78012,BHANJPUR,BALASORE
78013,BALASORE,BARIPADA PH
78014,BANGRIPOSI,BARIPADA PH
78015,BARIPADA PH,BANGRIPOSI
78016,BARIPADA PH,BALASORE
78017,BALASORE,BARIPADA PH
78018,BANGRIPOSI,BARIPADA PH
78019,BARIPADA PH,BANGRIPOSI
78020,BARIPADA PH,RUPSA JN.
78031,TATANAGAR JN,BADAMPAHAR
78032,BADAMPAHAR,TATANAGAR JN
78033,TATANAGAR JN,GUA
78034,GUA,TATANAGAR JN
78051,GRAM MASAGRA,BANKURA
78052,BANKURA,GRAM MASAGRA
78053,GRAM MASAGRA,BANKURA
78054,BANKURA,GRAM MASAGRA
78055,GRAM MASAGRA,BANKURA
78056,BANKURA,GRAM MASAGRA
78057,SONAMUKHI PH,BANKURA
78058,BANKURA,SONAMUKHI PH
78059,GRAM MASAGRA,BANKURA
78060,BANKURA,GRAM MASAGRA
78061,GRAM MASAGRA,BANKURA
78101,CHAKARADHARP,ROURKELA
78102,ROURKELA,CHAKARADHARP
78103,ROURKELA,SAMBALPUR JN
78104,SAMBALPUR JN,ROURKELA
78502,BHUBANESWAR,CUTTACK JN.
78503,BHUBANESWAR,BERHAMPUR
78504,BERHAMPUR,BHUBANESWAR
78505,BERHAMPUR,PALASA
78511,BOBBILI JN.,SALUR
78512,SALUR,BOBBILI JN.
78513,BOBBILI JN.,SALUR
78514,SALUR,BOBBILI JN.
78515,BOBBILI JN.,SALUR
78516,SALUR,BOBBILI JN.
78517,BOBBILI JN.,SALUR
78518,SALUR,BOBBILI JN.
78519,BOBBILI JN.,SALUR
78520,SALUR,BOBBILI JN.
78531,VIZIANAGARAM,VISAKHAPATNA
78534,VIZIANAGARAM,PALASA
78801,GONDIA JN.,KATANGI
78802,KATANGI,GONDIA JN.
78803,GONDIA JN.,KATANGI
78804,KATANGI,GONDIA JN.
78805,GONDIA JN.,KATANGI
78806,KATANGI,GONDIA JN.
78807,GONDIA JN.,WARASEONI
78808,WARASEONI,GONDIA JN.
78809,GONDIA JN.,KATANGI
78810,KATANGI,GONDIA JN.
78811,TUMSAR RD,TIRODI
78812,TIRODI,TUMSAR RD
78813,TUMSAR RD,TIRODI
78814,TIRODI,TUMSAR RD
78815,RAIPUR JN.,GUDUM
78816,DALLI-RAJHAR,RAIPUR JN.
78817,DURG,DALLI-RAJHAR
78818,GUDUM,DURG
78819,BALHARSHAH,GONDIA JN.
78820,GONDIA JN.,BALHARSHAH
78821,GONDIA JN.,KATANGI
78822,KATANGI,GONDIA JN.
78824,DURG,DALLI-RAJHAR
78825,DALLI-RAJHAR,DURG
78826,DALLI-RAJHAR,DURG
78827,DURG,DALLI-RAJHAR
79301,RATLAM JN,BHILWARA
79302,BHILWARA,RATLAM JN
79303,RATLAM JN,CHITTAURGARH
79304,CHITTAURGARH,RATLAM JN
79305,MHOW,RATLAM JN
79306,RATLAM JN,MHOW
79307,MHOW,INDORE BG
79308,INDORE BG,MHOW
79309,MHOW,RATLAM JN
79310,RATLAM JN,MHOW
79311,MHOW,INDORE BG
79312,INDORE BG,MHOW
79313,MHOW,RATLAM JN
79314,RATLAM JN,MHOW
79315,MHOW,INDORE BG
79316,INDORE BG,MHOW
79317,MHOW,RATLAM JN
79318,RATLAM JN,MHOW
79319,INDORE BG,MHOW
79320,MHOW,INDORE BG
79321,INDORE BG,MHOW
79322,MHOW,INDORE BG
79323,INDORE BG,MHOW
79324,MHOW,INDORE BG
79325,INDORE BG,MHOW
79326,MHOW,INDORE BG
79413,ANAND JN.,KHAMBHAT
79414,KHAMBHAT,ANAND JN.
79415,ANAND JN.,KHAMBHAT
79416,KHAMBHAT,ANAND JN.
79417,ANAND JN.,KHAMBHAT
79418,KHAMBHAT,ANAND JN.
79419,ANAND JN.,KHAMBHAT
79420,KHAMBHAT,ANAND JN.
79421,ANAND JN.,KHAMBHAT
79422,KHAMBHAT,ANAND JN.
79423,ANAND JN.,KHAMBHAT
79424,KHAMBHAT,ANAND JN.
79425,ANAND JN.,KHAMBHAT
79426,KHAMBHAT,ANAND JN.
79427,ANAND JN.,KHAMBHAT
79428,KHAMBHAT,ANAND JN.
79429,ANAND JN.,AHMEDABAD
79430,AHMEDABAD,ANAND JN.
79431,AHMEDABAD,MAHESANA JN
79432,MAHESANA JN,AHMEDABAD
79433,AHMEDABAD,PATAN
79434,PATAN,AHMEDABAD
79435,AHMEDABAD,PATAN
79436,PATAN,AHMEDABAD
79437,MAHESANA JN,ABU ROAD
79438,ABU ROAD,MAHESANA JN
79441,WANKANER,MORVI
79442,MORVI,WANKANER
79443,WANKANER,MORVI
79444,MORVI,WANKANER
79445,WANKANER,RAJKOT
79446,MORVI,WANKANER
79447,WANKANER,MORVI
79448,MORVI,WANKANER
79449,MORVI,MALIYA MIYAN
79450,MALIYA MIYAN,MORVI
79451,WANKANER,MORVI
79452,MORVI,WANKANER
79453,WANKANER,MORVI
79454,RAJKOT,WANKANER
79455,VADODARA JN.,CHHOTA UDEPU
79456,CHHOTA UDEPU,VADODARA JN.
79457,SURENDRANAGA,DHRANGADHRA
79458,DHRANGADHRA,SURENDRANAGA
79459,SURENDRANAGA,DHRANGADHRA
79460,DHRANGADHRA,SURENDRANAGA
79481,VIJAPUR,ADRAJ MOTI
79482,ADRAJ MOTI,VIJAPUR
79483,VIJAPUR,ADRAJ MOTI
79484,ADRAJ MOTI,VIJAPUR
79485,VIJAPUR,AMBLIYASAN J
79486,AMBLIYASAN J,VIJAPUR
79487,VIJAPUR,AMBLIYASAN J
79488,AMBLIYASAN J,VIJAPUR
79489,VIJAPUR,AMBLIYASAN J
79490,AMBLIYASAN J,VIJAPUR
82355,PATNA JN.,CST-MUMBAI
82601,CHENNAI EGMO,TIRUNELVELI
82606,TIRUNELVELI,CHENNAI EGMO
82631,CHENNAI CENT,ERNAKULAM. J
82635,CHENNAI CENT,QUILON
82651,YESVANTPUR J,SHRI MATA VA
82652,SHRI MATA VA,YESVANTPUR J
82653,YESVANTPUR J,JAIPUR JN.
82654,JAIPUR JN.,YESVANTPUR J
82665,YESVANTPUR J,VASCO-DA-GAM
82666,VASCO-DA-GAM,YESVANTPUR J
90540,VIRAR,CHURCHGATE
90981,CHURCHGATE,VIRAR
91392,RAVLI JN,CST-MUMBAI
91393,CST-MUMBAI,RAVLI JN
91394,RAVLI JN,CST-MUMBAI
91395,CST-MUMBAI,RAVLI JN
91396,RAVLI JN,CST-MUMBAI
91491,CST-MUMBAI,RAVLI JN
93001,VIRAR,DAHANU ROAD
93002,DAHANU ROAD,ANDHERI
93003,VIRAR,DAHANU ROAD
93004,DAHANU ROAD,VIRAR
93005,CHURCHGATE,DAHANU ROAD
93006,DAHANU ROAD,CHURCHGATE
93007,CHURCHGATE,DAHANU ROAD
93008,DAHANU ROAD,BORIVLI
93009,ANDHERI,DAHANU ROAD
93010,DAHANU ROAD,VIRAR
93011,VIRAR,DAHANU ROAD
93012,DAHANU ROAD,VIRAR
93013,BORIVLI,DAHANU ROAD
93014,DAHANU ROAD,VIRAR
93015,CHURCHGATE,DAHANU ROAD
93016,DAHANU ROAD,CHURCHGATE
93017,VIRAR,DAHANU ROAD
93018,DAHANU ROAD,VIRAR
93019,VIRAR,DAHANU ROAD
93020,DAHANU ROAD,DADAR
93021,VIRAR,DAHANU ROAD
93022,DAHANU ROAD,DADAR
93023,VIRAR,DAHANU ROAD
93024,DAHANU ROAD,VIRAR
93025,CHURCHGATE,DAHANU ROAD
93026,DAHANU ROAD,CHURCHGATE
93027,DADAR,DAHANU ROAD
93028,DAHANU ROAD,CHURCHGATE
93029,DADAR,DAHANU ROAD
93030,DAHANU ROAD,CHURCHGATE
93031,VIRAR,DAHANU ROAD
93032,DAHANU ROAD,VIRAR
93033,CHURCHGATE,DAHANU ROAD
93034,DAHANU ROAD,VIRAR
93101,VIRAR,DAHANU ROAD
93102,DAHANU ROAD,VIRAR
93103,CHURCHGATE,DAHANU ROAD
93104,DAHANU ROAD,VIRAR
93105,VIRAR,DAHANU ROAD
93109,VIRAR,DAHANU ROAD
95001,KALYAN JN,PALASDARI
95002,PALASDARI,KALYAN JN
95003,KALYAN JN,PALASDARI
95004,PALASDARI,KALYAN JN
95005,KALYAN JN,PALASDARI
95006,PALASDARI,KALYAN JN
95007,KALYAN JN,PALASDARI
95008,PALASDARI,KALYAN JN
95009,KALYAN JN,PALASDARI
95010,PALASDARI,KALYAN JN
95011,KALYAN JN,PALASDARI
95012,PALASDARI,KALYAN JN
95013,KALYAN JN,PALASDARI
95101,KALYAN JN,KARJAT
95102,KARJAT,KALYAN JN
95103,KALYAN JN,KARJAT
95104,KARJAT,KALYAN JN
95105,KALYAN JN,KARJAT
95106,KARJAT,KALYAN JN
95107,KALYAN JN,KARJAT
95108,KARJAT,KALYAN JN
95109,KALYAN JN,KARJAT
95110,KARJAT,KALYAN JN
95111,KALYAN JN,KARJAT
95112,KARJAT,KALYAN JN
95113,KALYAN JN,KARJAT
95114,KARJAT,KALYAN JN
95115,KALYAN JN,KARJAT
95116,KARJAT,KALYAN JN
95117,KALYAN JN,KARJAT
95118,KARJAT,KALYAN JN
95119,KALYAN JN,KARJAT
95120,KARJAT,KALYAN JN
95121,KALYAN JN,KARJAT
95122,KARJAT,KALYAN JN
95123,KALYAN JN,KARJAT
95124,KARJAT,KALYAN JN
95125,KALYAN JN,KARJAT
95126,KARJAT,KALYAN JN
95127,KALYAN JN,KARJAT
95128,KARJAT,KALYAN JN
95129,KALYAN JN,KARJAT
95130,KARJAT,KALYAN JN
95131,KALYAN JN,KARJAT
95132,KARJAT,KALYAN JN
95134,KARJAT,KALYAN JN
95136,KARJAT,KALYAN JN
95138,KARJAT,KALYAN JN
95140,KARJAT,KALYAN JN
95142,KARJAT,KALYAN JN
95144,KARJAT,KALYAN JN
95201,KALYAN JN,BADLAPUR
95202,BADLAPUR,KALYAN JN
95203,KALYAN JN,BADLAPUR
95204,BADLAPUR,KALYAN JN
95205,KALYAN JN,BADLAPUR
95206,BADLAPUR,KALYAN JN
95207,KALYAN JN,BADLAPUR
95208,BADLAPUR,KALYAN JN
95209,KALYAN JN,BADLAPUR
95210,BADLAPUR,KALYAN JN
95211,KALYAN JN,BADLAPUR
95212,BADLAPUR,KALYAN JN
95213,KALYAN JN,BADLAPUR
95214,BADLAPUR,KALYAN JN
95215,KALYAN JN,BADLAPUR
95216,BADLAPUR,KALYAN JN
95217,KALYAN JN,BADLAPUR
95218,BADLAPUR,KALYAN JN
95219,KALYAN JN,BADLAPUR
95220,BADLAPUR,KALYAN JN
95221,KALYAN JN,BADLAPUR
95222,BADLAPUR,KALYAN JN
95223,KALYAN JN,BADLAPUR
95224,BADLAPUR,KALYAN JN
95225,KALYAN JN,BADLAPUR
95226,BADLAPUR,KALYAN JN
95227,KALYAN JN,BADLAPUR
95228,BADLAPUR,KALYAN JN
95229,KALYAN JN,BADLAPUR
95230,BADLAPUR,KALYAN JN
95231,KALYAN JN,BADLAPUR
95232,BADLAPUR,KALYAN JN
95233,KALYAN JN,BADLAPUR
95234,BADLAPUR,KALYAN JN
95235,KALYAN JN,BADLAPUR
95236,BADLAPUR,KALYAN JN
95237,KALYAN JN,BADLAPUR
95239,KALYAN JN,BADLAPUR
95241,KALYAN JN,BADLAPUR
95301,KALYAN JN,AMBERNATH
95302,AMBERNATH,KALYAN JN
95303,KALYAN JN,AMBERNATH
95304,AMBERNATH,KALYAN JN
95305,KALYAN JN,AMBERNATH
95306,AMBERNATH,KALYAN JN
95307,KALYAN JN,AMBERNATH
95308,AMBERNATH,KALYAN JN
95309,KALYAN JN,AMBERNATH
95310,AMBERNATH,KALYAN JN
95311,KALYAN JN,AMBERNATH
95312,AMBERNATH,KALYAN JN
95313,KALYAN JN,AMBERNATH
95314,AMBERNATH,KALYAN JN
95315,KALYAN JN,AMBERNATH
95316,AMBERNATH,KALYAN JN
95317,KALYAN JN,AMBERNATH
95318,AMBERNATH,KALYAN JN
95319,KALYAN JN,AMBERNATH
95320,AMBERNATH,KALYAN JN
95321,KALYAN JN,AMBERNATH
95322,AMBERNATH,KALYAN JN
95323,KALYAN JN,AMBERNATH
95324,AMBERNATH,KALYAN JN
95325,KALYAN JN,AMBERNATH
95326,AMBERNATH,KALYAN JN
95327,KALYAN JN,AMBERNATH
95328,AMBERNATH,KALYAN JN
95329,KALYAN JN,AMBERNATH
95330,AMBERNATH,KALYAN JN
95331,KALYAN JN,AMBERNATH
95332,AMBERNATH,KALYAN JN
95334,AMBERNATH,KALYAN JN
95336,AMBERNATH,KALYAN JN
95338,AMBERNATH,KALYAN JN
95340,AMBERNATH,KALYAN JN
95342,AMBERNATH,KALYAN JN
95401,KALYAN JN,KASARA
95402,KASARA,KALYAN JN
95403,KALYAN JN,KASARA
95404,KASARA,KALYAN JN
95405,KALYAN JN,KASARA
95406,KASARA,KALYAN JN
95407,KALYAN JN,KASARA
95408,KASARA,KALYAN JN
95409,KALYAN JN,KASARA
95410,KASARA,KALYAN JN
95411,KALYAN JN,KASARA
95412,KASARA,KALYAN JN
95413,KALYAN JN,KASARA
95414,KASARA,KALYAN JN
95415,KALYAN JN,KASARA
95416,KASARA,KALYAN JN
95417,KALYAN JN,KASARA
95418,KASARA,KALYAN JN
95419,KALYAN JN,KASARA
95420,KASARA,KALYAN JN
95421,KALYAN JN,KASARA
95422,KASARA,KALYAN JN
95423,KALYAN JN,KASARA
95424,KASARA,KALYAN JN
95425,KALYAN JN,KASARA
95426,KASARA,KALYAN JN
95428,KASARA,KALYAN JN
95430,KASARA,KALYAN JN
95501,KALYAN JN,ASANGAON
95502,ASANGAON,KALYAN JN
95503,KALYAN JN,ASANGAON
95504,ASANGAON,KALYAN JN
95505,KALYAN JN,ASANGAON
95506,ASANGAON,KALYAN JN
95507,KALYAN JN,ASANGAON
95508,ASANGAON,KALYAN JN
95509,KALYAN JN,ASANGAON
95510,ASANGAON,KALYAN JN
95511,KALYAN JN,ASANGAON
95512,ASANGAON,KALYAN JN
95513,KALYAN JN,ASANGAON
95514,ASANGAON,KALYAN JN
95515,KALYAN JN,ASANGAON
95516,ASANGAON,KALYAN JN
95517,KALYAN JN,ASANGAON
95601,KALYAN JN,TITVALA
95602,TITVALA,KALYAN JN
95603,KALYAN JN,TITVALA
95604,TITVALA,KALYAN JN
95605,KALYAN JN,TITVALA
95606,TITVALA,KALYAN JN
95607,KALYAN JN,TITVALA
95608,TITVALA,KALYAN JN
95609,KALYAN JN,TITVALA
95610,TITVALA,KALYAN JN
95611,KALYAN JN,TITVALA
95612,TITVALA,KALYAN JN
95613,KALYAN JN,TITVALA
95614,TITVALA,KALYAN JN
95615,KALYAN JN,TITVALA
95616,TITVALA,KALYAN JN
95617,KALYAN JN,TITVALA
95619,KALYAN JN,TITVALA
95701,CST-MUMBAI,KALYAN JN
95702,KALYAN JN,CST-MUMBAI
95703,CST-MUMBAI,KALYAN JN
95704,KALYAN JN,CST-MUMBAI
95705,CST-MUMBAI,KALYAN JN
95706,KALYAN JN,DADAR
95707,CST-MUMBAI,KALYAN JN
95708,KALYAN JN,CST-MUMBAI
95709,CST-MUMBAI,KALYAN JN
95710,KALYAN JN,CST-MUMBAI
95711,CST-MUMBAI,KALYAN JN
95712,KALYAN JN,CST-MUMBAI
95713,DADAR,KALYAN JN
95714,KALYAN JN,CST-MUMBAI
95715,CST-MUMBAI,KALYAN JN
95716,KALYAN JN,CST-MUMBAI
95717,CST-MUMBAI,KALYAN JN
95718,KALYAN JN,CST-MUMBAI
95719,CST-MUMBAI,KALYAN JN
95720,KALYAN JN,CST-MUMBAI
95721,CST-MUMBAI,KALYAN JN
95722,KALYAN JN,DADAR
95723,DADAR,KALYAN JN
95724,KALYAN JN,CST-MUMBAI
95725,DADAR,KALYAN JN
95726,KALYAN JN,CST-MUMBAI
95727,CST-MUMBAI,KALYAN JN
95728,KALYAN JN,CST-MUMBAI
95729,DADAR,KALYAN JN
95730,KALYAN JN,DADAR
95731,CST-MUMBAI,KALYAN JN
95732,KALYAN JN,CST-MUMBAI
95733,CST-MUMBAI,KALYAN JN
95734,KALYAN JN,DADAR
95735,DADAR,KALYAN JN
95736,KALYAN JN,CST-MUMBAI
95737,CST-MUMBAI,KALYAN JN
95738,KALYAN JN,CST-MUMBAI
95739,CST-MUMBAI,KALYAN JN
95740,KALYAN JN,CST-MUMBAI
95741,CST-MUMBAI,KALYAN JN
95742,KALYAN JN,CST-MUMBAI
95743,CST-MUMBAI,KALYAN JN
95744,KALYAN JN,CST-MUMBAI
95745,CST-MUMBAI,KALYAN JN
95746,KALYAN JN,CST-MUMBAI
95801,CST-MUMBAI,DOMBIVLI
95802,DOMBIVLI,CST-MUMBAI
95804,DOMBIVLI,CST-MUMBAI
95805,CST-MUMBAI,DOMBIVLI
95808,DOMBIVLI,CST-MUMBAI
95901,CST-MUMBAI,THANE
95902,THANE,CST-MUMBAI
95903,CST-MUMBAI,THANE
95904,THANE,CST-MUMBAI
95905,CST-MUMBAI,THANE
95906,THANE,CST-MUMBAI
95907,CST-MUMBAI,THANE
95908,THANE,CST-MUMBAI
95909,CST-MUMBAI,THANE
95910,THANE,CST-MUMBAI
95911,CST-MUMBAI,THANE
95912,THANE,CST-MUMBAI
95913,CST-MUMBAI,THANE
95917,CST-MUMBAI,THANE
95919,CST-MUMBAI,THANE
96001,KARJAT,PALASDARI
96002,PALASDARI,KARJAT
96003,KALYAN JN,PALASDARI
96004,PALASDARI,KARJAT
96005,KARJAT,PALASDARI
96006,PALASDARI,KARJAT
96007,KARJAT,PALASDARI
96008,PALASDARI,KARJAT
96009,KARJAT,PALASDARI
96010,PALASDARI,KARJAT
96011,KARJAT,PALASDARI
96012,PALASDARI,KARJAT
96013,KARJAT,PALASDARI
96014,PALASDARI,KARJAT
96015,KARJAT,PALASDARI
96016,PALASDARI,KARJAT
96017,KARJAT,PALASDARI
96018,PALASDARI,KARJAT
96019,KALYAN JN,PALASDARI
96020,PALASDARI,KALYAN JN
96022,PALASDARI,KARJAT
96101,KALYAN JN,KARJAT
96102,KARJAT,KALYAN JN
96103,KALYAN JN,KARJAT
96104,KARJAT,KALYAN JN
96105,KALYAN JN,KARJAT
96106,KARJAT,KALYAN JN
96107,KALYAN JN,KARJAT
96108,KARJAT,KALYAN JN
96109,KALYAN JN,KARJAT
96110,KARJAT,KALYAN JN
96111,KALYAN JN,KARJAT
96112,KARJAT,KALYAN JN
96113,KALYAN JN,KARJAT
96114,KARJAT,CST-MUMBAI
96115,KALYAN JN,KARJAT
96116,KARJAT,CST-MUMBAI
96117,KALYAN JN,KARJAT
96119,KALYAN JN,KARJAT
96121,KALYAN JN,KARJAT
96201,KALYAN JN,BADLAPUR
96202,BADLAPUR,KALYAN JN
96203,KALYAN JN,BADLAPUR
96204,BADLAPUR,KALYAN JN
96205,KALYAN JN,BADLAPUR
96206,BADLAPUR,KALYAN JN
96207,KALYAN JN,BADLAPUR
96208,BADLAPUR,KALYAN JN
96209,KALYAN JN,BADLAPUR
96210,BADLAPUR,KALYAN JN
96211,KALYAN JN,BADLAPUR
96212,BADLAPUR,KALYAN JN
96213,KALYAN JN,BADLAPUR
96214,BADLAPUR,KALYAN JN
96215,KALYAN JN,BADLAPUR
96216,BADLAPUR,KALYAN JN
96217,KALYAN JN,BADLAPUR
96218,BADLAPUR,KALYAN JN
96219,KALYAN JN,BADLAPUR
96220,BADLAPUR,KALYAN JN
96221,KALYAN JN,BADLAPUR
96222,BADLAPUR,KALYAN JN
96223,KALYAN JN,BADLAPUR
96224,BADLAPUR,KALYAN JN
96225,KALYAN JN,BADLAPUR
96226,BADLAPUR,KALYAN JN
96227,KALYAN JN,BADLAPUR
96228,BADLAPUR,KALYAN JN
96232,BADLAPUR,KALYAN JN
96234,BADLAPUR,KALYAN JN
96236,BADLAPUR,CST-MUMBAI
96301,KALYAN JN,AMBERNATH
96302,AMBERNATH,KALYAN JN
96303,KALYAN JN,AMBERNATH
96304,AMBERNATH,KALYAN JN
96305,KALYAN JN,AMBERNATH
96306,AMBERNATH,KALYAN JN
96307,KALYAN JN,AMBERNATH
96308,AMBERNATH,KALYAN JN
96309,KALYAN JN,AMBERNATH
96310,AMBERNATH,KALYAN JN
96311,KALYAN JN,AMBERNATH
96312,AMBERNATH,KALYAN JN
96313,KALYAN JN,AMBERNATH
96314,AMBERNATH,KALYAN JN
96315,KALYAN JN,AMBERNATH
96316,AMBERNATH,KALYAN JN
96317,KALYAN JN,AMBERNATH
96318,AMBERNATH,KALYAN JN
96319,KALYAN JN,AMBERNATH
96320,AMBERNATH,KALYAN JN
96321,KALYAN JN,AMBERNATH
96322,AMBERNATH,KALYAN JN
96323,KALYAN JN,AMBERNATH
96324,AMBERNATH,KALYAN JN
96325,KALYAN JN,AMBERNATH
96326,AMBERNATH,KALYAN JN
96327,KALYAN JN,AMBERNATH
96328,AMBERNATH,KALYAN JN
96329,KALYAN JN,AMBERNATH
96330,AMBERNATH,KALYAN JN
96331,KALYAN JN,AMBERNATH
96332,AMBERNATH,KALYAN JN
96333,KALYAN JN,AMBERNATH
96334,AMBERNATH,KALYAN JN
96335,KALYAN JN,AMBERNATH
96336,AMBERNATH,CST-MUMBAI
96337,KALYAN JN,AMBERNATH
96339,KALYAN JN,AMBERNATH
96341,KALYAN JN,AMBERNATH
96343,KALYAN JN,AMBERNATH
96345,KALYAN JN,AMBERNATH
96401,KALYAN JN,KASARA
96402,KASARA,KALYAN JN
96403,KALYAN JN,KASARA
96404,KASARA,KALYAN JN
96405,KALYAN JN,KASARA
96406,KASARA,KALYAN JN
96407,KALYAN JN,KASARA
96409,KALYAN JN,KASARA
96501,TITVALA,ASANGAON
96502,ASANGAON,KALYAN JN
96503,KALYAN JN,ASANGAON
96504,ASANGAON,KALYAN JN
96505,KALYAN JN,ASANGAON
96506,ASANGAON,KALYAN JN
96507,KALYAN JN,ASANGAON
96508,ASANGAON,KALYAN JN
96509,KALYAN JN,ASANGAON
96510,ASANGAON,KALYAN JN
96511,KALYAN JN,ASANGAON
96512,ASANGAON,KALYAN JN
96513,KALYAN JN,ASANGAON
96514,ASANGAON,KALYAN JN
96515,KALYAN JN,ASANGAON
96516,ASANGAON,KALYAN JN
96517,KALYAN JN,ASANGAON
96518,ASANGAON,KALYAN JN
96519,KALYAN JN,ASANGAON
96520,ASANGAON,KALYAN JN
96521,KALYAN JN,ASANGAON
96522,ASANGAON,KALYAN JN
96524,ASANGAON,KALYAN JN
96601,KALYAN JN,TITVALA
96602,TITVALA,KALYAN JN
96603,KALYAN JN,TITVALA
96604,TITVALA,KALYAN JN
96605,KALYAN JN,TITVALA
96606,TITVALA,KALYAN JN
96607,KALYAN JN,TITVALA
96608,TITVALA,KALYAN JN
96609,KALYAN JN,TITVALA
96610,TITVALA,KALYAN JN
96611,KALYAN JN,TITVALA
96612,TITVALA,KALYAN JN
96613,KALYAN JN,TITVALA
96614,TITVALA,KALYAN JN
96615,KALYAN JN,TITVALA
96616,TITVALA,KALYAN JN
96617,KALYAN JN,TITVALA
96618,TITVALA,KALYAN JN
96619,KALYAN JN,TITVALA
96620,TITVALA,KALYAN JN
96621,KALYAN JN,TITVALA
96622,TITVALA,KALYAN JN
96623,KALYAN JN,TITVALA
96624,TITVALA,KALYAN JN
96625,KALYAN JN,TITVALA
96626,TITVALA,KALYAN JN
96627,KALYAN JN,TITVALA
96628,TITVALA,KALYAN JN
96629,KALYAN JN,TITVALA
96630,TITVALA,KALYAN JN
96631,KALYAN JN,TITVALA
96632,TITVALA,KALYAN JN
96633,KALYAN JN,TITVALA
96634,TITVALA,KALYAN JN
96635,KALYAN JN,TITVALA
96636,TITVALA,KALYAN JN
96637,KALYAN JN,TITVALA
96638,TITVALA,KALYAN JN
96639,KALYAN JN,TITVALA
96640,TITVALA,KALYAN JN
96641,KALYAN JN,TITVALA
96642,TITVALA,KALYAN JN
96643,KALYAN JN,TITVALA
96644,TITVALA,KALYAN JN
96645,KALYAN JN,TITVALA
96646,TITVALA,KALYAN JN
96647,KALYAN JN,TITVALA
96648,TITVALA,KALYAN JN
96649,KALYAN JN,TITVALA
96650,TITVALA,KALYAN JN
96651,KALYAN JN,TITVALA
96652,TITVALA,KALYAN JN
96653,KALYAN JN,TITVALA
96654,TITVALA,KALYAN JN
96655,KALYAN JN,TITVALA
96656,TITVALA,KALYAN JN
96657,CST-MUMBAI,TITVALA
96658,TITVALA,KALYAN JN
96660,TITVALA,KALYAN JN
97000,KALYAN JN,CST-MUMBAI
97001,VIDYAVIHAR,KALYAN JN
97002,KALYAN JN,CST-MUMBAI
97003,VIDYAVIHAR,KALYAN JN
97004,KALYAN JN,CST-MUMBAI
97005,VIDYAVIHAR,KALYAN JN
97006,KALYAN JN,CST-MUMBAI
97007,VIDYAVIHAR,KALYAN JN
97008,KALYAN JN,CST-MUMBAI
97009,VIDYAVIHAR,KALYAN JN
97010,KALYAN JN,CST-MUMBAI
97011,CST-MUMBAI,KALYAN JN
97012,KALYAN JN,DADAR
97013,VIDYAVIHAR,KALYAN JN
97014,KALYAN JN,CST-MUMBAI
97015,CST-MUMBAI,KALYAN JN
97016,KALYAN JN,CST-MUMBAI
97017,CST-MUMBAI,KALYAN JN
97018,KALYAN JN,CST-MUMBAI
97019,CST-MUMBAI,KALYAN JN
97020,KALYAN JN,CST-MUMBAI
97021,CST-MUMBAI,KALYAN JN
97022,KALYAN JN,CST-MUMBAI
97023,DADAR,KALYAN JN
97024,KALYAN JN,CST-MUMBAI
97025,CST-MUMBAI,KALYAN JN
97026,KALYAN JN,DADAR
97027,CST-MUMBAI,KALYAN JN
97028,KALYAN JN,DADAR
97029,CST-MUMBAI,KALYAN JN
97030,KALYAN JN,CST-MUMBAI
97031,CST-MUMBAI,KALYAN JN
97032,KALYAN JN,CST-MUMBAI
97033,THANE,KALYAN JN
97034,KALYAN JN,CST-MUMBAI
97035,DADAR,KALYAN JN
97036,KALYAN JN,CST-MUMBAI
97037,CST-MUMBAI,KALYAN JN
97038,KALYAN JN,CST-MUMBAI
97039,CST-MUMBAI,KALYAN JN
97040,KALYAN JN,CST-MUMBAI
97041,CST-MUMBAI,KALYAN JN
97042,KALYAN JN,KURLA
97043,DADAR,KALYAN JN
97044,KALYAN JN,CST-MUMBAI
97045,DADAR,KALYAN JN
97046,KALYAN JN,THANE
97047,CST-MUMBAI,KALYAN JN
97048,KALYAN JN,CST-MUMBAI
97049,CST-MUMBAI,KALYAN JN
97050,KALYAN JN,DADAR
97051,KURLA,KALYAN JN
97052,KALYAN JN,CST-MUMBAI
97053,CST-MUMBAI,KALYAN JN
97054,KALYAN JN,CST-MUMBAI
97055,CST-MUMBAI,KALYAN JN
97056,KALYAN JN,THANE
97057,CST-MUMBAI,KALYAN JN
97058,KALYAN JN,CST-MUMBAI
97059,CST-MUMBAI,KALYAN JN
97060,KALYAN JN,CST-MUMBAI
97061,CST-MUMBAI,KALYAN JN
97062,KALYAN JN,CST-MUMBAI
97063,DADAR,KALYAN JN
97064,KALYAN JN,KURLA
97065,CST-MUMBAI,KALYAN JN
97066,KALYAN JN,CST-MUMBAI
97067,CST-MUMBAI,KALYAN JN
97068,KALYAN JN,CST-MUMBAI
97069,CST-MUMBAI,KALYAN JN
97070,KALYAN JN,CST-MUMBAI
97071,CST-MUMBAI,KALYAN JN
97072,KALYAN JN,DADAR
97073,THANE,KALYAN JN
97074,KALYAN JN,CST-MUMBAI
97075,CST-MUMBAI,KALYAN JN
97076,KALYAN JN,CST-MUMBAI
97077,KURLA,KALYAN JN
97078,KALYAN JN,CST-MUMBAI
97079,CST-MUMBAI,KALYAN JN
97080,KALYAN JN,CST-MUMBAI
97081,CST-MUMBAI,KALYAN JN
97082,KALYAN JN,CST-MUMBAI
97083,CST-MUMBAI,KALYAN JN
97084,KALYAN JN,CST-MUMBAI
97085,CST-MUMBAI,KALYAN JN
97086,KALYAN JN,THANE
97087,DADAR,KALYAN JN
97088,KALYAN JN,CST-MUMBAI
97089,CST-MUMBAI,KALYAN JN
97090,KALYAN JN,CST-MUMBAI
97091,CST-MUMBAI,KALYAN JN
97092,KALYAN JN,DADAR
97093,CST-MUMBAI,KALYAN JN
97094,KALYAN JN,THANE
97095,CST-MUMBAI,KALYAN JN
97096,KALYAN JN,CST-MUMBAI
97097,KURLA,KALYAN JN
97098,KALYAN JN,DADAR
97099,VIDYAVIHAR,KALYAN JN
97100,KALYAN JN,CST-MUMBAI
97101,CST-MUMBAI,KALYAN JN
97102,KALYAN JN,CST-MUMBAI
97103,CST-MUMBAI,KALYAN JN
97104,KALYAN JN,CST-MUMBAI
97105,CST-MUMBAI,KALYAN JN
97106,KALYAN JN,CST-MUMBAI
97107,DADAR,KALYAN JN
97108,KALYAN JN,CST-MUMBAI
97109,VIDYAVIHAR,KALYAN JN
97110,KALYAN JN,DADAR
97111,CST-MUMBAI,KALYAN JN
97112,KALYAN JN,CST-MUMBAI
97113,CST-MUMBAI,KALYAN JN
97114,KALYAN JN,CST-MUMBAI
97115,DADAR,KALYAN JN
97116,KALYAN JN,KURLA
97117,CST-MUMBAI,KALYAN JN
97118,KALYAN JN,THANE
97119,CST-MUMBAI,KALYAN JN
97120,KALYAN JN,DADAR
97121,DADAR,KALYAN JN
97122,KALYAN JN,CST-MUMBAI
97123,DADAR,KALYAN JN
97124,KALYAN JN,CST-MUMBAI
97125,CST-MUMBAI,KALYAN JN
97126,KALYAN JN,DADAR
97127,CST-MUMBAI,KALYAN JN
97128,KALYAN JN,CST-MUMBAI
97129,CST-MUMBAI,KALYAN JN
97130,KALYAN JN,THANE
97131,KURLA,KALYAN JN
97132,KALYAN JN,DADAR
97133,CST-MUMBAI,KALYAN JN
97134,KALYAN JN,DADAR
97135,DADAR,KALYAN JN
97136,KALYAN JN,CST-MUMBAI
97137,DADAR,KALYAN JN
97138,KALYAN JN,DADAR
97139,CST-MUMBAI,KALYAN JN
97140,KALYAN JN,KURLA
97141,DADAR,KALYAN JN
97142,KALYAN JN,CST-MUMBAI
97143,DADAR,KALYAN JN
97144,KALYAN JN,CST-MUMBAI
97145,DADAR,KALYAN JN
97146,KALYAN JN,CST-MUMBAI
97147,CST-MUMBAI,KALYAN JN
97148,KALYAN JN,KURLA
97149,CST-MUMBAI,KALYAN JN
97150,KALYAN JN,THANE
97151,CST-MUMBAI,KALYAN JN
97152,KALYAN JN,THANE
97153,CST-MUMBAI,KALYAN JN
97155,DADAR,KALYAN JN
97201,CST-MUMBAI,DOMBIVLI
97202,DOMBIVLI,CST-MUMBAI
97203,CST-MUMBAI,DOMBIVLI
97204,DOMBIVLI,CST-MUMBAI
97205,CST-MUMBAI,DOMBIVLI
97206,DOMBIVLI,CST-MUMBAI
97207,CST-MUMBAI,DOMBIVLI
97208,DOMBIVLI,CST-MUMBAI
97209,CST-MUMBAI,DOMBIVLI
97210,DOMBIVLI,CST-MUMBAI
97211,CST-MUMBAI,DOMBIVLI
97212,DOMBIVLI,DADAR
97213,CST-MUMBAI,DOMBIVLI
97214,DOMBIVLI,CST-MUMBAI
97215,CST-MUMBAI,DOMBIVLI
97216,DOMBIVLI,CST-MUMBAI
97217,CST-MUMBAI,DOMBIVLI
97218,DOMBIVLI,CST-MUMBAI
97219,CST-MUMBAI,DOMBIVLI
97220,DOMBIVLI,CST-MUMBAI
97221,CST-MUMBAI,DOMBIVLI
97222,DOMBIVLI,CST-MUMBAI
97223,CST-MUMBAI,DOMBIVLI
97224,DOMBIVLI,CST-MUMBAI
97225,CST-MUMBAI,DOMBIVLI
97226,DOMBIVLI,CST-MUMBAI
97227,CST-MUMBAI,DOMBIVLI
97228,DOMBIVLI,CST-MUMBAI
97229,CST-MUMBAI,DOMBIVLI
97230,DOMBIVLI,CST-MUMBAI
97231,CST-MUMBAI,DOMBIVLI
97232,DOMBIVLI,CST-MUMBAI
97233,CST-MUMBAI,DOMBIVLI
97234,DOMBIVLI,DADAR
97235,DADAR,DOMBIVLI
97236,DOMBIVLI,CST-MUMBAI
97237,DADAR,DOMBIVLI
97238,DOMBIVLI,CST-MUMBAI
97239,CST-MUMBAI,DOMBIVLI
97240,DOMBIVLI,CST-MUMBAI
97241,CST-MUMBAI,DOMBIVLI
97242,DOMBIVLI,CST-MUMBAI
97243,CST-MUMBAI,DOMBIVLI
97244,DOMBIVLI,CST-MUMBAI
97245,CST-MUMBAI,DOMBIVLI
97246,DOMBIVLI,CST-MUMBAI
97247,DADAR,DOMBIVLI
97248,DOMBIVLI,CST-MUMBAI
97249,CST-MUMBAI,DOMBIVLI
97250,DOMBIVLI,CST-MUMBAI
97251,CST-MUMBAI,DOMBIVLI
97252,DOMBIVLI,CST-MUMBAI
97253,CST-MUMBAI,DOMBIVLI
97254,DOMBIVLI,DADAR
97255,CST-MUMBAI,DOMBIVLI
97256,DOMBIVLI,CST-MUMBAI
97258,DOMBIVLI,CST-MUMBAI
97260,DOMBIVLI,DADAR
97301,CST-MUMBAI,THANE
97302,THANE,CST-MUMBAI
97303,CST-MUMBAI,THANE
97304,THANE,CST-MUMBAI
97305,CST-MUMBAI,THANE
97306,THANE,CST-MUMBAI
97307,CST-MUMBAI,THANE
97308,THANE,CST-MUMBAI
97309,CST-MUMBAI,THANE
97310,THANE,CST-MUMBAI
97311,CST-MUMBAI,THANE
97312,THANE,CST-MUMBAI
97313,CST-MUMBAI,THANE
97314,THANE,CST-MUMBAI
97315,CST-MUMBAI,THANE
97316,THANE,CST-MUMBAI
97317,CST-MUMBAI,THANE
97318,THANE,CST-MUMBAI
97319,CST-MUMBAI,THANE
97320,THANE,CST-MUMBAI
97321,CST-MUMBAI,THANE
97322,THANE,CST-MUMBAI
97323,CST-MUMBAI,THANE
97324,THANE,CST-MUMBAI
97325,CST-MUMBAI,THANE
97326,THANE,CST-MUMBAI
97327,CST-MUMBAI,THANE
97328,THANE,CST-MUMBAI
97329,CST-MUMBAI,THANE
97330,THANE,CST-MUMBAI
97331,CST-MUMBAI,THANE
97332,THANE,CST-MUMBAI
97333,CST-MUMBAI,THANE
97334,THANE,CST-MUMBAI
97335,CST-MUMBAI,THANE
97336,THANE,CST-MUMBAI
97337,CST-MUMBAI,THANE
97338,THANE,CST-MUMBAI
97339,CST-MUMBAI,THANE
97340,THANE,CST-MUMBAI
97341,CST-MUMBAI,THANE
97342,THANE,CST-MUMBAI
97343,CST-MUMBAI,THANE
97344,THANE,CST-MUMBAI
97345,CST-MUMBAI,THANE
97346,THANE,CST-MUMBAI
97347,CST-MUMBAI,THANE
97348,THANE,CST-MUMBAI
97349,CST-MUMBAI,THANE
97350,THANE,CST-MUMBAI
97351,CST-MUMBAI,THANE
97352,THANE,CST-MUMBAI
97353,CST-MUMBAI,THANE
97354,THANE,CST-MUMBAI
97355,CST-MUMBAI,THANE
97356,THANE,CST-MUMBAI
97357,CST-MUMBAI,THANE
97358,THANE,CST-MUMBAI
97359,CST-MUMBAI,THANE
97360,THANE,CST-MUMBAI
97361,CST-MUMBAI,THANE
97362,THANE,CST-MUMBAI
97363,CST-MUMBAI,THANE
97364,THANE,CST-MUMBAI
97365,CST-MUMBAI,THANE
97366,THANE,CST-MUMBAI
97367,CST-MUMBAI,THANE
97368,THANE,CST-MUMBAI
97369,CST-MUMBAI,THANE
97370,THANE,CST-MUMBAI
97371,CST-MUMBAI,THANE
97372,THANE,CST-MUMBAI
97373,CST-MUMBAI,THANE
97374,THANE,CST-MUMBAI
97375,DADAR,THANE
97376,THANE,CST-MUMBAI
97377,CST-MUMBAI,THANE
97378,THANE,CST-MUMBAI
97379,CST-MUMBAI,THANE
97380,THANE,CST-MUMBAI
97381,CST-MUMBAI,THANE
97382,THANE,CST-MUMBAI
97383,CST-MUMBAI,THANE
97384,THANE,DADAR
97385,CST-MUMBAI,THANE
97386,THANE,CST-MUMBAI
97387,CST-MUMBAI,THANE
97388,THANE,CST-MUMBAI
97389,CST-MUMBAI,THANE
97390,THANE,CST-MUMBAI
97391,CST-MUMBAI,THANE
97392,THANE,CST-MUMBAI
97393,CST-MUMBAI,THANE
97394,THANE,CST-MUMBAI
97395,CST-MUMBAI,THANE
97396,THANE,CST-MUMBAI
97397,CST-MUMBAI,THANE
97398,THANE,CST-MUMBAI
97399,CST-MUMBAI,THANE
97400,THANE,CST-MUMBAI
97401,CST-MUMBAI,THANE
97402,THANE,CST-MUMBAI
97403,CST-MUMBAI,THANE
97404,THANE,CST-MUMBAI
97405,CST-MUMBAI,THANE
97406,THANE,DADAR
97407,CST-MUMBAI,THANE
97408,THANE,CST-MUMBAI
97409,DADAR,THANE
97410,THANE,DADAR
97411,CST-MUMBAI,THANE
97412,THANE,CST-MUMBAI
97413,CST-MUMBAI,THANE
97414,THANE,CST-MUMBAI
97415,DADAR,THANE
97416,THANE,CST-MUMBAI
97417,CST-MUMBAI,THANE
97418,THANE,CST-MUMBAI
97419,CST-MUMBAI,THANE
97420,THANE,DADAR
97421,CST-MUMBAI,THANE
97422,THANE,CST-MUMBAI
97423,CST-MUMBAI,THANE
97424,THANE,DADAR
97425,CST-MUMBAI,THANE
97426,THANE,CST-MUMBAI
97427,CST-MUMBAI,THANE
97428,THANE,CST-MUMBAI
97429,DADAR,THANE
97430,THANE,DADAR
97431,CST-MUMBAI,THANE
97432,THANE,CST-MUMBAI
97433,CST-MUMBAI,THANE
97434,THANE,CST-MUMBAI
97435,CST-MUMBAI,THANE
97436,THANE,CST-MUMBAI
97437,CST-MUMBAI,THANE
97438,THANE,CST-MUMBAI
97439,CST-MUMBAI,THANE
97440,THANE,CST-MUMBAI
97441,CST-MUMBAI,THANE
97442,THANE,DADAR
97444,THANE,CST-MUMBAI
97445,CST-MUMBAI,THANE
97446,THANE,CST-MUMBAI
97501,CST-MUMBAI,GHAT KOPAR
97502,GHAT KOPAR,CST-MUMBAI
97503,CST-MUMBAI,GHAT KOPAR
97504,GHAT KOPAR,CST-MUMBAI
97601,CST-MUMBAI,KURLA
97602,KURLA,CST-MUMBAI
97603,CST-MUMBAI,KURLA
97604,KURLA,CST-MUMBAI
97605,CST-MUMBAI,KURLA
97606,KURLA,CST-MUMBAI
97607,CST-MUMBAI,KURLA
97608,KURLA,CST-MUMBAI
97609,CST-MUMBAI,KURLA
97610,KURLA,CST-MUMBAI
97611,CST-MUMBAI,KURLA
97612,KURLA,CST-MUMBAI
97613,CST-MUMBAI,KURLA
97614,KURLA,CST-MUMBAI
97615,CST-MUMBAI,KURLA
97616,KURLA,CST-MUMBAI
97617,CST-MUMBAI,KURLA
97618,KURLA,CST-MUMBAI
97619,CST-MUMBAI,KURLA
97620,KURLA,CST-MUMBAI
97621,CST-MUMBAI,KURLA
97622,KURLA,CST-MUMBAI
97623,CST-MUMBAI,KURLA
97624,KURLA,CST-MUMBAI
97625,CST-MUMBAI,KURLA
97626,KURLA,CST-MUMBAI
97627,CST-MUMBAI,KURLA
97628,KURLA,CST-MUMBAI
97629,CST-MUMBAI,KURLA
97630,KURLA,CST-MUMBAI
97631,CST-MUMBAI,KURLA
97632,KURLA,CST-MUMBAI
97633,CST-MUMBAI,KURLA
97634,KURLA,CST-MUMBAI
97635,CST-MUMBAI,KURLA
97636,KURLA,CST-MUMBAI
97637,CST-MUMBAI,KURLA
97638,KURLA,CST-MUMBAI
97639,CST-MUMBAI,KURLA
97640,KURLA,CST-MUMBAI
97641,CST-MUMBAI,KURLA
97642,KURLA,CST-MUMBAI
97643,CST-MUMBAI,KURLA
97644,KURLA,CST-MUMBAI
97645,CST-MUMBAI,KURLA
97646,KURLA,CST-MUMBAI
97647,CST-MUMBAI,KURLA
97648,KURLA,CST-MUMBAI
97649,CST-MUMBAI,KURLA
97651,CST-MUMBAI,KURLA
97653,CST-MUMBAI,KURLA
97655,CST-MUMBAI,KURLA
98000,PANVEL,CST-MUMBAI
98001,CST-MUMBAI,PANVEL
98002,PANVEL,CST-MUMBAI
98003,CST-MUMBAI,PANVEL
98004,PANVEL,CST-MUMBAI
98005,CST-MUMBAI,PANVEL
98006,PANVEL,CST-MUMBAI
98007,CST-MUMBAI,PANVEL
98008,PANVEL,CST-MUMBAI
98009,CST-MUMBAI,PANVEL
98010,PANVEL,CST-MUMBAI
98011,CST-MUMBAI,PANVEL
98012,PANVEL,CST-MUMBAI
98013,VASHI,PANVEL
98014,PANVEL,CST-MUMBAI
98015,CST-MUMBAI,PANVEL
98016,PANVEL,CST-MUMBAI
98017,CST-MUMBAI,PANVEL
98018,PANVEL,MUMBAI VADAL
98019,CST-MUMBAI,PANVEL
98020,PANVEL,CST-MUMBAI
98021,VASHI,PANVEL
98022,PANVEL,CST-MUMBAI
98023,CST-MUMBAI,PANVEL
98024,PANVEL,CST-MUMBAI
98025,CST-MUMBAI,PANVEL
98026,PANVEL,MUMBAI VADAL
98027,CST-MUMBAI,PANVEL
98028,PANVEL,CST-MUMBAI
98029,CST-MUMBAI,PANVEL
98030,PANVEL,CST-MUMBAI
98031,MUMBAI VADAL,PANVEL
98032,PANVEL,MUMBAI VADAL
98033,CST-MUMBAI,PANVEL
98034,PANVEL,CST-MUMBAI
98035,CST-MUMBAI,PANVEL
98036,PANVEL,CST-MUMBAI
98037,CST-MUMBAI,PANVEL
98038,PANVEL,CST-MUMBAI
98039,CST-MUMBAI,PANVEL
98040,PANVEL,MUMBAI VADAL
98041,CST-MUMBAI,PANVEL
98042,PANVEL,CST-MUMBAI
98043,CST-MUMBAI,PANVEL
98044,PANVEL,CST-MUMBAI
98045,CST-MUMBAI,PANVEL
98046,PANVEL,CST-MUMBAI
98047,CST-MUMBAI,PANVEL
98048,PANVEL,CST-MUMBAI
98049,CST-MUMBAI,PANVEL
98050,PANVEL,CST-MUMBAI
98051,MUMBAI VADAL,PANVEL
98052,PANVEL,CST-MUMBAI
98053,CST-MUMBAI,PANVEL
98054,PANVEL,CST-MUMBAI
98055,CST-MUMBAI,PANVEL
98056,PANVEL,CST-MUMBAI
98057,CST-MUMBAI,PANVEL
98058,PANVEL,CST-MUMBAI
98059,CST-MUMBAI,PANVEL
98060,PANVEL,CST-MUMBAI
98061,CST-MUMBAI,PANVEL
98062,PANVEL,CST-MUMBAI
98063,CST-MUMBAI,PANVEL
98064,PANVEL,CST-MUMBAI
98065,CST-MUMBAI,PANVEL
98066,PANVEL,CST-MUMBAI
98067,CST-MUMBAI,PANVEL
98068,PANVEL,CST-MUMBAI
98069,CST-MUMBAI,PANVEL
98070,PANVEL,CST-MUMBAI
98071,CST-MUMBAI,PANVEL
98072,PANVEL,CST-MUMBAI
98073,CST-MUMBAI,PANVEL
98074,PANVEL,CST-MUMBAI
98075,CST-MUMBAI,PANVEL
98076,PANVEL,CST-MUMBAI
98077,CST-MUMBAI,PANVEL
98078,PANVEL,CST-MUMBAI
98079,CST-MUMBAI,PANVEL
98080,PANVEL,CST-MUMBAI
98081,CST-MUMBAI,PANVEL
98082,PANVEL,CST-MUMBAI
98083,MUMBAI VADAL,PANVEL
98084,PANVEL,CST-MUMBAI
98085,CST-MUMBAI,PANVEL
98087,CST-MUMBAI,PANVEL
98088,PANVEL,CST-MUMBAI
98089,CST-MUMBAI,PANVEL
98090,PANVEL,CST-MUMBAI
98091,CST-MUMBAI,PANVEL
98092,PANVEL,CST-MUMBAI
98093,CST-MUMBAI,PANVEL
98094,PANVEL,CST-MUMBAI
98095,CST-MUMBAI,PANVEL
98096,PANVEL,CST-MUMBAI
98097,CST-MUMBAI,PANVEL
98098,PANVEL,CST-MUMBAI
98099,CST-MUMBAI,PANVEL
98100,PANVEL,CST-MUMBAI
98101,CST-MUMBAI,PANVEL
98102,PANVEL,CST-MUMBAI
98103,MUMBAI VADAL,PANVEL
98104,PANVEL,CST-MUMBAI
98105,CST-MUMBAI,PANVEL
98106,PANVEL,CST-MUMBAI
98107,CST-MUMBAI,PANVEL
98108,PANVEL,CST-MUMBAI
98109,CST-MUMBAI,PANVEL
98110,PANVEL,CST-MUMBAI
98111,CST-MUMBAI,PANVEL
98112,PANVEL,CST-MUMBAI
98113,CST-MUMBAI,PANVEL
98114,PANVEL,CST-MUMBAI
98115,CST-MUMBAI,PANVEL
98116,PANVEL,CST-MUMBAI
98117,CST-MUMBAI,PANVEL
98118,PANVEL,CST-MUMBAI
98119,CST-MUMBAI,PANVEL
98120,PANVEL,CST-MUMBAI
98121,CST-MUMBAI,PANVEL
98122,PANVEL,CST-MUMBAI
98123,CST-MUMBAI,PANVEL
98124,PANVEL,CST-MUMBAI
98125,CST-MUMBAI,PANVEL
98126,PANVEL,CST-MUMBAI
98127,CST-MUMBAI,PANVEL
98128,PANVEL,CST-MUMBAI
98129,CST-MUMBAI,PANVEL
98130,PANVEL,CST-MUMBAI
98131,CST-MUMBAI,PANVEL
98132,PANVEL,CST-MUMBAI
98133,MUMBAI VADAL,PANVEL
98134,PANVEL,MUMBAI VADAL
98135,CST-MUMBAI,PANVEL
98136,PANVEL,CST-MUMBAI
98137,CST-MUMBAI,PANVEL
98138,PANVEL,CST-MUMBAI
98139,CST-MUMBAI,PANVEL
98140,PANVEL,CST-MUMBAI
98141,CST-MUMBAI,PANVEL
98142,PANVEL,CST-MUMBAI
98143,MUMBAI VADAL,PANVEL
98144,PANVEL,MUMBAI VADAL
98145,CST-MUMBAI,PANVEL
98146,PANVEL,CST-MUMBAI
98147,CST-MUMBAI,PANVEL
98148,PANVEL,CST-MUMBAI
98149,MUMBAI VADAL,PANVEL
98150,PANVEL,CST-MUMBAI
98151,CST-MUMBAI,PANVEL
98152,PANVEL,CST-MUMBAI
98153,CST-MUMBAI,PANVEL
98154,PANVEL,CST-MUMBAI
98155,CST-MUMBAI,PANVEL
98156,PANVEL,CST-MUMBAI
98157,CST-MUMBAI,PANVEL
98158,PANVEL,CST-MUMBAI
98159,CST-MUMBAI,PANVEL
98160,PANVEL,CST-MUMBAI
98161,CST-MUMBAI,PANVEL
98162,PANVEL,CST-MUMBAI
98163,CST-MUMBAI,PANVEL
98164,PANVEL,CST-MUMBAI
98165,CST-MUMBAI,PANVEL
98166,PANVEL,VASHI
98167,MUMBAI VADAL,PANVEL
98168,PANVEL,CST-MUMBAI
98169,CST-MUMBAI,PANVEL
98170,PANVEL,CST-MUMBAI
98171,CST-MUMBAI,PANVEL
98172,PANVEL,CST-MUMBAI
98173,MUMBAI VADAL,PANVEL
98174,PANVEL,CST-MUMBAI
98175,CST-MUMBAI,PANVEL
98176,PANVEL,CST-MUMBAI
98177,MUMBAI VADAL,PANVEL
98178,PANVEL,CST-MUMBAI
98179,CST-MUMBAI,PANVEL
98180,PANVEL,CST-MUMBAI
98181,MUMBAI VADAL,PANVEL
98182,PANVEL,CST-MUMBAI
98183,CST-MUMBAI,PANVEL
98184,PANVEL,CST-MUMBAI
98185,CST-MUMBAI,PANVEL
98186,PANVEL,CST-MUMBAI
98187,MUMBAI VADAL,PANVEL
98188,PANVEL,CST-MUMBAI
98189,CST-MUMBAI,PANVEL
98190,PANVEL,CST-MUMBAI
98191,CST-MUMBAI,PANVEL
98192,PANVEL,CST-MUMBAI
98193,CST-MUMBAI,PANVEL
98194,PANVEL,CST-MUMBAI
98195,CST-MUMBAI,PANVEL
98196,PANVEL,BELAPUR C.B.
98197,CST-MUMBAI,PANVEL
98198,PANVEL,CST-MUMBAI
98199,CST-MUMBAI,PANVEL
98200,PANVEL,VASHI
98201,CST-MUMBAI,PANVEL
98202,PANVEL,CST-MUMBAI
98203,CST-MUMBAI,PANVEL
98204,PANVEL,CST-MUMBAI
98205,CST-MUMBAI,PANVEL
98207,CST-MUMBAI,PANVEL
98208,PANVEL,BELAPUR C.B.
98209,CST-MUMBAI,PANVEL
98211,CST-MUMBAI,PANVEL
98213,CST-MUMBAI,PANVEL
98214,PANVEL,BELAPUR C.B.
98215,CST-MUMBAI,PANVEL
98300,BELAPUR C.B.,CST-MUMBAI
98301,CST-MUMBAI,BELAPUR C.B.
98302,BELAPUR C.B.,CST-MUMBAI
98303,CST-MUMBAI,BELAPUR C.B.
98304,BELAPUR C.B.,CST-MUMBAI
98305,CST-MUMBAI,BELAPUR C.B.
98306,BELAPUR C.B.,CST-MUMBAI
98307,CST-MUMBAI,BELAPUR C.B.
98308,BELAPUR C.B.,CST-MUMBAI
98309,MUMBAI VADAL,BELAPUR C.B.
98310,BELAPUR C.B.,CST-MUMBAI
98311,CST-MUMBAI,BELAPUR C.B.
98312,BELAPUR C.B.,CST-MUMBAI
98313,CST-MUMBAI,BELAPUR C.B.
98314,BELAPUR C.B.,CST-MUMBAI
98315,CST-MUMBAI,BELAPUR C.B.
98316,BELAPUR C.B.,CST-MUMBAI
98317,CST-MUMBAI,BELAPUR C.B.
98318,BELAPUR C.B.,CST-MUMBAI
98319,CST-MUMBAI,BELAPUR C.B.
98320,BELAPUR C.B.,CST-MUMBAI
98321,MUMBAI VADAL,BELAPUR C.B.
98322,BELAPUR C.B.,CST-MUMBAI
98323,CST-MUMBAI,BELAPUR C.B.
98324,BELAPUR C.B.,CST-MUMBAI
98325,CST-MUMBAI,BELAPUR C.B.
98326,BELAPUR C.B.,CST-MUMBAI
98327,CST-MUMBAI,BELAPUR C.B.
98328,BELAPUR C.B.,CST-MUMBAI
98329,MUMBAI VADAL,BELAPUR C.B.
98330,BELAPUR C.B.,CST-MUMBAI
98331,CST-MUMBAI,BELAPUR C.B.
98332,BELAPUR C.B.,CST-MUMBAI
98333,CST-MUMBAI,BELAPUR C.B.
98334,BELAPUR C.B.,MUMBAI VADAL
98335,CST-MUMBAI,BELAPUR C.B.
98336,BELAPUR C.B.,CST-MUMBAI
98337,CST-MUMBAI,BELAPUR C.B.
98338,BELAPUR C.B.,MUMBAI VADAL
98339,CST-MUMBAI,BELAPUR C.B.
98340,BELAPUR C.B.,MUMBAI VADAL
98341,CST-MUMBAI,BELAPUR C.B.
98342,BELAPUR C.B.,CST-MUMBAI
98343,CST-MUMBAI,BELAPUR C.B.
98344,BELAPUR C.B.,CST-MUMBAI
98345,CST-MUMBAI,BELAPUR C.B.
98346,BELAPUR C.B.,CST-MUMBAI
98347,CST-MUMBAI,BELAPUR C.B.
98348,BELAPUR C.B.,CST-MUMBAI
98349,CST-MUMBAI,BELAPUR C.B.
98350,BELAPUR C.B.,CST-MUMBAI
98351,CST-MUMBAI,BELAPUR C.B.
98352,BELAPUR C.B.,CST-MUMBAI
98353,CST-MUMBAI,BELAPUR C.B.
98354,BELAPUR C.B.,CST-MUMBAI
98355,MUMBAI VADAL,BELAPUR C.B.
98356,BELAPUR C.B.,CST-MUMBAI
98357,CST-MUMBAI,BELAPUR C.B.
98358,BELAPUR C.B.,CST-MUMBAI
98359,CST-MUMBAI,BELAPUR C.B.
98360,BELAPUR C.B.,CST-MUMBAI
98361,CST-MUMBAI,BELAPUR C.B.
98362,BELAPUR C.B.,CST-MUMBAI
98363,CST-MUMBAI,BELAPUR C.B.
98364,BELAPUR C.B.,MUMBAI VADAL
98365,CST-MUMBAI,BELAPUR C.B.
98366,BELAPUR C.B.,CST-MUMBAI
98367,MUMBAI VADAL,BELAPUR C.B.
98368,BELAPUR C.B.,CST-MUMBAI
98369,CST-MUMBAI,BELAPUR C.B.
98370,BELAPUR C.B.,CST-MUMBAI
98371,CST-MUMBAI,BELAPUR C.B.
98372,BELAPUR C.B.,CST-MUMBAI
98373,CST-MUMBAI,BELAPUR C.B.
98374,BELAPUR C.B.,CST-MUMBAI
98375,CST-MUMBAI,BELAPUR C.B.
98376,BELAPUR C.B.,CST-MUMBAI
98377,CST-MUMBAI,BELAPUR C.B.
98378,BELAPUR C.B.,CST-MUMBAI
98379,CST-MUMBAI,BELAPUR C.B.
98380,BELAPUR C.B.,CST-MUMBAI
98381,CST-MUMBAI,BELAPUR C.B.
98382,BELAPUR C.B.,CST-MUMBAI
98384,BELAPUR C.B.,MUMBAI VADAL
98386,BELAPUR C.B.,CST-MUMBAI
98388,BELAPUR C.B.,CST-MUMBAI
98390,BELAPUR C.B.,CST-MUMBAI
98392,BELAPUR C.B.,CST-MUMBAI
98394,BELAPUR C.B.,CST-MUMBAI
98500,VASHI,CST-MUMBAI
98501,CST-MUMBAI,VASHI
98502,VASHI,CST-MUMBAI
98503,CST-MUMBAI,VASHI
98504,VASHI,CST-MUMBAI
98505,CST-MUMBAI,VASHI
98506,VASHI,CST-MUMBAI
98507,MUMBAI VADAL,VASHI
98508,VASHI,CST-MUMBAI
98509,CST-MUMBAI,VASHI
98510,VASHI,CST-MUMBAI
98511,CST-MUMBAI,VASHI
98512,VASHI,CST-MUMBAI
98513,CST-MUMBAI,VASHI
98514,VASHI,MUMBAI VADAL
98515,CST-MUMBAI,VASHI
98516,VASHI,CST-MUMBAI
98517,CST-MUMBAI,VASHI
98518,VASHI,CST-MUMBAI
98519,CST-MUMBAI,VASHI
98520,VASHI,CST-MUMBAI
98521,CST-MUMBAI,VASHI
98522,VASHI,CST-MUMBAI
98523,CST-MUMBAI,VASHI
98524,VASHI,CST-MUMBAI
98525,CST-MUMBAI,VASHI
98526,VASHI,CST-MUMBAI
98527,MUMBAI VADAL,VASHI
98528,VASHI,CST-MUMBAI
98529,CST-MUMBAI,VASHI
98530,VASHI,CST-MUMBAI
98531,CST-MUMBAI,VASHI
98532,VASHI,CST-MUMBAI
98533,CST-MUMBAI,VASHI
98535,CST-MUMBAI,VASHI
98537,CST-MUMBAI,VASHI
98538,VASHI,MUMBAI VADAL
98539,CST-MUMBAI,VASHI
98540,VASHI,CST-MUMBAI
98541,CST-MUMBAI,VASHI
98543,CST-MUMBAI,VASHI
98544,VASHI,CST-MUMBAI
98545,CST-MUMBAI,VASHI
98546,VASHI,MUMBAI VADAL
98547,CST-MUMBAI,VASHI
98548,VASHI,CST-MUMBAI
98549,CST-MUMBAI,VASHI
98550,VASHI,CST-MUMBAI
98551,CST-MUMBAI,VASHI
98552,VASHI,CST-MUMBAI
98553,CST-MUMBAI,VASHI
98554,VASHI,CST-MUMBAI
98555,CST-MUMBAI,VASHI
98556,VASHI,CST-MUMBAI
98557,CST-MUMBAI,VASHI
98558,VASHI,MUMBAI VADAL
98559,CST-MUMBAI,VASHI
98560,VASHI,CST-MUMBAI
98561,CST-MUMBAI,VASHI
98562,VASHI,MUMBAI VADAL
98563,CST-MUMBAI,VASHI
98564,VASHI,CST-MUMBAI
98565,CST-MUMBAI,VASHI
98566,VASHI,CST-MUMBAI
98567,CST-MUMBAI,VASHI
98568,VASHI,CST-MUMBAI
98569,CST-MUMBAI,VASHI
98570,VASHI,MUMBAI VADAL
98571,CST-MUMBAI,VASHI
98572,VASHI,CST-MUMBAI
98573,CST-MUMBAI,VASHI
98574,VASHI,CST-MUMBAI
98575,CST-MUMBAI,VASHI
98576,VASHI,CST-MUMBAI
98577,CST-MUMBAI,VASHI
98578,VASHI,MUMBAI VADAL
98580,VASHI,MUMBAI VADAL
98600,MANKHURD,CST-MUMBAI
98601,CST-MUMBAI,MANKHURD
98602,MANKHURD,CST-MUMBAI
98603,CST-MUMBAI,MANKHURD
98604,CHEMBUR,CST-MUMBAI
98605,CST-MUMBAI,CHEMBUR
98700,RAVLI JN,CST-MUMBAI
98701,CST-MUMBAI,RAVLI JN
98702,RAVLI JN,CST-MUMBAI
98703,CST-MUMBAI,RAVLI JN
98704,RAVLI JN,CST-MUMBAI
98705,CST-MUMBAI,RAVLI JN
98706,RAVLI JN,CST-MUMBAI
98707,CST-MUMBAI,RAVLI JN
98708,RAVLI JN,CST-MUMBAI
98709,CST-MUMBAI,RAVLI JN
98710,RAVLI JN,CST-MUMBAI
98711,CST-MUMBAI,RAVLI JN
98712,RAVLI JN,CST-MUMBAI
98713,CST-MUMBAI,RAVLI JN
98714,RAVLI JN,CST-MUMBAI
98715,CST-MUMBAI,RAVLI JN
98716,RAVLI JN,CST-MUMBAI
98717,CST-MUMBAI,RAVLI JN
98718,RAVLI JN,CST-MUMBAI
98719,CST-MUMBAI,RAVLI JN
98720,RAVLI JN,CST-MUMBAI
98721,CST-MUMBAI,RAVLI JN
98722,RAVLI JN,CST-MUMBAI
98723,CST-MUMBAI,RAVLI JN
98724,RAVLI JN,CST-MUMBAI
98725,CST-MUMBAI,RAVLI JN
98726,RAVLI JN,CST-MUMBAI
98727,CST-MUMBAI,RAVLI JN
98728,RAVLI JN,CST-MUMBAI
98729,CST-MUMBAI,RAVLI JN
98730,RAVLI JN,CST-MUMBAI
98731,CST-MUMBAI,RAVLI JN
98732,RAVLI JN,CST-MUMBAI
98733,CST-MUMBAI,RAVLI JN
98734,RAVLI JN,CST-MUMBAI
98735,CST-MUMBAI,RAVLI JN
98736,RAVLI JN,CST-MUMBAI
98737,CST-MUMBAI,RAVLI JN
98738,RAVLI JN,CST-MUMBAI
98739,CST-MUMBAI,RAVLI JN
98740,RAVLI JN,CST-MUMBAI
98741,CST-MUMBAI,RAVLI JN
98742,RAVLI JN,CST-MUMBAI
98743,CST-MUMBAI,RAVLI JN
98744,RAVLI JN,CST-MUMBAI
98745,CST-MUMBAI,RAVLI JN
98746,RAVLI JN,CST-MUMBAI
98747,CST-MUMBAI,RAVLI JN
98748,RAVLI JN,CST-MUMBAI
98749,CST-MUMBAI,RAVLI JN
98750,RAVLI JN,CST-MUMBAI
98751,CST-MUMBAI,RAVLI JN
98752,RAVLI JN,CST-MUMBAI
98753,CST-MUMBAI,RAVLI JN
98754,RAVLI JN,CST-MUMBAI
98755,CST-MUMBAI,RAVLI JN
98756,RAVLI JN,CST-MUMBAI
98757,CST-MUMBAI,RAVLI JN
98758,RAVLI JN,CST-MUMBAI
98759,CST-MUMBAI,RAVLI JN
98760,RAVLI JN,CST-MUMBAI
98761,CST-MUMBAI,RAVLI JN
98762,RAVLI JN,CST-MUMBAI
98763,CST-MUMBAI,RAVLI JN
98764,RAVLI JN,CST-MUMBAI
98765,CST-MUMBAI,RAVLI JN
98766,RAVLI JN,CST-MUMBAI
98767,CST-MUMBAI,RAVLI JN
98768,RAVLI JN,CST-MUMBAI
98769,CST-MUMBAI,RAVLI JN
98770,RAVLI JN,CST-MUMBAI
98771,CST-MUMBAI,RAVLI JN
98772,RAVLI JN,CST-MUMBAI
98773,CST-MUMBAI,RAVLI JN
98774,RAVLI JN,CST-MUMBAI
98775,CST-MUMBAI,RAVLI JN
98776,RAVLI JN,CST-MUMBAI
98777,CST-MUMBAI,RAVLI JN
98778,RAVLI JN,CST-MUMBAI
98779,CST-MUMBAI,RAVLI JN
98780,RAVLI JN,CST-MUMBAI
98781,CST-MUMBAI,RAVLI JN
98782,RAVLI JN,CST-MUMBAI
98783,CST-MUMBAI,RAVLI JN
98784,RAVLI JN,CST-MUMBAI
98785,CST-MUMBAI,RAVLI JN
98800,RAVLI JN,CST-MUMBAI
98801,CST-MUMBAI,RAVLI JN
98802,RAVLI JN,CST-MUMBAI
98803,CST-MUMBAI,RAVLI JN
98804,RAVLI JN,CST-MUMBAI
98805,CST-MUMBAI,RAVLI JN
98806,RAVLI JN,CST-MUMBAI
98807,CST-MUMBAI,RAVLI JN
98808,RAVLI JN,CST-MUMBAI
98809,CST-MUMBAI,RAVLI JN
98810,RAVLI JN,CST-MUMBAI
98811,CST-MUMBAI,RAVLI JN
98812,RAVLI JN,CST-MUMBAI
98813,CST-MUMBAI,RAVLI JN
98814,RAVLI JN,CST-MUMBAI
98815,CST-MUMBAI,RAVLI JN
98816,RAVLI JN,CST-MUMBAI
98817,CST-MUMBAI,RAVLI JN
98818,RAVLI JN,CST-MUMBAI
98819,CST-MUMBAI,RAVLI JN
98820,RAVLI JN,CST-MUMBAI
98821,CST-MUMBAI,RAVLI JN
98822,RAVLI JN,CST-MUMBAI
98823,CST-MUMBAI,RAVLI JN
98824,RAVLI JN,CST-MUMBAI
98825,CST-MUMBAI,RAVLI JN
98826,RAVLI JN,CST-MUMBAI
98827,CST-MUMBAI,RAVLI JN
98828,RAVLI JN,CST-MUMBAI
98829,CST-MUMBAI,RAVLI JN
98830,RAVLI JN,CST-MUMBAI
98831,CST-MUMBAI,RAVLI JN
98832,RAVLI JN,CST-MUMBAI
98833,CST-MUMBAI,RAVLI JN
98834,RAVLI JN,CST-MUMBAI
98835,CST-MUMBAI,RAVLI JN
98836,RAVLI JN,CST-MUMBAI
98837,CST-MUMBAI,RAVLI JN
98838,RAVLI JN,CST-MUMBAI
98839,CST-MUMBAI,RAVLI JN
98840,RAVLI JN,CST-MUMBAI
98841,CST-MUMBAI,RAVLI JN
98842,RAVLI JN,CST-MUMBAI
98843,CST-MUMBAI,RAVLI JN
98844,RAVLI JN,CST-MUMBAI
98845,CST-MUMBAI,RAVLI JN
98846,RAVLI JN,CST-MUMBAI
98847,CST-MUMBAI,RAVLI JN
98848,RAVLI JN,CST-MUMBAI
98849,CST-MUMBAI,RAVLI JN
98850,RAVLI JN,CST-MUMBAI
98851,CST-MUMBAI,RAVLI JN
98852,RAVLI JN,CST-MUMBAI
98853,CST-MUMBAI,RAVLI JN
98854,RAVLI JN,CST-MUMBAI
98855,CST-MUMBAI,RAVLI JN
98856,RAVLI JN,CST-MUMBAI
98857,CST-MUMBAI,RAVLI JN
98858,RAVLI JN,CST-MUMBAI
98859,CST-MUMBAI,RAVLI JN
98860,RAVLI JN,CST-MUMBAI
98861,CST-MUMBAI,RAVLI JN
98862,RAVLI JN,CST-MUMBAI
98863,CST-MUMBAI,RAVLI JN
98864,RAVLI JN,CST-MUMBAI
98865,CST-MUMBAI,RAVLI JN
98866,RAVLI JN,CST-MUMBAI
98867,CST-MUMBAI,RAVLI JN
98868,RAVLI JN,CST-MUMBAI
98869,CST-MUMBAI,RAVLI JN
98870,RAVLI JN,CST-MUMBAI
98871,CST-MUMBAI,RAVLI JN
98872,RAVLI JN,CST-MUMBAI
98873,CST-MUMBAI,RAVLI JN
98874,RAVLI JN,CST-MUMBAI
98875,CST-MUMBAI,RAVLI JN
98876,RAVLI JN,CST-MUMBAI
98877,CST-MUMBAI,RAVLI JN
98878,RAVLI JN,CST-MUMBAI
98879,CST-MUMBAI,RAVLI JN
98880,RAVLI JN,CST-MUMBAI
98881,CST-MUMBAI,RAVLI JN
98882,RAVLI JN,CST-MUMBAI
98883,CST-MUMBAI,RAVLI JN
98884,RAVLI JN,CST-MUMBAI
98885,CST-MUMBAI,RAVLI JN
98886,RAVLI JN,CST-MUMBAI
98887,CST-MUMBAI,RAVLI JN
98900,RAVLI JN,PANVEL
98901,PANVEL,MUMBAI VADAL
98902,RAVLI JN,PANVEL
98903,PANVEL,MUMBAI VADAL
98904,RAVLI JN,PANVEL
98905,PANVEL,MUMBAI VADAL
98906,RAVLI JN,PANVEL
98907,PANVEL,MUMBAI VADAL
98908,RAVLI JN,PANVEL
98909,PANVEL,MUMBAI VADAL
98910,RAVLI JN,PANVEL
98911,PANVEL,MUMBAI VADAL
98912,RAVLI JN,PANVEL
98913,PANVEL,RAVLI JN
98914,RAVLI JN,PANVEL
98915,PANVEL,RAVLI JN
98916,RAVLI JN,PANVEL
98917,PANVEL,RAVLI JN
99000,PANVEL,THANE
99001,THANE,PANVEL
99002,PANVEL,THANE
99003,THANE,PANVEL
99004,PANVEL,THANE
99005,THANE,PANVEL
99006,PANVEL,THANE
99007,THANE,PANVEL
99008,PANVEL,THANE
99009,THANE,PANVEL
99010,PANVEL,THANE
99011,THANE,PANVEL
99012,PANVEL,THANE
99013,THANE,PANVEL
99014,PANVEL,THANE
99015,THANE,PANVEL
99016,PANVEL,THANE
99017,THANE,PANVEL
99018,PANVEL,THANE
99019,THANE,PANVEL
99020,PANVEL,THANE
99021,THANE,PANVEL
99022,PANVEL,THANE
99023,THANE,PANVEL
99024,PANVEL,THANE
99025,THANE,PANVEL
99026,PANVEL,THANE
99027,THANE,PANVEL
99028,PANVEL,THANE
99029,THANE,PANVEL
99030,PANVEL,THANE
99031,THANE,PANVEL
99032,PANVEL,THANE
99033,THANE,PANVEL
99034,PANVEL,THANE
99035,THANE,PANVEL
99036,PANVEL,THANE
99037,THANE,PANVEL
99038,PANVEL,THANE
99039,THANE,PANVEL
99040,PANVEL,THANE
99041,THANE,PANVEL
99042,PANVEL,THANE
99100,BELAPUR C.B.,THANE
99101,THANE,BELAPUR C.B.
99102,BELAPUR C.B.,THANE
99103,THANE,BELAPUR C.B.
99104,BELAPUR C.B.,THANE
99105,THANE,BELAPUR C.B.
99107,THANE,BELAPUR C.B.
99200,NERUL,THANE
99201,THANE,NERUL
99202,NERUL,THANE
99203,THANE,NERUL
99204,NERUL,THANE
99205,THANE,NERUL
99206,NERUL,THANE
99207,THANE,NERUL
99208,NERUL,THANE
99209,THANE,NERUL
99210,NERUL,THANE
99211,THANE,NERUL
99212,NERUL,THANE
99213,THANE,NERUL
99214,NERUL,THANE
99215,THANE,NERUL
99216,NERUL,THANE
99217,THANE,NERUL
99218,NERUL,THANE
99219,THANE,NERUL
99220,NERUL,THANE
99221,THANE,NERUL
99222,NERUL,THANE
99223,THANE,NERUL
99224,NERUL,THANE
99225,THANE,NERUL
99226,NERUL,THANE
99227,THANE,NERUL
99228,NERUL,THANE
99229,THANE,NERUL
99230,NERUL,THANE
99231,THANE,NERUL
99232,NERUL,THANE
99233,THANE,NERUL
99234,NERUL,THANE
99235,THANE,NERUL
99236,NERUL,THANE
99237,THANE,NERUL
99238,NERUL,THANE
99239,THANE,NERUL
99240,NERUL,THANE
99241,THANE,NERUL
99242,NERUL,THANE
99243,THANE,NERUL
99244,NERUL,THANE
99245,THANE,NERUL
99246,NERUL,THANE
99247,THANE,NERUL
99248,NERUL,THANE
99249,THANE,NERUL
99250,NERUL,THANE
99251,THANE,NERUL
99252,NERUL,THANE
99253,THANE,NERUL
99254,NERUL,THANE
99255,THANE,NERUL
99400,VASHI,THANE
99401,THANE,VASHI
99402,VASHI,THANE
99403,THANE,VASHI
99404,VASHI,THANE
99405,THANE,VASHI
99406,VASHI,THANE
99407,THANE,VASHI
99408,VASHI,THANE
99409,THANE,VASHI
99410,VASHI,THANE
99411,THANE,VASHI
99412,VASHI,THANE
99413,THANE,VASHI
99414,VASHI,THANE
99415,THANE,VASHI
99416,VASHI,THANE
99417,THANE,VASHI
99418,VASHI,THANE
99419,THANE,VASHI
99420,VASHI,THANE
99421,THANE,VASHI
99422,VASHI,THANE
99423,THANE,VASHI
99424,VASHI,THANE
99425,THANE,VASHI
99426,VASHI,THANE
99427,THANE,VASHI
99428,VASHI,THANE
99429,THANE,VASHI
99430,VASHI,THANE
99431,THANE,VASHI
99432,VASHI,THANE
99433,THANE,VASHI
99434,VASHI,THANE
99435,THANE,VASHI
99436,VASHI,THANE
99437,THANE,VASHI
99438,VASHI,THANE
99439,THANE,VASHI
99440,VASHI,THANE
99441,THANE,VASHI
99442,VASHI,THANE
99443,THANE,VASHI
99444,VASHI,THANE
99445,THANE,VASHI
99446,VASHI,THANE
99447,THANE,VASHI
99448,VASHI,THANE
99449,THANE,VASHI
99450,VASHI,THANE
99451,THANE,VASHI
99452,VASHI,THANE
99453,THANE,VASHI
99454,VASHI,THANE
99455,THANE,VASHI
99456,VASHI,THANE
99457,THANE,VASHI
99458,VASHI,THANE
99459,THANE,VASHI
99460,VASHI,THANE
99461,THANE,VASHI
99462,VASHI,THANE
99463,THANE,VASHI
99464,VASHI,THANE
99465,THANE,VASHI
99466,VASHI,THANE
99467,THANE,VASHI
99468,VASHI,THANE
99469,THANE,VASHI
99470,VASHI,THANE
99471,THANE,VASHI
99472,VASHI,THANE
99473,THANE,VASHI
99474,VASHI,THANE
99475,THANE,VASHI
99476,VASHI,THANE
99477,THANE,VASHI
99478,VASHI,THANE
99479,THANE,VASHI
99480,VASHI,THANE
99481,THANE,VASHI
99482,VASHI,THANE
99483,THANE,VASHI
99484,VASHI,THANE
99485,THANE,VASHI
99486,VASHI,THANE
99487,THANE,VASHI
99488,VASHI,THANE
99489,THANE,VASHI
99490,VASHI,THANE
99491,THANE,VASHI
99492,VASHI,THANE
99493,THANE,VASHI
99494,VASHI,THANE
99495,THANE,VASHI
99496,VASHI,THANE
99497,THANE,VASHI
99498,VASHI,THANE
99499,THANE,VASHI
99500,VASHI,THANE
99501,THANE,VASHI
99502,VASHI,THANE
99503,THANE,VASHI
99801,LONAVLA,PUNE JN.
99802,PUNE JN.,LONAVLA
99803,LONAVLA,PUNE JN.
99804,PUNE JN.,LONAVLA
99805,LONAVLA,PUNE JN.
99806,PUNE JN.,LONAVLA
99807,LONAVLA,PUNE JN.
99808,PUNE JN.,LONAVLA
99809,LONAVLA,PUNE JN.
99810,PUNE JN.,LONAVLA
99811,LONAVLA,PUNE JN.
99812,PUNE JN.,LONAVLA
99813,LONAVLA,PUNE JN.
99814,SHIVAJINAGAR,LONAVLA
99815,LONAVLA,PUNE JN.
99816,PUNE JN.,LONAVLA
99817,LONAVLA,PUNE JN.
99818,PUNE JN.,LONAVLA
99819,LONAVLA,PUNE JN.
99820,PUNE JN.,LONAVLA
99821,LONAVLA,PUNE JN.
99822,PUNE JN.,LONAVLA
99823,LONAVLA,SHIVAJINAGAR
99824,PUNE JN.,LONAVLA
99825,LONAVLA,PUNE JN.
99826,PUNE JN.,LONAVLA
99827,LONAVLA,PUNE JN.
99828,PUNE JN.,LONAVLA
99829,LONAVLA,PUNE JN.
99830,PUNE JN.,LONAVLA
99831,LONAVLA,PUNE JN.
99832,SHIVAJINAGAR,LONAVLA
99833,LONAVLA,PUNE JN.
99834,PUNE JN.,LONAVLA
99835,LONAVLA,PUNE JN.
99836,PUNE JN.,LONAVLA
99901,TALEGAON,PUNE JN.
99902,PUNE JN.,TALEGAON
99903,TALEGAON,PUNE JN.
99904,PUNE JN.,TALEGAON
99905,TALEGAON,SHIVAJINAGAR
99906,PUNE JN.,TALEGAON
99907,TALEGAON,PUNE JN.
99908,PUNE JN.,TALEGAON
