Train_No,Distance,Route_Type,Start_Time,End_Time,Journey_Duration_Hours,Number_of_Stations,Number_of_Stops
107,78,Short,1900-01-01 10:25:00,1900-01-01 12:10:00,1.75,4,3
108,83,Short,1900-01-01 20:30:00,1900-01-01 22:25:00,1.9166666666666667,4,3
128,978,Long,1900-01-01 19:40:00,1900-01-01 17:45:00,22.083333333333332,22,21
290,2694,Long,1900-01-01 18:30:00,1900-01-01 02:30:00,8.0,14,13
401,1618,Long,1900-01-01 21:30:00,1900-01-01 10:00:00,12.5,12,11
421,1276,Long,1900-01-01 23:00:00,1900-01-01 08:00:00,9.0,5,4
422,1277,Long,1900-01-01 11:45:00,1900-01-01 14:30:00,2.75,5,4
477,2616,Long,1900-01-01 12:10:00,1900-01-01 15:20:00,3.1666666666666665,14,13
502,1206,Long,1900-01-01 10:30:00,1900-01-01 09:30:00,23.0,9,8
504,1313,Long,1900-01-01 09:00:00,1900-01-01 10:00:00,1.0,3,2
506,1161,Long,1900-01-01 14:15:00,1900-01-01 15:45:00,1.5,3,2
557,1301,Long,1900-01-01 23:30:00,1900-01-01 11:00:00,11.5,2,1
604,1429,Long,1900-01-01 12:30:00,1900-01-01 16:00:00,3.5,3,2
1011,841,Long,1900-01-01 00:20:00,1900-01-01 14:20:00,14.0,18,17
1037,513,Long,1900-01-01 01:10:00,1900-01-01 10:30:00,9.333333333333334,10,9
1038,503,Long,1900-01-01 14:05:00,1900-01-01 00:20:00,10.25,10,9
1045,563,Long,1900-01-01 01:10:00,1900-01-01 11:00:00,9.833333333333334,11,10
1119,1329,Long,1900-01-01 19:50:00,1900-01-01 20:30:00,0.6666666666666666,24,23
1120,1319,Long,1900-01-01 21:30:00,1900-01-01 22:00:00,0.5,24,23
1122,569,Long,1900-01-01 22:30:00,1900-01-01 10:30:00,12.0,14,13
1196,1332,Long,1900-01-01 19:50:00,1900-01-01 21:30:00,1.6666666666666667,26,25
1301,976,Long,1900-01-01 18:50:00,1900-01-01 12:30:00,17.666666666666668,17,16
1302,973,Long,1900-01-01 15:45:00,1900-01-01 13:10:00,21.416666666666668,17,16
1442,1581,Long,1900-01-01 11:15:00,1900-01-01 02:15:00,15.0,13,12
1655,1050,Long,1900-01-01 10:45:00,1900-01-01 06:15:00,19.5,13,12
1656,1050,Long,1900-01-01 19:30:00,1900-01-01 14:05:00,18.583333333333332,13,12
1705,1261,Long,1900-01-01 00:15:00,1900-01-01 21:40:00,21.416666666666668,14,13
1706,1262,Long,1900-01-01 14:20:00,1900-01-01 11:15:00,20.916666666666668,14,13
1707,1360,Long,1900-01-01 09:15:00,1900-01-01 11:45:00,2.5,17,16
1708,1362,Long,1900-01-01 14:45:00,1900-01-01 17:20:00,2.5833333333333335,17,16
2025,579,Long,1900-01-01 05:00:00,1900-01-01 13:20:00,8.333333333333334,7,6
2026,569,Long,1900-01-01 14:30:00,1900-01-01 23:00:00,8.5,7,6
2191,1123,Long,1900-01-01 20:10:00,1900-01-01 16:00:00,19.833333333333332,16,15
2192,1123,Long,1900-01-01 20:40:00,1900-01-01 15:50:00,19.166666666666668,16,15
2195,551,Long,1900-01-01 13:20:00,1900-01-01 23:00:00,9.666666666666666,10,9
2196,549,Long,1900-01-01 23:45:00,1900-01-01 09:45:00,10.0,10,9
2515,3939,Long,1900-01-01 00:05:00,1900-01-01 05:00:00,4.916666666666667,58,57
2651,62,Short,1900-01-01 07:45:00,1900-01-01 09:10:00,1.4166666666666667,3,2
2652,62,Short,1900-01-01 16:45:00,1900-01-01 18:10:00,1.4166666666666667,3,2
2731,1854,Long,1900-01-01 16:25:00,1900-01-01 06:25:00,14.0,29,28
2732,1853,Long,1900-01-01 14:35:00,1900-01-01 02:00:00,11.416666666666666,29,28
2821,2066,Long,1900-01-01 10:30:00,1900-01-01 18:15:00,7.75,14,13
2822,2073,Long,1900-01-01 18:30:00,1900-01-01 02:45:00,8.25,14,13
2833,2332,Long,1900-01-01 22:20:00,1900-01-01 16:35:00,18.25,29,28
2834,2351,Long,1900-01-01 21:05:00,1900-01-01 13:45:00,16.666666666666668,29,28
2841,1656,Long,1900-01-01 12:40:00,1900-01-01 15:20:00,2.6666666666666665,12,11
2842,1656,Long,1900-01-01 18:20:00,1900-01-01 23:30:00,5.166666666666667,12,11
2845,1770,Long,1900-01-01 10:45:00,1900-01-01 18:20:00,7.583333333333333,17,16
2846,1791,Long,1900-01-01 21:00:00,1900-01-01 02:45:00,5.75,17,16
3101,523,Long,1900-01-01 23:55:00,1900-01-01 11:50:00,11.916666666666666,9,8
3102,522,Long,1900-01-01 22:45:00,1900-01-01 10:25:00,11.666666666666666,9,8
3301,58,Short,1900-01-01 10:10:00,1900-01-01 11:35:00,1.4166666666666667,13,12
3302,58,Short,1900-01-01 11:45:00,1900-01-01 13:10:00,1.4166666666666667,13,12
3305,3,Short,1900-01-01 11:30:00,1900-01-01 11:50:00,0.3333333333333333,2,1
3306,3,Short,1900-01-01 12:05:00,1900-01-01 12:25:00,0.3333333333333333,2,1
3307,4,Short,1900-01-01 14:40:00,1900-01-01 15:15:00,0.5833333333333334,4,3
3308,4,Short,1900-01-01 13:15:00,1900-01-01 13:45:00,0.5,4,3
3501,1193,Long,1900-01-01 18:30:00,1900-01-01 14:10:00,19.666666666666668,5,4
3502,1193,Long,1900-01-01 19:50:00,1900-01-01 17:30:00,21.666666666666668,5,4
4401,710,Long,1900-01-01 22:20:00,1900-01-01 13:00:00,14.666666666666666,13,12
4402,710,Long,1900-01-01 23:50:00,1900-01-01 14:05:00,14.25,13,12
4409,653,Long,1900-01-01 21:10:00,1900-01-01 11:30:00,14.333333333333334,7,6
4410,653,Long,1900-01-01 13:30:00,1900-01-01 03:15:00,13.75,7,6
4419,1916,Long,1900-01-01 10:40:00,1900-01-01 16:55:00,6.25,13,12
4420,1924,Long,1900-01-01 15:35:00,1900-01-01 19:40:00,4.083333333333333,13,12
4735,691,Long,1900-01-01 19:45:00,1900-01-01 10:25:00,14.666666666666666,17,16
4736,691,Long,1900-01-01 19:50:00,1900-01-01 09:25:00,13.583333333333334,17,16
4767,67,Short,1900-01-01 14:25:00,1900-01-01 16:05:00,1.6666666666666667,10,9
4768,67,Short,1900-01-01 11:10:00,1900-01-01 13:00:00,1.8333333333333333,10,9
4769,67,Short,1900-01-01 17:45:00,1900-01-01 19:30:00,1.75,10,9
4770,67,Short,1900-01-01 15:30:00,1900-01-01 17:05:00,1.5833333333333333,10,9
4771,232,Medium,1900-01-01 02:35:00,1900-01-01 08:45:00,6.166666666666667,24,23
4772,232,Medium,1900-01-01 18:45:00,1900-01-01 01:00:00,6.25,24,23
4773,125,Short,1900-01-01 19:35:00,1900-01-01 22:40:00,3.0833333333333335,16,15
4774,125,Short,1900-01-01 01:20:00,1900-01-01 03:55:00,2.5833333333333335,10,9
4801,21,Short,1900-01-01 06:30:00,1900-01-01 07:30:00,1.0,3,2
4802,21,Short,1900-01-01 19:20:00,1900-01-01 20:20:00,1.0,3,2
4831,882,Long,1900-01-01 13:30:00,1900-01-01 10:45:00,21.25,22,21
4832,881,Long,1900-01-01 16:45:00,1900-01-01 11:45:00,19.0,22,21
4851,197,Short,1900-01-01 06:50:00,1900-01-01 11:30:00,4.666666666666667,21,20
4852,197,Short,1900-01-01 16:55:00,1900-01-01 22:00:00,5.083333333333333,21,20
4853,42,Short,1900-01-01 11:55:00,1900-01-01 13:10:00,1.25,6,5
4854,42,Short,1900-01-01 15:45:00,1900-01-01 16:45:00,1.0,6,5
4921,81,Short,1900-01-01 04:45:00,1900-01-01 06:30:00,1.75,13,12
4922,81,Short,1900-01-01 20:45:00,1900-01-01 22:40:00,1.9166666666666667,13,12
4991,99,Short,1900-01-01 14:40:00,1900-01-01 17:10:00,2.5,14,13
4992,99,Short,1900-01-01 09:50:00,1900-01-01 12:10:00,2.3333333333333335,14,13
5061,112,Short,1900-01-01 06:45:00,1900-01-01 09:50:00,3.0833333333333335,5,4
5062,112,Short,1900-01-01 17:20:00,1900-01-01 20:05:00,2.75,5,4
5065,503,Long,1900-01-01 19:30:00,1900-01-01 08:15:00,12.75,15,14
5066,505,Long,1900-01-01 20:25:00,1900-01-01 08:25:00,12.0,15,14
5105,64,Short,1900-01-01 11:45:00,1900-01-01 13:35:00,1.8333333333333333,4,3
5106,64,Short,1900-01-01 14:10:00,1900-01-01 15:40:00,1.5,4,3
5305,136,Short,1900-01-01 14:55:00,1900-01-01 18:25:00,3.5,11,10
5306,136,Short,1900-01-01 11:35:00,1900-01-01 14:30:00,2.9166666666666665,11,10
5309,81,Short,1900-01-01 20:55:00,1900-01-01 22:45:00,1.8333333333333333,6,5
5310,81,Short,1900-01-01 17:30:00,1900-01-01 19:25:00,1.9166666666666667,6,5
5521,81,Short,1900-01-01 20:40:00,1900-01-01 00:25:00,3.75,12,11
5522,81,Short,1900-01-01 05:10:00,1900-01-01 08:00:00,2.8333333333333335,12,11
5613,85,Short,1900-01-01 06:00:00,1900-01-01 08:05:00,2.0833333333333335,11,10
5614,85,Short,1900-01-01 19:10:00,1900-01-01 21:25:00,2.25,9,8
5619,153,Short,1900-01-01 13:20:00,1900-01-01 17:30:00,4.166666666666667,20,19
5620,153,Short,1900-01-01 08:45:00,1900-01-01 12:50:00,4.083333333333333,20,19
5631,380,Medium,1900-01-01 17:30:00,1900-01-01 05:55:00,12.416666666666666,10,9
5632,379,Medium,1900-01-01 19:20:00,1900-01-01 07:45:00,12.416666666666666,10,9
5715,87,Short,1900-01-01 03:00:00,1900-01-01 05:10:00,2.1666666666666665,2,1
5716,87,Short,1900-01-01 04:00:00,1900-01-01 06:30:00,2.5,2,1
5719,204,Medium,1900-01-01 23:15:00,1900-01-01 03:15:00,4.0,11,10
5720,205,Medium,1900-01-01 18:00:00,1900-01-01 23:00:00,5.0,11,10
5863,89,Short,1900-01-01 18:20:00,1900-01-01 21:25:00,3.0833333333333335,15,14
5864,88,Short,1900-01-01 05:00:00,1900-01-01 07:45:00,2.75,15,14
5865,426,Medium,1900-01-01 08:15:00,1900-01-01 20:20:00,12.083333333333334,53,52
5866,425,Medium,1900-01-01 06:00:00,1900-01-01 17:45:00,11.75,53,52
6001,649,Long,1900-01-01 21:50:00,1900-01-01 10:30:00,12.666666666666666,14,13
6002,649,Long,1900-01-01 15:00:00,1900-01-01 03:30:00,12.5,15,14
6006,699,Long,1900-01-01 19:25:00,1900-01-01 10:30:00,15.083333333333334,14,13
6009,1844,Long,1900-01-01 14:10:00,1900-01-01 20:15:00,6.083333333333333,27,26
6010,1843,Long,1900-01-01 19:15:00,1900-01-01 04:30:00,9.25,27,26
6041,849,Long,1900-01-01 18:20:00,1900-01-01 11:00:00,16.666666666666668,19,18
6042,851,Long,1900-01-01 16:15:00,1900-01-01 08:30:00,16.25,20,19
6043,849,Long,1900-01-01 22:30:00,1900-01-01 14:30:00,16.0,18,17
6044,852,Long,1900-01-01 15:15:00,1900-01-01 07:20:00,16.083333333333332,19,18
6046,852,Long,1900-01-01 14:45:00,1900-01-01 08:45:00,18.0,19,18
6047,849,Long,1900-01-01 18:20:00,1900-01-01 10:30:00,16.166666666666668,19,18
6048,852,Long,1900-01-01 13:30:00,1900-01-01 06:30:00,17.0,20,19
6049,855,Long,1900-01-01 14:45:00,1900-01-01 05:50:00,15.083333333333334,19,18
6050,857,Long,1900-01-01 13:00:00,1900-01-01 05:30:00,16.5,20,19
6053,626,Long,1900-01-01 18:35:00,1900-01-01 05:10:00,10.583333333333334,14,13
6054,627,Long,1900-01-01 15:40:00,1900-01-01 05:00:00,13.333333333333334,14,13
6057,1656,Long,1900-01-01 23:50:00,1900-01-01 05:30:00,5.666666666666667,19,18
6058,1655,Long,1900-01-01 15:15:00,1900-01-01 19:00:00,3.75,19,18
6065,500,Medium,1900-01-01 17:20:00,1900-01-01 06:45:00,13.416666666666666,13,12
6066,501,Long,1900-01-01 15:55:00,1900-01-01 02:30:00,10.583333333333334,13,12
6067,522,Long,1900-01-01 19:45:00,1900-01-01 05:40:00,9.916666666666666,9,8
6068,522,Long,1900-01-01 17:30:00,1900-01-01 05:25:00,11.916666666666666,9,8
6081,45,Short,1900-01-01 13:35:00,1900-01-01 14:45:00,1.1666666666666667,4,3
6082,45,Short,1900-01-01 15:05:00,1900-01-01 16:15:00,1.1666666666666667,4,3
6412,2462,Long,1900-01-01 11:10:00,1900-01-01 16:20:00,5.166666666666667,21,20
6512,77,Short,1900-01-01 08:00:00,1900-01-01 10:20:00,2.3333333333333335,14,13
6513,17,Short,1900-01-01 07:10:00,1900-01-01 07:45:00,0.5833333333333334,6,5
6541,881,Long,1900-01-01 18:00:00,1900-01-01 11:35:00,17.583333333333332,14,13
6542,878,Long,1900-01-01 13:35:00,1900-01-01 06:20:00,16.75,14,13
6547,632,Long,1900-01-01 22:45:00,1900-01-01 10:30:00,11.75,14,13
6548,634,Long,1900-01-01 14:45:00,1900-01-01 04:30:00,13.75,13,12
6579,1089,Long,1900-01-01 18:35:00,1900-01-01 14:35:00,20.0,21,20
6580,1086,Long,1900-01-01 13:45:00,1900-01-01 09:05:00,19.333333333333332,21,20
6581,607,Long,1900-01-01 20:15:00,1900-01-01 09:31:00,13.266666666666667,85,84
6582,604,Long,1900-01-01 19:10:00,1900-01-01 08:26:00,13.266666666666667,85,84
6591,62,Short,1900-01-01 06:30:00,1900-01-01 08:00:00,1.5,9,8
6592,61,Short,1900-01-01 08:15:00,1900-01-01 09:50:00,1.5833333333333333,9,8
6593,10,Short,1900-01-01 18:15:00,1900-01-01 18:40:00,0.4166666666666667,4,3
6594,10,Short,1900-01-01 08:25:00,1900-01-01 08:50:00,0.4166666666666667,4,3
6595,33,Short,1900-01-01 10:35:00,1900-01-01 11:25:00,0.8333333333333334,7,6
6596,33,Short,1900-01-01 13:15:00,1900-01-01 14:25:00,1.1666666666666667,7,6
6647,89,Short,1900-01-01 05:30:00,1900-01-01 07:40:00,2.1666666666666665,8,7
6648,89,Short,1900-01-01 16:00:00,1900-01-01 18:30:00,2.5,8,7
6769,116,Short,1900-01-01 04:50:00,1900-01-01 07:30:00,2.6666666666666665,11,10
6770,116,Short,1900-01-01 19:25:00,1900-01-01 22:30:00,3.0833333333333335,11,10
6851,10,Short,1900-01-01 06:00:00,1900-01-01 06:20:00,0.3333333333333333,3,2
6852,10,Short,1900-01-01 21:05:00,1900-01-01 21:30:00,0.4166666666666667,3,2
6853,10,Short,1900-01-01 14:45:00,1900-01-01 15:08:00,0.38333333333333336,3,2
6854,10,Short,1900-01-01 14:10:00,1900-01-01 14:35:00,0.4166666666666667,3,2
6919,247,Medium,1900-01-01 06:25:00,1900-01-01 13:21:00,6.933333333333334,36,35
6920,248,Medium,1900-01-01 13:30:00,1900-01-01 20:21:00,6.85,36,35
7005,2276,Long,1900-01-01 21:30:00,1900-01-01 17:30:00,20.0,34,33
7006,2297,Long,1900-01-01 01:30:00,1900-01-01 23:15:00,21.75,34,33
7007,2023,Long,1900-01-01 22:00:00,1900-01-01 13:45:00,15.75,27,26
7008,2033,Long,1900-01-01 05:00:00,1900-01-01 22:10:00,17.166666666666668,28,27
7016,670,Long,1900-01-01 18:45:00,1900-01-01 07:50:00,13.083333333333334,18,17
7044,735,Long,1900-01-01 16:45:00,1900-01-01 07:50:00,15.083333333333334,11,10
7061,217,Medium,1900-01-01 09:00:00,1900-01-01 13:30:00,4.5,8,7
7062,437,Medium,1900-01-01 15:00:00,1900-01-01 03:30:00,12.5,14,13
7075,554,Long,1900-01-01 19:20:00,1900-01-01 05:30:00,10.166666666666666,17,16
7076,553,Long,1900-01-01 18:10:00,1900-01-01 06:00:00,11.833333333333334,17,16
7109,1589,Long,1900-01-01 15:55:00,1900-01-01 23:10:00,7.25,40,39
7110,1593,Long,1900-01-01 02:15:00,1900-01-01 10:30:00,8.25,40,39
7113,1543,Long,1900-01-01 16:00:00,1900-01-01 23:10:00,7.166666666666667,37,36
7133,1508,Long,1900-01-01 15:30:00,1900-01-01 23:10:00,7.666666666666667,39,38
7134,1511,Long,1900-01-01 02:15:00,1900-01-01 10:30:00,8.25,39,38
7141,1560,Long,1900-01-01 16:15:00,1900-01-01 23:10:00,6.916666666666667,39,38
7142,1563,Long,1900-01-01 02:15:00,1900-01-01 08:30:00,6.25,39,38
7146,763,Long,1900-01-01 17:00:00,1900-01-01 06:30:00,13.5,16,15
7149,2563,Long,1900-01-01 07:30:00,1900-01-01 08:45:00,1.25,37,36
7211,1433,Long,1900-01-01 23:50:00,1900-01-01 06:30:00,6.666666666666667,36,35
7212,1436,Long,1900-01-01 09:30:00,1900-01-01 13:30:00,4.0,36,35
7213,1221,Long,1900-01-01 04:00:00,1900-01-01 06:30:00,2.5,29,28
7214,1226,Long,1900-01-01 09:30:00,1900-01-01 09:35:00,0.08333333333333333,30,29
7217,1360,Long,1900-01-01 23:50:00,1900-01-01 06:30:00,6.666666666666667,37,36
7218,1363,Long,1900-01-01 09:30:00,1900-01-01 13:45:00,4.25,37,36
7410,1147,Long,1900-01-01 09:15:00,1900-01-01 09:30:00,0.25,29,28
7417,1330,Long,1900-01-01 07:30:00,1900-01-01 11:55:00,4.416666666666667,33,32
7418,1331,Long,1900-01-01 22:00:00,1900-01-01 04:00:00,6.0,33,32
7425,537,Long,1900-01-01 18:45:00,1900-01-01 06:00:00,11.25,15,14
7426,537,Long,1900-01-01 17:50:00,1900-01-01 05:10:00,11.333333333333334,15,14
7429,742,Long,1900-01-01 18:30:00,1900-01-01 07:00:00,12.5,11,10
7430,744,Long,1900-01-01 14:15:00,1900-01-01 04:00:00,13.75,11,10
7431,597,Long,1900-01-01 20:10:00,1900-01-01 07:10:00,11.0,13,12
7432,597,Long,1900-01-01 17:00:00,1900-01-01 04:00:00,11.0,14,13
7435,555,Long,1900-01-01 18:00:00,1900-01-01 06:00:00,12.0,14,13
7436,554,Long,1900-01-01 19:15:00,1900-01-01 07:20:00,12.083333333333334,15,14
7438,1533,Long,1900-01-01 13:00:00,1900-01-01 19:45:00,6.75,28,27
7439,1533,Long,1900-01-01 22:50:00,1900-01-01 05:00:00,6.166666666666667,28,27
7487,735,Long,1900-01-01 22:30:00,1900-01-01 10:45:00,12.25,11,10
7505,1973,Long,1900-01-01 11:00:00,1900-01-01 03:45:00,16.75,49,48
7509,1886,Long,1900-01-01 13:25:00,1900-01-01 03:45:00,14.333333333333334,47,46
7517,350,Medium,1900-01-01 22:30:00,1900-01-01 07:45:00,9.25,9,8
7525,322,Medium,1900-01-01 12:00:00,1900-01-01 21:15:00,9.25,33,32
7526,322,Medium,1900-01-01 05:00:00,1900-01-01 15:00:00,10.0,33,32
7603,624,Long,1900-01-01 18:00:00,1900-01-01 06:00:00,12.0,14,13
7604,624,Long,1900-01-01 15:25:00,1900-01-01 06:55:00,15.5,14,13
7607,1014,Long,1900-01-01 18:45:00,1900-01-01 14:00:00,19.25,19,18
7608,1016,Long,1900-01-01 15:45:00,1900-01-01 11:30:00,19.75,19,18
7613,1636,Long,1900-01-01 12:10:00,1900-01-01 23:10:00,11.0,38,37
7614,1641,Long,1900-01-01 02:15:00,1900-01-01 13:15:00,11.0,39,38
7644,597,Long,1900-01-01 20:10:00,1900-01-01 07:45:00,11.583333333333334,11,10
7645,587,Long,1900-01-01 23:00:00,1900-01-01 08:15:00,9.25,10,9
7757,314,Medium,1900-01-01 05:30:00,1900-01-01 10:45:00,5.25,6,5
7758,314,Medium,1900-01-01 17:30:00,1900-01-01 22:50:00,5.333333333333333,6,5
7941,587,Long,1900-01-01 19:00:00,1900-01-01 06:00:00,11.0,12,11
7942,597,Long,1900-01-01 19:00:00,1900-01-01 05:30:00,10.5,13,12
8001,39,Short,1900-01-01 10:10:00,1900-01-01 10:45:00,0.5833333333333334,2,1
8002,39,Short,1900-01-01 18:25:00,1900-01-01 19:10:00,0.75,2,1
8014,12,Short,1900-01-01 08:25:00,1900-01-01 09:05:00,0.6666666666666666,4,3
8017,39,Short,1900-01-01 05:10:00,1900-01-01 06:00:00,0.8333333333333334,6,5
8018,39,Short,1900-01-01 21:40:00,1900-01-01 22:35:00,0.9166666666666666,6,5
8035,120,Short,1900-01-01 12:15:00,1900-01-01 15:10:00,2.9166666666666665,19,18
8036,120,Short,1900-01-01 15:20:00,1900-01-01 18:20:00,3.0,19,18
8051,39,Short,1900-01-01 06:05:00,1900-01-01 06:34:00,0.48333333333333334,3,2
8052,39,Short,1900-01-01 18:35:00,1900-01-01 19:20:00,0.75,5,4
8061,1847,Long,1900-01-01 20:20:00,1900-01-01 06:35:00,10.25,24,23
8062,1838,Long,1900-01-01 12:45:00,1900-01-01 23:20:00,10.583333333333334,24,23
8063,115,Short,1900-01-01 19:00:00,1900-01-01 22:00:00,3.0,17,16
8064,2039,Long,1900-01-01 01:00:00,1900-01-01 09:10:00,8.166666666666666,16,15
8065,115,Short,1900-01-01 15:10:00,1900-01-01 17:50:00,2.6666666666666665,17,16
8082,30,Short,1900-01-01 22:20:00,1900-01-01 22:50:00,0.5,6,5
8087,30,Short,1900-01-01 06:55:00,1900-01-01 07:23:00,0.4666666666666667,6,5
8101,40,Short,1900-01-01 21:15:00,1900-01-01 22:35:00,1.3333333333333333,5,4
8102,40,Short,1900-01-01 20:00:00,1900-01-01 20:55:00,0.9166666666666666,5,4
8301,1567,Long,1900-01-01 09:30:00,1900-01-01 16:40:00,7.166666666666667,15,14
8302,1567,Long,1900-01-01 00:30:00,1900-01-01 06:35:00,6.083333333333333,15,14
8403,495,Medium,1900-01-01 21:25:00,1900-01-01 06:45:00,9.333333333333334,9,8
8404,497,Medium,1900-01-01 19:10:00,1900-01-01 04:00:00,8.833333333333334,9,8
8501,700,Long,1900-01-01 23:00:00,1900-01-01 12:00:00,13.0,13,12
8502,698,Long,1900-01-01 16:30:00,1900-01-01 04:50:00,12.333333333333334,13,12
8511,471,Medium,1900-01-01 15:00:00,1900-01-01 03:00:00,12.0,12,11
8512,471,Medium,1900-01-01 22:15:00,1900-01-01 10:00:00,11.75,12,11
8567,1571,Long,1900-01-01 23:00:00,1900-01-01 03:45:00,4.75,29,28
8568,1578,Long,1900-01-01 05:45:00,1900-01-01 12:30:00,6.75,29,28
8573,760,Long,1900-01-01 22:55:00,1900-01-01 13:25:00,14.5,15,14
8574,759,Long,1900-01-01 15:30:00,1900-01-01 06:50:00,15.333333333333334,15,14
8581,11,Short,1900-01-01 23:30:00,1900-01-01 23:50:00,0.3333333333333333,2,1
8582,11,Short,1900-01-01 04:45:00,1900-01-01 05:00:00,0.25,2,1
8617,1365,Long,1900-01-01 14:05:00,1900-01-01 13:55:00,23.833333333333332,15,14
8618,1356,Long,1900-01-01 22:50:00,1900-01-01 22:30:00,23.666666666666668,15,14
8627,484,Medium,1900-01-01 12:50:00,1900-01-01 22:10:00,9.333333333333334,13,12
8628,481,Medium,1900-01-01 05:45:00,1900-01-01 15:15:00,9.5,14,13
8872,133,Short,1900-01-01 21:30:00,1900-01-01 00:15:00,2.75,17,16
9003,1355,Long,1900-01-01 16:05:00,1900-01-01 06:00:00,13.916666666666666,5,4
9004,1358,Long,1900-01-01 16:15:00,1900-01-01 06:10:00,13.916666666666666,5,4
9005,1373,Long,1900-01-01 16:00:00,1900-01-01 07:55:00,15.916666666666666,4,3
9006,1376,Long,1900-01-01 14:50:00,1900-01-01 06:55:00,16.083333333333332,4,3
9011,1209,Long,1900-01-01 11:15:00,1900-01-01 09:25:00,22.166666666666668,20,19
9012,1211,Long,1900-01-01 14:50:00,1900-01-01 12:45:00,21.916666666666668,20,19
9433,780,Long,1900-01-01 00:25:00,1900-01-01 13:50:00,13.416666666666666,14,13
9434,780,Long,1900-01-01 16:35:00,1900-01-01 06:15:00,13.666666666666666,14,13
9621,1281,Long,1900-01-01 06:30:00,1900-01-01 04:45:00,22.25,12,11
9622,1281,Long,1900-01-01 06:15:00,1900-01-01 03:25:00,21.166666666666668,12,11
9721,429,Medium,1900-01-01 06:15:00,1900-01-01 13:30:00,7.25,12,11
9722,429,Medium,1900-01-01 15:05:00,1900-01-01 22:05:00,7.0,12,11
9761,125,Short,1900-01-01 04:20:00,1900-01-01 07:05:00,2.75,13,12
9809,447,Medium,1900-01-01 21:10:00,1900-01-01 04:20:00,7.166666666666667,11,10
9810,450,Medium,1900-01-01 05:15:00,1900-01-01 13:15:00,8.0,11,10
10103,590,Long,1900-01-01 07:10:00,1900-01-01 18:45:00,11.583333333333334,20,19
10104,594,Long,1900-01-01 09:15:00,1900-01-01 21:40:00,12.416666666666666,20,19
10111,590,Long,1900-01-01 23:05:00,1900-01-01 10:45:00,11.666666666666666,20,19
10112,594,Long,1900-01-01 18:00:00,1900-01-01 05:50:00,11.833333333333334,20,19
10215,726,Long,1900-01-01 21:30:00,1900-01-01 10:55:00,13.416666666666666,13,12
10216,727,Long,1900-01-01 13:50:00,1900-01-01 03:15:00,13.416666666666666,13,12
11001,348,Medium,1900-01-01 05:00:00,1900-01-01 12:15:00,7.25,12,11
11002,348,Medium,1900-01-01 13:00:00,1900-01-01 20:25:00,7.416666666666667,12,11
11003,502,Long,1900-01-01 00:05:00,1900-01-01 10:40:00,10.583333333333334,21,20
11004,504,Long,1900-01-01 18:50:00,1900-01-01 06:45:00,11.916666666666666,21,20
11005,1636,Long,1900-01-01 21:30:00,1900-01-01 07:15:00,9.75,39,38
11006,1639,Long,1900-01-01 20:50:00,1900-01-01 05:40:00,8.833333333333334,38,37
11007,191,Short,1900-01-01 07:00:00,1900-01-01 11:05:00,4.083333333333333,12,11
11008,191,Short,1900-01-01 15:15:00,1900-01-01 19:17:00,4.033333333333333,11,10
11009,191,Short,1900-01-01 14:30:00,1900-01-01 18:40:00,4.166666666666667,12,11
11010,191,Short,1900-01-01 06:05:00,1900-01-01 09:55:00,3.8333333333333335,11,10
11011,723,Long,1900-01-01 12:05:00,1900-01-01 04:45:00,16.666666666666668,16,15
11012,723,Long,1900-01-01 06:30:00,1900-01-01 23:45:00,17.25,16,15
11013,1515,Long,1900-01-01 22:35:00,1900-01-01 07:15:00,8.666666666666666,34,33
11014,1515,Long,1900-01-01 08:55:00,1900-01-01 14:30:00,5.583333333333333,34,33
11015,1678,Long,1900-01-01 22:45:00,1900-01-01 07:05:00,8.333333333333334,47,46
11016,1677,Long,1900-01-01 19:00:00,1900-01-01 04:20:00,9.333333333333334,46,45
11017,1631,Long,1900-01-01 12:05:00,1900-01-01 18:35:00,6.5,30,29
11018,1634,Long,1900-01-01 14:00:00,1900-01-01 23:45:00,9.75,30,29
11019,1941,Long,1900-01-01 15:10:00,1900-01-01 04:15:00,13.083333333333334,39,38
11020,1941,Long,1900-01-01 15:25:00,1900-01-01 03:55:00,12.5,40,39
11021,1843,Long,1900-01-01 21:30:00,1900-01-01 11:45:00,14.25,40,39
11022,1845,Long,1900-01-01 15:00:00,1900-01-01 05:40:00,14.666666666666666,39,38
11023,517,Long,1900-01-01 17:50:00,1900-01-01 06:05:00,12.25,28,27
11024,517,Long,1900-01-01 22:50:00,1900-01-01 11:50:00,13.0,31,30
11025,545,Long,1900-01-01 00:25:00,1900-01-01 12:05:00,11.666666666666666,19,18
11026,545,Long,1900-01-01 11:45:00,1900-01-01 21:50:00,10.083333333333334,19,18
11027,1281,Long,1900-01-01 23:45:00,1900-01-01 03:30:00,3.75,52,51
11028,1283,Long,1900-01-01 23:55:00,1900-01-01 03:45:00,3.8333333333333335,52,51
11029,517,Long,1900-01-01 08:40:00,1900-01-01 20:25:00,11.75,35,34
11030,517,Long,1900-01-01 07:55:00,1900-01-01 20:05:00,12.166666666666666,34,33
11031,108,Short,1900-01-01 10:10:00,1900-01-01 12:20:00,2.1666666666666665,5,4
11032,108,Short,1900-01-01 14:50:00,1900-01-01 17:40:00,2.8333333333333335,5,4
11033,1955,Long,1900-01-01 16:15:00,1900-01-01 06:45:00,14.5,30,29
11034,1953,Long,1900-01-01 16:45:00,1900-01-01 08:05:00,15.333333333333334,30,29
11035,1210,Long,1900-01-01 21:30:00,1900-01-01 21:40:00,0.16666666666666666,27,26
11036,1213,Long,1900-01-01 06:15:00,1900-01-01 05:40:00,23.416666666666668,26,25
11037,1777,Long,1900-01-01 16:15:00,1900-01-01 01:05:00,8.833333333333334,17,16
11038,1777,Long,1900-01-01 15:30:00,1900-01-01 04:05:00,12.583333333333334,17,16
11039,1352,Long,1900-01-01 15:30:00,1900-01-01 20:15:00,4.75,62,61
11040,1353,Long,1900-01-01 08:20:00,1900-01-01 12:45:00,4.416666666666667,60,59
11041,1281,Long,1900-01-01 14:00:00,1900-01-01 16:30:00,2.5,36,35
11042,1283,Long,1900-01-01 12:20:00,1900-01-01 13:35:00,1.25,34,33
11043,1696,Long,1900-01-01 00:15:00,1900-01-01 10:10:00,9.916666666666666,27,26
11044,1700,Long,1900-01-01 18:00:00,1900-01-01 05:45:00,11.75,26,25
11045,2894,Long,1900-01-01 23:45:00,1900-01-01 12:00:00,12.25,39,38
11046,2892,Long,1900-01-01 13:50:00,1900-01-01 03:35:00,13.75,39,38
11047,278,Medium,1900-01-01 00:10:00,1900-01-01 06:25:00,6.25,12,11
11048,279,Medium,1900-01-01 23:30:00,1900-01-01 05:15:00,5.75,12,11
11049,949,Long,1900-01-01 19:25:00,1900-01-01 15:25:00,20.0,18,17
11050,949,Long,1900-01-01 12:50:00,1900-01-01 07:45:00,18.916666666666668,18,17
11051,314,Medium,1900-01-01 23:35:00,1900-01-01 06:20:00,6.75,9,8
11052,314,Medium,1900-01-01 23:55:00,1900-01-01 07:30:00,7.583333333333333,9,8
11053,1552,Long,1900-01-01 16:40:00,1900-01-01 02:10:00,9.5,17,16
11054,1551,Long,1900-01-01 05:20:00,1900-01-01 12:15:00,6.916666666666667,17,16
11055,1732,Long,1900-01-01 10:55:00,1900-01-01 20:20:00,9.416666666666666,23,22
11056,1732,Long,1900-01-01 06:20:00,1900-01-01 16:15:00,9.916666666666666,23,22
11057,2026,Long,1900-01-01 23:30:00,1900-01-01 16:30:00,17.0,90,89
11058,2029,Long,1900-01-01 08:30:00,1900-01-01 04:05:00,19.583333333333332,91,90
11059,1772,Long,1900-01-01 10:55:00,1900-01-01 21:05:00,10.166666666666666,24,23
11060,1770,Long,1900-01-01 05:15:00,1900-01-01 16:15:00,11.0,24,23
11061,1885,Long,1900-01-01 12:15:00,1900-01-01 01:10:00,12.916666666666666,41,40
11062,1883,Long,1900-01-01 13:05:00,1900-01-01 03:40:00,14.583333333333334,39,38
11063,352,Medium,1900-01-01 23:00:00,1900-01-01 05:20:00,6.333333333333333,14,13
11064,352,Medium,1900-01-01 21:20:00,1900-01-01 03:45:00,6.416666666666667,14,13
11067,1510,Long,1900-01-01 05:23:00,1900-01-01 08:55:00,3.533333333333333,20,19
11068,1509,Long,1900-01-01 15:35:00,1900-01-01 21:30:00,5.916666666666667,20,19
11071,1645,Long,1900-01-01 12:40:00,1900-01-01 19:25:00,6.75,43,42
11072,1647,Long,1900-01-01 15:50:00,1900-01-01 22:50:00,7.0,41,40
11073,1265,Long,1900-01-01 13:20:00,1900-01-01 12:55:00,23.583333333333332,18,17
11074,1267,Long,1900-01-01 15:15:00,1900-01-01 16:00:00,0.75,17,16
11075,651,Long,1900-01-01 12:05:00,1900-01-01 01:30:00,13.416666666666666,13,12
11076,651,Long,1900-01-01 08:20:00,1900-01-01 23:55:00,15.583333333333334,13,12
11077,2155,Long,1900-01-01 17:20:00,1900-01-01 10:05:00,16.75,67,66
11078,2157,Long,1900-01-01 21:45:00,1900-01-01 15:10:00,17.416666666666668,65,64
11079,1745,Long,1900-01-01 15:50:00,1900-01-01 01:30:00,9.666666666666666,25,24
11080,1745,Long,1900-01-01 05:30:00,1900-01-01 16:00:00,10.5,24,23
11081,1731,Long,1900-01-01 15:50:00,1900-01-01 02:05:00,10.25,20,19
11082,1731,Long,1900-01-01 13:05:00,1900-01-01 23:00:00,9.916666666666666,19,18
11083,1153,Long,1900-01-01 11:30:00,1900-01-01 15:00:00,3.5,29,28
11084,1153,Long,1900-01-01 17:45:00,1900-01-01 23:15:00,5.5,28,27
11085,574,Long,1900-01-01 05:33:00,1900-01-01 17:30:00,11.95,11,10
11086,578,Long,1900-01-01 06:00:00,1900-01-01 17:10:00,11.166666666666666,11,10
11087,1053,Long,1900-01-01 08:25:00,1900-01-01 04:40:00,20.25,26,25
11088,1053,Long,1900-01-01 19:50:00,1900-01-01 16:45:00,20.916666666666668,25,24
11089,1074,Long,1900-01-01 05:30:00,1900-01-01 04:40:00,23.166666666666668,26,25
11090,1072,Long,1900-01-01 19:50:00,1900-01-01 17:10:00,21.333333333333332,26,25
11091,981,Long,1900-01-01 08:55:00,1900-01-01 04:40:00,19.75,24,23
11092,981,Long,1900-01-01 19:50:00,1900-01-01 15:20:00,19.5,24,23
11093,1516,Long,1900-01-01 00:10:00,1900-01-01 04:40:00,4.5,27,26
11094,1515,Long,1900-01-01 11:20:00,1900-01-01 14:15:00,2.9166666666666665,26,25
11095,623,Long,1900-01-01 16:15:00,1900-01-01 04:40:00,12.416666666666666,17,16
11096,622,Long,1900-01-01 19:50:00,1900-01-01 07:45:00,11.916666666666666,16,15
11097,1278,Long,1900-01-01 23:30:00,1900-01-01 08:10:00,8.666666666666666,33,32
11098,1279,Long,1900-01-01 23:30:00,1900-01-01 05:05:00,5.583333333333333,32,31
11101,1373,Long,1900-01-01 00:25:00,1900-01-01 03:10:00,2.75,23,22
11102,1373,Long,1900-01-01 15:00:00,1900-01-01 20:05:00,5.083333333333333,23,22
11103,1321,Long,1900-01-01 16:50:00,1900-01-01 16:45:00,23.916666666666668,21,20
11104,1321,Long,1900-01-01 05:10:00,1900-01-01 06:40:00,1.5,21,20
11107,629,Long,1900-01-01 20:40:00,1900-01-01 10:50:00,14.166666666666666,31,30
11108,629,Long,1900-01-01 17:45:00,1900-01-01 09:05:00,15.333333333333334,37,36
11109,291,Medium,1900-01-01 06:10:00,1900-01-01 12:05:00,5.916666666666667,11,10
11110,291,Medium,1900-01-01 16:40:00,1900-01-01 22:35:00,5.916666666666667,11,10
11111,939,Long,1900-01-01 13:05:00,1900-01-01 09:00:00,19.916666666666668,12,11
11112,941,Long,1900-01-01 11:55:00,1900-01-01 06:10:00,18.25,12,11
11123,1051,Long,1900-01-01 18:45:00,1900-01-01 20:55:00,2.1666666666666665,49,48
11124,1054,Long,1900-01-01 11:50:00,1900-01-01 13:00:00,1.1666666666666667,49,48
11125,561,Long,1900-01-01 20:05:00,1900-01-01 07:47:00,11.7,11,10
11126,561,Long,1900-01-01 19:30:00,1900-01-01 07:55:00,12.416666666666666,11,10
11201,1015,Long,1900-01-01 16:40:00,1900-01-01 14:15:00,21.583333333333332,26,25
11202,1015,Long,1900-01-01 16:15:00,1900-01-01 13:45:00,21.5,26,25
11203,1340,Long,1900-01-01 11:55:00,1900-01-01 14:05:00,2.1666666666666665,28,27
11204,1340,Long,1900-01-01 16:30:00,1900-01-01 19:15:00,2.75,28,27
11205,699,Long,1900-01-01 16:40:00,1900-01-01 09:15:00,16.583333333333332,20,19
11206,699,Long,1900-01-01 23:15:00,1900-01-01 13:45:00,14.5,20,19
11265,432,Medium,1900-01-01 14:00:00,1900-01-01 23:00:00,9.0,14,13
11266,434,Medium,1900-01-01 06:15:00,1900-01-01 14:55:00,8.666666666666666,14,13
11272,737,Long,1900-01-01 18:15:00,1900-01-01 12:10:00,17.916666666666668,47,46
11301,1154,Long,1900-01-01 08:10:00,1900-01-01 08:50:00,0.6666666666666666,35,34
11302,1154,Long,1900-01-01 20:45:00,1900-01-01 20:15:00,23.5,34,33
11303,989,Long,1900-01-01 23:10:00,1900-01-01 22:40:00,23.5,38,37
11304,987,Long,1900-01-01 07:35:00,1900-01-01 06:45:00,23.166666666666668,38,37
11307,221,Medium,1900-01-01 10:15:00,1900-01-01 14:50:00,4.583333333333333,7,6
11308,223,Medium,1900-01-01 16:00:00,1900-01-01 21:00:00,5.0,7,6
11309,267,Medium,1900-01-01 06:00:00,1900-01-01 12:05:00,6.083333333333333,14,13
11310,267,Medium,1900-01-01 15:25:00,1900-01-01 20:55:00,5.5,14,13
11401,1053,Long,1900-01-01 16:35:00,1900-01-01 16:15:00,23.666666666666668,34,33
11402,1052,Long,1900-01-01 06:00:00,1900-01-01 05:35:00,23.583333333333332,34,33
11403,1026,Long,1900-01-01 15:00:00,1900-01-01 14:00:00,23.0,22,21
11404,1026,Long,1900-01-01 12:50:00,1900-01-01 12:35:00,23.75,22,21
11405,811,Long,1900-01-01 22:00:00,1900-01-01 15:00:00,17.0,18,17
11406,812,Long,1900-01-01 18:30:00,1900-01-01 13:15:00,18.75,18,17
11407,1478,Long,1900-01-01 22:00:00,1900-01-01 02:30:00,4.5,17,16
11408,1478,Long,1900-01-01 06:30:00,1900-01-01 11:05:00,4.583333333333333,17,16
11423,357,Medium,1900-01-01 06:25:00,1900-01-01 14:30:00,8.083333333333334,14,13
11424,356,Medium,1900-01-01 15:00:00,1900-01-01 23:15:00,8.25,14,13
11447,1156,Long,1900-01-01 23:50:00,1900-01-01 04:15:00,4.416666666666667,45,44
11448,1155,Long,1900-01-01 13:10:00,1900-01-01 14:25:00,1.25,46,45
11449,1561,Long,1900-01-01 06:30:00,1900-01-01 15:20:00,8.833333333333334,34,33
11450,1564,Long,1900-01-01 21:55:00,1900-01-01 07:25:00,9.5,31,30
11463,1416,Long,1900-01-01 09:30:00,1900-01-01 15:10:00,5.666666666666667,50,49
11464,1417,Long,1900-01-01 12:00:00,1900-01-01 17:45:00,5.75,50,49
11465,1572,Long,1900-01-01 09:30:00,1900-01-01 18:00:00,8.5,49,48
11466,1575,Long,1900-01-01 10:00:00,1900-01-01 17:45:00,7.75,50,49
11651,344,Medium,1900-01-01 15:30:00,1900-01-01 22:25:00,6.916666666666667,14,13
11652,345,Medium,1900-01-01 04:55:00,1900-01-01 11:55:00,7.0,14,13
11701,751,Long,1900-01-01 05:40:00,1900-01-01 20:30:00,14.833333333333334,16,15
11702,751,Long,1900-01-01 04:10:00,1900-01-01 19:35:00,15.416666666666666,16,15
11703,823,Long,1900-01-01 23:10:00,1900-01-01 16:05:00,16.916666666666668,20,19
11704,821,Long,1900-01-01 20:10:00,1900-01-01 12:15:00,16.083333333333332,20,19
11801,215,Medium,1900-01-01 17:25:00,1900-01-01 22:30:00,5.083333333333333,6,5
11802,215,Medium,1900-01-01 05:10:00,1900-01-01 10:05:00,4.916666666666667,6,5
11901,292,Medium,1900-01-01 05:30:00,1900-01-01 12:40:00,7.166666666666667,13,12
11902,294,Medium,1900-01-01 14:55:00,1900-01-01 21:35:00,6.666666666666667,13,12
12001,688,Long,1900-01-01 15:00:00,1900-01-01 23:30:00,8.5,10,9
12002,690,Long,1900-01-01 06:00:00,1900-01-01 14:25:00,8.416666666666666,10,9
12003,504,Long,1900-01-01 15:35:00,1900-01-01 22:15:00,6.666666666666667,7,6
12004,504,Long,1900-01-01 06:10:00,1900-01-01 12:40:00,6.5,7,6
12005,268,Medium,1900-01-01 17:15:00,1900-01-01 21:20:00,4.083333333333333,5,4
12006,268,Medium,1900-01-01 06:15:00,1900-01-01 10:20:00,4.083333333333333,5,4
12007,498,Medium,1900-01-01 06:00:00,1900-01-01 13:00:00,7.0,4,3
12008,499,Medium,1900-01-01 14:15:00,1900-01-01 21:25:00,7.166666666666667,4,3
12009,490,Medium,1900-01-01 06:25:00,1900-01-01 12:45:00,6.333333333333333,9,8
12010,490,Medium,1900-01-01 14:40:00,1900-01-01 21:20:00,6.666666666666667,9,8
12011,268,Medium,1900-01-01 07:40:00,1900-01-01 11:45:00,4.083333333333333,6,5
12012,268,Medium,1900-01-01 17:45:00,1900-01-01 21:55:00,4.166666666666667,6,5
12013,447,Medium,1900-01-01 16:30:00,1900-01-01 22:30:00,6.0,8,7
12014,447,Medium,1900-01-01 05:00:00,1900-01-01 11:00:00,6.0,8,7
12015,442,Medium,1900-01-01 06:05:00,1900-01-01 12:45:00,6.666666666666667,10,9
12016,442,Medium,1900-01-01 15:45:00,1900-01-01 22:40:00,6.916666666666667,10,9
12017,314,Medium,1900-01-01 06:45:00,1900-01-01 12:40:00,5.916666666666667,8,7
12018,314,Medium,1900-01-01 17:00:00,1900-01-01 22:45:00,5.75,8,7
12019,436,Medium,1900-01-01 06:05:00,1900-01-01 13:15:00,7.166666666666667,10,9
12020,434,Medium,1900-01-01 13:45:00,1900-01-01 21:30:00,7.75,10,9
12021,402,Medium,1900-01-01 06:20:00,1900-01-01 13:05:00,6.75,10,9
12022,401,Medium,1900-01-01 13:45:00,1900-01-01 20:50:00,7.083333333333333,11,10
12023,530,Long,1900-01-01 14:05:00,1900-01-01 22:45:00,8.666666666666666,14,13
12024,531,Long,1900-01-01 05:35:00,1900-01-01 13:25:00,7.833333333333333,14,13
12025,598,Long,1900-01-01 05:50:00,1900-01-01 14:20:00,8.5,8,7
12026,598,Long,1900-01-01 14:45:00,1900-01-01 23:10:00,8.416666666666666,8,7
12027,360,Medium,1900-01-01 17:30:00,1900-01-01 22:30:00,5.0,4,3
12028,361,Medium,1900-01-01 06:00:00,1900-01-01 11:00:00,5.0,4,3
12029,447,Medium,1900-01-01 07:20:00,1900-01-01 13:45:00,6.416666666666667,8,7
12030,447,Medium,1900-01-01 16:50:00,1900-01-01 23:05:00,6.25,8,7
12031,447,Medium,1900-01-01 07:20:00,1900-01-01 13:45:00,6.416666666666667,8,7
12032,447,Medium,1900-01-01 16:50:00,1900-01-01 23:05:00,6.25,8,7
12033,430,Medium,1900-01-01 06:00:00,1900-01-01 11:20:00,5.333333333333333,5,4
12034,430,Medium,1900-01-01 15:50:00,1900-01-01 20:45:00,4.916666666666667,4,3
12035,240,Medium,1900-01-01 07:05:00,1900-01-01 10:35:00,3.5,4,3
12036,240,Medium,1900-01-01 17:40:00,1900-01-01 21:20:00,3.6666666666666665,4,3
12037,328,Medium,1900-01-01 07:00:00,1900-01-01 12:25:00,5.416666666666667,7,6
12038,328,Medium,1900-01-01 16:40:00,1900-01-01 22:10:00,5.5,7,6
12039,283,Medium,1900-01-01 15:35:00,1900-01-01 21:05:00,5.5,8,7
12040,283,Medium,1900-01-01 06:00:00,1900-01-01 11:40:00,5.666666666666667,8,7
12041,560,Long,1900-01-01 14:15:00,1900-01-01 22:30:00,8.25,7,6
12042,560,Long,1900-01-01 05:30:00,1900-01-01 13:35:00,8.083333333333334,7,6
12043,397,Medium,1900-01-01 07:00:00,1900-01-01 14:05:00,7.083333333333333,8,7
12044,397,Medium,1900-01-01 15:00:00,1900-01-01 22:10:00,7.166666666666667,8,7
12045,243,Medium,1900-01-01 19:15:00,1900-01-01 22:45:00,3.5,4,3
12046,243,Medium,1900-01-01 12:00:00,1900-01-01 15:25:00,3.4166666666666665,4,3
12047,385,Medium,1900-01-01 16:20:00,1900-01-01 22:50:00,6.5,10,9
12048,385,Medium,1900-01-01 04:00:00,1900-01-01 11:20:00,7.333333333333333,10,9
12049,181,Short,1900-01-01 17:50:00,1900-01-01 19:30:00,1.6666666666666667,2,1
12050,183,Short,1900-01-01 08:10:00,1900-01-01 09:50:00,1.6666666666666667,2,1
12051,581,Long,1900-01-01 05:25:00,1900-01-01 14:05:00,8.666666666666666,9,8
12052,585,Long,1900-01-01 14:30:00,1900-01-01 23:05:00,8.583333333333334,9,8
12053,406,Medium,1900-01-01 14:45:00,1900-01-01 22:05:00,7.333333333333333,11,10
12054,406,Medium,1900-01-01 06:50:00,1900-01-01 14:10:00,7.333333333333333,11,10
12055,304,Medium,1900-01-01 15:20:00,1900-01-01 21:10:00,5.833333333333333,9,8
12056,304,Medium,1900-01-01 05:05:00,1900-01-01 11:15:00,6.166666666666667,10,9
12057,386,Medium,1900-01-01 14:35:00,1900-01-01 22:10:00,7.583333333333333,14,13
12058,386,Medium,1900-01-01 05:00:00,1900-01-01 12:00:00,7.0,14,13
12059,447,Medium,1900-01-01 05:55:00,1900-01-01 12:30:00,6.583333333333333,10,9
12060,450,Medium,1900-01-01 13:15:00,1900-01-01 20:00:00,6.75,10,9
12061,330,Medium,1900-01-01 17:40:00,1900-01-01 22:55:00,5.25,10,9
12062,330,Medium,1900-01-01 05:30:00,1900-01-01 11:00:00,5.5,10,9
12065,389,Medium,1900-01-01 05:45:00,1900-01-01 12:35:00,6.833333333333333,10,9
12066,389,Medium,1900-01-01 15:30:00,1900-01-01 22:25:00,6.916666666666667,10,9
12067,376,Medium,1900-01-01 06:30:00,1900-01-01 13:20:00,6.833333333333333,11,10
12068,375,Medium,1900-01-01 14:30:00,1900-01-01 21:20:00,6.833333333333333,11,10
12069,419,Medium,1900-01-01 06:25:00,1900-01-01 13:25:00,7.0,15,14
12070,411,Medium,1900-01-01 15:00:00,1900-01-01 22:00:00,7.0,15,14
12071,422,Medium,1900-01-01 14:00:00,1900-01-01 21:30:00,7.5,7,6
12072,422,Medium,1900-01-01 04:45:00,1900-01-01 12:30:00,7.75,7,6
12073,442,Medium,1900-01-01 13:25:00,1900-01-01 20:20:00,6.916666666666667,9,8
12074,441,Medium,1900-01-01 06:00:00,1900-01-01 12:40:00,6.666666666666667,9,8
12075,399,Medium,1900-01-01 13:40:00,1900-01-01 21:05:00,7.416666666666667,12,11
12076,398,Medium,1900-01-01 06:00:00,1900-01-01 13:00:00,7.0,12,11
12077,453,Medium,1900-01-01 07:35:00,1900-01-01 14:45:00,7.166666666666667,10,9
12078,453,Medium,1900-01-01 15:20:00,1900-01-01 22:35:00,7.25,10,9
12079,470,Medium,1900-01-01 06:00:00,1900-01-01 13:25:00,7.416666666666667,11,10
12080,468,Medium,1900-01-01 14:00:00,1900-01-01 21:25:00,7.416666666666667,11,10
12081,500,Medium,1900-01-01 04:50:00,1900-01-01 14:00:00,9.166666666666666,15,14
12082,499,Medium,1900-01-01 14:40:00,1900-01-01 23:50:00,9.166666666666666,15,14
12083,361,Medium,1900-01-01 14:50:00,1900-01-01 21:15:00,6.416666666666667,10,9
12084,361,Medium,1900-01-01 07:10:00,1900-01-01 13:40:00,6.5,10,9
12085,506,Long,1900-01-01 12:10:00,1900-01-01 21:15:00,9.083333333333334,10,9
12086,505,Long,1900-01-01 05:00:00,1900-01-01 13:55:00,8.916666666666666,10,9
12087,332,Medium,1900-01-01 05:00:00,1900-01-01 11:00:00,6.0,8,7
12088,332,Medium,1900-01-01 15:20:00,1900-01-01 21:40:00,6.333333333333333,8,7
12101,1956,Long,1900-01-01 20:35:00,1900-01-01 03:35:00,7.0,16,15
12102,1963,Long,1900-01-01 22:50:00,1900-01-01 05:50:00,7.0,17,16
12103,1478,Long,1900-01-01 16:15:00,1900-01-01 17:10:00,0.9166666666666666,13,12
12104,1478,Long,1900-01-01 06:30:00,1900-01-01 08:05:00,1.5833333333333333,13,12
12105,971,Long,1900-01-01 19:05:00,1900-01-01 11:15:00,16.166666666666668,26,25
12106,972,Long,1900-01-01 14:50:00,1900-01-01 07:00:00,16.166666666666668,27,26
12107,1408,Long,1900-01-01 16:25:00,1900-01-01 15:10:00,22.75,11,10
12108,1408,Long,1900-01-01 22:45:00,1900-01-01 23:00:00,0.25,11,10
12109,260,Medium,1900-01-01 18:15:00,1900-01-01 22:50:00,4.583333333333333,10,9
12110,260,Medium,1900-01-01 06:02:00,1900-01-01 10:45:00,4.716666666666667,10,9
12111,676,Long,1900-01-01 19:55:00,1900-01-01 08:05:00,12.166666666666666,14,13
12112,676,Long,1900-01-01 19:05:00,1900-01-01 06:25:00,11.333333333333334,14,13
12113,895,Long,1900-01-01 17:40:00,1900-01-01 09:25:00,15.75,9,8
12114,895,Long,1900-01-01 18:35:00,1900-01-01 09:45:00,15.166666666666666,9,8
12115,456,Medium,1900-01-01 22:45:00,1900-01-01 06:50:00,8.083333333333334,14,13
12116,457,Medium,1900-01-01 22:45:00,1900-01-01 06:50:00,8.083333333333334,15,14
12117,244,Medium,1900-01-01 15:00:00,1900-01-01 19:25:00,4.416666666666667,10,9
12118,244,Medium,1900-01-01 08:35:00,1900-01-01 13:00:00,4.416666666666667,10,9
12119,180,Short,1900-01-01 05:30:00,1900-01-01 08:15:00,2.75,5,4
12120,180,Short,1900-01-01 18:30:00,1900-01-01 21:40:00,3.1666666666666665,5,4
12121,883,Long,1900-01-01 19:10:00,1900-01-01 09:05:00,13.916666666666666,7,6
12122,886,Long,1900-01-01 17:25:00,1900-01-01 07:45:00,14.333333333333334,7,6
12123,191,Short,1900-01-01 17:10:00,1900-01-01 20:25:00,3.25,5,4
12124,191,Short,1900-01-01 07:15:00,1900-01-01 10:25:00,3.1666666666666665,4,3
12125,190,Short,1900-01-01 16:25:00,1900-01-01 19:50:00,3.4166666666666665,8,7
12126,190,Short,1900-01-01 07:50:00,1900-01-01 11:15:00,3.4166666666666665,7,6
12127,191,Short,1900-01-01 06:40:00,1900-01-01 09:57:00,3.283333333333333,6,5
12128,191,Short,1900-01-01 17:55:00,1900-01-01 21:05:00,3.1666666666666665,5,4
12129,2026,Long,1900-01-01 18:25:00,1900-01-01 04:10:00,9.75,30,29
12130,2033,Long,1900-01-01 21:50:00,1900-01-01 06:50:00,9.0,30,29
12131,330,Medium,1900-01-01 21:45:00,1900-01-01 03:45:00,6.0,8,7
12132,330,Medium,1900-01-01 22:25:00,1900-01-01 04:30:00,6.083333333333333,8,7
12133,903,Long,1900-01-01 22:02:00,1900-01-01 12:40:00,14.633333333333333,14,13
12134,909,Long,1900-01-01 13:55:00,1900-01-01 04:25:00,14.5,14,13
12135,895,Long,1900-01-01 17:40:00,1900-01-01 09:25:00,15.75,18,17
12136,895,Long,1900-01-01 18:35:00,1900-01-01 09:45:00,15.166666666666666,18,17
12137,1910,Long,1900-01-01 19:35:00,1900-01-01 05:50:00,10.25,56,55
12138,1913,Long,1900-01-01 21:40:00,1900-01-01 07:35:00,9.916666666666666,54,53
12139,841,Long,1900-01-01 15:00:00,1900-01-01 06:10:00,15.166666666666666,33,32
12140,841,Long,1900-01-01 21:00:00,1900-01-01 12:00:00,15.0,33,32
12141,1693,Long,1900-01-01 23:35:00,1900-01-01 04:00:00,4.416666666666667,14,13
12142,1692,Long,1900-01-01 11:05:00,1900-01-01 15:15:00,4.166666666666667,13,12
12143,1540,Long,1900-01-01 16:40:00,1900-01-01 20:00:00,3.3333333333333335,14,13
12144,1541,Long,1900-01-01 23:55:00,1900-01-01 04:10:00,4.25,14,13
12145,1888,Long,1900-01-01 20:35:00,1900-01-01 07:30:00,10.916666666666666,27,26
12146,1895,Long,1900-01-01 21:25:00,1900-01-01 07:30:00,10.083333333333334,27,26
12147,1897,Long,1900-01-01 09:05:00,1900-01-01 17:10:00,8.083333333333334,22,21
12148,1900,Long,1900-01-01 05:50:00,1900-01-01 16:20:00,10.5,22,21
12149,1757,Long,1900-01-01 20:55:00,1900-01-01 03:30:00,6.583333333333333,19,18
12150,1756,Long,1900-01-01 22:55:00,1900-01-01 05:30:00,6.583333333333333,19,18
12151,2089,Long,1900-01-01 20:35:00,1900-01-01 08:25:00,11.833333333333334,24,23
12152,2095,Long,1900-01-01 21:15:00,1900-01-01 07:30:00,10.25,23,22
12153,820,Long,1900-01-01 16:25:00,1900-01-01 05:20:00,12.916666666666666,10,9
12154,820,Long,1900-01-01 18:20:00,1900-01-01 07:30:00,13.166666666666666,10,9
12155,681,Long,1900-01-01 21:05:00,1900-01-01 08:00:00,10.916666666666666,10,9
12156,683,Long,1900-01-01 20:55:00,1900-01-01 07:05:00,10.166666666666666,10,9
12157,265,Medium,1900-01-01 18:00:00,1900-01-01 22:00:00,4.0,4,3
12158,265,Medium,1900-01-01 06:30:00,1900-01-01 10:30:00,4.0,4,3
12159,725,Long,1900-01-01 17:45:00,1900-01-01 06:55:00,13.166666666666666,20,19
12160,725,Long,1900-01-01 20:50:00,1900-01-01 09:50:00,13.0,20,19
12161,1320,Long,1900-01-01 16:25:00,1900-01-01 13:00:00,20.583333333333332,21,20
12162,1320,Long,1900-01-01 23:35:00,1900-01-01 23:00:00,23.416666666666668,21,20
12163,1278,Long,1900-01-01 20:30:00,1900-01-01 19:45:00,23.25,24,23
12164,1281,Long,1900-01-01 06:50:00,1900-01-01 06:00:00,23.166666666666668,22,21
12165,1488,Long,1900-01-01 05:23:00,1900-01-01 07:05:00,1.7,16,15
12166,1487,Long,1900-01-01 20:20:00,1900-01-01 21:30:00,1.1666666666666667,16,15
12167,1500,Long,1900-01-01 00:35:00,1900-01-01 03:45:00,3.1666666666666665,13,12
12168,1500,Long,1900-01-01 10:25:00,1900-01-01 12:25:00,2.0,13,12
12169,265,Medium,1900-01-01 09:30:00,1900-01-01 13:30:00,4.0,5,4
12170,265,Medium,1900-01-01 14:00:00,1900-01-01 18:05:00,4.083333333333333,5,4
12171,1756,Long,1900-01-01 07:55:00,1900-01-01 13:15:00,5.333333333333333,12,11
12172,1759,Long,1900-01-01 18:45:00,1900-01-01 23:45:00,5.0,12,11
12173,1581,Long,1900-01-01 16:25:00,1900-01-01 19:05:00,2.6666666666666665,13,12
12174,1581,Long,1900-01-01 01:50:00,1900-01-01 06:00:00,4.166666666666667,13,12
12175,1291,Long,1900-01-01 17:45:00,1900-01-01 17:15:00,23.5,31,30
12176,1292,Long,1900-01-01 07:15:00,1900-01-01 06:45:00,23.5,31,30
12177,1451,Long,1900-01-01 17:45:00,1900-01-01 20:20:00,2.5833333333333335,34,33
12178,1453,Long,1900-01-01 04:25:00,1900-01-01 06:45:00,2.3333333333333335,34,33
12179,323,Medium,1900-01-01 15:55:00,1900-01-01 21:55:00,6.0,14,13
12180,323,Medium,1900-01-01 05:50:00,1900-01-01 11:45:00,5.916666666666667,14,13
12181,1024,Long,1900-01-01 20:25:00,1900-01-01 14:20:00,17.916666666666668,22,21
12182,1024,Long,1900-01-01 15:30:00,1900-01-01 08:45:00,17.25,22,21
12183,754,Long,1900-01-01 19:20:00,1900-01-01 09:00:00,13.666666666666666,11,10
12184,754,Long,1900-01-01 19:10:00,1900-01-01 08:50:00,13.666666666666666,11,10
12185,555,Long,1900-01-01 22:00:00,1900-01-01 08:00:00,10.0,15,14
12186,557,Long,1900-01-01 20:05:00,1900-01-01 06:05:00,10.0,15,14
12187,996,Long,1900-01-01 19:30:00,1900-01-01 12:15:00,16.75,15,14
12188,996,Long,1900-01-01 13:30:00,1900-01-01 06:00:00,16.5,15,14
12189,937,Long,1900-01-01 18:10:00,1900-01-01 11:40:00,17.5,29,28
12190,938,Long,1900-01-01 16:05:00,1900-01-01 09:35:00,17.5,28,27
12191,1021,Long,1900-01-01 14:05:00,1900-01-01 07:15:00,17.166666666666668,24,23
12192,1019,Long,1900-01-01 17:30:00,1900-01-01 11:50:00,18.333333333333332,24,23
12193,1747,Long,1900-01-01 15:50:00,1900-01-01 22:15:00,6.416666666666667,20,19
12194,1734,Long,1900-01-01 06:45:00,1900-01-01 13:30:00,6.75,20,19
12195,375,Medium,1900-01-01 05:05:00,1900-01-01 11:50:00,6.75,14,13
12196,375,Medium,1900-01-01 15:00:00,1900-01-01 21:40:00,6.666666666666667,14,13
12197,484,Medium,1900-01-01 15:30:00,1900-01-01 00:15:00,8.75,11,10
12198,484,Medium,1900-01-01 06:20:00,1900-01-01 15:00:00,8.666666666666666,11,10
12201,1513,Long,1900-01-01 16:55:00,1900-01-01 20:25:00,3.5,25,24
12202,1517,Long,1900-01-01 08:45:00,1900-01-01 11:45:00,3.0,25,24
12203,1711,Long,1900-01-01 14:55:00,1900-01-01 21:05:00,6.166666666666667,23,22
12204,1714,Long,1900-01-01 04:10:00,1900-01-01 10:10:00,6.0,23,22
12205,304,Medium,1900-01-01 23:50:00,1900-01-01 05:40:00,5.833333333333333,7,6
12206,304,Medium,1900-01-01 23:35:00,1900-01-01 05:20:00,5.75,7,6
12207,768,Long,1900-01-01 18:30:00,1900-01-01 09:45:00,15.25,16,15
12208,768,Long,1900-01-01 23:15:00,1900-01-01 14:40:00,15.416666666666666,16,15
12209,415,Medium,1900-01-01 06:15:00,1900-01-01 14:50:00,8.583333333333334,12,11
12210,415,Medium,1900-01-01 19:10:00,1900-01-01 04:35:00,9.416666666666666,12,11
12211,1057,Long,1900-01-01 15:15:00,1900-01-01 12:35:00,21.333333333333332,14,13
12212,1059,Long,1900-01-01 20:55:00,1900-01-01 18:05:00,21.166666666666668,14,13
12213,2350,Long,1900-01-01 23:40:00,1900-01-01 07:00:00,7.333333333333333,7,6
12214,2351,Long,1900-01-01 23:00:00,1900-01-01 07:55:00,8.916666666666666,6,5
12215,1431,Long,1900-01-01 09:20:00,1900-01-01 08:10:00,22.833333333333332,18,17
12216,1429,Long,1900-01-01 12:45:00,1900-01-01 12:15:00,23.5,18,17
12217,3086,Long,1900-01-01 09:20:00,1900-01-01 15:45:00,6.416666666666667,22,21
12218,3084,Long,1900-01-01 09:30:00,1900-01-01 14:45:00,5.25,22,21
12219,774,Long,1900-01-01 23:05:00,1900-01-01 11:05:00,12.0,4,3
12220,774,Long,1900-01-01 23:05:00,1900-01-01 11:05:00,12.0,4,3
12221,2026,Long,1900-01-01 15:15:00,1900-01-01 19:40:00,4.416666666666667,8,7
12222,2033,Long,1900-01-01 08:20:00,1900-01-01 11:45:00,3.4166666666666665,8,7
12223,1301,Long,1900-01-01 20:50:00,1900-01-01 17:50:00,21.0,6,5
12224,1306,Long,1900-01-01 21:30:00,1900-01-01 18:15:00,20.75,6,5
12225,795,Long,1900-01-01 16:25:00,1900-01-01 07:05:00,14.666666666666666,15,14
12226,796,Long,1900-01-01 19:15:00,1900-01-01 09:30:00,14.25,15,14
12227,831,Long,1900-01-01 23:15:00,1900-01-01 11:05:00,11.833333333333334,5,4
12228,831,Long,1900-01-01 23:00:00,1900-01-01 11:40:00,12.666666666666666,5,4
12229,492,Medium,1900-01-01 22:15:00,1900-01-01 07:10:00,8.916666666666666,9,8
12230,492,Medium,1900-01-01 22:05:00,1900-01-01 06:45:00,8.666666666666666,9,8
12231,644,Long,1900-01-01 22:30:00,1900-01-01 10:10:00,11.666666666666666,16,15
12232,644,Long,1900-01-01 21:10:00,1900-01-01 08:50:00,11.666666666666666,16,15
12235,2446,Long,1900-01-01 18:15:00,1900-01-01 13:55:00,19.666666666666668,26,25
12236,2448,Long,1900-01-01 09:25:00,1900-01-01 06:15:00,20.833333333333332,26,25
12237,1253,Long,1900-01-01 12:50:00,1900-01-01 11:25:00,22.583333333333332,13,12
12238,1253,Long,1900-01-01 14:00:00,1900-01-01 12:40:00,22.666666666666668,13,12
12239,1157,Long,1900-01-01 23:15:00,1900-01-01 14:35:00,15.333333333333334,5,4
12240,1158,Long,1900-01-01 19:10:00,1900-01-01 11:40:00,16.5,5,4
12241,247,Medium,1900-01-01 17:10:00,1900-01-01 21:25:00,4.25,6,5
12242,247,Medium,1900-01-01 05:15:00,1900-01-01 09:15:00,4.0,6,5
12243,491,Medium,1900-01-01 07:15:00,1900-01-01 14:15:00,7.0,6,5
12244,493,Medium,1900-01-01 15:25:00,1900-01-01 22:15:00,6.833333333333333,6,5
12245,1957,Long,1900-01-01 10:55:00,1900-01-01 16:00:00,5.083333333333333,6,5
12246,1959,Long,1900-01-01 11:00:00,1900-01-01 16:15:00,5.25,6,5
12247,1355,Long,1900-01-01 16:35:00,1900-01-01 09:40:00,17.083333333333332,7,6
12248,1358,Long,1900-01-01 15:35:00,1900-01-01 09:20:00,17.75,7,6
12249,1425,Long,1900-01-01 18:40:00,1900-01-01 11:20:00,16.666666666666668,7,6
12250,1426,Long,1900-01-01 19:50:00,1900-01-01 12:40:00,16.833333333333332,7,6
12251,1611,Long,1900-01-01 23:40:00,1900-01-01 04:30:00,4.833333333333333,25,24
12252,1605,Long,1900-01-01 08:00:00,1900-01-01 13:30:00,5.5,26,25
12253,2478,Long,1900-01-01 13:30:00,1900-01-01 08:30:00,19.0,29,28
12254,2477,Long,1900-01-01 13:30:00,1900-01-01 09:05:00,19.583333333333332,29,28
12257,798,Long,1900-01-01 21:00:00,1900-01-01 13:00:00,16.0,19,18
12258,797,Long,1900-01-01 17:00:00,1900-01-01 09:30:00,16.5,19,18
12259,1448,Long,1900-01-01 18:30:00,1900-01-01 11:30:00,17.0,5,4
12260,1449,Long,1900-01-01 19:40:00,1900-01-01 12:35:00,16.916666666666668,5,4
12261,1972,Long,1900-01-01 17:15:00,1900-01-01 19:40:00,2.4166666666666665,7,6
12262,1979,Long,1900-01-01 08:20:00,1900-01-01 10:30:00,2.1666666666666665,7,6
12263,1498,Long,1900-01-01 11:10:00,1900-01-01 06:55:00,19.75,7,6
12264,1501,Long,1900-01-01 10:55:00,1900-01-01 07:10:00,20.25,7,6
12265,577,Long,1900-01-01 22:15:00,1900-01-01 07:25:00,9.166666666666666,3,2
12266,577,Long,1900-01-01 19:20:00,1900-01-01 04:20:00,9.0,3,2
12267,490,Medium,1900-01-01 23:25:00,1900-01-01 05:55:00,6.5,2,1
12268,490,Medium,1900-01-01 23:40:00,1900-01-01 06:00:00,6.333333333333333,2,1
12269,2156,Long,1900-01-01 06:40:00,1900-01-01 10:35:00,3.9166666666666665,7,6
12270,2155,Long,1900-01-01 15:45:00,1900-01-01 20:10:00,4.416666666666667,7,6
12273,1516,Long,1900-01-01 08:35:00,1900-01-01 06:25:00,21.833333333333332,6,5
12274,1517,Long,1900-01-01 12:55:00,1900-01-01 10:40:00,21.75,6,5
12275,629,Long,1900-01-01 22:40:00,1900-01-01 06:25:00,7.75,2,1
12276,629,Long,1900-01-01 22:15:00,1900-01-01 05:50:00,7.583333333333333,2,1
12277,504,Long,1900-01-01 14:25:00,1900-01-01 21:55:00,7.5,8,7
12278,503,Long,1900-01-01 05:45:00,1900-01-01 13:40:00,7.916666666666667,8,7
12279,385,Medium,1900-01-01 15:20:00,1900-01-01 22:05:00,6.75,11,10
12280,388,Medium,1900-01-01 07:00:00,1900-01-01 14:10:00,7.166666666666667,11,10
12281,1714,Long,1900-01-01 08:00:00,1900-01-01 06:25:00,22.416666666666668,6,5
12282,1717,Long,1900-01-01 12:55:00,1900-01-01 10:45:00,21.833333333333332,6,5
12283,2636,Long,1900-01-01 23:30:00,1900-01-01 19:40:00,20.166666666666668,11,10
12284,2634,Long,1900-01-01 21:35:00,1900-01-01 15:40:00,18.083333333333332,11,10
12285,1651,Long,1900-01-01 13:10:00,1900-01-01 10:35:00,21.416666666666668,6,5
12286,1652,Long,1900-01-01 15:45:00,1900-01-01 14:00:00,22.25,6,5
12289,841,Long,1900-01-01 20:15:00,1900-01-01 07:20:00,11.083333333333334,4,3
12290,841,Long,1900-01-01 20:40:00,1900-01-01 08:05:00,11.416666666666666,4,3
12291,364,Medium,1900-01-01 22:45:00,1900-01-01 05:15:00,6.5,7,6
12292,363,Medium,1900-01-01 23:30:00,1900-01-01 06:00:00,6.5,7,6
12293,1353,Long,1900-01-01 17:25:00,1900-01-01 12:35:00,19.166666666666668,5,4
12294,1352,Long,1900-01-01 19:30:00,1900-01-01 14:55:00,19.416666666666668,5,4
12295,2703,Long,1900-01-01 09:00:00,1900-01-01 09:05:00,0.08333333333333333,36,35
12296,2697,Long,1900-01-01 20:10:00,1900-01-01 20:20:00,0.16666666666666666,37,36
12297,623,Long,1900-01-01 22:30:00,1900-01-01 07:10:00,8.666666666666666,4,3
12298,622,Long,1900-01-01 21:35:00,1900-01-01 06:20:00,8.75,4,3
12301,1438,Long,1900-01-01 16:55:00,1900-01-01 10:00:00,17.083333333333332,8,7
12302,1439,Long,1900-01-01 16:55:00,1900-01-01 09:50:00,16.916666666666668,8,7
12303,1516,Long,1900-01-01 08:05:00,1900-01-01 06:05:00,22.0,25,24
12304,1517,Long,1900-01-01 17:35:00,1900-01-01 16:55:00,23.333333333333332,25,24
12305,1516,Long,1900-01-01 14:05:00,1900-01-01 10:00:00,19.916666666666668,9,8
12306,1517,Long,1900-01-01 16:55:00,1900-01-01 12:15:00,19.333333333333332,9,8
12307,1803,Long,1900-01-01 23:40:00,1900-01-01 06:50:00,7.166666666666667,28,27
12308,1805,Long,1900-01-01 20:30:00,1900-01-01 04:00:00,7.5,28,27
12309,987,Long,1900-01-01 19:00:00,1900-01-01 07:40:00,12.666666666666666,6,5
12310,987,Long,1900-01-01 17:15:00,1900-01-01 05:30:00,12.25,6,5
12311,1699,Long,1900-01-01 19:40:00,1900-01-01 04:30:00,8.833333333333334,39,38
12312,1700,Long,1900-01-01 23:55:00,1900-01-01 07:55:00,8.0,40,39
12313,1448,Long,1900-01-01 16:50:00,1900-01-01 10:25:00,17.583333333333332,8,7
12314,1449,Long,1900-01-01 16:25:00,1900-01-01 10:10:00,17.75,8,7
12315,2119,Long,1900-01-01 13:10:00,1900-01-01 02:45:00,13.583333333333334,23,22
12316,2120,Long,1900-01-01 00:20:00,1900-01-01 15:10:00,14.833333333333334,23,22
12317,1884,Long,1900-01-01 07:40:00,1900-01-01 17:20:00,9.666666666666666,23,22
12318,1885,Long,1900-01-01 05:55:00,1900-01-01 15:15:00,9.333333333333334,23,22
12319,1416,Long,1900-01-01 13:10:00,1900-01-01 12:00:00,22.833333333333332,12,11
12320,1417,Long,1900-01-01 17:00:00,1900-01-01 17:20:00,0.3333333333333333,11,10
12321,2165,Long,1900-01-01 22:00:00,1900-01-01 11:25:00,13.416666666666666,48,47
12322,2167,Long,1900-01-01 21:30:00,1900-01-01 11:45:00,14.25,49,48
12323,1425,Long,1900-01-01 18:50:00,1900-01-01 17:05:00,22.25,9,8
12324,1426,Long,1900-01-01 07:05:00,1900-01-01 06:00:00,22.916666666666668,9,8
12325,1792,Long,1900-01-01 07:40:00,1900-01-01 16:00:00,8.333333333333334,18,17
12326,1793,Long,1900-01-01 06:55:00,1900-01-01 15:15:00,8.333333333333334,18,17
12327,1577,Long,1900-01-01 13:00:00,1900-01-01 18:10:00,5.166666666666667,20,19
12328,1577,Long,1900-01-01 22:10:00,1900-01-01 03:15:00,5.083333333333333,20,19
12329,1435,Long,1900-01-01 13:10:00,1900-01-01 11:50:00,22.666666666666668,8,7
12330,1436,Long,1900-01-01 19:10:00,1900-01-01 17:25:00,22.25,8,7
12331,2010,Long,1900-01-01 23:55:00,1900-01-01 12:35:00,12.666666666666666,32,31
12332,2011,Long,1900-01-01 22:45:00,1900-01-01 11:30:00,12.75,32,31
12333,878,Long,1900-01-01 20:00:00,1900-01-01 12:00:00,16.0,31,30
12334,879,Long,1900-01-01 15:40:00,1900-01-01 07:30:00,15.833333333333334,31,30
12335,1917,Long,1900-01-01 09:00:00,1900-01-01 20:00:00,11.0,39,38
12336,1918,Long,1900-01-01 08:05:00,1900-01-01 18:30:00,10.416666666666666,38,37
12337,146,Short,1900-01-01 10:10:00,1900-01-01 12:25:00,2.25,4,3
12338,146,Short,1900-01-01 13:10:00,1900-01-01 15:40:00,2.5,4,3
12339,258,Medium,1900-01-01 17:20:00,1900-01-01 21:40:00,4.333333333333333,13,12
12340,259,Medium,1900-01-01 05:55:00,1900-01-01 10:25:00,4.5,13,12
12341,199,Short,1900-01-01 18:20:00,1900-01-01 21:35:00,3.25,7,6
12342,200,Medium,1900-01-01 05:30:00,1900-01-01 08:45:00,3.25,7,6
12343,571,Long,1900-01-01 22:05:00,1900-01-01 08:00:00,9.916666666666666,6,5
12344,571,Long,1900-01-01 20:00:00,1900-01-01 06:00:00,10.0,6,5
12345,1023,Long,1900-01-01 15:50:00,1900-01-01 09:50:00,18.0,13,12
12346,1023,Long,1900-01-01 12:30:00,1900-01-01 05:10:00,16.666666666666668,13,12
12347,206,Medium,1900-01-01 11:55:00,1900-01-01 15:35:00,3.6666666666666665,9,8
12348,206,Medium,1900-01-01 16:35:00,1900-01-01 20:15:00,3.6666666666666665,9,8
12349,1206,Long,1900-01-01 17:30:00,1900-01-01 13:00:00,19.5,13,12
12350,1206,Long,1900-01-01 23:45:00,1900-01-01 20:00:00,20.25,13,12
12351,528,Long,1900-01-01 20:35:00,1900-01-01 06:15:00,9.666666666666666,23,22
12352,529,Long,1900-01-01 21:10:00,1900-01-01 06:35:00,9.416666666666666,23,22
12353,1299,Long,1900-01-01 08:15:00,1900-01-01 07:20:00,23.083333333333332,18,17
12354,1300,Long,1900-01-01 19:20:00,1900-01-01 18:55:00,23.583333333333332,18,17
12355,1506,Long,1900-01-01 07:00:00,1900-01-01 10:30:00,3.5,19,18
12356,1506,Long,1900-01-01 20:10:00,1900-01-01 23:05:00,2.9166666666666665,19,18
12357,1807,Long,1900-01-01 12:10:00,1900-01-01 17:20:00,5.166666666666667,15,14
12358,1807,Long,1900-01-01 05:55:00,1900-01-01 11:35:00,5.666666666666667,15,14
12359,534,Long,1900-01-01 20:05:00,1900-01-01 05:30:00,9.416666666666666,13,12
12360,534,Long,1900-01-01 20:05:00,1900-01-01 05:15:00,9.166666666666666,13,12
12361,2043,Long,1900-01-01 19:45:00,1900-01-01 06:15:00,10.5,21,20
12362,2044,Long,1900-01-01 11:05:00,1900-01-01 23:15:00,12.166666666666666,21,20
12363,621,Long,1900-01-01 09:05:00,1900-01-01 20:20:00,11.25,11,10
12364,620,Long,1900-01-01 08:30:00,1900-01-01 19:40:00,11.166666666666666,11,10
12365,410,Medium,1900-01-01 06:00:00,1900-01-01 13:55:00,7.916666666666667,12,11
12366,407,Medium,1900-01-01 14:25:00,1900-01-01 22:15:00,7.833333333333333,12,11
12367,1193,Long,1900-01-01 11:15:00,1900-01-01 08:00:00,20.75,21,20
12368,1193,Long,1900-01-01 14:40:00,1900-01-01 12:25:00,21.75,21,20
12369,1525,Long,1900-01-01 13:00:00,1900-01-01 16:40:00,3.6666666666666665,20,19
12370,1526,Long,1900-01-01 23:50:00,1900-01-01 03:15:00,3.4166666666666665,20,19
12371,2245,Long,1900-01-01 08:15:00,1900-01-01 23:45:00,15.5,29,28
12372,2246,Long,1900-01-01 01:10:00,1900-01-01 16:30:00,15.333333333333334,29,28
12373,217,Medium,1900-01-01 09:05:00,1900-01-01 12:45:00,3.6666666666666665,7,6
12374,216,Medium,1900-01-01 11:00:00,1900-01-01 14:40:00,3.6666666666666665,7,6
12375,1729,Long,1900-01-01 14:40:00,1900-01-01 21:55:00,7.25,27,26
12376,1727,Long,1900-01-01 16:00:00,1900-01-01 22:45:00,6.75,27,26
12377,718,Long,1900-01-01 23:15:00,1900-01-01 12:10:00,12.916666666666666,10,9
12378,718,Long,1900-01-01 17:45:00,1900-01-01 06:45:00,13.0,10,9
12379,1889,Long,1900-01-01 13:10:00,1900-01-01 19:45:00,6.583333333333333,15,14
12380,1890,Long,1900-01-01 10:55:00,1900-01-01 17:25:00,6.5,15,14
12381,1438,Long,1900-01-01 08:15:00,1900-01-01 06:05:00,21.833333333333332,22,21
12382,1439,Long,1900-01-01 17:35:00,1900-01-01 16:55:00,23.333333333333332,22,21
12383,221,Medium,1900-01-01 17:00:00,1900-01-01 20:55:00,3.9166666666666665,9,8
12384,222,Medium,1900-01-01 06:45:00,1900-01-01 10:40:00,3.9166666666666665,9,8
12389,2348,Long,1900-01-01 05:45:00,1900-01-01 20:45:00,15.0,17,16
12390,2353,Long,1900-01-01 07:00:00,1900-01-01 21:40:00,14.666666666666666,17,16
12391,1092,Long,1900-01-01 08:00:00,1900-01-01 05:10:00,21.166666666666668,33,32
12392,1092,Long,1900-01-01 13:10:00,1900-01-01 10:10:00,21.0,33,32
12393,987,Long,1900-01-01 17:35:00,1900-01-01 07:50:00,14.25,5,4
12394,987,Long,1900-01-01 17:25:00,1900-01-01 07:35:00,14.166666666666666,5,4
12395,1287,Long,1900-01-01 18:45:00,1900-01-01 15:10:00,20.416666666666668,15,14
12396,1287,Long,1900-01-01 23:55:00,1900-01-01 23:05:00,23.166666666666668,15,14
12397,981,Long,1900-01-01 14:20:00,1900-01-01 04:35:00,14.25,15,14
12398,981,Long,1900-01-01 12:10:00,1900-01-01 03:15:00,15.083333333333334,15,14
12401,1049,Long,1900-01-01 16:10:00,1900-01-01 11:50:00,19.666666666666668,28,27
12402,1049,Long,1900-01-01 20:00:00,1900-01-01 14:45:00,18.75,28,27
12405,1461,Long,1900-01-01 05:40:00,1900-01-01 07:30:00,1.8333333333333333,29,28
12406,1464,Long,1900-01-01 15:20:00,1900-01-01 15:50:00,0.5,29,28
12407,1821,Long,1900-01-01 08:15:00,1900-01-01 17:35:00,9.333333333333334,19,18
12408,1824,Long,1900-01-01 09:30:00,1900-01-01 18:35:00,9.083333333333334,19,18
12409,1613,Long,1900-01-01 03:30:00,1900-01-01 07:30:00,4.0,35,34
12410,1608,Long,1900-01-01 15:20:00,1900-01-01 19:05:00,3.75,35,34
12411,247,Medium,1900-01-01 07:00:00,1900-01-01 11:30:00,4.5,9,8
12412,247,Medium,1900-01-01 17:30:00,1900-01-01 21:55:00,4.416666666666667,9,8
12413,1016,Long,1900-01-01 14:05:00,1900-01-01 08:20:00,18.25,21,20
12414,1017,Long,1900-01-01 18:10:00,1900-01-01 12:20:00,18.166666666666668,22,21
12415,815,Long,1900-01-01 16:35:00,1900-01-01 06:50:00,14.25,23,22
12416,817,Long,1900-01-01 21:10:00,1900-01-01 11:40:00,14.5,22,21
12417,624,Long,1900-01-01 21:30:00,1900-01-01 07:00:00,9.5,6,5
12418,624,Long,1900-01-01 21:20:00,1900-01-01 06:50:00,9.5,7,6
12419,504,Long,1900-01-01 06:00:00,1900-01-01 15:05:00,9.083333333333334,16,15
12420,504,Long,1900-01-01 12:25:00,1900-01-01 21:25:00,9.0,16,15
12421,1927,Long,1900-01-01 11:00:00,1900-01-01 22:05:00,11.083333333333334,23,22
12422,1929,Long,1900-01-01 14:30:00,1900-01-01 23:45:00,9.25,23,22
12423,2422,Long,1900-01-01 19:20:00,1900-01-01 10:20:00,15.0,22,21
12424,2423,Long,1900-01-01 16:10:00,1900-01-01 08:00:00,15.833333333333334,22,21
12425,576,Long,1900-01-01 20:40:00,1900-01-01 05:45:00,9.083333333333334,5,4
12426,576,Long,1900-01-01 19:40:00,1900-01-01 05:00:00,9.333333333333334,5,4
12427,844,Long,1900-01-01 16:00:00,1900-01-01 06:35:00,14.583333333333334,12,11
12428,844,Long,1900-01-01 21:15:00,1900-01-01 11:00:00,13.75,13,12
12431,2841,Long,1900-01-01 19:15:00,1900-01-01 12:40:00,17.416666666666668,19,18
12432,2840,Long,1900-01-01 10:55:00,1900-01-01 04:55:00,18.0,19,18
12433,2156,Long,1900-01-01 06:10:00,1900-01-01 10:25:00,4.25,10,9
12434,2155,Long,1900-01-01 15:55:00,1900-01-01 20:15:00,4.333333333333333,10,9
12435,2452,Long,1900-01-01 18:10:00,1900-01-01 13:55:00,19.75,26,25
12436,2454,Long,1900-01-01 09:25:00,1900-01-01 07:25:00,22.0,26,25
12437,1651,Long,1900-01-01 12:45:00,1900-01-01 10:25:00,21.666666666666668,7,6
12438,1652,Long,1900-01-01 15:55:00,1900-01-01 14:00:00,22.083333333333332,7,6
12439,1297,Long,1900-01-01 17:55:00,1900-01-01 10:50:00,16.916666666666668,8,7
12440,1300,Long,1900-01-01 16:00:00,1900-01-01 09:00:00,17.0,8,7
12441,1487,Long,1900-01-01 14:00:00,1900-01-01 10:55:00,20.916666666666668,10,9
12442,1483,Long,1900-01-01 15:45:00,1900-01-01 12:00:00,20.25,10,9
12443,1572,Long,1900-01-01 08:30:00,1900-01-01 11:50:00,3.3333333333333335,14,13
12444,1572,Long,1900-01-01 19:10:00,1900-01-01 20:30:00,1.3333333333333333,14,13
12445,654,Long,1900-01-01 20:50:00,1900-01-01 08:40:00,11.833333333333334,11,10
12446,654,Long,1900-01-01 19:00:00,1900-01-01 06:45:00,11.75,11,10
12447,676,Long,1900-01-01 17:05:00,1900-01-01 05:25:00,12.333333333333334,12,11
12448,679,Long,1900-01-01 20:10:00,1900-01-01 08:35:00,12.416666666666666,12,11
12449,2159,Long,1900-01-01 11:20:00,1900-01-01 23:45:00,12.416666666666666,14,13
12450,2157,Long,1900-01-01 02:05:00,1900-01-01 14:45:00,12.666666666666666,14,13
12451,430,Medium,1900-01-01 23:45:00,1900-01-01 06:35:00,6.833333333333333,3,2
12452,430,Medium,1900-01-01 23:55:00,1900-01-01 06:30:00,6.583333333333333,3,2
12453,1333,Long,1900-01-01 17:10:00,1900-01-01 10:50:00,17.666666666666668,7,6
12454,1336,Long,1900-01-01 16:00:00,1900-01-01 10:30:00,18.5,7,6
12455,790,Long,1900-01-01 22:45:00,1900-01-01 13:15:00,14.5,21,20
12456,790,Long,1900-01-01 16:45:00,1900-01-01 07:20:00,14.583333333333334,21,20
12457,455,Medium,1900-01-01 23:35:00,1900-01-01 07:20:00,7.75,14,13
12458,455,Medium,1900-01-01 22:30:00,1900-01-01 06:10:00,7.666666666666667,14,13
12459,447,Medium,1900-01-01 13:40:00,1900-01-01 21:45:00,8.083333333333334,15,14
12460,447,Medium,1900-01-01 06:15:00,1900-01-01 14:15:00,8.0,17,16
12461,618,Long,1900-01-01 21:15:00,1900-01-01 08:00:00,10.75,18,17
12462,619,Long,1900-01-01 19:45:00,1900-01-01 06:40:00,10.916666666666666,16,15
12463,614,Long,1900-01-01 22:25:00,1900-01-01 08:35:00,10.166666666666666,8,7
12464,615,Long,1900-01-01 19:00:00,1900-01-01 05:40:00,10.666666666666666,8,7
12465,905,Long,1900-01-01 06:00:00,1900-01-01 22:15:00,16.25,29,28
12466,906,Long,1900-01-01 05:55:00,1900-01-01 22:30:00,16.583333333333332,29,28
12467,700,Long,1900-01-01 23:55:00,1900-01-01 12:35:00,12.666666666666666,22,21
12468,699,Long,1900-01-01 16:15:00,1900-01-01 04:50:00,12.583333333333334,22,21
12469,1025,Long,1900-01-01 17:20:00,1900-01-01 11:50:00,18.5,14,13
12470,1025,Long,1900-01-01 20:10:00,1900-01-01 14:50:00,18.666666666666668,14,13
12471,2017,Long,1900-01-01 07:55:00,1900-01-01 17:10:00,9.25,26,25
12472,2019,Long,1900-01-01 09:10:00,1900-01-01 18:05:00,8.916666666666666,26,25
12473,1736,Long,1900-01-01 11:30:00,1900-01-01 17:10:00,5.666666666666667,24,23
12474,1739,Long,1900-01-01 09:10:00,1900-01-01 14:15:00,5.083333333333333,25,24
12475,2055,Long,1900-01-01 05:30:00,1900-01-01 17:10:00,11.666666666666666,31,30
12476,2058,Long,1900-01-01 09:10:00,1900-01-01 20:50:00,11.666666666666666,31,30
12477,2064,Long,1900-01-01 05:15:00,1900-01-01 17:10:00,11.916666666666666,31,30
12478,2066,Long,1900-01-01 09:10:00,1900-01-01 21:00:00,11.833333333333334,31,30
12479,934,Long,1900-01-01 18:45:00,1900-01-01 11:35:00,16.833333333333332,17,16
12480,932,Long,1900-01-01 13:30:00,1900-01-01 06:30:00,17.0,17,16
12481,409,Medium,1900-01-01 13:10:00,1900-01-01 20:40:00,7.5,15,14
12482,409,Medium,1900-01-01 05:55:00,1900-01-01 13:35:00,7.666666666666667,15,14
12483,3290,Long,1900-01-01 09:20:00,1900-01-01 19:45:00,10.416666666666666,27,26
12484,3288,Long,1900-01-01 05:55:00,1900-01-01 15:15:00,9.333333333333334,27,26
12485,1937,Long,1900-01-01 11:00:00,1900-01-01 22:30:00,11.5,27,26
12486,1940,Long,1900-01-01 14:45:00,1900-01-01 23:45:00,9.0,27,26
12487,1364,Long,1900-01-01 20:00:00,1900-01-01 21:00:00,1.0,19,18
12488,1364,Long,1900-01-01 07:30:00,1900-01-01 08:25:00,0.9166666666666666,19,18
12489,1244,Long,1900-01-01 13:40:00,1900-01-01 12:00:00,22.333333333333332,22,21
12490,1244,Long,1900-01-01 14:35:00,1900-01-01 13:10:00,22.583333333333332,22,21
12491,1609,Long,1900-01-01 05:00:00,1900-01-01 11:50:00,6.833333333333333,22,21
12492,1612,Long,1900-01-01 20:10:00,1900-01-01 02:10:00,6.0,22,21
12493,1498,Long,1900-01-01 05:15:00,1900-01-01 05:35:00,0.3333333333333333,10,9
12494,1501,Long,1900-01-01 21:35:00,1900-01-01 21:25:00,23.833333333333332,10,9
12495,1878,Long,1900-01-01 05:20:00,1900-01-01 13:15:00,7.916666666666667,20,19
12496,1876,Long,1900-01-01 22:45:00,1900-01-01 05:45:00,7.0,20,19
12497,447,Medium,1900-01-01 06:40:00,1900-01-01 14:20:00,7.666666666666667,14,13
12498,447,Medium,1900-01-01 15:10:00,1900-01-01 22:50:00,7.666666666666667,15,14
12501,1914,Long,1900-01-01 06:15:00,1900-01-01 13:00:00,6.75,10,9
12502,1914,Long,1900-01-01 23:45:00,1900-01-01 08:45:00,9.0,10,9
12503,3032,Long,1900-01-01 10:15:00,1900-01-01 13:30:00,3.25,23,22
12504,3032,Long,1900-01-01 20:10:00,1900-01-01 21:15:00,1.0833333333333333,23,22
12505,1850,Long,1900-01-01 09:45:00,1900-01-01 19:20:00,9.583333333333334,30,29
12506,1850,Long,1900-01-01 06:45:00,1900-01-01 16:50:00,10.083333333333334,29,28
12507,3932,Long,1900-01-01 16:55:00,1900-01-01 19:00:00,2.0833333333333335,58,57
12508,3930,Long,1900-01-01 19:55:00,1900-01-01 22:40:00,2.75,56,55
12509,2992,Long,1900-01-01 23:40:00,1900-01-01 06:00:00,6.333333333333333,42,41
12510,2993,Long,1900-01-01 06:20:00,1900-01-01 11:40:00,5.333333333333333,41,40
12511,3239,Long,1900-01-01 06:35:00,1900-01-01 17:15:00,10.666666666666666,61,60
12512,3245,Long,1900-01-01 06:15:00,1900-01-01 15:20:00,9.083333333333334,60,59
12513,2564,Long,1900-01-01 07:30:00,1900-01-01 06:00:00,22.5,31,30
12514,2567,Long,1900-01-01 06:20:00,1900-01-01 04:00:00,21.666666666666668,30,29
12515,3932,Long,1900-01-01 12:40:00,1900-01-01 17:15:00,4.583333333333333,57,56
12516,3930,Long,1900-01-01 19:55:00,1900-01-01 22:40:00,2.75,56,55
12517,1027,Long,1900-01-01 21:40:00,1900-01-01 15:55:00,18.25,14,13
12518,1027,Long,1900-01-01 21:00:00,1900-01-01 15:00:00,18.0,14,13
12519,2568,Long,1900-01-01 07:50:00,1900-01-01 04:25:00,20.583333333333332,28,27
12520,2567,Long,1900-01-01 21:00:00,1900-01-01 17:30:00,20.5,28,27
12521,3427,Long,1900-01-01 23:00:00,1900-01-01 13:00:00,14.0,63,62
12522,3435,Long,1900-01-01 10:15:00,1900-01-01 22:50:00,12.583333333333334,62,61
12523,1496,Long,1900-01-01 08:15:00,1900-01-01 12:10:00,3.9166666666666665,18,17
12524,1499,Long,1900-01-01 15:05:00,1900-01-01 18:35:00,3.5,18,17
12525,1584,Long,1900-01-01 21:40:00,1900-01-01 02:25:00,4.75,23,22
12526,1583,Long,1900-01-01 10:20:00,1900-01-01 15:00:00,4.666666666666667,23,22
12527,395,Medium,1900-01-01 05:35:00,1900-01-01 13:30:00,7.916666666666667,11,10
12529,518,Long,1900-01-01 15:50:00,1900-01-01 02:35:00,10.75,10,9
12530,522,Long,1900-01-01 05:00:00,1900-01-01 14:50:00,9.833333333333334,10,9
12531,277,Medium,1900-01-01 06:00:00,1900-01-01 11:00:00,5.0,12,11
12532,278,Medium,1900-01-01 16:35:00,1900-01-01 21:35:00,5.0,12,11
12533,1424,Long,1900-01-01 19:45:00,1900-01-01 19:50:00,0.08333333333333333,16,15
12534,1423,Long,1900-01-01 08:25:00,1900-01-01 08:40:00,0.25,15,14
12535,903,Long,1900-01-01 14:10:00,1900-01-01 07:15:00,17.083333333333332,13,12
12536,905,Long,1900-01-01 12:20:00,1900-01-01 05:05:00,16.75,12,11
12537,543,Long,1900-01-01 20:10:00,1900-01-01 06:00:00,9.833333333333334,15,14
12538,543,Long,1900-01-01 07:30:00,1900-01-01 17:45:00,10.25,15,14
12539,2548,Long,1900-01-01 10:50:00,1900-01-01 08:50:00,22.0,18,17
12540,2541,Long,1900-01-01 20:00:00,1900-01-01 16:40:00,20.666666666666668,18,17
12541,1685,Long,1900-01-01 21:50:00,1900-01-01 04:00:00,6.166666666666667,16,15
12542,1686,Long,1900-01-01 11:10:00,1900-01-01 17:00:00,5.833333333333333,16,15
12545,2045,Long,1900-01-01 16:45:00,1900-01-01 06:00:00,13.25,21,20
12546,2045,Long,1900-01-01 11:20:00,1900-01-01 00:45:00,13.416666666666666,21,20
12547,866,Long,1900-01-01 22:15:00,1900-01-01 13:40:00,15.416666666666666,12,11
12548,864,Long,1900-01-01 16:55:00,1900-01-01 08:20:00,15.416666666666666,12,11
12549,1847,Long,1900-01-01 12:00:00,1900-01-01 21:10:00,9.166666666666666,18,17
12550,1858,Long,1900-01-01 05:00:00,1900-01-01 14:20:00,9.333333333333334,18,17
12551,3024,Long,1900-01-01 08:30:00,1900-01-01 14:00:00,5.5,29,28
12552,3024,Long,1900-01-01 14:00:00,1900-01-01 18:25:00,4.416666666666667,29,28
12553,1167,Long,1900-01-01 09:30:00,1900-01-01 06:45:00,21.25,21,20
12554,1170,Long,1900-01-01 19:50:00,1900-01-01 17:15:00,21.416666666666668,21,20
12555,952,Long,1900-01-01 16:35:00,1900-01-01 10:00:00,17.416666666666668,15,14
12556,953,Long,1900-01-01 16:20:00,1900-01-01 09:45:00,17.416666666666668,15,14
12557,1057,Long,1900-01-01 12:35:00,1900-01-01 07:50:00,19.25,16,15
12558,1059,Long,1900-01-01 14:50:00,1900-01-01 10:25:00,19.583333333333332,16,15
12559,745,Long,1900-01-01 19:40:00,1900-01-01 08:10:00,12.5,4,3
12560,745,Long,1900-01-01 18:55:00,1900-01-01 07:00:00,12.083333333333334,4,3
12561,1223,Long,1900-01-01 14:00:00,1900-01-01 12:30:00,22.5,22,21
12562,1224,Long,1900-01-01 20:40:00,1900-01-01 19:15:00,22.583333333333332,21,20
12565,1153,Long,1900-01-01 08:35:00,1900-01-01 05:30:00,20.916666666666668,11,10
12566,1156,Long,1900-01-01 14:15:00,1900-01-01 11:15:00,21.0,11,10
12567,219,Medium,1900-01-01 07:00:00,1900-01-01 11:00:00,4.0,9,8
12568,219,Medium,1900-01-01 12:45:00,1900-01-01 16:45:00,4.0,9,8
12569,1238,Long,1900-01-01 12:00:00,1900-01-01 08:20:00,20.333333333333332,23,22
12570,1238,Long,1900-01-01 16:55:00,1900-01-01 13:35:00,20.666666666666668,23,22
12572,829,Long,1900-01-01 20:00:00,1900-01-01 09:20:00,13.333333333333334,9,8
12577,3045,Long,1900-01-01 16:00:00,1900-01-01 23:30:00,7.5,41,40
12578,3051,Long,1900-01-01 07:20:00,1900-01-01 14:25:00,7.083333333333333,40,39
12581,745,Long,1900-01-01 22:30:00,1900-01-01 12:20:00,13.833333333333334,6,5
12582,745,Long,1900-01-01 22:35:00,1900-01-01 11:10:00,12.583333333333334,6,5
12587,1246,Long,1900-01-01 14:20:00,1900-01-01 12:35:00,22.25,18,17
12588,1247,Long,1900-01-01 22:45:00,1900-01-01 20:30:00,21.75,18,17
12589,1833,Long,1900-01-01 06:35:00,1900-01-01 15:10:00,8.583333333333334,31,30
12590,1836,Long,1900-01-01 07:20:00,1900-01-01 15:20:00,8.0,31,30
12591,2513,Long,1900-01-01 06:35:00,1900-01-01 04:20:00,21.75,40,39
12592,2504,Long,1900-01-01 17:20:00,1900-01-01 15:05:00,21.75,40,39
12593,581,Long,1900-01-01 22:45:00,1900-01-01 09:35:00,10.833333333333334,6,5
12594,581,Long,1900-01-01 22:45:00,1900-01-01 09:45:00,11.0,6,5
12595,760,Long,1900-01-01 20:00:00,1900-01-01 08:50:00,12.833333333333334,6,5
12596,761,Long,1900-01-01 20:00:00,1900-01-01 07:50:00,11.833333333333334,6,5
12597,1693,Long,1900-01-01 08:30:00,1900-01-01 12:15:00,3.75,13,12
12598,1694,Long,1900-01-01 14:20:00,1900-01-01 18:35:00,4.25,13,12
12601,883,Long,1900-01-01 20:20:00,1900-01-01 12:25:00,16.083333333333332,31,30
12602,885,Long,1900-01-01 13:25:00,1900-01-01 05:40:00,16.25,33,32
12603,715,Long,1900-01-01 16:45:00,1900-01-01 05:45:00,13.0,22,21
12604,716,Long,1900-01-01 16:50:00,1900-01-01 05:55:00,13.083333333333334,21,20
12605,425,Medium,1900-01-01 15:45:00,1900-01-01 23:00:00,7.25,13,12
12606,425,Medium,1900-01-01 05:05:00,1900-01-01 12:10:00,7.083333333333333,13,12
12607,360,Medium,1900-01-01 15:35:00,1900-01-01 21:35:00,6.0,12,11
12608,361,Medium,1900-01-01 06:30:00,1900-01-01 12:15:00,5.75,13,12
12609,360,Medium,1900-01-01 13:35:00,1900-01-01 20:05:00,6.5,19,18
12610,361,Medium,1900-01-01 08:00:00,1900-01-01 14:30:00,6.5,19,18
12611,2156,Long,1900-01-01 06:10:00,1900-01-01 10:25:00,4.25,11,10
12612,2155,Long,1900-01-01 15:55:00,1900-01-01 20:15:00,4.333333333333333,11,10
12613,138,Short,1900-01-01 11:30:00,1900-01-01 14:00:00,2.5,4,3
12614,138,Short,1900-01-01 15:00:00,1900-01-01 17:30:00,2.5,4,3
12615,2169,Long,1900-01-01 19:15:00,1900-01-01 07:10:00,11.916666666666666,41,40
12616,2168,Long,1900-01-01 17:50:00,1900-01-01 06:20:00,12.5,40,39
12617,2751,Long,1900-01-01 13:15:00,1900-01-01 13:15:00,0.0,48,47
12618,2748,Long,1900-01-01 09:15:00,1900-01-01 10:15:00,1.0,48,47
12619,893,Long,1900-01-01 15:20:00,1900-01-01 07:30:00,16.166666666666668,24,23
12620,899,Long,1900-01-01 14:35:00,1900-01-01 06:35:00,16.0,22,21
12621,2163,Long,1900-01-01 22:00:00,1900-01-01 07:05:00,9.083333333333334,12,11
12622,2163,Long,1900-01-01 22:30:00,1900-01-01 07:10:00,8.666666666666666,11,10
12623,913,Long,1900-01-01 19:45:00,1900-01-01 11:45:00,16.0,21,20
12624,916,Long,1900-01-01 14:50:00,1900-01-01 07:30:00,16.666666666666668,22,21
12625,3013,Long,1900-01-01 11:15:00,1900-01-01 13:45:00,2.5,43,42
12626,3010,Long,1900-01-01 11:25:00,1900-01-01 14:45:00,3.3333333333333335,42,41
12627,2386,Long,1900-01-01 19:20:00,1900-01-01 10:30:00,15.166666666666666,36,35
12628,2389,Long,1900-01-01 21:15:00,1900-01-01 13:40:00,16.416666666666668,35,34
12629,2595,Long,1900-01-01 13:45:00,1900-01-01 13:00:00,23.25,14,13
12630,2595,Long,1900-01-01 08:45:00,1900-01-01 06:20:00,21.583333333333332,14,13
12631,649,Long,1900-01-01 20:10:00,1900-01-01 07:10:00,11.0,15,14
12632,649,Long,1900-01-01 19:45:00,1900-01-01 06:55:00,11.166666666666666,16,15
12633,738,Long,1900-01-01 17:15:00,1900-01-01 06:15:00,13.0,17,16
12634,737,Long,1900-01-01 17:20:00,1900-01-01 06:25:00,13.083333333333334,18,17
12635,492,Medium,1900-01-01 13:40:00,1900-01-01 21:20:00,7.666666666666667,10,9
12636,492,Medium,1900-01-01 07:00:00,1900-01-01 14:35:00,7.583333333333333,11,10
12637,492,Medium,1900-01-01 21:40:00,1900-01-01 05:55:00,8.25,11,10
12638,492,Medium,1900-01-01 20:35:00,1900-01-01 04:55:00,8.333333333333334,12,11
12639,360,Medium,1900-01-01 07:50:00,1900-01-01 14:00:00,6.166666666666667,12,11
12640,361,Medium,1900-01-01 15:00:00,1900-01-01 21:05:00,6.083333333333333,13,12
12641,2899,Long,1900-01-01 19:15:00,1900-01-01 18:00:00,22.75,25,24
12642,2898,Long,1900-01-01 07:10:00,1900-01-01 08:45:00,1.5833333333333333,26,25
12643,2991,Long,1900-01-01 14:15:00,1900-01-01 17:10:00,2.9166666666666665,32,31
12644,2988,Long,1900-01-01 05:50:00,1900-01-01 11:05:00,5.25,31,30
12645,2786,Long,1900-01-01 19:00:00,1900-01-01 17:10:00,22.166666666666668,29,28
12646,2782,Long,1900-01-01 05:50:00,1900-01-01 05:55:00,0.08333333333333333,28,27
12647,2650,Long,1900-01-01 15:05:00,1900-01-01 14:15:00,23.166666666666668,28,27
12648,2651,Long,1900-01-01 08:35:00,1900-01-01 09:15:00,0.6666666666666666,28,27
12649,2257,Long,1900-01-01 22:00:00,1900-01-01 09:15:00,11.25,9,8
12650,2258,Long,1900-01-01 06:25:00,1900-01-01 19:35:00,13.166666666666666,9,8
12651,2653,Long,1900-01-01 00:30:00,1900-01-01 18:00:00,17.5,15,14
12652,2652,Long,1900-01-01 07:10:00,1900-01-01 03:25:00,20.25,15,14
12653,336,Medium,1900-01-01 23:30:00,1900-01-01 05:15:00,5.75,14,13
12654,335,Medium,1900-01-01 22:40:00,1900-01-01 04:40:00,6.0,15,14
12655,1893,Long,1900-01-01 07:35:00,1900-01-01 16:05:00,8.5,41,40
12656,1895,Long,1900-01-01 09:35:00,1900-01-01 18:25:00,8.833333333333334,42,41
12657,360,Medium,1900-01-01 23:15:00,1900-01-01 05:10:00,5.916666666666667,8,7
12658,361,Medium,1900-01-01 22:40:00,1900-01-01 04:35:00,5.916666666666667,8,7
12659,2579,Long,1900-01-01 14:45:00,1900-01-01 13:50:00,23.083333333333332,44,43
12660,2579,Long,1900-01-01 23:05:00,1900-01-01 21:50:00,22.75,44,43
12661,665,Long,1900-01-01 21:05:00,1900-01-01 08:50:00,11.75,18,17
12662,665,Long,1900-01-01 18:15:00,1900-01-01 05:55:00,11.666666666666666,18,17
12663,2005,Long,1900-01-01 16:10:00,1900-01-01 03:30:00,11.333333333333334,24,23
12664,2004,Long,1900-01-01 16:20:00,1900-01-01 03:10:00,10.833333333333334,24,23
12665,2407,Long,1900-01-01 16:10:00,1900-01-01 10:25:00,18.25,32,31
12666,2406,Long,1900-01-01 07:50:00,1900-01-01 03:10:00,19.333333333333332,32,31
12667,722,Long,1900-01-01 18:55:00,1900-01-01 08:10:00,13.25,11,10
12668,722,Long,1900-01-01 17:05:00,1900-01-01 05:30:00,12.416666666666666,11,10
12669,2348,Long,1900-01-01 17:40:00,1900-01-01 11:45:00,18.083333333333332,25,24
12670,2343,Long,1900-01-01 21:00:00,1900-01-01 14:25:00,17.416666666666668,24,23
12671,526,Long,1900-01-01 21:05:00,1900-01-01 06:15:00,9.166666666666666,9,8
12672,529,Long,1900-01-01 19:45:00,1900-01-01 05:05:00,9.333333333333334,9,8
12673,491,Medium,1900-01-01 22:10:00,1900-01-01 06:15:00,8.083333333333334,8,7
12674,493,Medium,1900-01-01 22:40:00,1900-01-01 06:45:00,8.083333333333334,9,8
12675,491,Medium,1900-01-01 06:10:00,1900-01-01 13:45:00,7.583333333333333,11,10
12676,493,Medium,1900-01-01 14:55:00,1900-01-01 22:30:00,7.583333333333333,12,11
12677,581,Long,1900-01-01 06:15:00,1900-01-01 16:55:00,10.666666666666666,14,13
12678,582,Long,1900-01-01 09:10:00,1900-01-01 19:50:00,10.666666666666666,14,13
12679,491,Medium,1900-01-01 14:30:00,1900-01-01 22:15:00,7.75,12,11
12680,493,Medium,1900-01-01 06:15:00,1900-01-01 13:50:00,7.583333333333333,12,11
12681,491,Medium,1900-01-01 22:30:00,1900-01-01 06:40:00,8.166666666666666,7,6
12682,493,Medium,1900-01-01 23:30:00,1900-01-01 07:20:00,7.833333333333333,8,7
12683,617,Long,1900-01-01 17:00:00,1900-01-01 04:15:00,11.25,14,13
12684,616,Long,1900-01-01 18:50:00,1900-01-01 06:00:00,11.166666666666666,14,13
12685,883,Long,1900-01-01 17:00:00,1900-01-01 09:05:00,16.083333333333332,18,17
12686,885,Long,1900-01-01 16:20:00,1900-01-01 08:00:00,15.666666666666666,18,17
12687,3067,Long,1900-01-01 23:35:00,1900-01-01 04:45:00,5.166666666666667,30,29
12688,3064,Long,1900-01-01 06:45:00,1900-01-01 12:45:00,6.0,31,30
12689,918,Long,1900-01-01 18:20:00,1900-01-01 11:05:00,16.75,19,18
12690,920,Long,1900-01-01 19:40:00,1900-01-01 12:25:00,16.75,20,19
12691,528,Long,1900-01-01 23:30:00,1900-01-01 09:40:00,10.166666666666666,11,10
12692,528,Long,1900-01-01 18:25:00,1900-01-01 05:15:00,10.833333333333334,14,13
12693,652,Long,1900-01-01 19:30:00,1900-01-01 06:35:00,11.083333333333334,22,21
12694,651,Long,1900-01-01 20:00:00,1900-01-01 07:40:00,11.666666666666666,22,21
12695,914,Long,1900-01-01 15:25:00,1900-01-01 07:35:00,16.166666666666668,21,20
12696,916,Long,1900-01-01 17:15:00,1900-01-01 10:00:00,16.75,21,20
12697,901,Long,1900-01-01 15:15:00,1900-01-01 06:35:00,15.333333333333334,14,13
12698,903,Long,1900-01-01 20:20:00,1900-01-01 12:25:00,16.083333333333332,14,13
12701,791,Long,1900-01-01 21:50:00,1900-01-01 12:10:00,14.333333333333334,16,15
12702,793,Long,1900-01-01 14:45:00,1900-01-01 04:55:00,14.166666666666666,17,16
12703,1549,Long,1900-01-01 07:25:00,1900-01-01 09:05:00,1.6666666666666667,26,25
12704,1548,Long,1900-01-01 15:55:00,1900-01-01 17:45:00,1.8333333333333333,27,26
12705,391,Medium,1900-01-01 15:00:00,1900-01-01 21:50:00,6.833333333333333,14,13
12706,390,Medium,1900-01-01 07:40:00,1900-01-01 14:25:00,6.75,14,13
12707,2292,Long,1900-01-01 05:40:00,1900-01-01 18:00:00,12.333333333333334,20,19
12708,2294,Long,1900-01-01 07:10:00,1900-01-01 21:35:00,14.416666666666666,20,19
12709,651,Long,1900-01-01 18:50:00,1900-01-01 05:40:00,10.833333333333334,17,16
12710,650,Long,1900-01-01 22:55:00,1900-01-01 09:15:00,10.333333333333334,17,16
12711,430,Medium,1900-01-01 06:00:00,1900-01-01 13:00:00,7.0,14,13
12712,429,Medium,1900-01-01 14:05:00,1900-01-01 21:10:00,7.083333333333333,14,13
12713,358,Medium,1900-01-01 06:25:00,1900-01-01 11:55:00,5.5,9,8
12714,358,Medium,1900-01-01 16:15:00,1900-01-01 22:10:00,5.916666666666667,9,8
12715,2056,Long,1900-01-01 09:30:00,1900-01-01 20:20:00,10.833333333333334,37,36
12716,2059,Long,1900-01-01 05:35:00,1900-01-01 16:00:00,10.416666666666666,36,35
12717,350,Medium,1900-01-01 12:40:00,1900-01-01 19:00:00,6.333333333333333,13,12
12718,350,Medium,1900-01-01 06:05:00,1900-01-01 12:10:00,6.083333333333333,13,12
12719,1718,Long,1900-01-01 17:40:00,1900-01-01 00:30:00,6.833333333333333,21,20
12720,1720,Long,1900-01-01 20:30:00,1900-01-01 03:05:00,6.583333333333333,21,20
12721,1662,Long,1900-01-01 22:30:00,1900-01-01 04:05:00,5.583333333333333,46,45
12722,1662,Long,1900-01-01 23:00:00,1900-01-01 05:00:00,6.0,46,45
12723,1669,Long,1900-01-01 06:25:00,1900-01-01 09:05:00,2.6666666666666665,18,17
12724,1669,Long,1900-01-01 17:25:00,1900-01-01 19:35:00,2.1666666666666665,16,15
12725,491,Medium,1900-01-01 13:00:00,1900-01-01 21:50:00,8.833333333333334,17,16
12726,488,Medium,1900-01-01 05:15:00,1900-01-01 14:05:00,8.833333333333334,17,16
12727,718,Long,1900-01-01 17:25:00,1900-01-01 06:15:00,12.833333333333334,21,20
12728,719,Long,1900-01-01 17:15:00,1900-01-01 05:50:00,12.583333333333334,21,20
12729,658,Long,1900-01-01 22:00:00,1900-01-01 10:00:00,12.0,13,12
12730,658,Long,1900-01-01 21:20:00,1900-01-01 09:20:00,12.0,13,12
12731,790,Long,1900-01-01 16:40:00,1900-01-01 07:05:00,14.416666666666666,16,15
12732,790,Long,1900-01-01 20:05:00,1900-01-01 10:35:00,14.5,16,15
12733,661,Long,1900-01-01 18:25:00,1900-01-01 06:25:00,12.0,23,22
12734,661,Long,1900-01-01 18:05:00,1900-01-01 06:05:00,12.0,23,22
12735,686,Long,1900-01-01 20:30:00,1900-01-01 08:20:00,11.833333333333334,11,10
12736,686,Long,1900-01-01 16:45:00,1900-01-01 05:00:00,12.25,11,10
12737,575,Long,1900-01-01 20:20:00,1900-01-01 06:35:00,10.25,21,20
12738,575,Long,1900-01-01 21:15:00,1900-01-01 07:30:00,10.25,21,20
12739,708,Long,1900-01-01 20:30:00,1900-01-01 08:10:00,11.666666666666666,12,11
12740,708,Long,1900-01-01 20:30:00,1900-01-01 07:40:00,11.166666666666666,12,11
12741,2243,Long,1900-01-01 19:05:00,1900-01-01 12:10:00,17.083333333333332,21,20
12742,2238,Long,1900-01-01 14:00:00,1900-01-01 08:55:00,18.916666666666668,20,19
12747,353,Medium,1900-01-01 05:45:00,1900-01-01 12:10:00,6.416666666666667,15,14
12748,353,Medium,1900-01-01 13:45:00,1900-01-01 20:00:00,6.25,15,14
12749,441,Medium,1900-01-01 20:40:00,1900-01-01 04:35:00,7.916666666666667,19,18
12750,438,Medium,1900-01-01 22:30:00,1900-01-01 06:25:00,7.916666666666667,19,18
12757,305,Medium,1900-01-01 08:20:00,1900-01-01 13:40:00,5.333333333333333,14,13
12758,305,Medium,1900-01-01 15:05:00,1900-01-01 20:25:00,5.333333333333333,14,13
12759,797,Long,1900-01-01 18:10:00,1900-01-01 08:00:00,13.833333333333334,17,16
12760,798,Long,1900-01-01 18:30:00,1900-01-01 08:15:00,13.75,17,16
12761,712,Long,1900-01-01 22:40:00,1900-01-01 10:55:00,12.25,12,11
12762,710,Long,1900-01-01 19:15:00,1900-01-01 08:10:00,12.916666666666666,12,11
12763,744,Long,1900-01-01 17:00:00,1900-01-01 05:50:00,12.833333333333334,19,18
12764,743,Long,1900-01-01 18:30:00,1900-01-01 07:00:00,12.5,19,18
12765,1305,Long,1900-01-01 15:10:00,1900-01-01 14:50:00,23.666666666666668,24,23
12766,1305,Long,1900-01-01 06:45:00,1900-01-01 06:35:00,23.833333333333332,24,23
12767,1572,Long,1900-01-01 15:15:00,1900-01-01 19:15:00,4.0,19,18
12768,1578,Long,1900-01-01 14:50:00,1900-01-01 18:55:00,4.083333333333333,19,18
12769,711,Long,1900-01-01 15:10:00,1900-01-01 04:05:00,12.916666666666666,17,16
12770,711,Long,1900-01-01 17:40:00,1900-01-01 06:35:00,12.916666666666666,17,16
12771,587,Long,1900-01-01 22:00:00,1900-01-01 08:15:00,10.25,14,13
12772,586,Long,1900-01-01 22:00:00,1900-01-01 08:25:00,10.416666666666666,14,13
12773,1590,Long,1900-01-01 16:05:00,1900-01-01 18:30:00,2.4166666666666665,16,15
12774,1589,Long,1900-01-01 05:40:00,1900-01-01 09:05:00,3.4166666666666665,16,15
12775,598,Long,1900-01-01 20:10:00,1900-01-01 06:55:00,10.75,11,10
12776,598,Long,1900-01-01 20:45:00,1900-01-01 07:25:00,10.666666666666666,11,10
12777,1295,Long,1900-01-01 06:45:00,1900-01-01 06:30:00,23.75,22,21
12778,1297,Long,1900-01-01 12:50:00,1900-01-01 12:40:00,23.833333333333332,22,21
12779,2148,Long,1900-01-01 15:10:00,1900-01-01 06:20:00,15.166666666666666,29,28
12780,2151,Long,1900-01-01 15:00:00,1900-01-01 06:30:00,15.5,29,28
12781,2602,Long,1900-01-01 20:10:00,1900-01-01 17:10:00,21.0,32,31
12782,2602,Long,1900-01-01 05:50:00,1900-01-01 04:55:00,23.083333333333332,32,31
12783,710,Long,1900-01-01 18:55:00,1900-01-01 07:40:00,12.75,15,14
12784,708,Long,1900-01-01 17:55:00,1900-01-01 06:50:00,12.916666666666666,15,14
12785,623,Long,1900-01-01 19:05:00,1900-01-01 06:25:00,11.333333333333334,17,16
12786,623,Long,1900-01-01 18:20:00,1900-01-01 05:40:00,11.333333333333334,16,15
12791,1843,Long,1900-01-01 10:00:00,1900-01-01 18:55:00,8.916666666666666,29,28
12792,1840,Long,1900-01-01 12:15:00,1900-01-01 21:30:00,9.25,28,27
12795,314,Medium,1900-01-01 17:30:00,1900-01-01 22:50:00,5.333333333333333,4,3
12796,314,Medium,1900-01-01 05:30:00,1900-01-01 10:45:00,5.25,4,3
12797,707,Long,1900-01-01 20:05:00,1900-01-01 08:55:00,12.833333333333334,22,21
12798,707,Long,1900-01-01 17:30:00,1900-01-01 06:20:00,12.833333333333334,24,23
12801,1860,Long,1900-01-01 21:45:00,1900-01-01 04:25:00,6.666666666666667,32,31
12802,1860,Long,1900-01-01 22:25:00,1900-01-01 05:20:00,6.916666666666667,31,30
12803,2076,Long,1900-01-01 08:20:00,1900-01-01 17:10:00,8.833333333333334,21,20
12804,2076,Long,1900-01-01 05:50:00,1900-01-01 17:30:00,11.666666666666666,21,20
12805,688,Long,1900-01-01 06:15:00,1900-01-01 18:45:00,12.5,21,20
12806,689,Long,1900-01-01 07:10:00,1900-01-01 19:40:00,12.5,21,20
12807,1900,Long,1900-01-01 06:25:00,1900-01-01 16:45:00,10.333333333333334,41,40
12808,1895,Long,1900-01-01 08:35:00,1900-01-01 18:10:00,9.583333333333334,40,39
12809,1972,Long,1900-01-01 20:35:00,1900-01-01 05:50:00,9.25,44,43
12810,1979,Long,1900-01-01 20:15:00,1900-01-01 05:20:00,9.083333333333334,42,41
12811,1701,Long,1900-01-01 00:15:00,1900-01-01 03:45:00,3.5,18,17
12812,1709,Long,1900-01-01 09:40:00,1900-01-01 13:35:00,3.9166666666666665,18,17
12813,254,Medium,1900-01-01 17:30:00,1900-01-01 21:30:00,4.0,8,7
12814,253,Medium,1900-01-01 06:15:00,1900-01-01 10:20:00,4.083333333333333,9,8
12815,1794,Long,1900-01-01 10:55:00,1900-01-01 17:05:00,6.166666666666667,29,28
12816,1788,Long,1900-01-01 06:25:00,1900-01-01 12:05:00,5.666666666666667,29,28
12817,1291,Long,1900-01-01 14:40:00,1900-01-01 13:55:00,23.25,19,18
12818,1294,Long,1900-01-01 19:45:00,1900-01-01 16:45:00,21.0,19,18
12819,1774,Long,1900-01-01 15:50:00,1900-01-01 20:50:00,5.0,13,12
12820,1774,Long,1900-01-01 07:05:00,1900-01-01 12:20:00,5.25,13,12
12821,504,Long,1900-01-01 06:00:00,1900-01-01 14:20:00,8.333333333333334,15,14
12822,503,Long,1900-01-01 11:45:00,1900-01-01 20:15:00,8.5,16,15
12823,1255,Long,1900-01-01 12:00:00,1900-01-01 09:05:00,21.083333333333332,12,11
12824,1266,Long,1900-01-01 17:25:00,1900-01-01 15:10:00,21.75,12,11
12825,1297,Long,1900-01-01 23:45:00,1900-01-01 20:55:00,21.166666666666668,9,8
12826,1300,Long,1900-01-01 06:55:00,1900-01-01 04:55:00,22.0,9,8
12827,323,Medium,1900-01-01 16:50:00,1900-01-01 22:20:00,5.5,14,13
12828,323,Medium,1900-01-01 05:30:00,1900-01-01 11:20:00,5.833333333333333,15,14
12829,1222,Long,1900-01-01 21:10:00,1900-01-01 17:20:00,20.166666666666668,21,20
12830,1222,Long,1900-01-01 12:00:00,1900-01-01 08:55:00,20.916666666666668,21,20
12831,725,Long,1900-01-01 17:40:00,1900-01-01 08:00:00,14.333333333333334,12,11
12832,722,Long,1900-01-01 20:15:00,1900-01-01 09:30:00,13.25,12,11
12833,2097,Long,1900-01-01 00:15:00,1900-01-01 13:30:00,13.25,63,62
12834,2098,Long,1900-01-01 23:55:00,1900-01-01 13:25:00,13.5,64,63
12835,1891,Long,1900-01-01 18:25:00,1900-01-01 05:00:00,10.583333333333334,24,23
12836,1891,Long,1900-01-01 08:30:00,1900-01-01 19:05:00,10.583333333333334,25,24
12837,504,Long,1900-01-01 22:35:00,1900-01-01 07:00:00,8.416666666666666,14,13
12838,503,Long,1900-01-01 20:20:00,1900-01-01 04:50:00,8.5,14,13
12839,1664,Long,1900-01-01 23:45:00,1900-01-01 03:50:00,4.083333333333333,35,34
12840,1663,Long,1900-01-01 23:45:00,1900-01-01 04:00:00,4.25,36,35
12841,1664,Long,1900-01-01 14:50:00,1900-01-01 17:00:00,2.1666666666666665,15,14
12842,1663,Long,1900-01-01 08:45:00,1900-01-01 11:50:00,3.0833333333333335,17,16
12843,2148,Long,1900-01-01 17:30:00,1900-01-01 07:25:00,13.916666666666666,43,42
12844,2141,Long,1900-01-01 18:40:00,1900-01-01 08:55:00,14.25,43,42
12845,1510,Long,1900-01-01 07:30:00,1900-01-01 10:50:00,3.3333333333333335,21,20
12846,1510,Long,1900-01-01 08:25:00,1900-01-01 11:10:00,2.75,21,20
12847,185,Short,1900-01-01 11:10:00,1900-01-01 14:20:00,3.1666666666666665,5,4
12848,186,Short,1900-01-01 15:30:00,1900-01-01 18:40:00,3.1666666666666665,5,4
12849,1312,Long,1900-01-01 11:35:00,1900-01-01 09:45:00,22.166666666666668,18,17
12850,1305,Long,1900-01-01 17:40:00,1900-01-01 16:50:00,23.166666666666668,18,17
12851,1412,Long,1900-01-01 08:55:00,1900-01-01 08:55:00,0.0,17,16
12852,1409,Long,1900-01-01 21:10:00,1900-01-01 20:15:00,23.083333333333332,17,16
12853,889,Long,1900-01-01 18:20:00,1900-01-01 10:30:00,16.166666666666668,31,30
12854,897,Long,1900-01-01 15:40:00,1900-01-01 07:55:00,16.25,31,30
12855,416,Medium,1900-01-01 15:55:00,1900-01-01 23:00:00,7.083333333333333,16,15
12856,405,Medium,1900-01-01 06:30:00,1900-01-01 13:40:00,7.166666666666667,17,16
12857,185,Short,1900-01-01 06:35:00,1900-01-01 09:57:00,3.3666666666666667,8,7
12858,186,Short,1900-01-01 10:25:00,1900-01-01 13:50:00,3.4166666666666665,8,7
12859,1972,Long,1900-01-01 06:00:00,1900-01-01 12:30:00,6.5,27,26
12860,1979,Long,1900-01-01 13:50:00,1900-01-01 21:20:00,7.5,26,25
12861,578,Long,1900-01-01 15:05:00,1900-01-01 01:10:00,10.083333333333334,18,17
12862,576,Long,1900-01-01 02:40:00,1900-01-01 13:30:00,10.833333333333334,19,18
12863,1959,Long,1900-01-01 20:35:00,1900-01-01 07:15:00,10.666666666666666,35,34
12864,1959,Long,1900-01-01 19:35:00,1900-01-01 06:25:00,10.833333333333334,36,35
12865,344,Medium,1900-01-01 08:30:00,1900-01-01 14:10:00,5.666666666666667,9,8
12866,343,Medium,1900-01-01 14:40:00,1900-01-01 20:30:00,5.833333333333333,9,8
12867,1922,Long,1900-01-01 23:30:00,1900-01-01 08:50:00,9.333333333333334,17,16
12868,1922,Long,1900-01-01 12:30:00,1900-01-01 22:40:00,10.166666666666666,16,15
12869,1972,Long,1900-01-01 11:05:00,1900-01-01 19:30:00,8.416666666666666,20,19
12870,1979,Long,1900-01-01 14:35:00,1900-01-01 23:15:00,8.666666666666666,19,18
12871,745,Long,1900-01-01 06:55:00,1900-01-01 20:15:00,13.333333333333334,31,30
12872,746,Long,1900-01-01 05:15:00,1900-01-01 18:50:00,13.583333333333334,31,30
12873,1322,Long,1900-01-01 13:40:00,1900-01-01 13:55:00,0.25,21,20
12874,1325,Long,1900-01-01 19:45:00,1900-01-01 19:55:00,0.16666666666666666,21,20
12875,1911,Long,1900-01-01 10:55:00,1900-01-01 21:45:00,10.833333333333334,42,41
12876,1912,Long,1900-01-01 06:25:00,1900-01-01 16:50:00,10.416666666666666,41,40
12877,1333,Long,1900-01-01 16:40:00,1900-01-01 10:50:00,18.166666666666668,15,14
12878,1336,Long,1900-01-01 16:00:00,1900-01-01 11:20:00,19.333333333333332,15,14
12879,1790,Long,1900-01-01 00:15:00,1900-01-01 07:15:00,7.0,20,19
12880,1798,Long,1900-01-01 07:10:00,1900-01-01 13:35:00,6.416666666666667,20,19
12881,504,Long,1900-01-01 20:55:00,1900-01-01 05:40:00,8.75,9,8
12882,503,Long,1900-01-01 22:15:00,1900-01-01 07:05:00,8.833333333333334,9,8
12883,322,Medium,1900-01-01 06:25:00,1900-01-01 11:50:00,5.416666666666667,12,11
12884,330,Medium,1900-01-01 15:35:00,1900-01-01 21:15:00,5.666666666666667,13,12
12885,318,Medium,1900-01-01 07:45:00,1900-01-01 13:00:00,5.25,13,12
12886,317,Medium,1900-01-01 13:20:00,1900-01-01 19:00:00,5.666666666666667,13,12
12887,504,Long,1900-01-01 20:55:00,1900-01-01 05:40:00,8.75,10,9
12888,503,Long,1900-01-01 22:15:00,1900-01-01 07:05:00,8.833333333333334,11,10
12889,1890,Long,1900-01-01 18:35:00,1900-01-01 05:00:00,10.416666666666666,26,25
12890,1893,Long,1900-01-01 08:30:00,1900-01-01 19:00:00,10.5,24,23
12891,311,Medium,1900-01-01 04:20:00,1900-01-01 10:00:00,5.666666666666667,16,15
12892,311,Medium,1900-01-01 17:10:00,1900-01-01 22:50:00,5.666666666666667,16,15
12893,395,Medium,1900-01-01 06:45:00,1900-01-01 13:40:00,6.916666666666667,16,15
12894,395,Medium,1900-01-01 14:30:00,1900-01-01 21:40:00,7.166666666666667,16,15
12895,504,Long,1900-01-01 20:55:00,1900-01-01 05:40:00,8.75,10,9
12896,503,Long,1900-01-01 22:15:00,1900-01-01 07:05:00,8.833333333333334,11,10
12897,1423,Long,1900-01-01 18:35:00,1900-01-01 18:40:00,0.08333333333333333,19,18
12898,1423,Long,1900-01-01 12:00:00,1900-01-01 13:15:00,1.25,19,18
12901,490,Medium,1900-01-01 22:05:00,1900-01-01 06:35:00,8.5,14,13
12902,490,Medium,1900-01-01 22:00:00,1900-01-01 06:25:00,8.416666666666666,14,13
12903,1885,Long,1900-01-01 21:25:00,1900-01-01 05:30:00,8.083333333333334,34,33
12904,1888,Long,1900-01-01 21:25:00,1900-01-01 05:05:00,7.666666666666667,35,34
12905,2559,Long,1900-01-01 07:50:00,1900-01-01 03:35:00,19.75,30,29
12906,2566,Long,1900-01-01 22:50:00,1900-01-01 18:25:00,19.583333333333332,30,29
12907,1355,Long,1900-01-01 16:35:00,1900-01-01 13:45:00,21.166666666666668,5,4
12908,1358,Long,1900-01-01 21:35:00,1900-01-01 16:35:00,19.0,5,4
12909,1355,Long,1900-01-01 16:35:00,1900-01-01 09:40:00,17.083333333333332,9,8
12910,1358,Long,1900-01-01 15:35:00,1900-01-01 08:10:00,16.583333333333332,9,8
12911,1427,Long,1900-01-01 15:40:00,1900-01-01 16:40:00,1.0,16,15
12912,1430,Long,1900-01-01 18:45:00,1900-01-01 18:20:00,23.583333333333332,16,15
12913,650,Long,1900-01-01 20:35:00,1900-01-01 08:25:00,11.833333333333334,14,13
12914,650,Long,1900-01-01 19:00:00,1900-01-01 06:50:00,11.833333333333334,14,13
12915,930,Long,1900-01-01 18:30:00,1900-01-01 10:10:00,15.666666666666666,20,19
12916,933,Long,1900-01-01 15:20:00,1900-01-01 07:40:00,16.333333333333332,20,19
12917,1075,Long,1900-01-01 17:05:00,1900-01-01 10:40:00,17.583333333333332,10,9
12918,1077,Long,1900-01-01 13:55:00,1900-01-01 06:10:00,16.25,10,9
12919,1598,Long,1900-01-01 12:25:00,1900-01-01 18:25:00,6.0,52,51
12920,1601,Long,1900-01-01 06:55:00,1900-01-01 12:50:00,5.916666666666667,51,50
12921,262,Medium,1900-01-01 17:55:00,1900-01-01 22:35:00,4.666666666666667,14,13
12922,262,Medium,1900-01-01 05:25:00,1900-01-01 10:10:00,4.75,14,13
12923,606,Long,1900-01-01 21:25:00,1900-01-01 08:25:00,11.0,12,11
12924,606,Long,1900-01-01 19:00:00,1900-01-01 05:40:00,10.666666666666666,12,11
12925,1810,Long,1900-01-01 12:00:00,1900-01-01 19:20:00,7.333333333333333,42,41
12926,1813,Long,1900-01-01 08:10:00,1900-01-01 14:45:00,6.583333333333333,41,40
12927,391,Medium,1900-01-01 23:40:00,1900-01-01 05:55:00,6.25,7,6
12928,391,Medium,1900-01-01 22:30:00,1900-01-01 04:45:00,6.25,7,6
12929,344,Medium,1900-01-01 07:15:00,1900-01-01 13:25:00,6.166666666666667,19,18
12930,344,Medium,1900-01-01 14:50:00,1900-01-01 21:05:00,6.25,19,18
12931,490,Medium,1900-01-01 14:20:00,1900-01-01 21:40:00,7.333333333333333,11,10
12932,490,Medium,1900-01-01 06:00:00,1900-01-01 13:00:00,7.0,11,10
12933,490,Medium,1900-01-01 13:40:00,1900-01-01 21:25:00,7.75,11,10
12934,490,Medium,1900-01-01 04:55:00,1900-01-01 12:35:00,7.666666666666667,10,9
12935,251,Medium,1900-01-01 06:50:00,1900-01-01 11:10:00,4.333333333333333,10,9
12936,251,Medium,1900-01-01 16:05:00,1900-01-01 20:25:00,4.333333333333333,10,9
12937,2509,Long,1900-01-01 17:40:00,1900-01-01 13:05:00,19.416666666666668,17,16
12938,2508,Long,1900-01-01 23:00:00,1900-01-01 16:30:00,17.5,17,16
12939,1289,Long,1900-01-01 15:35:00,1900-01-01 13:40:00,22.083333333333332,13,12
12940,1290,Long,1900-01-01 09:15:00,1900-01-01 08:05:00,22.833333333333332,12,11
12941,2308,Long,1900-01-01 17:30:00,1900-01-01 10:20:00,16.833333333333332,32,31
12942,2308,Long,1900-01-01 19:50:00,1900-01-01 11:10:00,15.333333333333334,32,31
12943,1301,Long,1900-01-01 20:15:00,1900-01-01 19:10:00,22.916666666666668,12,11
12944,1301,Long,1900-01-01 08:00:00,1900-01-01 07:35:00,23.583333333333332,12,11
12946,632,Long,1900-01-01 19:55:00,1900-01-01 07:15:00,11.333333333333334,14,13
12947,1754,Long,1900-01-01 21:40:00,1900-01-01 04:30:00,6.833333333333333,19,18
12948,1754,Long,1900-01-01 23:35:00,1900-01-01 05:20:00,5.75,19,18
12949,2664,Long,1900-01-01 08:10:00,1900-01-01 08:05:00,23.916666666666668,37,36
12950,2670,Long,1900-01-01 21:25:00,1900-01-01 20:30:00,23.083333333333332,37,36
12951,1373,Long,1900-01-01 17:00:00,1900-01-01 08:35:00,15.583333333333334,8,7
12952,1376,Long,1900-01-01 16:25:00,1900-01-01 08:15:00,15.833333333333334,8,7
12953,1366,Long,1900-01-01 17:40:00,1900-01-01 10:55:00,17.25,13,12
12954,1369,Long,1900-01-01 16:50:00,1900-01-01 09:45:00,16.916666666666668,13,12
12955,1157,Long,1900-01-01 18:50:00,1900-01-01 12:40:00,17.833333333333332,19,18
12956,1158,Long,1900-01-01 14:00:00,1900-01-01 07:40:00,17.666666666666668,19,18
12957,931,Long,1900-01-01 17:40:00,1900-01-01 07:30:00,13.833333333333334,10,9
12958,934,Long,1900-01-01 19:55:00,1900-01-01 09:40:00,13.75,10,9
12959,972,Long,1900-01-01 00:05:00,1900-01-01 17:50:00,17.75,20,19
12960,972,Long,1900-01-01 18:30:00,1900-01-01 12:00:00,17.5,20,19
12961,831,Long,1900-01-01 19:10:00,1900-01-01 09:15:00,14.083333333333334,19,18
12962,831,Long,1900-01-01 16:20:00,1900-01-01 06:10:00,13.833333333333334,19,18
12963,735,Long,1900-01-01 19:00:00,1900-01-01 07:15:00,12.25,18,17
12964,733,Long,1900-01-01 18:15:00,1900-01-01 06:35:00,12.333333333333334,18,17
12967,2179,Long,1900-01-01 17:40:00,1900-01-01 06:15:00,12.583333333333334,32,31
12968,2174,Long,1900-01-01 19:35:00,1900-01-01 09:45:00,14.166666666666666,32,31
12969,2673,Long,1900-01-01 09:20:00,1900-01-01 06:15:00,20.916666666666668,39,38
12970,2667,Long,1900-01-01 19:35:00,1900-01-01 18:00:00,22.416666666666668,39,38
12971,778,Long,1900-01-01 21:30:00,1900-01-01 10:30:00,13.0,20,19
12972,778,Long,1900-01-01 18:35:00,1900-01-01 08:40:00,14.083333333333334,20,19
12973,593,Long,1900-01-01 22:25:00,1900-01-01 08:20:00,9.916666666666666,8,7
12974,593,Long,1900-01-01 21:05:00,1900-01-01 07:10:00,10.083333333333334,8,7
12975,2483,Long,1900-01-01 10:20:00,1900-01-01 06:15:00,19.916666666666668,42,41
12976,2483,Long,1900-01-01 19:35:00,1900-01-01 15:45:00,20.166666666666668,43,42
12977,778,Long,1900-01-01 20:25:00,1900-01-01 12:08:00,15.716666666666667,17,16
12978,2560,Long,1900-01-01 21:20:00,1900-01-01 03:20:00,6.0,7,6
12979,1146,Long,1900-01-01 15:50:00,1900-01-01 10:45:00,18.916666666666668,17,16
12980,1147,Long,1900-01-01 20:25:00,1900-01-01 14:20:00,17.916666666666668,17,16
12981,672,Long,1900-01-01 19:40:00,1900-01-01 07:50:00,12.166666666666666,21,20
12982,672,Long,1900-01-01 17:15:00,1900-01-01 05:05:00,11.833333333333334,21,20
12983,715,Long,1900-01-01 17:55:00,1900-01-01 06:45:00,12.833333333333334,15,14
12984,715,Long,1900-01-01 20:50:00,1900-01-01 09:40:00,12.833333333333334,15,14
12985,302,Medium,1900-01-01 06:00:00,1900-01-01 10:30:00,4.5,6,5
12986,302,Medium,1900-01-01 17:35:00,1900-01-01 22:05:00,4.5,6,5
12987,1637,Long,1900-01-01 22:55:00,1900-01-01 02:45:00,3.8333333333333335,22,21
12988,1638,Long,1900-01-01 12:50:00,1900-01-01 16:00:00,3.1666666666666665,22,21
12989,974,Long,1900-01-01 14:35:00,1900-01-01 08:15:00,17.666666666666668,23,22
12990,976,Long,1900-01-01 19:20:00,1900-01-01 12:40:00,17.333333333333332,23,22
12991,434,Medium,1900-01-01 06:00:00,1900-01-01 13:30:00,7.5,15,14
12992,434,Medium,1900-01-01 14:00:00,1900-01-01 21:30:00,7.5,15,14
12993,2288,Long,1900-01-01 22:45:00,1900-01-01 16:10:00,17.416666666666668,27,26
12994,2295,Long,1900-01-01 19:45:00,1900-01-01 13:00:00,17.25,27,26
12995,944,Long,1900-01-01 15:50:00,1900-01-01 08:55:00,17.083333333333332,19,18
12996,945,Long,1900-01-01 21:35:00,1900-01-01 14:20:00,16.75,19,18
13005,1906,Long,1900-01-01 19:10:00,1900-01-01 08:55:00,13.75,57,56
13006,1907,Long,1900-01-01 18:40:00,1900-01-01 07:20:00,12.666666666666666,56,55
13007,1949,Long,1900-01-01 09:35:00,1900-01-01 07:00:00,21.416666666666668,112,111
13008,1952,Long,1900-01-01 21:00:00,1900-01-01 19:30:00,22.5,108,107
13009,1558,Long,1900-01-01 20:25:00,1900-01-01 07:35:00,11.166666666666666,77,76
13010,1559,Long,1900-01-01 20:00:00,1900-01-01 06:55:00,10.916666666666666,78,77
13011,340,Medium,1900-01-01 15:25:00,1900-01-01 22:50:00,7.416666666666667,18,17
13012,340,Medium,1900-01-01 04:30:00,1900-01-01 11:25:00,6.916666666666667,18,17
13013,111,Short,1900-01-01 07:15:00,1900-01-01 09:35:00,2.3333333333333335,6,5
13014,111,Short,1900-01-01 18:40:00,1900-01-01 21:25:00,2.75,6,5
13015,158,Short,1900-01-01 10:40:00,1900-01-01 13:45:00,3.0833333333333335,5,4
13016,158,Short,1900-01-01 14:10:00,1900-01-01 17:15:00,3.0833333333333335,5,4
13017,275,Medium,1900-01-01 06:05:00,1900-01-01 12:00:00,5.916666666666667,15,14
13018,275,Medium,1900-01-01 15:40:00,1900-01-01 21:45:00,6.083333333333333,15,14
13019,1517,Long,1900-01-01 21:45:00,1900-01-01 09:25:00,11.666666666666666,66,65
13020,1521,Long,1900-01-01 21:55:00,1900-01-01 12:40:00,14.75,64,63
13021,691,Long,1900-01-01 15:45:00,1900-01-01 08:25:00,16.666666666666668,42,41
13022,692,Long,1900-01-01 10:00:00,1900-01-01 04:00:00,18.0,42,41
13023,658,Long,1900-01-01 19:50:00,1900-01-01 11:15:00,15.416666666666666,33,32
13024,658,Long,1900-01-01 12:20:00,1900-01-01 03:40:00,15.333333333333334,33,32
13027,275,Medium,1900-01-01 22:40:00,1900-01-01 04:20:00,5.666666666666667,11,10
13028,275,Medium,1900-01-01 07:50:00,1900-01-01 13:55:00,6.083333333333333,11,10
13033,419,Medium,1900-01-01 21:25:00,1900-01-01 09:45:00,12.333333333333334,49,48
13034,419,Medium,1900-01-01 15:30:00,1900-01-01 04:15:00,12.75,45,44
13043,697,Long,1900-01-01 22:50:00,1900-01-01 15:45:00,16.916666666666668,19,18
13044,698,Long,1900-01-01 20:30:00,1900-01-01 12:15:00,15.75,19,18
13049,1908,Long,1900-01-01 13:50:00,1900-01-01 10:20:00,20.5,111,110
13050,1909,Long,1900-01-01 18:10:00,1900-01-01 15:45:00,21.583333333333332,106,105
13053,210,Medium,1900-01-01 08:35:00,1900-01-01 13:50:00,5.25,6,5
13054,210,Medium,1900-01-01 17:30:00,1900-01-01 22:40:00,5.166666666666667,6,5
13063,403,Medium,1900-01-01 07:55:00,1900-01-01 19:30:00,11.583333333333334,12,11
13064,424,Medium,1900-01-01 20:30:00,1900-01-01 06:15:00,9.75,12,11
13071,472,Medium,1900-01-01 21:35:00,1900-01-01 07:10:00,9.583333333333334,21,20
13072,472,Medium,1900-01-01 19:30:00,1900-01-01 05:30:00,10.0,21,20
13103,229,Medium,1900-01-01 18:20:00,1900-01-01 22:55:00,4.583333333333333,14,13
13104,229,Medium,1900-01-01 05:35:00,1900-01-01 10:25:00,4.833333333333333,14,13
13105,680,Long,1900-01-01 13:20:00,1900-01-01 06:10:00,16.833333333333332,30,29
13106,681,Long,1900-01-01 08:50:00,1900-01-01 03:35:00,18.75,30,29
13109,112,Short,1900-01-01 07:10:00,1900-01-01 09:25:00,2.25,2,1
13110,112,Short,1900-01-01 13:45:00,1900-01-01 16:00:00,2.25,2,1
13113,222,Medium,1900-01-01 06:50:00,1900-01-01 11:20:00,4.5,12,11
13114,222,Medium,1900-01-01 16:20:00,1900-01-01 21:25:00,5.083333333333333,12,11
13117,222,Medium,1900-01-01 16:10:00,1900-01-01 20:45:00,4.583333333333333,11,10
13118,222,Medium,1900-01-01 06:40:00,1900-01-01 11:20:00,4.666666666666667,11,10
13119,1627,Long,1900-01-01 21:15:00,1900-01-01 11:40:00,14.416666666666666,89,88
13120,1627,Long,1900-01-01 18:15:00,1900-01-01 10:55:00,16.666666666666668,91,90
13121,740,Long,1900-01-01 20:05:00,1900-01-01 10:30:00,14.416666666666666,16,15
13122,741,Long,1900-01-01 14:10:00,1900-01-01 05:15:00,15.083333333333334,16,15
13129,78,Short,1900-01-01 07:10:00,1900-01-01 08:55:00,1.75,2,1
13130,78,Short,1900-01-01 16:20:00,1900-01-01 18:10:00,1.8333333333333333,2,1
13131,545,Long,1900-01-01 19:50:00,1900-01-01 09:45:00,13.916666666666666,44,43
13132,546,Long,1900-01-01 17:10:00,1900-01-01 07:30:00,14.333333333333334,45,44
13133,871,Long,1900-01-01 21:15:00,1900-01-01 21:40:00,0.4166666666666667,82,81
13134,871,Long,1900-01-01 08:40:00,1900-01-01 10:55:00,2.25,84,83
13135,618,Long,1900-01-01 20:55:00,1900-01-01 10:55:00,14.0,17,16
13136,619,Long,1900-01-01 12:40:00,1900-01-01 03:45:00,15.083333333333334,17,16
13137,785,Long,1900-01-01 11:25:00,1900-01-01 06:05:00,18.666666666666668,22,21
13138,786,Long,1900-01-01 08:00:00,1900-01-01 03:45:00,19.75,22,21
13141,716,Long,1900-01-01 13:40:00,1900-01-01 07:15:00,17.583333333333332,34,33
13142,716,Long,1900-01-01 11:45:00,1900-01-01 04:35:00,16.833333333333332,34,33
13145,473,Medium,1900-01-01 19:30:00,1900-01-01 06:50:00,11.333333333333334,20,19
13146,473,Medium,1900-01-01 17:50:00,1900-01-01 05:35:00,11.75,20,19
13147,692,Long,1900-01-01 19:35:00,1900-01-01 09:40:00,14.083333333333334,24,23
13148,692,Long,1900-01-01 15:25:00,1900-01-01 05:10:00,13.75,24,23
13149,734,Long,1900-01-01 20:30:00,1900-01-01 12:10:00,15.666666666666666,25,24
13150,734,Long,1900-01-01 15:30:00,1900-01-01 08:15:00,16.75,25,24
13151,1978,Long,1900-01-01 11:45:00,1900-01-01 09:10:00,21.416666666666668,96,95
13152,1979,Long,1900-01-01 18:55:00,1900-01-01 15:45:00,20.833333333333332,97,96
13153,350,Medium,1900-01-01 22:15:00,1900-01-01 06:00:00,7.75,14,13
13154,350,Medium,1900-01-01 21:35:00,1900-01-01 05:20:00,7.75,15,14
13155,618,Long,1900-01-01 20:55:00,1900-01-01 11:00:00,14.083333333333334,19,18
13156,618,Long,1900-01-01 12:55:00,1900-01-01 03:45:00,14.833333333333334,19,18
13157,564,Long,1900-01-01 20:55:00,1900-01-01 09:15:00,12.333333333333334,14,13
13158,565,Long,1900-01-01 14:40:00,1900-01-01 03:45:00,13.083333333333334,14,13
13159,542,Long,1900-01-01 20:55:00,1900-01-01 11:05:00,14.166666666666666,16,15
13160,542,Long,1900-01-01 14:35:00,1900-01-01 03:20:00,12.75,16,15
13161,427,Medium,1900-01-01 12:55:00,1900-01-01 22:35:00,9.666666666666666,12,11
13162,426,Medium,1900-01-01 05:30:00,1900-01-01 14:25:00,8.916666666666666,12,11
13163,589,Long,1900-01-01 20:10:00,1900-01-01 12:35:00,16.416666666666668,33,32
13164,589,Long,1900-01-01 14:20:00,1900-01-01 07:15:00,16.916666666666668,33,32
13165,606,Long,1900-01-01 22:45:00,1900-01-01 13:00:00,14.25,15,14
13166,618,Long,1900-01-01 22:25:00,1900-01-01 12:25:00,14.0,15,14
13167,1462,Long,1900-01-01 12:10:00,1900-01-01 16:35:00,4.416666666666667,22,21
13168,1463,Long,1900-01-01 04:40:00,1900-01-01 08:45:00,4.083333333333333,22,21
13169,569,Long,1900-01-01 20:10:00,1900-01-01 12:35:00,16.416666666666668,27,26
13170,568,Long,1900-01-01 14:20:00,1900-01-01 07:15:00,16.916666666666668,27,26
13185,625,Long,1900-01-01 17:45:00,1900-01-01 08:50:00,15.083333333333334,22,21
13186,626,Long,1900-01-01 16:35:00,1900-01-01 06:55:00,14.333333333333334,21,20
13187,228,Medium,1900-01-01 07:20:00,1900-01-01 12:15:00,4.916666666666667,10,9
13188,228,Medium,1900-01-01 14:05:00,1900-01-01 18:45:00,4.666666666666667,10,9
13201,1698,Long,1900-01-01 23:45:00,1900-01-01 11:30:00,11.75,67,66
13202,1699,Long,1900-01-01 22:15:00,1900-01-01 09:55:00,11.666666666666666,63,62
13205,223,Medium,1900-01-01 23:00:00,1900-01-01 06:15:00,7.25,9,8
13206,223,Medium,1900-01-01 09:00:00,1900-01-01 14:50:00,5.833333333333333,9,8
13225,264,Medium,1900-01-01 10:45:00,1900-01-01 20:00:00,9.25,20,19
13226,264,Medium,1900-01-01 07:10:00,1900-01-01 15:05:00,7.916666666666667,20,19
13233,108,Short,1900-01-01 16:30:00,1900-01-01 20:25:00,3.9166666666666665,15,14
13234,108,Short,1900-01-01 07:40:00,1900-01-01 11:45:00,4.083333333333333,15,14
13235,305,Medium,1900-01-01 14:25:00,1900-01-01 23:35:00,9.166666666666666,29,28
13236,305,Medium,1900-01-01 04:55:00,1900-01-01 13:05:00,8.166666666666666,29,28
13237,1245,Long,1900-01-01 11:50:00,1900-01-01 12:55:00,1.0833333333333333,28,27
13238,1246,Long,1900-01-01 14:50:00,1900-01-01 17:30:00,2.6666666666666665,28,27
13239,1198,Long,1900-01-01 11:50:00,1900-01-01 12:55:00,1.0833333333333333,24,23
13240,1199,Long,1900-01-01 14:50:00,1900-01-01 17:30:00,2.6666666666666665,24,23
13241,271,Medium,1900-01-01 07:35:00,1900-01-01 15:00:00,7.416666666666667,21,20
13242,271,Medium,1900-01-01 23:55:00,1900-01-01 06:50:00,6.916666666666667,21,20
13243,242,Medium,1900-01-01 17:45:00,1900-01-01 23:35:00,5.833333333333333,24,23
13244,242,Medium,1900-01-01 04:15:00,1900-01-01 10:15:00,6.0,24,23
13245,487,Medium,1900-01-01 14:40:00,1900-01-01 03:20:00,12.666666666666666,32,31
13246,485,Medium,1900-01-01 23:15:00,1900-01-01 11:30:00,12.25,35,34
13247,969,Long,1900-01-01 05:00:00,1900-01-01 03:20:00,22.333333333333332,41,40
13248,967,Long,1900-01-01 23:15:00,1900-01-01 21:55:00,22.666666666666668,44,43
13249,193,Short,1900-01-01 05:05:00,1900-01-01 10:10:00,5.083333333333333,12,11
13250,193,Short,1900-01-01 10:50:00,1900-01-01 16:45:00,5.916666666666667,12,11
13257,971,Long,1900-01-01 15:45:00,1900-01-01 10:40:00,18.916666666666668,8,7
13258,971,Long,1900-01-01 13:30:00,1900-01-01 07:30:00,18.0,8,7
13287,1112,Long,1900-01-01 07:25:00,1900-01-01 07:45:00,0.3333333333333333,51,50
13288,1113,Long,1900-01-01 20:25:00,1900-01-01 20:40:00,0.25,52,51
13301,198,Short,1900-01-01 05:35:00,1900-01-01 11:25:00,5.833333333333333,12,11
13302,197,Short,1900-01-01 13:20:00,1900-01-01 18:45:00,5.416666666666667,12,11
13303,295,Medium,1900-01-01 05:10:00,1900-01-01 12:00:00,6.833333333333333,10,9
13304,292,Medium,1900-01-01 16:00:00,1900-01-01 23:05:00,7.083333333333333,10,9
13305,198,Short,1900-01-01 06:00:00,1900-01-01 09:55:00,3.9166666666666665,17,16
13306,198,Short,1900-01-01 17:40:00,1900-01-01 21:40:00,4.0,17,16
13307,1600,Long,1900-01-01 21:20:00,1900-01-01 10:15:00,12.916666666666666,74,73
13308,1600,Long,1900-01-01 18:25:00,1900-01-01 04:55:00,10.5,71,70
13319,331,Medium,1900-01-01 04:45:00,1900-01-01 12:50:00,8.083333333333334,20,19
13320,328,Medium,1900-01-01 13:25:00,1900-01-01 21:55:00,8.5,20,19
13329,290,Medium,1900-01-01 23:10:00,1900-01-01 05:30:00,6.333333333333333,11,10
13330,290,Medium,1900-01-01 23:15:00,1900-01-01 05:20:00,6.083333333333333,11,10
13331,367,Medium,1900-01-01 08:10:00,1900-01-01 18:30:00,10.333333333333334,22,21
13332,367,Medium,1900-01-01 08:25:00,1900-01-01 16:35:00,8.166666666666666,22,21
13345,208,Medium,1900-01-01 14:10:00,1900-01-01 20:50:00,6.666666666666667,9,8
13346,208,Medium,1900-01-01 05:45:00,1900-01-01 13:00:00,7.25,9,8
13347,493,Medium,1900-01-01 18:10:00,1900-01-01 08:10:00,14.0,32,31
13348,493,Medium,1900-01-01 19:30:00,1900-01-01 07:45:00,12.25,32,31
13351,2535,Long,1900-01-01 10:30:00,1900-01-01 19:25:00,8.916666666666666,96,95
13352,2534,Long,1900-01-01 05:55:00,1900-01-01 13:30:00,7.583333333333333,97,96
13401,230,Medium,1900-01-01 05:35:00,1900-01-01 12:40:00,7.083333333333333,28,27
13402,230,Medium,1900-01-01 16:00:00,1900-01-01 22:25:00,6.416666666666667,28,27
13403,572,Long,1900-01-01 19:15:00,1900-01-01 10:10:00,14.916666666666666,26,25
13404,575,Long,1900-01-01 19:05:00,1900-01-01 08:40:00,13.583333333333334,26,25
13409,231,Medium,1900-01-01 05:40:00,1900-01-01 11:10:00,5.5,17,16
13410,231,Medium,1900-01-01 15:15:00,1900-01-01 21:00:00,5.75,17,16
13413,1399,Long,1900-01-01 19:10:00,1900-01-01 04:40:00,9.5,63,62
13414,1399,Long,1900-01-01 21:40:00,1900-01-01 07:05:00,9.416666666666666,61,60
13415,399,Medium,1900-01-01 20:30:00,1900-01-01 06:00:00,9.5,18,17
13416,399,Medium,1900-01-01 21:50:00,1900-01-01 08:20:00,10.5,18,17
13417,659,Long,1900-01-01 23:55:00,1900-01-01 14:25:00,14.5,16,15
13418,660,Long,1900-01-01 07:50:00,1900-01-01 22:40:00,14.833333333333334,16,15
13419,239,Medium,1900-01-01 14:05:00,1900-01-01 20:40:00,6.583333333333333,18,17
13420,239,Medium,1900-01-01 23:05:00,1900-01-01 06:00:00,6.916666666666667,18,17
13421,224,Medium,1900-01-01 04:40:00,1900-01-01 09:30:00,4.833333333333333,11,10
13422,224,Medium,1900-01-01 15:50:00,1900-01-01 20:55:00,5.083333333333333,11,10
13423,1748,Long,1900-01-01 13:05:00,1900-01-01 23:55:00,10.833333333333334,18,17
13424,1749,Long,1900-01-01 05:55:00,1900-01-01 17:30:00,11.583333333333334,18,17
13425,2141,Long,1900-01-01 12:30:00,1900-01-01 04:50:00,16.333333333333332,30,29
13426,2130,Long,1900-01-01 12:50:00,1900-01-01 06:15:00,17.416666666666668,30,29
13429,1405,Long,1900-01-01 09:05:00,1900-01-01 14:35:00,5.5,24,23
13430,1405,Long,1900-01-01 17:10:00,1900-01-01 23:50:00,6.666666666666667,24,23
13465,329,Medium,1900-01-01 15:15:00,1900-01-01 22:20:00,7.083333333333333,15,14
13466,329,Medium,1900-01-01 06:10:00,1900-01-01 12:50:00,6.666666666666667,15,14
13483,1447,Long,1900-01-01 19:10:00,1900-01-01 04:40:00,9.5,65,64
13484,1447,Long,1900-01-01 21:40:00,1900-01-01 07:05:00,9.416666666666666,63,62
13501,330,Medium,1900-01-01 14:00:00,1900-01-01 20:35:00,6.583333333333333,18,17
13502,323,Medium,1900-01-01 05:40:00,1900-01-01 12:15:00,6.583333333333333,18,17
13505,379,Medium,1900-01-01 14:30:00,1900-01-01 22:30:00,8.0,14,13
13506,372,Medium,1900-01-01 05:40:00,1900-01-01 13:40:00,8.0,14,13
13507,641,Long,1900-01-01 16:15:00,1900-01-01 05:50:00,13.583333333333334,15,14
13508,643,Long,1900-01-01 20:55:00,1900-01-01 11:15:00,14.333333333333334,15,14
13509,859,Long,1900-01-01 16:15:00,1900-01-01 13:00:00,20.75,24,23
13510,861,Long,1900-01-01 15:00:00,1900-01-01 11:15:00,20.25,22,21
13511,166,Short,1900-01-01 13:00:00,1900-01-01 16:30:00,3.5,9,8
13512,166,Short,1900-01-01 09:05:00,1900-01-01 12:25:00,3.3333333333333335,9,8
14001,471,Medium,1900-01-01 23:10:00,1900-01-01 07:15:00,8.083333333333334,2,1
14002,471,Medium,1900-01-01 20:00:00,1900-01-01 03:20:00,7.333333333333333,2,1
14003,1418,Long,1900-01-01 09:05:00,1900-01-01 14:40:00,5.583333333333333,23,22
14004,1418,Long,1900-01-01 18:00:00,1900-01-01 23:50:00,5.833333333333333,23,22
14005,1182,Long,1900-01-01 02:35:00,1900-01-01 04:35:00,2.0,41,40
14006,1183,Long,1900-01-01 15:10:00,1900-01-01 20:30:00,5.333333333333333,43,42
14007,1235,Long,1900-01-01 23:55:00,1900-01-01 04:45:00,4.833333333333333,34,33
14008,1236,Long,1900-01-01 16:25:00,1900-01-01 22:00:00,5.583333333333333,34,33
14011,410,Medium,1900-01-01 21:00:00,1900-01-01 05:20:00,8.333333333333334,9,8
14012,410,Medium,1900-01-01 22:10:00,1900-01-01 07:10:00,9.0,9,8
14013,627,Long,1900-01-01 15:30:00,1900-01-01 04:45:00,13.25,15,14
14014,627,Long,1900-01-01 16:25:00,1900-01-01 06:30:00,14.083333333333334,15,14
14015,1218,Long,1900-01-01 00:20:00,1900-01-01 04:45:00,4.416666666666667,35,34
14016,1219,Long,1900-01-01 16:25:00,1900-01-01 21:30:00,5.083333333333333,36,35
14017,1282,Long,1900-01-01 23:55:00,1900-01-01 04:45:00,4.833333333333333,36,35
14018,1283,Long,1900-01-01 16:25:00,1900-01-01 22:00:00,5.583333333333333,36,35
14019,2478,Long,1900-01-01 14:00:00,1900-01-01 12:50:00,22.833333333333332,18,17
14020,2479,Long,1900-01-01 23:55:00,1900-01-01 00:30:00,0.5833333333333334,18,17
14021,291,Medium,1900-01-01 22:25:00,1900-01-01 05:45:00,7.333333333333333,18,17
14022,291,Medium,1900-01-01 22:15:00,1900-01-01 05:40:00,7.416666666666667,18,17
14033,653,Long,1900-01-01 20:10:00,1900-01-01 11:05:00,14.916666666666666,32,31
14034,653,Long,1900-01-01 14:35:00,1900-01-01 05:45:00,15.166666666666666,30,29
14035,495,Medium,1900-01-01 22:45:00,1900-01-01 08:20:00,9.583333333333334,19,18
14036,495,Medium,1900-01-01 23:20:00,1900-01-01 10:25:00,11.083333333333334,20,19
14041,338,Medium,1900-01-01 21:30:00,1900-01-01 08:30:00,11.0,20,19
14042,338,Medium,1900-01-01 21:20:00,1900-01-01 08:30:00,11.166666666666666,20,19
14043,237,Medium,1900-01-01 15:10:00,1900-01-01 22:20:00,7.166666666666667,13,12
14044,237,Medium,1900-01-01 07:20:00,1900-01-01 14:30:00,7.166666666666667,13,12
14055,2578,Long,1900-01-01 23:25:00,1900-01-01 06:05:00,6.666666666666667,62,61
14056,2579,Long,1900-01-01 23:40:00,1900-01-01 04:25:00,4.75,61,60
14085,263,Medium,1900-01-01 18:00:00,1900-01-01 00:40:00,6.666666666666667,20,19
14086,263,Medium,1900-01-01 03:30:00,1900-01-01 09:58:00,6.466666666666667,20,19
14095,269,Medium,1900-01-01 05:35:00,1900-01-01 11:10:00,5.583333333333333,14,13
14096,269,Medium,1900-01-01 16:55:00,1900-01-01 22:40:00,5.75,15,14
14101,208,Medium,1900-01-01 16:35:00,1900-01-01 20:50:00,4.25,13,12
14102,208,Medium,1900-01-01 09:40:00,1900-01-01 14:40:00,5.0,13,12
14109,213,Medium,1900-01-01 15:00:00,1900-01-01 20:05:00,5.083333333333333,12,11
14110,213,Medium,1900-01-01 10:10:00,1900-01-01 14:35:00,4.416666666666667,12,11
14113,360,Medium,1900-01-01 03:30:00,1900-01-01 13:10:00,9.666666666666666,15,14
14114,360,Medium,1900-01-01 13:20:00,1900-01-01 22:25:00,9.083333333333334,16,15
14115,724,Long,1900-01-01 23:45:00,1900-01-01 13:45:00,14.0,15,14
14116,724,Long,1900-01-01 16:05:00,1900-01-01 07:05:00,15.0,15,14
14117,263,Medium,1900-01-01 04:30:00,1900-01-01 11:20:00,6.833333333333333,10,9
14118,263,Medium,1900-01-01 13:30:00,1900-01-01 20:30:00,7.0,10,9
14119,335,Medium,1900-01-01 19:45:00,1900-01-01 04:20:00,8.583333333333334,11,10
14120,335,Medium,1900-01-01 22:55:00,1900-01-01 07:10:00,8.25,11,10
14123,246,Medium,1900-01-01 04:35:00,1900-01-01 09:40:00,5.083333333333333,15,14
14124,246,Medium,1900-01-01 17:35:00,1900-01-01 23:00:00,5.416666666666667,15,14
14125,202,Medium,1900-01-01 18:15:00,1900-01-01 01:05:00,6.833333333333333,15,14
14126,202,Medium,1900-01-01 02:45:00,1900-01-01 08:40:00,5.916666666666667,15,14
14151,429,Medium,1900-01-01 07:50:00,1900-01-01 18:20:00,10.5,13,12
14152,478,Medium,1900-01-01 19:45:00,1900-01-01 07:30:00,11.75,13,12
14163,629,Long,1900-01-01 17:45:00,1900-01-01 06:40:00,12.916666666666666,30,29
14164,629,Long,1900-01-01 19:00:00,1900-01-01 08:10:00,13.166666666666666,24,23
14201,197,Short,1900-01-01 16:20:00,1900-01-01 21:40:00,5.333333333333333,11,10
14202,197,Short,1900-01-01 06:45:00,1900-01-01 12:05:00,5.333333333333333,11,10
14203,301,Medium,1900-01-01 16:20:00,1900-01-01 22:10:00,5.833333333333333,14,13
14204,301,Medium,1900-01-01 07:00:00,1900-01-01 13:30:00,6.5,14,13
14205,614,Long,1900-01-01 17:25:00,1900-01-01 05:40:00,12.25,11,10
14206,614,Long,1900-01-01 18:25:00,1900-01-01 07:20:00,12.916666666666666,11,10
14207,659,Long,1900-01-01 17:00:00,1900-01-01 06:45:00,13.75,16,15
14208,659,Long,1900-01-01 19:50:00,1900-01-01 08:20:00,12.5,16,15
14209,194,Short,1900-01-01 15:40:00,1900-01-01 19:25:00,3.75,8,7
14210,194,Short,1900-01-01 07:30:00,1900-01-01 11:30:00,4.0,8,7
14211,188,Short,1900-01-01 06:00:00,1900-01-01 10:20:00,4.333333333333333,18,17
14212,191,Short,1900-01-01 17:35:00,1900-01-01 22:05:00,4.5,18,17
14213,254,Medium,1900-01-01 14:15:00,1900-01-01 20:15:00,6.0,12,11
14214,255,Medium,1900-01-01 06:55:00,1900-01-01 13:40:00,6.75,12,11
14215,200,Medium,1900-01-01 06:00:00,1900-01-01 10:10:00,4.166666666666667,11,10
14216,200,Medium,1900-01-01 18:00:00,1900-01-01 22:25:00,4.416666666666667,11,10
14217,875,Long,1900-01-01 14:05:00,1900-01-01 09:25:00,19.333333333333332,41,40
14218,875,Long,1900-01-01 16:40:00,1900-01-01 10:55:00,18.25,40,39
14219,301,Medium,1900-01-01 05:10:00,1900-01-01 11:25:00,6.25,12,11
14220,301,Medium,1900-01-01 12:55:00,1900-01-01 20:25:00,7.5,12,11
14221,203,Medium,1900-01-01 05:05:00,1900-01-01 10:20:00,5.25,9,8
14222,203,Medium,1900-01-01 12:55:00,1900-01-01 18:00:00,5.083333333333333,9,8
14227,276,Medium,1900-01-01 04:45:00,1900-01-01 09:50:00,5.083333333333333,13,12
14228,276,Medium,1900-01-01 17:50:00,1900-01-01 23:30:00,5.666666666666667,12,11
14235,558,Long,1900-01-01 23:40:00,1900-01-01 14:20:00,14.666666666666666,48,47
14236,558,Long,1900-01-01 15:35:00,1900-01-01 06:50:00,15.25,45,44
14257,793,Long,1900-01-01 14:00:00,1900-01-01 06:15:00,16.25,32,31
14258,793,Long,1900-01-01 11:35:00,1900-01-01 04:35:00,17.0,34,33
14260,319,Medium,1900-01-01 23:35:00,1900-01-01 06:35:00,7.0,8,7
14265,845,Long,1900-01-01 08:25:00,1900-01-01 06:30:00,22.083333333333332,49,48
14266,845,Long,1900-01-01 18:15:00,1900-01-01 15:35:00,21.333333333333332,51,50
14307,460,Medium,1900-01-01 22:15:00,1900-01-01 10:55:00,12.666666666666666,41,40
14308,460,Medium,1900-01-01 17:15:00,1900-01-01 05:35:00,12.333333333333334,40,39
14309,1226,Long,1900-01-01 15:00:00,1900-01-01 19:40:00,4.666666666666667,30,29
14310,1228,Long,1900-01-01 05:50:00,1900-01-01 09:05:00,3.25,30,29
14311,1543,Long,1900-01-01 06:00:00,1900-01-01 14:00:00,8.0,46,45
14312,1540,Long,1900-01-01 12:40:00,1900-01-01 20:35:00,7.916666666666667,45,44
14313,1592,Long,1900-01-01 08:05:00,1900-01-01 15:30:00,7.416666666666667,26,25
14314,1591,Long,1900-01-01 11:00:00,1900-01-01 20:00:00,9.0,27,26
14315,257,Medium,1900-01-01 04:35:00,1900-01-01 10:15:00,5.666666666666667,16,15
14316,257,Medium,1900-01-01 16:35:00,1900-01-01 21:50:00,5.25,16,15
14317,1165,Long,1900-01-01 15:00:00,1900-01-01 19:40:00,4.666666666666667,30,29
14318,1168,Long,1900-01-01 05:50:00,1900-01-01 06:40:00,0.8333333333333334,30,29
14319,1021,Long,1900-01-01 16:50:00,1900-01-01 15:30:00,22.666666666666668,19,18
14320,1020,Long,1900-01-01 11:00:00,1900-01-01 11:05:00,0.08333333333333333,19,18
14321,1409,Long,1900-01-01 06:00:00,1900-01-01 09:30:00,3.5,46,45
14322,1407,Long,1900-01-01 17:05:00,1900-01-01 20:35:00,3.5,45,44
14323,71,Short,1900-01-01 10:35:00,1900-01-01 12:55:00,2.3333333333333335,6,5
14324,71,Short,1900-01-01 14:15:00,1900-01-01 16:00:00,1.75,6,5
14369,722,Long,1900-01-01 16:20:00,1900-01-01 12:35:00,20.25,36,35
14370,722,Long,1900-01-01 12:10:00,1900-01-01 07:35:00,19.416666666666668,36,35
14371,201,Medium,1900-01-01 13:00:00,1900-01-01 17:15:00,4.25,10,9
14372,201,Medium,1900-01-01 05:55:00,1900-01-01 10:45:00,4.833333333333333,10,9
14501,523,Long,1900-01-01 20:50:00,1900-01-01 07:25:00,10.583333333333334,13,12
14502,523,Long,1900-01-01 23:15:00,1900-01-01 10:20:00,11.083333333333334,13,12
14503,479,Medium,1900-01-01 19:00:00,1900-01-01 04:35:00,9.583333333333334,10,9
14504,479,Medium,1900-01-01 21:20:00,1900-01-01 07:50:00,10.5,10,9
14505,286,Medium,1900-01-01 14:05:00,1900-01-01 19:50:00,5.75,11,10
14506,286,Medium,1900-01-01 07:25:00,1900-01-01 13:20:00,5.916666666666667,12,11
14511,773,Long,1900-01-01 17:40:00,1900-01-01 11:55:00,18.25,29,28
14512,773,Long,1900-01-01 16:50:00,1900-01-01 09:55:00,17.083333333333332,28,27
14519,335,Medium,1900-01-01 14:50:00,1900-01-01 22:20:00,7.5,19,18
14520,335,Medium,1900-01-01 06:55:00,1900-01-01 14:10:00,7.25,19,18
14521,261,Medium,1900-01-01 13:10:00,1900-01-01 18:45:00,5.583333333333333,14,13
14522,261,Medium,1900-01-01 05:40:00,1900-01-01 11:40:00,6.0,14,13
14523,1295,Long,1900-01-01 05:00:00,1900-01-01 07:55:00,2.9166666666666665,21,20
14524,1296,Long,1900-01-01 22:45:00,1900-01-01 02:10:00,3.4166666666666665,21,20
14525,314,Medium,1900-01-01 05:15:00,1900-01-01 12:00:00,6.75,15,14
14526,314,Medium,1900-01-01 14:00:00,1900-01-01 20:55:00,6.916666666666667,15,14
14545,212,Medium,1900-01-01 13:10:00,1900-01-01 21:25:00,8.25,27,26
14546,203,Medium,1900-01-01 06:05:00,1900-01-01 12:40:00,6.583333333333333,27,26
14553,398,Medium,1900-01-01 22:55:00,1900-01-01 08:45:00,9.833333333333334,28,27
14554,398,Medium,1900-01-01 20:10:00,1900-01-01 05:30:00,9.333333333333334,26,25
14555,271,Medium,1900-01-01 14:10:00,1900-01-01 21:45:00,7.583333333333333,21,20
14556,271,Medium,1900-01-01 06:00:00,1900-01-01 13:05:00,7.083333333333333,21,20
14601,184,Short,1900-01-01 05:10:00,1900-01-01 08:55:00,3.75,10,9
14602,184,Short,1900-01-01 12:10:00,1900-01-01 16:35:00,4.416666666666667,10,9
14603,1568,Long,1900-01-01 16:25:00,1900-01-01 02:55:00,10.5,33,32
14604,1571,Long,1900-01-01 13:10:00,1900-01-01 20:00:00,6.833333333333333,33,32
14609,635,Long,1900-01-01 16:25:00,1900-01-01 06:30:00,14.083333333333334,22,21
14610,635,Long,1900-01-01 16:20:00,1900-01-01 08:35:00,16.25,22,21
14611,1385,Long,1900-01-01 08:30:00,1900-01-01 12:35:00,4.083333333333333,14,13
14613,236,Medium,1900-01-01 16:30:00,1900-01-01 21:30:00,5.0,8,7
14614,236,Medium,1900-01-01 07:00:00,1900-01-01 11:45:00,4.75,8,7
14615,661,Long,1900-01-01 23:15:00,1900-01-01 15:15:00,16.0,18,17
14616,661,Long,1900-01-01 05:55:00,1900-01-01 20:25:00,14.5,18,17
14623,1027,Long,1900-01-01 10:15:00,1900-01-01 06:15:00,20.0,23,22
14624,1029,Long,1900-01-01 12:20:00,1900-01-01 09:50:00,21.5,23,22
14625,382,Medium,1900-01-01 06:45:00,1900-01-01 14:15:00,7.5,18,17
14626,382,Medium,1900-01-01 04:20:00,1900-01-01 11:40:00,7.333333333333333,18,17
14629,123,Short,1900-01-01 07:10:00,1900-01-01 09:45:00,2.5833333333333335,9,8
14630,123,Short,1900-01-01 17:40:00,1900-01-01 20:10:00,2.5,9,8
14631,462,Medium,1900-01-01 19:00:00,1900-01-01 07:30:00,12.5,27,26
14632,462,Medium,1900-01-01 22:10:00,1900-01-01 10:35:00,12.416666666666666,29,28
14633,106,Short,1900-01-01 09:15:00,1900-01-01 11:45:00,2.5,7,6
14634,106,Short,1900-01-01 14:10:00,1900-01-01 16:40:00,2.5,7,6
14645,639,Long,1900-01-01 15:50:00,1900-01-01 05:25:00,13.583333333333334,29,28
14646,639,Long,1900-01-01 21:00:00,1900-01-01 10:55:00,13.916666666666666,28,27
14649,1668,Long,1900-01-01 07:15:00,1900-01-01 23:55:00,16.666666666666668,63,62
14650,1669,Long,1900-01-01 11:55:00,1900-01-01 01:15:00,13.333333333333334,58,57
14659,919,Long,1900-01-01 17:35:00,1900-01-01 11:45:00,18.166666666666668,39,38
14660,919,Long,1900-01-01 16:45:00,1900-01-01 11:15:00,18.5,39,38
14661,209,Medium,1900-01-01 05:30:00,1900-01-01 09:30:00,4.0,8,7
14662,209,Medium,1900-01-01 18:00:00,1900-01-01 22:15:00,4.25,8,7
14673,1650,Long,1900-01-01 07:15:00,1900-01-01 23:55:00,16.666666666666668,58,57
14674,1653,Long,1900-01-01 11:55:00,1900-01-01 01:15:00,13.333333333333334,58,57
14681,438,Medium,1900-01-01 14:45:00,1900-01-01 23:50:00,9.083333333333334,21,20
14682,438,Medium,1900-01-01 04:10:00,1900-01-01 12:55:00,8.75,21,20
14703,314,Medium,1900-01-01 10:00:00,1900-01-01 16:35:00,6.583333333333333,14,13
14704,314,Medium,1900-01-01 07:20:00,1900-01-01 13:40:00,6.333333333333333,14,13
14707,1211,Long,1900-01-01 09:30:00,1900-01-01 09:40:00,0.16666666666666666,34,33
14708,1209,Long,1900-01-01 15:05:00,1900-01-01 15:35:00,0.5,34,33
14709,2094,Long,1900-01-01 17:05:00,1900-01-01 09:45:00,16.666666666666668,31,30
14710,2091,Long,1900-01-01 06:30:00,1900-01-01 22:00:00,15.5,31,30
14711,471,Medium,1900-01-01 14:15:00,1900-01-01 00:05:00,9.833333333333334,21,20
14712,471,Medium,1900-01-01 04:10:00,1900-01-01 13:30:00,9.333333333333334,21,20
14713,534,Long,1900-01-01 14:45:00,1900-01-01 02:35:00,11.833333333333334,15,14
14714,534,Long,1900-01-01 05:30:00,1900-01-01 18:00:00,12.5,15,14
14715,445,Medium,1900-01-01 04:30:00,1900-01-01 15:20:00,10.833333333333334,10,9
14716,445,Medium,1900-01-01 16:20:00,1900-01-01 02:00:00,9.666666666666666,10,9
14717,751,Long,1900-01-01 23:05:00,1900-01-01 15:20:00,16.25,14,13
14718,751,Long,1900-01-01 16:20:00,1900-01-01 07:55:00,15.583333333333334,14,13
14723,604,Long,1900-01-01 17:25:00,1900-01-01 09:40:00,16.25,31,30
14724,605,Long,1900-01-01 18:35:00,1900-01-01 11:10:00,16.583333333333332,30,29
14731,521,Long,1900-01-01 14:20:00,1900-01-01 01:00:00,10.666666666666666,29,28
14732,521,Long,1900-01-01 02:00:00,1900-01-01 12:45:00,10.75,29,28
14795,108,Short,1900-01-01 04:30:00,1900-01-01 06:55:00,2.4166666666666665,6,5
14796,108,Short,1900-01-01 20:40:00,1900-01-01 23:20:00,2.6666666666666665,6,5
14801,735,Long,1900-01-01 07:00:00,1900-01-01 23:00:00,16.0,41,40
14803,479,Medium,1900-01-01 10:25:00,1900-01-01 20:00:00,9.583333333333334,17,16
14804,479,Medium,1900-01-01 21:00:00,1900-01-01 07:00:00,10.0,17,16
14805,2242,Long,1900-01-01 10:30:00,1900-01-01 08:00:00,21.5,38,37
14806,2240,Long,1900-01-01 01:00:00,1900-01-01 03:15:00,2.25,37,36
14807,150,Short,1900-01-01 09:55:00,1900-01-01 12:50:00,2.9166666666666665,10,9
14808,150,Short,1900-01-01 14:20:00,1900-01-01 17:45:00,3.4166666666666665,10,9
14809,300,Medium,1900-01-01 06:45:00,1900-01-01 12:45:00,6.0,11,10
14810,300,Medium,1900-01-01 23:30:00,1900-01-01 06:00:00,6.5,11,10
14811,291,Medium,1900-01-01 14:20:00,1900-01-01 21:00:00,6.666666666666667,12,11
14812,291,Medium,1900-01-01 06:50:00,1900-01-01 13:10:00,6.333333333333333,12,11
14853,1193,Long,1900-01-01 17:25:00,1900-01-01 18:40:00,1.25,36,35
14854,1194,Long,1900-01-01 09:30:00,1900-01-01 10:30:00,1.0,37,36
14863,1145,Long,1900-01-01 18:15:00,1900-01-01 18:40:00,0.4166666666666667,31,30
14864,1146,Long,1900-01-01 09:30:00,1900-01-01 08:45:00,23.25,32,31
14865,1170,Long,1900-01-01 18:15:00,1900-01-01 18:40:00,0.4166666666666667,33,32
14866,1171,Long,1900-01-01 09:30:00,1900-01-01 08:50:00,23.333333333333332,33,32
14887,1082,Long,1900-01-01 21:30:00,1900-01-01 20:15:00,22.75,40,39
14888,1082,Long,1900-01-01 06:45:00,1900-01-01 05:55:00,23.166666666666668,40,39
14889,324,Medium,1900-01-01 01:00:00,1900-01-01 07:00:00,6.0,2,1
14890,324,Medium,1900-01-01 19:00:00,1900-01-01 23:50:00,4.833333333333333,2,1
15001,1122,Long,1900-01-01 14:00:00,1900-01-01 13:55:00,23.916666666666668,26,25
15002,1124,Long,1900-01-01 15:25:00,1900-01-01 16:10:00,0.75,26,25
15003,551,Long,1900-01-01 16:40:00,1900-01-01 06:55:00,14.25,31,30
15004,551,Long,1900-01-01 22:45:00,1900-01-01 12:05:00,13.333333333333334,28,27
15005,813,Long,1900-01-01 21:15:00,1900-01-01 13:55:00,16.666666666666668,16,15
15006,814,Long,1900-01-01 15:25:00,1900-01-01 08:05:00,16.666666666666668,16,15
15007,503,Long,1900-01-01 17:00:00,1900-01-01 05:45:00,12.75,36,35
15008,505,Long,1900-01-01 23:10:00,1900-01-01 12:25:00,13.25,37,36
15009,329,Medium,1900-01-01 22:00:00,1900-01-01 06:05:00,8.083333333333334,16,15
15011,698,Long,1900-01-01 23:00:00,1900-01-01 15:00:00,16.0,20,19
15012,698,Long,1900-01-01 17:05:00,1900-01-01 09:10:00,16.083333333333332,20,19
15013,1255,Long,1900-01-01 00:45:00,1900-01-01 05:05:00,4.333333333333333,39,38
15014,1256,Long,1900-01-01 20:40:00,1900-01-01 23:15:00,2.5833333333333335,39,38
15015,2501,Long,1900-01-01 06:35:00,1900-01-01 09:45:00,3.1666666666666665,23,22
15016,2504,Long,1900-01-01 07:35:00,1900-01-01 13:30:00,5.916666666666667,23,22
15017,1718,Long,1900-01-01 06:35:00,1900-01-01 19:10:00,12.583333333333334,73,72
15018,1718,Long,1900-01-01 05:30:00,1900-01-01 18:05:00,12.583333333333334,73,72
15019,81,Short,1900-01-01 11:30:00,1900-01-01 14:05:00,2.5833333333333335,5,4
15020,81,Short,1900-01-01 14:35:00,1900-01-01 17:00:00,2.4166666666666665,5,4
15021,1056,Long,1900-01-01 20:22:00,1900-01-01 16:25:00,20.05,15,14
15022,1055,Long,1900-01-01 13:40:00,1900-01-01 09:55:00,20.25,15,14
15023,2460,Long,1900-01-01 08:50:00,1900-01-01 11:15:00,2.4166666666666665,24,23
15024,2473,Long,1900-01-01 23:40:00,1900-01-01 19:45:00,20.083333333333332,24,23
15025,823,Long,1900-01-01 10:45:00,1900-01-01 03:45:00,17.0,11,10
15026,823,Long,1900-01-01 12:55:00,1900-01-01 06:40:00,17.75,11,10
15027,859,Long,1900-01-01 17:05:00,1900-01-01 17:25:00,0.3333333333333333,50,49
15028,864,Long,1900-01-01 07:25:00,1900-01-01 08:10:00,0.75,50,49
15029,1747,Long,1900-01-01 17:25:00,1900-01-01 04:05:00,10.666666666666666,20,19
15030,1748,Long,1900-01-01 10:45:00,1900-01-01 20:00:00,9.25,20,19
15033,243,Medium,1900-01-01 18:30:00,1900-01-01 23:35:00,5.083333333333333,8,7
15034,243,Medium,1900-01-01 08:35:00,1900-01-01 13:45:00,5.166666666666667,8,7
15035,278,Medium,1900-01-01 16:00:00,1900-01-01 22:45:00,6.75,10,9
15036,277,Medium,1900-01-01 08:45:00,1900-01-01 15:25:00,6.666666666666667,10,9
15037,246,Medium,1900-01-01 10:45:00,1900-01-01 16:40:00,5.916666666666667,20,19
15038,247,Medium,1900-01-01 12:20:00,1900-01-01 17:55:00,5.583333333333333,20,19
15039,107,Short,1900-01-01 06:50:00,1900-01-01 09:25:00,2.5833333333333335,8,7
15040,107,Short,1900-01-01 08:50:00,1900-01-01 10:50:00,2.0,8,7
15041,107,Short,1900-01-01 18:35:00,1900-01-01 20:50:00,2.25,9,8
15042,107,Short,1900-01-01 21:20:00,1900-01-01 23:40:00,2.3333333333333335,9,8
15043,341,Medium,1900-01-01 21:55:00,1900-01-01 08:00:00,10.083333333333334,11,10
15044,341,Medium,1900-01-01 10:50:00,1900-01-01 18:40:00,7.833333333333333,11,10
15045,2285,Long,1900-01-01 04:45:00,1900-01-01 03:55:00,23.166666666666668,39,38
15046,2286,Long,1900-01-01 21:00:00,1900-01-01 19:25:00,22.416666666666668,39,38
15047,855,Long,1900-01-01 14:30:00,1900-01-01 07:45:00,17.25,19,18
15048,858,Long,1900-01-01 11:30:00,1900-01-01 04:25:00,16.916666666666668,19,18
15049,879,Long,1900-01-01 14:30:00,1900-01-01 09:45:00,19.25,27,26
15050,882,Long,1900-01-01 08:00:00,1900-01-01 04:25:00,20.416666666666668,27,26
15051,873,Long,1900-01-01 14:30:00,1900-01-01 08:15:00,17.75,22,21
15052,875,Long,1900-01-01 10:10:00,1900-01-01 04:25:00,18.25,23,22
15053,535,Long,1900-01-01 19:35:00,1900-01-01 09:00:00,13.416666666666666,13,12
15054,536,Long,1900-01-01 20:50:00,1900-01-01 11:10:00,14.333333333333334,13,12
15055,440,Medium,1900-01-01 13:10:00,1900-01-01 23:45:00,10.583333333333334,21,20
15056,440,Medium,1900-01-01 17:40:00,1900-01-01 05:00:00,11.333333333333334,21,20
15057,748,Long,1900-01-01 20:55:00,1900-01-01 11:00:00,14.083333333333334,8,7
15058,749,Long,1900-01-01 17:10:00,1900-01-01 07:30:00,14.333333333333334,8,7
15059,248,Medium,1900-01-01 04:30:00,1900-01-01 11:00:00,6.5,11,10
15060,248,Medium,1900-01-01 14:05:00,1900-01-01 20:35:00,6.5,11,10
15063,1745,Long,1900-01-01 05:30:00,1900-01-01 16:00:00,10.5,23,22
15064,1745,Long,1900-01-01 17:50:00,1900-01-01 04:30:00,10.666666666666666,23,22
15065,1743,Long,1900-01-01 05:30:00,1900-01-01 16:20:00,10.833333333333334,23,22
15066,1743,Long,1900-01-01 17:50:00,1900-01-01 04:30:00,10.666666666666666,23,22
15067,1896,Long,1900-01-01 05:30:00,1900-01-01 20:05:00,14.583333333333334,26,25
15068,1895,Long,1900-01-01 00:20:00,1900-01-01 17:35:00,17.25,26,25
15069,333,Medium,1900-01-01 04:00:00,1900-01-01 10:05:00,6.083333333333333,11,10
15070,333,Medium,1900-01-01 16:30:00,1900-01-01 23:25:00,6.916666666666667,11,10
15097,1777,Long,1900-01-01 23:50:00,1900-01-01 12:35:00,12.75,31,30
15098,1780,Long,1900-01-01 22:45:00,1900-01-01 10:00:00,11.25,31,30
15101,1878,Long,1900-01-01 21:15:00,1900-01-01 06:15:00,9.0,19,18
15102,1882,Long,1900-01-01 15:35:00,1900-01-01 04:40:00,13.083333333333334,19,18
15103,234,Medium,1900-01-01 16:00:00,1900-01-01 21:45:00,5.75,15,14
15104,234,Medium,1900-01-01 05:25:00,1900-01-01 11:10:00,5.75,16,15
15105,177,Short,1900-01-01 06:20:00,1900-01-01 10:20:00,4.0,10,9
15106,179,Short,1900-01-01 17:10:00,1900-01-01 21:30:00,4.333333333333333,16,15
15111,222,Medium,1900-01-01 03:45:00,1900-01-01 08:40:00,4.916666666666667,14,13
15112,222,Medium,1900-01-01 18:35:00,1900-01-01 23:50:00,5.25,14,13
15115,996,Long,1900-01-01 11:15:00,1900-01-01 11:55:00,0.6666666666666666,21,20
15116,996,Long,1900-01-01 14:00:00,1900-01-01 13:20:00,23.333333333333332,21,20
15117,492,Medium,1900-01-01 08:25:00,1900-01-01 18:50:00,10.416666666666666,11,10
15118,493,Medium,1900-01-01 10:00:00,1900-01-01 20:35:00,10.583333333333334,10,9
15119,2790,Long,1900-01-01 23:00:00,1900-01-01 04:45:00,5.75,37,36
15120,2785,Long,1900-01-01 21:00:00,1900-01-01 00:35:00,3.5833333333333335,37,36
15159,1091,Long,1900-01-01 07:10:00,1900-01-01 07:30:00,0.3333333333333333,50,49
15160,1092,Long,1900-01-01 20:25:00,1900-01-01 21:40:00,1.25,46,45
15201,204,Medium,1900-01-01 16:40:00,1900-01-01 23:45:00,7.083333333333333,17,16
15202,204,Medium,1900-01-01 05:15:00,1900-01-01 11:10:00,5.916666666666667,17,16
15203,670,Long,1900-01-01 20:30:00,1900-01-01 13:00:00,16.5,37,36
15204,674,Long,1900-01-01 15:00:00,1900-01-01 08:00:00,17.0,37,36
15205,585,Long,1900-01-01 17:30:00,1900-01-01 07:10:00,13.666666666666666,28,27
15206,585,Long,1900-01-01 20:40:00,1900-01-01 09:30:00,12.833333333333334,27,26
15209,1520,Long,1900-01-01 08:45:00,1900-01-01 17:00:00,8.25,48,47
15210,1523,Long,1900-01-01 06:35:00,1900-01-01 15:30:00,8.916666666666666,48,47
15211,1485,Long,1900-01-01 17:20:00,1900-01-01 01:50:00,8.5,48,47
15212,1486,Long,1900-01-01 19:05:00,1900-01-01 03:00:00,7.916666666666667,46,45
15215,159,Short,1900-01-01 07:15:00,1900-01-01 11:35:00,4.333333333333333,13,12
15216,159,Short,1900-01-01 13:00:00,1900-01-01 16:50:00,3.8333333333333335,13,12
15227,2729,Long,1900-01-01 23:55:00,1900-01-01 04:00:00,4.083333333333333,36,35
15228,2729,Long,1900-01-01 07:25:00,1900-01-01 11:50:00,4.416666666666667,35,34
15231,1523,Long,1900-01-01 10:00:00,1900-01-01 18:50:00,8.833333333333334,32,31
15232,1520,Long,1900-01-01 21:00:00,1900-01-01 08:30:00,11.5,34,33
15233,534,Long,1900-01-01 10:40:00,1900-01-01 22:30:00,11.833333333333334,10,9
15234,534,Long,1900-01-01 15:45:00,1900-01-01 03:10:00,11.416666666666666,10,9
15235,535,Long,1900-01-01 11:05:00,1900-01-01 22:30:00,11.416666666666666,11,10
15236,536,Long,1900-01-01 15:45:00,1900-01-01 03:00:00,11.25,11,10
15267,1924,Long,1900-01-01 16:50:00,1900-01-01 06:00:00,13.166666666666666,24,23
15268,1925,Long,1900-01-01 15:50:00,1900-01-01 07:40:00,15.833333333333334,23,22
15269,1744,Long,1900-01-01 21:20:00,1900-01-01 09:10:00,11.833333333333334,25,24
15270,1745,Long,1900-01-01 16:30:00,1900-01-01 04:00:00,11.5,25,24
15271,549,Long,1900-01-01 11:05:00,1900-01-01 22:50:00,11.75,12,11
15272,550,Long,1900-01-01 15:15:00,1900-01-01 03:00:00,11.75,12,11
15273,955,Long,1900-01-01 08:50:00,1900-01-01 09:05:00,0.25,45,44
15274,956,Long,1900-01-01 17:25:00,1900-01-01 16:45:00,23.333333333333332,45,44
15275,109,Short,1900-01-01 23:55:00,1900-01-01 02:45:00,2.8333333333333335,8,7
15276,109,Short,1900-01-01 03:45:00,1900-01-01 07:25:00,3.6666666666666665,8,7
15279,1182,Long,1900-01-01 11:45:00,1900-01-01 12:05:00,0.3333333333333333,22,21
15280,1185,Long,1900-01-01 17:10:00,1900-01-01 19:00:00,1.8333333333333333,22,21
15283,373,Medium,1900-01-01 23:30:00,1900-01-01 10:30:00,11.0,19,18
15284,373,Medium,1900-01-01 04:40:00,1900-01-01 14:55:00,10.25,19,18
15417,589,Long,1900-01-01 16:10:00,1900-01-01 09:55:00,17.75,26,25
15418,589,Long,1900-01-01 17:15:00,1900-01-01 08:30:00,15.25,26,25
15463,308,Medium,1900-01-01 11:15:00,1900-01-01 18:00:00,6.75,15,14
15464,309,Medium,1900-01-01 07:30:00,1900-01-01 14:25:00,6.916666666666667,15,14
15483,1638,Long,1900-01-01 09:25:00,1900-01-01 22:40:00,13.25,58,57
15484,1638,Long,1900-01-01 06:35:00,1900-01-01 20:00:00,13.416666666666666,59,58
15529,1253,Long,1900-01-01 14:55:00,1900-01-01 17:40:00,2.75,25,24
15530,1255,Long,1900-01-01 23:45:00,1900-01-01 03:05:00,3.3333333333333335,25,24
15531,1612,Long,1900-01-01 03:15:00,1900-01-01 15:15:00,12.0,28,27
15532,1615,Long,1900-01-01 17:50:00,1900-01-01 03:55:00,10.083333333333334,28,27
15547,1963,Long,1900-01-01 18:20:00,1900-01-01 07:30:00,13.166666666666666,20,19
15548,1963,Long,1900-01-01 11:20:00,1900-01-01 23:20:00,12.0,20,19
15549,243,Medium,1900-01-01 06:00:00,1900-01-01 13:40:00,7.666666666666667,10,9
15550,243,Medium,1900-01-01 15:30:00,1900-01-01 23:00:00,7.5,10,9
15559,2018,Long,1900-01-01 16:45:00,1900-01-01 09:00:00,16.25,27,26
15560,2020,Long,1900-01-01 19:25:00,1900-01-01 12:15:00,16.833333333333332,27,26
15563,1865,Long,1900-01-01 01:20:00,1900-01-01 13:00:00,11.666666666666666,26,25
15564,1866,Long,1900-01-01 08:50:00,1900-01-01 22:40:00,13.833333333333334,26,25
15601,2294,Long,1900-01-01 18:30:00,1900-01-01 13:00:00,18.5,14,13
15602,2295,Long,1900-01-01 23:45:00,1900-01-01 20:45:00,21.0,14,13
15603,571,Long,1900-01-01 20:45:00,1900-01-01 10:45:00,14.0,35,34
15604,570,Long,1900-01-01 14:55:00,1900-01-01 04:45:00,13.833333333333334,35,34
15605,233,Medium,1900-01-01 05:00:00,1900-01-01 11:40:00,6.666666666666667,20,19
15606,233,Medium,1900-01-01 14:25:00,1900-01-01 21:10:00,6.75,20,19
15613,491,Medium,1900-01-01 20:30:00,1900-01-01 08:00:00,11.5,25,24
15614,491,Medium,1900-01-01 19:00:00,1900-01-01 07:05:00,12.083333333333334,25,24
15617,332,Medium,1900-01-01 21:20:00,1900-01-01 04:55:00,7.583333333333333,14,13
15618,332,Medium,1900-01-01 19:40:00,1900-01-01 04:25:00,8.75,14,13
15619,1093,Long,1900-01-01 12:55:00,1900-01-01 12:30:00,23.583333333333332,21,20
15620,1093,Long,1900-01-01 07:00:00,1900-01-01 05:40:00,22.666666666666668,21,20
15621,1901,Long,1900-01-01 05:35:00,1900-01-01 17:40:00,12.083333333333334,25,24
15622,1904,Long,1900-01-01 23:45:00,1900-01-01 14:45:00,15.0,25,24
15623,2541,Long,1900-01-01 15:30:00,1900-01-01 23:05:00,7.583333333333333,46,45
15624,2540,Long,1900-01-01 17:15:00,1900-01-01 21:45:00,4.5,46,45
15629,2796,Long,1900-01-01 21:45:00,1900-01-01 04:45:00,7.0,40,39
15630,2797,Long,1900-01-01 15:00:00,1900-01-01 21:15:00,6.25,40,39
15631,2462,Long,1900-01-01 22:30:00,1900-01-01 01:00:00,2.5,34,33
15632,2461,Long,1900-01-01 10:45:00,1900-01-01 10:00:00,23.25,34,33
15635,3219,Long,1900-01-01 11:40:00,1900-01-01 07:00:00,19.333333333333332,44,43
15636,3219,Long,1900-01-01 10:45:00,1900-01-01 03:55:00,17.166666666666668,44,43
15639,1512,Long,1900-01-01 14:25:00,1900-01-01 21:35:00,7.166666666666667,26,25
15640,1513,Long,1900-01-01 19:05:00,1900-01-01 03:10:00,8.083333333333334,26,25
15643,1534,Long,1900-01-01 22:15:00,1900-01-01 06:10:00,7.916666666666667,27,26
15644,1548,Long,1900-01-01 23:45:00,1900-01-01 07:30:00,7.75,26,25
15645,2598,Long,1900-01-01 08:05:00,1900-01-01 12:00:00,3.9166666666666665,47,46
15646,2597,Long,1900-01-01 16:55:00,1900-01-01 20:00:00,3.0833333333333335,48,47
15647,2740,Long,1900-01-01 08:05:00,1900-01-01 13:00:00,4.916666666666667,54,53
15648,2739,Long,1900-01-01 15:00:00,1900-01-01 20:00:00,5.0,55,54
15651,2344,Long,1900-01-01 13:10:00,1900-01-01 12:35:00,23.416666666666668,43,42
15652,2348,Long,1900-01-01 22:45:00,1900-01-01 23:40:00,0.9166666666666666,43,42
15653,2431,Long,1900-01-01 13:10:00,1900-01-01 12:35:00,23.416666666666668,43,42
15654,2433,Long,1900-01-01 22:45:00,1900-01-01 23:40:00,0.9166666666666666,43,42
15655,2606,Long,1900-01-01 10:45:00,1900-01-01 16:00:00,5.25,40,39
15656,2607,Long,1900-01-01 03:40:00,1900-01-01 12:30:00,8.833333333333334,40,39
15657,977,Long,1900-01-01 06:35:00,1900-01-01 04:00:00,21.416666666666668,33,32
15658,977,Long,1900-01-01 22:55:00,1900-01-01 19:25:00,20.5,33,32
15659,1555,Long,1900-01-01 06:35:00,1900-01-01 21:00:00,14.416666666666666,40,39
15660,1554,Long,1900-01-01 05:30:00,1900-01-01 19:25:00,13.916666666666666,40,39
15661,1228,Long,1900-01-01 20:30:00,1900-01-01 22:40:00,2.1666666666666665,29,28
15662,1232,Long,1900-01-01 12:00:00,1900-01-01 14:30:00,2.5,29,28
15665,250,Medium,1900-01-01 14:30:00,1900-01-01 20:10:00,5.666666666666667,9,8
15666,249,Medium,1900-01-01 21:45:00,1900-01-01 03:30:00,5.75,9,8
15667,3142,Long,1900-01-01 13:40:00,1900-01-01 06:10:00,16.5,36,35
15668,3142,Long,1900-01-01 11:00:00,1900-01-01 02:40:00,15.666666666666666,36,35
15669,250,Medium,1900-01-01 23:35:00,1900-01-01 05:00:00,5.416666666666667,7,6
15670,249,Medium,1900-01-01 06:00:00,1900-01-01 10:55:00,4.916666666666667,7,6
15707,1787,Long,1900-01-01 22:45:00,1900-01-01 12:45:00,14.0,51,50
15708,1790,Long,1900-01-01 07:10:00,1900-01-01 20:10:00,13.0,53,52
15711,398,Medium,1900-01-01 21:55:00,1900-01-01 06:45:00,8.833333333333334,11,10
15712,419,Medium,1900-01-01 22:30:00,1900-01-01 07:20:00,8.833333333333334,11,10
15713,289,Medium,1900-01-01 06:20:00,1900-01-01 13:15:00,6.916666666666667,19,18
15714,289,Medium,1900-01-01 14:15:00,1900-01-01 21:25:00,7.166666666666667,19,18
15715,1834,Long,1900-01-01 06:00:00,1900-01-01 21:30:00,15.5,28,27
15716,1834,Long,1900-01-01 11:05:00,1900-01-01 03:15:00,16.166666666666668,28,27
15717,405,Medium,1900-01-01 11:45:00,1900-01-01 23:10:00,11.416666666666666,26,25
15718,404,Medium,1900-01-01 05:00:00,1900-01-01 15:30:00,10.5,26,25
15719,202,Medium,1900-01-01 06:00:00,1900-01-01 11:15:00,5.25,18,17
15720,202,Medium,1900-01-01 15:00:00,1900-01-01 20:15:00,5.25,18,17
15721,752,Long,1900-01-01 16:30:00,1900-01-01 09:30:00,17.0,18,17
15722,773,Long,1900-01-01 20:15:00,1900-01-01 12:00:00,15.75,18,17
15723,545,Long,1900-01-01 21:10:00,1900-01-01 10:15:00,13.083333333333334,13,12
15724,545,Long,1900-01-01 17:15:00,1900-01-01 05:15:00,12.0,13,12
15765,262,Medium,1900-01-01 06:10:00,1900-01-01 12:46:00,6.6,19,18
15766,262,Medium,1900-01-01 13:15:00,1900-01-01 21:45:00,8.5,19,18
15767,161,Short,1900-01-01 16:45:00,1900-01-01 21:30:00,4.75,14,13
15768,161,Short,1900-01-01 06:00:00,1900-01-01 10:00:00,4.0,14,13
15769,450,Medium,1900-01-01 04:05:00,1900-01-01 14:00:00,9.916666666666666,27,26
15770,449,Medium,1900-01-01 15:10:00,1900-01-01 00:55:00,9.75,26,25
15771,300,Medium,1900-01-01 05:00:00,1900-01-01 12:10:00,7.166666666666667,20,19
15772,300,Medium,1900-01-01 16:00:00,1900-01-01 23:10:00,7.166666666666667,20,19
15815,182,Short,1900-01-01 16:45:00,1900-01-01 21:30:00,4.75,12,11
15816,182,Short,1900-01-01 05:15:00,1900-01-01 10:00:00,4.75,12,11
15903,2636,Long,1900-01-01 07:00:00,1900-01-01 13:30:00,6.5,35,34
15904,2640,Long,1900-01-01 23:15:00,1900-01-01 08:15:00,9.0,35,34
15905,4260,Long,1900-01-01 23:00:00,1900-01-01 06:40:00,7.666666666666667,57,56
15906,4256,Long,1900-01-01 23:05:00,1900-01-01 09:50:00,10.75,58,57
15909,3114,Long,1900-01-01 09:35:00,1900-01-01 04:30:00,18.916666666666668,89,88
15927,595,Long,1900-01-01 05:30:00,1900-01-01 20:00:00,14.5,27,26
15928,595,Long,1900-01-01 05:45:00,1900-01-01 19:45:00,14.0,27,26
15929,3353,Long,1900-01-01 21:45:00,1900-01-01 18:00:00,20.25,51,50
15930,3353,Long,1900-01-01 23:45:00,1900-01-01 21:15:00,21.5,51,50
15933,2870,Long,1900-01-01 07:00:00,1900-01-01 21:05:00,14.083333333333334,38,37
15934,2872,Long,1900-01-01 15:45:00,1900-01-01 04:55:00,13.166666666666666,38,37
15941,1712,Long,1900-01-01 22:05:00,1900-01-01 11:55:00,13.833333333333334,32,31
15942,1712,Long,1900-01-01 05:30:00,1900-01-01 17:50:00,12.333333333333334,32,31
15959,1507,Long,1900-01-01 17:35:00,1900-01-01 05:55:00,12.333333333333334,56,55
15960,1528,Long,1900-01-01 18:25:00,1900-01-01 05:45:00,11.333333333333334,56,55
15967,604,Long,1900-01-01 05:30:00,1900-01-01 20:55:00,15.416666666666666,31,30
15968,603,Long,1900-01-01 05:00:00,1900-01-01 19:45:00,14.75,31,30
16003,1365,Long,1900-01-01 09:10:00,1900-01-01 11:55:00,2.75,26,25
16004,1363,Long,1900-01-01 13:30:00,1900-01-01 16:45:00,3.25,27,26
16021,498,Medium,1900-01-01 21:15:00,1900-01-01 06:50:00,9.583333333333334,24,23
16022,499,Medium,1900-01-01 20:30:00,1900-01-01 07:00:00,10.5,23,22
16023,143,Short,1900-01-01 08:20:00,1900-01-01 11:30:00,3.1666666666666665,10,9
16024,143,Short,1900-01-01 13:15:00,1900-01-01 16:15:00,3.0,10,9
16031,2859,Long,1900-01-01 05:15:00,1900-01-01 15:20:00,10.083333333333334,81,80
16032,2857,Long,1900-01-01 21:55:00,1900-01-01 10:20:00,12.416666666666666,82,81
16053,148,Short,1900-01-01 14:15:00,1900-01-01 17:50:00,3.5833333333333335,8,7
16054,146,Short,1900-01-01 10:00:00,1900-01-01 13:40:00,3.6666666666666665,9,8
16057,148,Short,1900-01-01 06:25:00,1900-01-01 09:40:00,3.25,8,7
16058,146,Short,1900-01-01 18:05:00,1900-01-01 21:55:00,3.8333333333333335,9,8
16085,144,Short,1900-01-01 18:05:00,1900-01-01 21:15:00,3.1666666666666665,15,14
16086,144,Short,1900-01-01 06:55:00,1900-01-01 09:45:00,2.8333333333333335,14,13
16089,212,Medium,1900-01-01 17:55:00,1900-01-01 22:20:00,4.416666666666667,16,15
16090,213,Medium,1900-01-01 04:55:00,1900-01-01 09:10:00,4.25,16,15
16093,2086,Long,1900-01-01 05:15:00,1900-01-01 20:40:00,15.416666666666666,47,46
16094,2083,Long,1900-01-01 16:20:00,1900-01-01 10:20:00,18.0,46,45
16101,664,Long,1900-01-01 19:15:00,1900-01-01 08:25:00,13.166666666666666,24,23
16102,664,Long,1900-01-01 17:00:00,1900-01-01 06:35:00,13.583333333333334,25,24
16105,775,Long,1900-01-01 16:05:00,1900-01-01 08:20:00,16.25,29,28
16106,774,Long,1900-01-01 19:00:00,1900-01-01 11:25:00,16.416666666666668,29,28
16115,196,Short,1900-01-01 18:10:00,1900-01-01 22:25:00,4.25,10,9
16116,196,Short,1900-01-01 05:35:00,1900-01-01 09:30:00,3.9166666666666665,10,9
16127,1095,Long,1900-01-01 08:15:00,1900-01-01 05:50:00,21.583333333333332,48,47
16128,1096,Long,1900-01-01 21:25:00,1900-01-01 20:30:00,23.083333333333332,48,47
16129,31,Short,1900-01-01 19:30:00,1900-01-01 20:30:00,1.0,4,3
16130,31,Short,1900-01-01 07:50:00,1900-01-01 08:30:00,0.6666666666666666,3,2
16175,360,Medium,1900-01-01 22:05:00,1900-01-01 06:30:00,8.416666666666666,16,15
16176,360,Medium,1900-01-01 21:00:00,1900-01-01 05:10:00,8.166666666666666,16,15
16179,394,Medium,1900-01-01 21:20:00,1900-01-01 05:40:00,8.333333333333334,13,12
16180,394,Medium,1900-01-01 21:25:00,1900-01-01 05:45:00,8.333333333333334,13,12
16181,682,Long,1900-01-01 20:20:00,1900-01-01 09:20:00,13.0,26,25
16182,682,Long,1900-01-01 16:00:00,1900-01-01 05:35:00,13.583333333333334,27,26
16183,351,Medium,1900-01-01 22:30:00,1900-01-01 06:10:00,7.666666666666667,18,17
16184,350,Medium,1900-01-01 21:20:00,1900-01-01 04:30:00,7.166666666666667,18,17
16185,10,Short,1900-01-01 05:55:00,1900-01-01 06:30:00,0.5833333333333334,2,1
16186,10,Short,1900-01-01 20:45:00,1900-01-01 21:10:00,0.4166666666666667,2,1
16187,591,Long,1900-01-01 16:10:00,1900-01-01 06:40:00,14.5,29,28
16188,592,Long,1900-01-01 22:15:00,1900-01-01 11:50:00,13.583333333333334,27,26
16203,148,Short,1900-01-01 16:35:00,1900-01-01 20:10:00,3.5833333333333335,10,9
16204,146,Short,1900-01-01 06:45:00,1900-01-01 10:45:00,4.0,11,10
16205,372,Medium,1900-01-01 14:30:00,1900-01-01 22:15:00,7.75,13,12
16206,372,Medium,1900-01-01 06:00:00,1900-01-01 13:30:00,7.5,13,12
16209,2278,Long,1900-01-01 05:30:00,1900-01-01 06:00:00,0.5,45,44
16210,2279,Long,1900-01-01 18:30:00,1900-01-01 17:40:00,23.166666666666668,44,43
16215,138,Short,1900-01-01 06:45:00,1900-01-01 09:30:00,2.75,10,9
16216,138,Short,1900-01-01 18:15:00,1900-01-01 21:05:00,2.8333333333333335,10,9
16217,1304,Long,1900-01-01 05:10:00,1900-01-01 11:30:00,6.333333333333333,24,23
16218,1304,Long,1900-01-01 23:55:00,1900-01-01 06:00:00,6.083333333333333,24,23
16227,508,Long,1900-01-01 19:40:00,1900-01-01 07:15:00,11.583333333333334,35,34
16228,508,Long,1900-01-01 20:20:00,1900-01-01 08:00:00,11.666666666666666,31,30
16229,2698,Long,1900-01-01 07:20:00,1900-01-01 12:00:00,4.666666666666667,35,34
16231,676,Long,1900-01-01 17:45:00,1900-01-01 08:40:00,14.916666666666666,24,23
16232,676,Long,1900-01-01 15:30:00,1900-01-01 07:00:00,15.5,25,24
16233,120,Short,1900-01-01 08:10:00,1900-01-01 10:50:00,2.6666666666666665,7,6
16234,120,Short,1900-01-01 12:50:00,1900-01-01 15:15:00,2.4166666666666665,7,6
16235,775,Long,1900-01-01 16:35:00,1900-01-01 09:45:00,17.166666666666668,35,34
16301,327,Medium,1900-01-01 14:25:00,1900-01-01 22:30:00,8.083333333333334,30,29
16302,327,Medium,1900-01-01 05:00:00,1900-01-01 12:55:00,7.916666666666667,30,29
16303,220,Medium,1900-01-01 05:00:00,1900-01-01 09:55:00,4.916666666666667,19,18
16304,219,Medium,1900-01-01 17:45:00,1900-01-01 22:55:00,5.166666666666667,19,18
16305,282,Medium,1900-01-01 06:45:00,1900-01-01 12:30:00,5.75,16,15
16306,282,Medium,1900-01-01 14:35:00,1900-01-01 20:30:00,5.916666666666667,17,16
16307,338,Medium,1900-01-01 14:55:00,1900-01-01 22:30:00,7.583333333333333,27,26
16308,339,Medium,1900-01-01 05:00:00,1900-01-01 13:05:00,8.083333333333334,28,27
16311,2701,Long,1900-01-01 21:40:00,1900-01-01 02:50:00,5.166666666666667,44,43
16312,2704,Long,1900-01-01 15:45:00,1900-01-01 21:50:00,6.083333333333333,44,43
16313,338,Medium,1900-01-01 14:55:00,1900-01-01 22:30:00,7.583333333333333,27,26
16314,339,Medium,1900-01-01 05:00:00,1900-01-01 13:05:00,8.083333333333334,26,25
16315,829,Long,1900-01-01 17:00:00,1900-01-01 09:05:00,16.083333333333332,22,21
16316,830,Long,1900-01-01 16:45:00,1900-01-01 08:35:00,15.833333333333334,22,21
16317,3769,Long,1900-01-01 14:15:00,1900-01-01 15:20:00,1.0833333333333333,71,70
16318,3765,Long,1900-01-01 21:55:00,1900-01-01 21:55:00,0.0,75,74
16331,1953,Long,1900-01-01 12:10:00,1900-01-01 03:20:00,15.166666666666666,43,42
16332,1954,Long,1900-01-01 04:25:00,1900-01-01 20:50:00,16.416666666666668,42,41
16333,2407,Long,1900-01-01 04:25:00,1900-01-01 02:50:00,22.416666666666668,59,58
16334,2411,Long,1900-01-01 15:45:00,1900-01-01 16:45:00,1.0,59,58
16335,2348,Long,1900-01-01 07:20:00,1900-01-01 04:15:00,20.916666666666668,56,55
16336,2352,Long,1900-01-01 14:45:00,1900-01-01 13:00:00,22.25,56,55
16337,2253,Long,1900-01-01 04:05:00,1900-01-01 22:20:00,18.25,50,49
16338,2258,Long,1900-01-01 20:25:00,1900-01-01 17:05:00,20.666666666666668,51,50
16339,1874,Long,1900-01-01 12:10:00,1900-01-01 03:20:00,15.166666666666666,40,39
16340,1875,Long,1900-01-01 06:30:00,1900-01-01 20:50:00,14.333333333333334,39,38
16341,302,Medium,1900-01-01 03:15:00,1900-01-01 09:45:00,6.5,23,22
16342,302,Medium,1900-01-01 17:30:00,1900-01-01 00:20:00,6.833333333333333,22,21
16343,609,Long,1900-01-01 22:30:00,1900-01-01 13:10:00,14.666666666666666,22,21
16344,610,Long,1900-01-01 15:45:00,1900-01-01 06:25:00,14.666666666666666,22,21
16345,1510,Long,1900-01-01 11:40:00,1900-01-01 17:55:00,6.25,46,45
16346,1514,Long,1900-01-01 09:45:00,1900-01-01 16:40:00,6.916666666666667,46,45
16347,630,Long,1900-01-01 20:40:00,1900-01-01 11:05:00,14.416666666666666,50,49
16348,632,Long,1900-01-01 14:20:00,1900-01-01 04:45:00,14.416666666666666,49,48
16349,67,Short,1900-01-01 06:05:00,1900-01-01 07:20:00,1.25,9,8
16350,66,Short,1900-01-01 20:50:00,1900-01-01 22:10:00,1.3333333333333333,9,8
16351,1942,Long,1900-01-01 12:10:00,1900-01-01 04:15:00,16.083333333333332,47,46
16352,1945,Long,1900-01-01 05:00:00,1900-01-01 20:50:00,15.833333333333334,46,45
16353,1490,Long,1900-01-01 16:00:00,1900-01-01 21:00:00,5.0,31,30
16354,1492,Long,1900-01-01 08:10:00,1900-01-01 14:00:00,5.833333333333333,31,30
16359,2987,Long,1900-01-01 23:30:00,1900-01-01 09:50:00,10.333333333333334,44,43
16360,2980,Long,1900-01-01 16:30:00,1900-01-01 23:15:00,6.75,44,43
16381,2130,Long,1900-01-01 15:45:00,1900-01-01 12:35:00,20.833333333333332,63,62
16382,2132,Long,1900-01-01 06:40:00,1900-01-01 04:40:00,22.0,62,61
16501,1797,Long,1900-01-01 18:40:00,1900-01-01 04:20:00,9.666666666666666,25,24
16502,1785,Long,1900-01-01 13:30:00,1900-01-01 02:20:00,12.833333333333334,27,26
16505,1949,Long,1900-01-01 09:00:00,1900-01-01 03:15:00,18.25,34,33
16506,1952,Long,1900-01-01 21:50:00,1900-01-01 12:30:00,14.666666666666666,33,32
16507,2103,Long,1900-01-01 05:20:00,1900-01-01 03:15:00,21.916666666666668,46,45
16508,2104,Long,1900-01-01 21:50:00,1900-01-01 16:50:00,19.0,45,44
16515,667,Long,1900-01-01 07:10:00,1900-01-01 23:00:00,15.833333333333334,22,21
16516,649,Long,1900-01-01 05:30:00,1900-01-01 20:30:00,15.0,22,21
16517,579,Long,1900-01-01 20:30:00,1900-01-01 11:10:00,14.666666666666666,20,19
16518,578,Long,1900-01-01 16:40:00,1900-01-01 08:20:00,15.666666666666666,20,19
16519,148,Short,1900-01-01 04:25:00,1900-01-01 08:00:00,3.5833333333333335,16,15
16520,148,Short,1900-01-01 17:30:00,1900-01-01 20:50:00,3.3333333333333335,15,14
16521,70,Short,1900-01-01 21:40:00,1900-01-01 23:25:00,1.75,8,7
16522,70,Short,1900-01-01 19:35:00,1900-01-01 21:10:00,1.5833333333333333,8,7
16523,262,Medium,1900-01-01 09:00:00,1900-01-01 14:15:00,5.25,14,13
16524,260,Medium,1900-01-01 14:40:00,1900-01-01 20:20:00,5.666666666666667,14,13
16525,934,Long,1900-01-01 10:30:00,1900-01-01 07:20:00,20.833333333333332,46,45
16526,934,Long,1900-01-01 20:00:00,1900-01-01 15:20:00,19.333333333333332,49,48
16527,655,Long,1900-01-01 20:00:00,1900-01-01 09:20:00,13.333333333333334,18,17
16528,654,Long,1900-01-01 18:05:00,1900-01-01 08:00:00,13.916666666666666,18,17
16531,2213,Long,1900-01-01 05:30:00,1900-01-01 04:45:00,23.25,38,37
16532,2201,Long,1900-01-01 17:00:00,1900-01-01 17:40:00,0.6666666666666666,38,37
16533,2173,Long,1900-01-01 05:30:00,1900-01-01 04:45:00,23.25,30,29
16534,2161,Long,1900-01-01 17:00:00,1900-01-01 16:45:00,23.75,30,29
16535,966,Long,1900-01-01 16:00:00,1900-01-01 12:40:00,20.666666666666668,32,31
16536,964,Long,1900-01-01 14:10:00,1900-01-01 11:00:00,20.833333333333332,32,31
16557,138,Short,1900-01-01 14:30:00,1900-01-01 17:10:00,2.6666666666666665,9,8
16558,138,Short,1900-01-01 10:30:00,1900-01-01 13:30:00,3.0,9,8
16565,833,Long,1900-01-01 23:55:00,1900-01-01 17:40:00,17.75,20,19
16566,833,Long,1900-01-01 20:15:00,1900-01-01 13:30:00,17.25,20,19
16569,611,Long,1900-01-01 14:30:00,1900-01-01 03:30:00,13.0,15,14
16570,599,Long,1900-01-01 14:00:00,1900-01-01 03:30:00,13.5,15,14
16571,687,Long,1900-01-01 19:00:00,1900-01-01 09:15:00,14.25,18,17
16572,687,Long,1900-01-01 18:05:00,1900-01-01 07:40:00,13.583333333333334,18,17
16573,453,Medium,1900-01-01 21:00:00,1900-01-01 07:15:00,10.25,10,9
16574,452,Medium,1900-01-01 20:50:00,1900-01-01 08:20:00,11.5,10,9
16575,409,Medium,1900-01-01 07:10:00,1900-01-01 16:55:00,9.75,14,13
16576,394,Medium,1900-01-01 11:30:00,1900-01-01 20:30:00,9.0,14,13
16577,333,Medium,1900-01-01 16:15:00,1900-01-01 23:30:00,7.25,12,11
16578,332,Medium,1900-01-01 06:15:00,1900-01-01 12:30:00,6.25,12,11
16579,268,Medium,1900-01-01 09:00:00,1900-01-01 14:45:00,5.75,9,8
16580,267,Medium,1900-01-01 15:30:00,1900-01-01 21:00:00,5.5,9,8
16581,268,Medium,1900-01-01 23:50:00,1900-01-01 06:00:00,6.166666666666667,10,9
16582,267,Medium,1900-01-01 23:45:00,1900-01-01 05:50:00,6.083333333333333,10,9
16587,2440,Long,1900-01-01 05:00:00,1900-01-01 06:50:00,1.8333333333333333,35,34
16588,2440,Long,1900-01-01 22:05:00,1900-01-01 03:15:00,5.166666666666667,34,33
16589,797,Long,1900-01-01 21:15:00,1900-01-01 13:40:00,16.416666666666668,30,29
16590,794,Long,1900-01-01 14:05:00,1900-01-01 06:45:00,16.666666666666668,30,29
16591,668,Long,1900-01-01 18:20:00,1900-01-01 09:15:00,14.916666666666666,30,29
16592,668,Long,1900-01-01 19:00:00,1900-01-01 10:40:00,15.666666666666666,30,29
16593,1021,Long,1900-01-01 06:00:00,1900-01-01 05:30:00,23.5,43,42
16594,1021,Long,1900-01-01 22:45:00,1900-01-01 23:30:00,0.75,43,42
16603,620,Long,1900-01-01 17:45:00,1900-01-01 07:25:00,13.666666666666666,32,31
16604,619,Long,1900-01-01 19:25:00,1900-01-01 08:05:00,12.666666666666666,31,30
16605,691,Long,1900-01-01 07:20:00,1900-01-01 23:15:00,15.916666666666666,41,40
16606,689,Long,1900-01-01 02:00:00,1900-01-01 17:00:00,15.0,41,40
16613,2220,Long,1900-01-01 05:25:00,1900-01-01 02:00:00,20.583333333333332,35,34
16614,2222,Long,1900-01-01 23:30:00,1900-01-01 19:00:00,19.5,36,35
16615,334,Medium,1900-01-01 20:15:00,1900-01-01 04:45:00,8.5,10,9
16616,334,Medium,1900-01-01 00:30:00,1900-01-01 07:40:00,7.166666666666667,9,8
16617,498,Medium,1900-01-01 19:00:00,1900-01-01 06:40:00,11.666666666666666,17,16
16618,498,Medium,1900-01-01 19:45:00,1900-01-01 06:30:00,10.75,15,14
16629,631,Long,1900-01-01 18:45:00,1900-01-01 10:15:00,15.5,54,53
16630,632,Long,1900-01-01 18:15:00,1900-01-01 09:10:00,14.916666666666666,54,53
16649,703,Long,1900-01-01 05:25:00,1900-01-01 20:55:00,15.5,52,51
16650,702,Long,1900-01-01 04:20:00,1900-01-01 20:15:00,15.916666666666666,50,49
16687,3663,Long,1900-01-01 17:05:00,1900-01-01 15:20:00,22.25,63,62
16688,3661,Long,1900-01-01 21:55:00,1900-01-01 22:45:00,0.8333333333333334,67,66
16723,858,Long,1900-01-01 19:50:00,1900-01-01 13:00:00,17.166666666666668,31,30
16724,858,Long,1900-01-01 15:00:00,1900-01-01 08:05:00,17.083333333333332,32,31
16733,3177,Long,1900-01-01 22:15:00,1900-01-01 13:50:00,15.583333333333334,42,41
16734,3175,Long,1900-01-01 07:30:00,1900-01-01 19:45:00,12.25,42,41
16779,816,Long,1900-01-01 13:00:00,1900-01-01 07:35:00,18.583333333333332,23,22
16780,817,Long,1900-01-01 16:00:00,1900-01-01 10:15:00,18.25,23,22
16787,454,Medium,1900-01-01 16:00:00,1900-01-01 01:45:00,9.75,11,10
16788,454,Medium,1900-01-01 09:05:00,1900-01-01 18:30:00,9.416666666666666,11,10
16790,454,Medium,1900-01-01 13:40:00,1900-01-01 00:55:00,11.25,11,10
16791,347,Medium,1900-01-01 03:20:00,1900-01-01 13:20:00,10.0,29,28
16792,348,Medium,1900-01-01 16:00:00,1900-01-01 01:25:00,9.416666666666666,29,28
16793,2916,Long,1900-01-01 23:00:00,1900-01-01 08:30:00,9.5,20,19
16794,2912,Long,1900-01-01 23:55:00,1900-01-01 07:10:00,7.25,20,19
16853,400,Medium,1900-01-01 08:30:00,1900-01-01 16:15:00,7.75,19,18
16854,400,Medium,1900-01-01 10:00:00,1900-01-01 17:50:00,7.833333333333333,19,18
16855,796,Long,1900-01-01 16:35:00,1900-01-01 09:30:00,16.916666666666668,23,22
16856,795,Long,1900-01-01 17:05:00,1900-01-01 10:00:00,16.916666666666668,23,22
16857,861,Long,1900-01-01 16:35:00,1900-01-01 09:55:00,17.333333333333332,19,18
16858,861,Long,1900-01-01 17:05:00,1900-01-01 10:00:00,16.916666666666668,19,18
16859,983,Long,1900-01-01 23:15:00,1900-01-01 21:45:00,22.5,52,51
16860,982,Long,1900-01-01 06:55:00,1900-01-01 04:15:00,21.333333333333332,53,52
16861,699,Long,1900-01-01 11:45:00,1900-01-01 03:15:00,15.5,23,22
16862,698,Long,1900-01-01 13:50:00,1900-01-01 05:25:00,15.583333333333334,23,22
16863,2853,Long,1900-01-01 15:30:00,1900-01-01 17:15:00,1.75,43,42
16864,2855,Long,1900-01-01 12:25:00,1900-01-01 17:50:00,5.416666666666667,42,41
17001,771,Long,1900-01-01 17:10:00,1900-01-01 09:00:00,15.833333333333334,25,24
17002,771,Long,1900-01-01 16:40:00,1900-01-01 09:18:00,16.633333333333333,25,24
17009,163,Short,1900-01-01 06:50:00,1900-01-01 10:25:00,3.5833333333333335,9,8
17010,162,Short,1900-01-01 19:15:00,1900-01-01 22:45:00,3.5,9,8
17011,316,Medium,1900-01-01 04:50:00,1900-01-01 11:00:00,6.166666666666667,21,20
17012,305,Medium,1900-01-01 12:00:00,1900-01-01 17:45:00,5.75,20,19
17013,639,Long,1900-01-01 14:15:00,1900-01-01 04:30:00,14.25,15,14
17014,640,Long,1900-01-01 22:45:00,1900-01-01 13:15:00,14.5,15,14
17015,1135,Long,1900-01-01 08:30:00,1900-01-01 07:30:00,23.0,41,40
17016,1135,Long,1900-01-01 16:50:00,1900-01-01 15:40:00,22.833333333333332,41,40
17017,1467,Long,1900-01-01 05:25:00,1900-01-01 10:30:00,5.083333333333333,27,26
17018,1468,Long,1900-01-01 15:00:00,1900-01-01 19:00:00,4.0,28,27
17019,2002,Long,1900-01-01 15:00:00,1900-01-01 08:10:00,17.166666666666668,34,33
17020,2004,Long,1900-01-01 15:15:00,1900-01-01 06:25:00,15.166666666666666,34,33
17021,376,Medium,1900-01-01 09:20:00,1900-01-01 17:05:00,7.75,9,8
17022,373,Medium,1900-01-01 21:00:00,1900-01-01 07:40:00,10.666666666666666,9,8
17023,243,Medium,1900-01-01 07:30:00,1900-01-01 12:30:00,5.0,16,15
17024,243,Medium,1900-01-01 15:00:00,1900-01-01 19:55:00,4.916666666666667,14,13
17025,341,Medium,1900-01-01 21:30:00,1900-01-01 04:45:00,7.25,15,14
17026,341,Medium,1900-01-01 23:45:00,1900-01-01 07:00:00,7.25,15,14
17027,243,Medium,1900-01-01 16:55:00,1900-01-01 21:35:00,4.666666666666667,13,12
17028,243,Medium,1900-01-01 05:30:00,1900-01-01 11:00:00,5.5,13,12
17031,791,Long,1900-01-01 12:45:00,1900-01-01 05:55:00,17.166666666666668,26,25
17032,793,Long,1900-01-01 20:40:00,1900-01-01 13:05:00,16.416666666666668,26,25
17037,2120,Long,1900-01-01 23:55:00,1900-01-01 16:50:00,16.916666666666668,28,27
17038,2121,Long,1900-01-01 15:40:00,1900-01-01 08:50:00,17.166666666666668,28,27
17057,875,Long,1900-01-01 21:10:00,1900-01-01 14:30:00,17.333333333333332,30,29
17058,875,Long,1900-01-01 12:25:00,1900-01-01 07:10:00,18.75,29,28
17063,615,Long,1900-01-01 20:50:00,1900-01-01 08:50:00,12.0,23,22
17064,615,Long,1900-01-01 18:10:00,1900-01-01 06:45:00,12.583333333333334,23,22
17201,391,Medium,1900-01-01 06:00:00,1900-01-01 13:45:00,7.75,24,23
17202,390,Medium,1900-01-01 13:00:00,1900-01-01 21:15:00,8.25,25,24
17203,2051,Long,1900-01-01 04:25:00,1900-01-01 21:15:00,16.833333333333332,31,30
17204,2053,Long,1900-01-01 03:45:00,1900-01-01 19:45:00,16.0,32,31
17205,1346,Long,1900-01-01 17:10:00,1900-01-01 19:35:00,2.4166666666666665,39,38
17206,1347,Long,1900-01-01 06:00:00,1900-01-01 09:18:00,3.3,39,38
17207,1129,Long,1900-01-01 17:10:00,1900-01-01 15:15:00,22.083333333333332,32,31
17208,1130,Long,1900-01-01 10:35:00,1900-01-01 09:18:00,22.716666666666665,32,31
17209,962,Long,1900-01-01 11:00:00,1900-01-01 06:45:00,19.75,35,34
17210,962,Long,1900-01-01 17:35:00,1900-01-01 12:30:00,18.916666666666668,36,35
17211,768,Long,1900-01-01 15:15:00,1900-01-01 09:45:00,18.5,21,20
17212,768,Long,1900-01-01 14:30:00,1900-01-01 07:15:00,16.75,21,20
17213,1092,Long,1900-01-01 10:25:00,1900-01-01 08:30:00,22.083333333333332,23,22
17214,1092,Long,1900-01-01 11:15:00,1900-01-01 11:00:00,23.75,23,22
17215,619,Long,1900-01-01 23:10:00,1900-01-01 13:00:00,13.833333333333334,16,15
17216,619,Long,1900-01-01 16:00:00,1900-01-01 06:50:00,14.833333333333334,16,15
17221,1306,Long,1900-01-01 08:45:00,1900-01-01 11:05:00,2.3333333333333335,23,22
17222,1306,Long,1900-01-01 12:25:00,1900-01-01 13:30:00,1.0833333333333333,23,22
17225,693,Long,1900-01-01 19:45:00,1900-01-01 11:20:00,15.583333333333334,26,25
17226,691,Long,1900-01-01 13:30:00,1900-01-01 05:15:00,15.75,26,25
17229,1562,Long,1900-01-01 07:15:00,1900-01-01 12:55:00,5.666666666666667,43,42
17230,1563,Long,1900-01-01 11:15:00,1900-01-01 18:20:00,7.083333333333333,43,42
17231,1048,Long,1900-01-01 10:25:00,1900-01-01 10:00:00,23.583333333333332,27,26
17232,1048,Long,1900-01-01 11:15:00,1900-01-01 11:00:00,23.75,28,27
17233,375,Medium,1900-01-01 15:25:00,1900-01-01 01:00:00,9.583333333333334,34,33
17234,374,Medium,1900-01-01 02:10:00,1900-01-01 10:45:00,8.583333333333334,34,33
17235,669,Long,1900-01-01 17:15:00,1900-01-01 07:50:00,14.583333333333334,16,15
17236,668,Long,1900-01-01 19:10:00,1900-01-01 09:05:00,13.916666666666666,16,15
17239,382,Medium,1900-01-01 08:00:00,1900-01-01 18:20:00,10.333333333333334,27,26
17240,383,Medium,1900-01-01 07:20:00,1900-01-01 15:30:00,8.166666666666666,26,25
17241,76,Short,1900-01-01 10:00:00,1900-01-01 12:00:00,2.0,8,7
17242,77,Short,1900-01-01 12:30:00,1900-01-01 14:35:00,2.0833333333333335,8,7
17255,462,Medium,1900-01-01 18:55:00,1900-01-01 05:25:00,10.5,21,20
17256,464,Medium,1900-01-01 21:45:00,1900-01-01 08:40:00,10.916666666666666,21,20
17301,493,Medium,1900-01-01 22:30:00,1900-01-01 08:00:00,9.5,18,17
17302,490,Medium,1900-01-01 20:30:00,1900-01-01 07:00:00,10.5,17,16
17305,90,Short,1900-01-01 16:15:00,1900-01-01 18:20:00,2.0833333333333335,4,3
17307,993,Long,1900-01-01 13:30:00,1900-01-01 12:10:00,22.666666666666668,34,33
17308,994,Long,1900-01-01 14:10:00,1900-01-01 13:50:00,23.666666666666668,32,31
17309,665,Long,1900-01-01 14:30:00,1900-01-01 06:00:00,15.5,18,17
17310,662,Long,1900-01-01 20:45:00,1900-01-01 11:50:00,15.083333333333334,18,17
17311,1029,Long,1900-01-01 15:00:00,1900-01-01 13:00:00,22.0,24,23
17312,1027,Long,1900-01-01 14:30:00,1900-01-01 11:45:00,21.25,25,24
17315,1269,Long,1900-01-01 09:00:00,1900-01-01 12:25:00,3.4166666666666665,24,23
17316,1273,Long,1900-01-01 23:45:00,1900-01-01 06:00:00,6.25,27,26
17317,732,Long,1900-01-01 15:45:00,1900-01-01 07:15:00,15.5,16,15
17318,731,Long,1900-01-01 18:45:00,1900-01-01 11:15:00,16.5,16,15
17319,660,Long,1900-01-01 20:50:00,1900-01-01 11:45:00,14.916666666666666,22,21
17320,661,Long,1900-01-01 15:40:00,1900-01-01 07:30:00,15.833333333333334,22,21
17321,796,Long,1900-01-01 22:30:00,1900-01-01 16:55:00,18.416666666666668,12,11
17322,797,Long,1900-01-01 21:15:00,1900-01-01 17:35:00,20.333333333333332,13,12
17323,2037,Long,1900-01-01 17:50:00,1900-01-01 12:00:00,18.166666666666668,24,23
17324,2037,Long,1900-01-01 21:05:00,1900-01-01 13:00:00,15.916666666666666,24,23
17325,607,Long,1900-01-01 08:00:00,1900-01-01 20:40:00,12.666666666666666,25,24
17326,609,Long,1900-01-01 06:10:00,1900-01-01 19:05:00,12.916666666666666,25,24
17401,466,Medium,1900-01-01 19:15:00,1900-01-01 05:25:00,10.166666666666666,21,20
17402,466,Medium,1900-01-01 19:00:00,1900-01-01 04:35:00,9.583333333333334,21,20
17403,94,Short,1900-01-01 03:20:00,1900-01-01 05:40:00,2.3333333333333335,8,7
17404,94,Short,1900-01-01 17:20:00,1900-01-01 20:05:00,2.75,9,8
17405,1154,Long,1900-01-01 05:25:00,1900-01-01 06:15:00,0.8333333333333334,61,60
17406,1153,Long,1900-01-01 20:45:00,1900-01-01 21:25:00,0.6666666666666666,62,61
17407,462,Medium,1900-01-01 10:40:00,1900-01-01 21:20:00,10.666666666666666,19,18
17408,463,Medium,1900-01-01 05:45:00,1900-01-01 16:35:00,10.833333333333334,19,18
17409,184,Short,1900-01-01 08:00:00,1900-01-01 12:00:00,4.0,9,8
17410,184,Short,1900-01-01 15:00:00,1900-01-01 19:00:00,4.0,9,8
17411,517,Long,1900-01-01 20:20:00,1900-01-01 07:25:00,11.083333333333334,18,17
17412,517,Long,1900-01-01 20:30:00,1900-01-01 07:25:00,10.916666666666666,19,18
17413,302,Medium,1900-01-01 21:20:00,1900-01-01 04:05:00,6.75,11,10
17414,302,Medium,1900-01-01 08:35:00,1900-01-01 15:20:00,6.75,11,10
17415,904,Long,1900-01-01 21:00:00,1900-01-01 16:35:00,19.583333333333332,31,30
17416,903,Long,1900-01-01 11:35:00,1900-01-01 08:00:00,20.416666666666668,32,31
17417,1419,Long,1900-01-01 07:00:00,1900-01-01 12:15:00,5.25,37,36
17418,1419,Long,1900-01-01 19:10:00,1900-01-01 23:15:00,4.083333333333333,38,37
17419,778,Long,1900-01-01 11:20:00,1900-01-01 06:00:00,18.666666666666668,31,30
17420,777,Long,1900-01-01 09:00:00,1900-01-01 03:50:00,18.833333333333332,26,25
17479,1231,Long,1900-01-01 12:30:00,1900-01-01 16:20:00,3.8333333333333335,72,71
17480,1231,Long,1900-01-01 10:35:00,1900-01-01 14:40:00,4.083333333333333,73,72
17481,1402,Long,1900-01-01 10:05:00,1900-01-01 16:20:00,6.25,65,64
17482,1400,Long,1900-01-01 10:35:00,1900-01-01 17:40:00,7.083333333333333,66,65
17487,735,Long,1900-01-01 20:30:00,1900-01-01 11:30:00,15.0,36,35
17488,736,Long,1900-01-01 14:00:00,1900-01-01 05:20:00,15.333333333333334,33,32
17603,653,Long,1900-01-01 21:05:00,1900-01-01 10:30:00,13.416666666666666,18,17
17604,652,Long,1900-01-01 15:30:00,1900-01-01 05:00:00,13.5,18,17
17605,1522,Long,1900-01-01 20:15:00,1900-01-01 23:50:00,3.5833333333333335,28,27
17606,1518,Long,1900-01-01 06:00:00,1900-01-01 11:30:00,5.5,28,27
17609,1736,Long,1900-01-01 23:10:00,1900-01-01 07:10:00,8.0,17,16
17610,1738,Long,1900-01-01 18:10:00,1900-01-01 02:30:00,8.333333333333334,17,16
17613,667,Long,1900-01-01 16:00:00,1900-01-01 09:25:00,17.416666666666668,13,12
17614,667,Long,1900-01-01 17:30:00,1900-01-01 09:00:00,15.5,14,13
17615,1283,Long,1900-01-01 06:00:00,1900-01-01 06:30:00,0.5,23,22
17616,1286,Long,1900-01-01 12:50:00,1900-01-01 14:00:00,1.1666666666666667,23,22
17617,604,Long,1900-01-01 06:15:00,1900-01-01 18:00:00,11.75,20,19
17618,604,Long,1900-01-01 10:05:00,1900-01-01 21:50:00,11.75,20,19
17619,236,Medium,1900-01-01 00:45:00,1900-01-01 06:30:00,5.75,8,7
17620,236,Medium,1900-01-01 11:50:00,1900-01-01 17:20:00,5.5,8,7
17621,1148,Long,1900-01-01 20:50:00,1900-01-01 20:05:00,23.25,28,27
17622,1148,Long,1900-01-01 21:45:00,1900-01-01 22:45:00,1.0,28,27
17623,1675,Long,1900-01-01 09:00:00,1900-01-01 19:30:00,10.5,29,28
17624,1677,Long,1900-01-01 15:40:00,1900-01-01 02:45:00,11.083333333333334,29,28
17625,347,Medium,1900-01-01 22:10:00,1900-01-01 06:10:00,8.0,21,20
17626,341,Medium,1900-01-01 22:30:00,1900-01-01 07:55:00,9.416666666666666,19,18
17639,513,Long,1900-01-01 07:10:00,1900-01-01 18:30:00,11.333333333333334,21,20
17640,513,Long,1900-01-01 09:30:00,1900-01-01 20:15:00,10.75,21,20
17641,730,Long,1900-01-01 07:10:00,1900-01-01 23:10:00,16.0,32,31
17642,730,Long,1900-01-01 04:30:00,1900-01-01 20:15:00,15.75,32,31
17643,759,Long,1900-01-01 16:00:00,1900-01-01 10:10:00,18.166666666666668,36,35
17644,760,Long,1900-01-01 14:30:00,1900-01-01 08:20:00,17.833333333333332,36,35
17651,825,Long,1900-01-01 15:35:00,1900-01-01 07:55:00,16.333333333333332,21,20
17652,824,Long,1900-01-01 16:30:00,1900-01-01 09:00:00,16.5,23,22
17687,416,Medium,1900-01-01 15:00:00,1900-01-01 00:05:00,9.083333333333334,24,23
17688,419,Medium,1900-01-01 04:00:00,1900-01-01 13:20:00,9.333333333333334,24,23
18005,1163,Long,1900-01-01 21:30:00,1900-01-01 22:45:00,1.25,48,47
18006,1164,Long,1900-01-01 04:15:00,1900-01-01 06:15:00,2.0,46,45
18007,260,Medium,1900-01-01 17:35:00,1900-01-01 22:55:00,5.333333333333333,13,12
18008,259,Medium,1900-01-01 06:15:00,1900-01-01 12:35:00,6.333333333333333,13,12
18009,2000,Long,1900-01-01 13:00:00,1900-01-01 05:30:00,16.5,24,23
18010,2002,Long,1900-01-01 19:25:00,1900-01-01 13:55:00,18.5,24,23
18029,1957,Long,1900-01-01 22:00:00,1900-01-01 12:20:00,14.333333333333334,83,82
18030,1955,Long,1900-01-01 15:00:00,1900-01-01 04:50:00,13.833333333333334,82,81
18047,2128,Long,1900-01-01 23:30:00,1900-01-01 15:05:00,15.583333333333334,44,43
18048,2125,Long,1900-01-01 07:10:00,1900-01-01 22:40:00,15.5,45,44
18101,2017,Long,1900-01-01 14:50:00,1900-01-01 14:10:00,23.333333333333332,71,70
18102,2017,Long,1900-01-01 14:20:00,1900-01-01 10:20:00,20.0,72,71
18103,1746,Long,1900-01-01 21:15:00,1900-01-01 06:30:00,9.25,25,24
18104,1747,Long,1900-01-01 12:35:00,1900-01-01 21:45:00,9.166666666666666,25,24
18107,644,Long,1900-01-01 18:10:00,1900-01-01 07:55:00,13.75,13,12
18108,644,Long,1900-01-01 16:45:00,1900-01-01 06:15:00,13.5,13,12
18111,2434,Long,1900-01-01 18:35:00,1900-01-01 18:05:00,23.5,42,41
18112,2421,Long,1900-01-01 10:30:00,1900-01-01 12:15:00,1.75,42,41
18117,796,Long,1900-01-01 21:20:00,1900-01-01 14:15:00,16.916666666666668,26,25
18118,796,Long,1900-01-01 14:30:00,1900-01-01 08:00:00,17.5,26,25
18181,629,Long,1900-01-01 21:35:00,1900-01-01 16:25:00,18.833333333333332,37,36
18182,629,Long,1900-01-01 12:35:00,1900-01-01 06:35:00,18.0,37,36
18183,507,Long,1900-01-01 08:15:00,1900-01-01 19:45:00,11.5,36,35
18184,507,Long,1900-01-01 05:45:00,1900-01-01 17:20:00,11.583333333333334,35,34
18189,159,Short,1900-01-01 15:30:00,1900-01-01 18:20:00,2.8333333333333335,9,8
18190,159,Short,1900-01-01 06:10:00,1900-01-01 09:10:00,3.0,10,9
18191,685,Long,1900-01-01 18:00:00,1900-01-01 12:20:00,18.333333333333332,33,32
18192,687,Long,1900-01-01 13:35:00,1900-01-01 08:40:00,19.083333333333332,31,30
18201,1207,Long,1900-01-01 19:40:00,1900-01-01 22:35:00,2.9166666666666665,25,24
18202,1212,Long,1900-01-01 11:15:00,1900-01-01 14:20:00,3.0833333333333335,25,24
18203,879,Long,1900-01-01 19:40:00,1900-01-01 13:20:00,17.666666666666668,20,19
18204,883,Long,1900-01-01 18:20:00,1900-01-01 13:10:00,18.833333333333332,21,20
18205,1153,Long,1900-01-01 19:40:00,1900-01-01 22:35:00,2.9166666666666665,24,23
18206,1161,Long,1900-01-01 07:50:00,1900-01-01 13:10:00,5.333333333333333,24,23
18207,1396,Long,1900-01-01 16:00:00,1900-01-01 17:50:00,1.8333333333333333,22,21
18208,1404,Long,1900-01-01 19:30:00,1900-01-01 22:15:00,2.75,22,21
18211,660,Long,1900-01-01 13:00:00,1900-01-01 03:30:00,14.5,15,14
18212,665,Long,1900-01-01 12:35:00,1900-01-01 05:25:00,16.833333333333332,15,14
18213,1250,Long,1900-01-01 16:00:00,1900-01-01 15:20:00,23.333333333333332,20,19
18214,1258,Long,1900-01-01 21:40:00,1900-01-01 22:15:00,0.5833333333333334,20,19
18215,1906,Long,1900-01-01 09:00:00,1900-01-01 21:35:00,12.583333333333334,26,25
18216,1916,Long,1900-01-01 05:00:00,1900-01-01 19:10:00,14.166666666666666,26,25
18233,1008,Long,1900-01-01 17:15:00,1900-01-01 17:15:00,0.0,72,71
18234,1009,Long,1900-01-01 10:40:00,1900-01-01 10:50:00,0.16666666666666666,74,73
18235,720,Long,1900-01-01 08:00:00,1900-01-01 03:50:00,19.833333333333332,67,66
18236,721,Long,1900-01-01 20:35:00,1900-01-01 18:15:00,21.666666666666668,67,66
18237,1998,Long,1900-01-01 14:15:00,1900-01-01 08:10:00,17.916666666666668,85,84
18238,1990,Long,1900-01-01 16:10:00,1900-01-01 12:15:00,20.083333333333332,89,88
18239,520,Long,1900-01-01 17:55:00,1900-01-01 05:30:00,11.583333333333334,31,30
18240,406,Medium,1900-01-01 23:35:00,1900-01-01 07:00:00,7.416666666666667,18,17
18241,463,Medium,1900-01-01 20:50:00,1900-01-01 08:00:00,11.166666666666666,32,31
18242,471,Medium,1900-01-01 21:30:00,1900-01-01 09:10:00,11.666666666666666,32,31
18243,1818,Long,1900-01-01 18:20:00,1900-01-01 05:00:00,10.666666666666666,33,32
18244,1808,Long,1900-01-01 01:35:00,1900-01-01 12:45:00,11.166666666666666,33,32
18245,1884,Long,1900-01-01 18:20:00,1900-01-01 05:45:00,11.416666666666666,33,32
18246,1874,Long,1900-01-01 23:55:00,1900-01-01 12:45:00,12.833333333333334,33,32
18247,468,Medium,1900-01-01 18:40:00,1900-01-01 05:55:00,11.25,39,38
18248,465,Medium,1900-01-01 22:05:00,1900-01-01 09:45:00,11.666666666666666,39,38
18301,321,Medium,1900-01-01 06:05:00,1900-01-01 12:40:00,6.583333333333333,20,19
18302,321,Medium,1900-01-01 14:15:00,1900-01-01 20:20:00,6.083333333333333,20,19
18303,340,Medium,1900-01-01 06:00:00,1900-01-01 12:35:00,6.583333333333333,16,15
18304,340,Medium,1900-01-01 15:45:00,1900-01-01 22:30:00,6.75,16,15
18309,378,Medium,1900-01-01 07:55:00,1900-01-01 16:55:00,9.0,14,13
18310,381,Medium,1900-01-01 08:10:00,1900-01-01 17:45:00,9.583333333333334,14,13
18311,890,Long,1900-01-01 13:10:00,1900-01-01 08:55:00,19.75,37,36
18312,893,Long,1900-01-01 15:35:00,1900-01-01 10:50:00,19.25,37,36
18401,2779,Long,1900-01-01 09:25:00,1900-01-01 13:50:00,4.416666666666667,41,40
18402,2775,Long,1900-01-01 08:30:00,1900-01-01 10:20:00,1.8333333333333333,41,40
18403,126,Short,1900-01-01 06:20:00,1900-01-01 08:55:00,2.5833333333333335,6,5
18404,126,Short,1900-01-01 17:15:00,1900-01-01 20:10:00,2.9166666666666665,6,5
18405,2013,Long,1900-01-01 18:20:00,1900-01-01 07:25:00,13.083333333333334,40,39
18406,2005,Long,1900-01-01 18:40:00,1900-01-01 08:10:00,13.5,40,39
18407,1697,Long,1900-01-01 22:45:00,1900-01-01 07:30:00,8.75,26,25
18408,1691,Long,1900-01-01 13:55:00,1900-01-01 21:30:00,7.583333333333333,26,25
18409,504,Long,1900-01-01 19:00:00,1900-01-01 04:35:00,9.583333333333334,20,19
18410,503,Long,1900-01-01 22:30:00,1900-01-01 08:10:00,9.666666666666666,21,20
18413,172,Short,1900-01-01 18:00:00,1900-01-01 22:30:00,4.5,12,11
18414,172,Short,1900-01-01 06:00:00,1900-01-01 09:45:00,3.75,12,11
18415,396,Medium,1900-01-01 09:25:00,1900-01-01 20:10:00,10.75,30,29
18416,396,Medium,1900-01-01 06:00:00,1900-01-01 16:25:00,10.416666666666666,30,29
18419,998,Long,1900-01-01 14:25:00,1900-01-01 13:35:00,23.166666666666668,24,23
18420,998,Long,1900-01-01 05:00:00,1900-01-01 03:10:00,22.166666666666668,24,23
18421,2483,Long,1900-01-01 22:45:00,1900-01-01 21:10:00,22.416666666666668,41,40
18422,2479,Long,1900-01-01 17:10:00,1900-01-01 18:15:00,1.0833333333333333,41,40
18425,810,Long,1900-01-01 18:45:00,1900-01-01 11:55:00,17.166666666666668,28,27
18426,803,Long,1900-01-01 16:10:00,1900-01-01 09:10:00,17.0,28,27
18437,146,Short,1900-01-01 05:25:00,1900-01-01 08:45:00,3.3333333333333335,11,10
18438,146,Short,1900-01-01 18:15:00,1900-01-01 21:45:00,3.5,11,10
18447,784,Long,1900-01-01 19:35:00,1900-01-01 13:15:00,17.666666666666668,41,40
18448,784,Long,1900-01-01 14:30:00,1900-01-01 08:30:00,18.0,41,40
18449,926,Long,1900-01-01 14:25:00,1900-01-01 10:00:00,19.583333333333332,27,26
18450,926,Long,1900-01-01 08:55:00,1900-01-01 03:10:00,18.25,27,26
18451,686,Long,1900-01-01 15:55:00,1900-01-01 07:15:00,15.333333333333334,24,23
18452,686,Long,1900-01-01 20:00:00,1900-01-01 11:05:00,15.083333333333334,25,24
18463,1546,Long,1900-01-01 05:30:00,1900-01-01 12:05:00,6.583333333333333,47,46
18464,1545,Long,1900-01-01 14:00:00,1900-01-01 20:50:00,6.833333333333333,46,45
18477,2347,Long,1900-01-01 20:55:00,1900-01-01 20:55:00,0.0,76,75
18478,2354,Long,1900-01-01 05:45:00,1900-01-01 06:05:00,0.3333333333333333,75,74
18495,1884,Long,1900-01-01 08:30:00,1900-01-01 18:40:00,10.166666666666666,25,24
18496,1884,Long,1900-01-01 12:00:00,1900-01-01 23:00:00,11.0,25,24
18501,2116,Long,1900-01-01 17:35:00,1900-01-01 09:00:00,15.416666666666666,29,28
18502,2113,Long,1900-01-01 22:45:00,1900-01-01 14:35:00,15.833333333333334,29,28
18503,1406,Long,1900-01-01 09:00:00,1900-01-01 12:15:00,3.25,25,24
18504,1405,Long,1900-01-01 19:10:00,1900-01-01 22:05:00,2.9166666666666665,25,24
18507,2552,Long,1900-01-01 23:50:00,1900-01-01 23:30:00,23.666666666666668,48,47
18508,2556,Long,1900-01-01 23:45:00,1900-01-01 23:50:00,0.08333333333333333,48,47
18511,357,Medium,1900-01-01 05:20:00,1900-01-01 12:20:00,7.0,12,11
18512,357,Medium,1900-01-01 13:50:00,1900-01-01 20:55:00,7.083333333333333,11,10
18517,726,Long,1900-01-01 16:00:00,1900-01-01 07:00:00,15.0,31,30
18518,727,Long,1900-01-01 19:55:00,1900-01-01 11:00:00,15.083333333333334,31,30
18519,1512,Long,1900-01-01 23:25:00,1900-01-01 04:40:00,5.25,20,19
18520,1497,Long,1900-01-01 06:55:00,1900-01-01 11:15:00,4.333333333333333,20,19
18567,1572,Long,1900-01-01 08:20:00,1900-01-01 14:30:00,6.166666666666667,33,32
18568,1576,Long,1900-01-01 21:10:00,1900-01-01 01:25:00,4.25,33,32
18573,2056,Long,1900-01-01 05:10:00,1900-01-01 21:45:00,16.583333333333332,35,34
18574,2060,Long,1900-01-01 14:00:00,1900-01-01 07:55:00,17.916666666666668,35,34
18605,637,Long,1900-01-01 16:00:00,1900-01-01 08:30:00,16.5,17,16
18606,640,Long,1900-01-01 11:00:00,1900-01-01 04:00:00,17.0,17,16
18609,2014,Long,1900-01-01 21:05:00,1900-01-01 12:05:00,15.0,29,28
18610,2018,Long,1900-01-01 15:50:00,1900-01-01 07:25:00,15.583333333333334,29,28
18611,574,Long,1900-01-01 20:10:00,1900-01-01 08:55:00,12.75,30,29
18612,576,Long,1900-01-01 15:35:00,1900-01-01 04:15:00,12.666666666666666,30,29
18613,480,Medium,1900-01-01 07:45:00,1900-01-01 17:45:00,10.0,20,19
18614,482,Medium,1900-01-01 09:00:00,1900-01-01 20:25:00,11.416666666666666,20,19
18615,430,Medium,1900-01-01 22:10:00,1900-01-01 07:25:00,9.25,17,16
18616,426,Medium,1900-01-01 21:10:00,1900-01-01 06:35:00,9.416666666666666,17,16
18619,400,Medium,1900-01-01 21:25:00,1900-01-01 07:15:00,9.833333333333334,17,16
18620,402,Medium,1900-01-01 18:45:00,1900-01-01 04:35:00,9.833333333333334,17,16
18621,571,Long,1900-01-01 15:05:00,1900-01-01 05:45:00,14.666666666666666,42,41
18622,569,Long,1900-01-01 22:00:00,1900-01-01 13:40:00,15.666666666666666,43,42
18623,417,Medium,1900-01-01 21:30:00,1900-01-01 08:45:00,11.25,26,25
18624,414,Medium,1900-01-01 19:05:00,1900-01-01 06:30:00,11.416666666666666,25,24
18625,417,Medium,1900-01-01 11:40:00,1900-01-01 21:00:00,9.333333333333334,21,20
18626,414,Medium,1900-01-01 06:10:00,1900-01-01 15:40:00,9.5,21,20
18631,1663,Long,1900-01-01 20:10:00,1900-01-01 05:20:00,9.166666666666666,39,38
18632,1665,Long,1900-01-01 19:30:00,1900-01-01 04:15:00,8.75,39,38
18637,1884,Long,1900-01-01 18:15:00,1900-01-01 04:30:00,10.25,27,26
18638,1884,Long,1900-01-01 00:15:00,1900-01-01 12:55:00,12.666666666666666,27,26
18645,1602,Long,1900-01-01 11:45:00,1900-01-01 17:55:00,6.166666666666667,59,58
18646,1602,Long,1900-01-01 09:50:00,1900-01-01 16:10:00,6.333333333333333,61,60
18695,64,Short,1900-01-01 17:30:00,1900-01-01 20:30:00,3.0,8,7
18696,64,Short,1900-01-01 07:50:00,1900-01-01 10:15:00,2.4166666666666665,8,7
18697,314,Medium,1900-01-01 02:15:00,1900-01-01 10:25:00,8.166666666666666,27,26
18698,314,Medium,1900-01-01 16:45:00,1900-01-01 01:15:00,8.5,27,26
19015,958,Long,1900-01-01 08:20:00,1900-01-01 05:35:00,21.25,63,62
19016,958,Long,1900-01-01 21:05:00,1900-01-01 19:15:00,22.166666666666668,62,61
19019,1676,Long,1900-01-01 00:05:00,1900-01-01 17:35:00,17.5,98,97
19020,1678,Long,1900-01-01 10:00:00,1900-01-01 04:20:00,18.333333333333332,92,91
19021,1681,Long,1900-01-01 12:55:00,1900-01-01 19:05:00,6.166666666666667,23,22
19022,1681,Long,1900-01-01 00:10:00,1900-01-01 08:00:00,7.833333333333333,23,22
19023,1759,Long,1900-01-01 07:25:00,1900-01-01 22:15:00,14.833333333333334,94,93
19024,1762,Long,1900-01-01 05:00:00,1900-01-01 19:35:00,14.583333333333334,97,96
19025,567,Long,1900-01-01 11:00:00,1900-01-01 22:30:00,11.5,21,20
19026,567,Long,1900-01-01 09:00:00,1900-01-01 21:00:00,12.0,21,20
19027,1878,Long,1900-01-01 12:15:00,1900-01-01 01:25:00,13.166666666666666,33,32
19028,1879,Long,1900-01-01 09:30:00,1900-01-01 22:25:00,12.916666666666666,33,32
19031,1200,Long,1900-01-01 10:05:00,1900-01-01 12:20:00,2.25,43,42
19032,1203,Long,1900-01-01 15:20:00,1900-01-01 17:10:00,1.8333333333333333,43,42
19033,297,Medium,1900-01-01 04:05:00,1900-01-01 10:25:00,6.333333333333333,27,26
19034,297,Medium,1900-01-01 18:10:00,1900-01-01 00:25:00,6.25,27,26
19035,99,Short,1900-01-01 18:15:00,1900-01-01 20:30:00,2.25,10,9
19036,99,Short,1900-01-01 14:20:00,1900-01-01 17:00:00,2.6666666666666665,11,10
19037,1832,Long,1900-01-01 22:40:00,1900-01-01 13:45:00,15.083333333333334,68,67
19038,1831,Long,1900-01-01 13:20:00,1900-01-01 04:35:00,15.25,68,67
19039,2142,Long,1900-01-01 22:40:00,1900-01-01 21:50:00,23.166666666666668,82,81
19040,2140,Long,1900-01-01 06:00:00,1900-01-01 04:35:00,22.583333333333332,82,81
19041,1909,Long,1900-01-01 23:25:00,1900-01-01 10:30:00,11.083333333333334,31,30
19042,1910,Long,1900-01-01 19:30:00,1900-01-01 07:50:00,12.333333333333334,27,26
19045,1732,Long,1900-01-01 09:50:00,1900-01-01 18:35:00,8.75,35,34
19046,1730,Long,1900-01-01 09:00:00,1900-01-01 18:40:00,9.666666666666666,35,34
19051,1786,Long,1900-01-01 20:15:00,1900-01-01 07:15:00,11.0,17,16
19052,1785,Long,1900-01-01 19:40:00,1900-01-01 05:05:00,9.416666666666666,17,16
19053,2121,Long,1900-01-01 06:10:00,1900-01-01 04:30:00,22.333333333333332,25,24
19054,2120,Long,1900-01-01 19:40:00,1900-01-01 17:10:00,21.5,25,24
19055,750,Long,1900-01-01 22:25:00,1900-01-01 14:40:00,16.25,18,17
19056,751,Long,1900-01-01 17:30:00,1900-01-01 09:05:00,15.583333333333334,18,17
19057,1403,Long,1900-01-01 22:10:00,1900-01-01 01:15:00,3.0833333333333335,13,12
19058,1402,Long,1900-01-01 05:20:00,1900-01-01 10:35:00,5.25,13,12
19061,1635,Long,1900-01-01 05:10:00,1900-01-01 10:55:00,5.75,28,27
19062,1636,Long,1900-01-01 16:20:00,1900-01-01 22:25:00,6.083333333333333,28,27
19063,1596,Long,1900-01-01 07:20:00,1900-01-01 13:35:00,6.25,18,17
19064,1595,Long,1900-01-01 16:40:00,1900-01-01 23:25:00,6.75,18,17
19107,1537,Long,1900-01-01 10:25:00,1900-01-01 17:30:00,7.083333333333333,19,18
19108,1539,Long,1900-01-01 20:50:00,1900-01-01 07:00:00,10.166666666666666,19,18
19115,843,Long,1900-01-01 15:00:00,1900-01-01 07:00:00,16.0,29,28
19116,843,Long,1900-01-01 22:25:00,1900-01-01 13:45:00,15.333333333333334,29,28
19119,435,Medium,1900-01-01 10:40:00,1900-01-01 20:00:00,9.333333333333334,19,18
19120,435,Medium,1900-01-01 06:25:00,1900-01-01 15:55:00,9.5,19,18
19151,300,Medium,1900-01-01 15:50:00,1900-01-01 21:50:00,6.0,17,16
19152,300,Medium,1900-01-01 06:00:00,1900-01-01 11:55:00,5.916666666666667,17,16
19165,1945,Long,1900-01-01 21:00:00,1900-01-01 19:15:00,22.25,70,69
19166,1945,Long,1900-01-01 04:35:00,1900-01-01 03:45:00,23.166666666666668,72,71
19167,1600,Long,1900-01-01 21:00:00,1900-01-01 09:35:00,12.583333333333334,57,56
19168,1601,Long,1900-01-01 14:30:00,1900-01-01 03:45:00,13.25,57,56
19201,1690,Long,1900-01-01 15:00:00,1900-01-01 23:55:00,8.916666666666666,29,28
19202,1689,Long,1900-01-01 00:40:00,1900-01-01 10:30:00,9.833333333333334,29,28
19215,958,Long,1900-01-01 08:20:00,1900-01-01 05:35:00,21.25,63,62
19217,807,Long,1900-01-01 17:10:00,1900-01-01 08:50:00,15.666666666666666,30,29
19218,807,Long,1900-01-01 13:55:00,1900-01-01 05:40:00,15.75,33,32
19223,1474,Long,1900-01-01 11:20:00,1900-01-01 19:35:00,8.25,58,57
19224,1476,Long,1900-01-01 07:50:00,1900-01-01 15:00:00,7.166666666666667,60,59
19225,489,Medium,1900-01-01 18:40:00,1900-01-01 06:35:00,11.916666666666666,24,23
19226,489,Medium,1900-01-01 21:25:00,1900-01-01 09:40:00,12.25,24,23
19251,438,Medium,1900-01-01 22:35:00,1900-01-01 08:25:00,9.833333333333334,17,16
19252,438,Medium,1900-01-01 20:05:00,1900-01-01 05:30:00,9.416666666666666,17,16
19259,2274,Long,1900-01-01 15:45:00,1900-01-01 13:15:00,21.5,41,40
19260,2270,Long,1900-01-01 07:15:00,1900-01-01 02:50:00,19.583333333333332,41,40
19261,2427,Long,1900-01-01 11:00:00,1900-01-01 08:30:00,21.5,30,29
19262,2423,Long,1900-01-01 18:40:00,1900-01-01 15:15:00,20.583333333333332,30,29
19263,1394,Long,1900-01-01 15:10:00,1900-01-01 19:35:00,4.416666666666667,28,27
19264,1396,Long,1900-01-01 08:20:00,1900-01-01 12:55:00,4.583333333333333,32,31
19269,2465,Long,1900-01-01 15:10:00,1900-01-01 18:05:00,2.9166666666666665,35,34
19270,2465,Long,1900-01-01 15:15:00,1900-01-01 17:20:00,2.0833333333333335,35,34
19301,1895,Long,1900-01-01 21:05:00,1900-01-01 11:15:00,14.166666666666666,32,31
19302,1895,Long,1900-01-01 11:20:00,1900-01-01 05:15:00,17.916666666666668,32,31
19303,262,Medium,1900-01-01 23:45:00,1900-01-01 05:20:00,5.583333333333333,18,17
19304,262,Medium,1900-01-01 22:55:00,1900-01-01 04:35:00,5.666666666666667,17,16
19307,1100,Long,1900-01-01 05:35:00,1900-01-01 06:45:00,1.1666666666666667,19,18
19308,1102,Long,1900-01-01 19:10:00,1900-01-01 17:35:00,22.416666666666668,19,18
19309,563,Long,1900-01-01 18:25:00,1900-01-01 06:30:00,12.083333333333334,19,18
19310,564,Long,1900-01-01 22:45:00,1900-01-01 10:00:00,11.25,19,18
19311,969,Long,1900-01-01 17:30:00,1900-01-01 11:25:00,17.916666666666668,17,16
19312,970,Long,1900-01-01 16:50:00,1900-01-01 12:25:00,19.583333333333332,17,16
19313,1347,Long,1900-01-01 14:00:00,1900-01-01 17:20:00,3.3333333333333335,17,16
19314,1347,Long,1900-01-01 11:10:00,1900-01-01 15:05:00,3.9166666666666665,17,16
19321,1394,Long,1900-01-01 14:00:00,1900-01-01 17:20:00,3.3333333333333335,17,16
19322,1395,Long,1900-01-01 11:10:00,1900-01-01 15:05:00,3.9166666666666665,17,16
19323,217,Medium,1900-01-01 06:45:00,1900-01-01 10:50:00,4.083333333333333,7,6
19324,217,Medium,1900-01-01 17:15:00,1900-01-01 21:35:00,4.333333333333333,7,6
19325,1323,Long,1900-01-01 16:00:00,1900-01-01 21:05:00,5.083333333333333,24,23
19326,1326,Long,1900-01-01 23:15:00,1900-01-01 02:30:00,3.25,24,23
19327,302,Medium,1900-01-01 16:45:00,1900-01-01 23:59:00,7.233333333333333,16,15
19328,302,Medium,1900-01-01 01:15:00,1900-01-01 08:00:00,6.75,16,15
19329,481,Medium,1900-01-01 07:30:00,1900-01-01 19:15:00,11.75,18,17
19330,481,Medium,1900-01-01 20:35:00,1900-01-01 09:00:00,12.416666666666666,18,17
19331,2300,Long,1900-01-01 11:00:00,1900-01-01 05:15:00,18.25,32,31
19332,2296,Long,1900-01-01 21:05:00,1900-01-01 18:30:00,21.416666666666668,32,31
19401,1298,Long,1900-01-01 11:35:00,1900-01-01 14:25:00,2.8333333333333335,27,26
19402,1300,Long,1900-01-01 22:55:00,1900-01-01 02:50:00,3.9166666666666665,27,26
19403,1550,Long,1900-01-01 06:05:00,1900-01-01 12:05:00,6.0,20,19
19404,1552,Long,1900-01-01 17:50:00,1900-01-01 23:55:00,6.083333333333333,20,19
19407,1693,Long,1900-01-01 21:00:00,1900-01-01 05:40:00,8.666666666666666,21,20
19408,1696,Long,1900-01-01 15:35:00,1900-01-01 23:55:00,8.333333333333334,21,20
19409,1569,Long,1900-01-01 11:35:00,1900-01-01 19:25:00,7.833333333333333,29,28
19410,1569,Long,1900-01-01 04:45:00,1900-01-01 13:30:00,8.75,29,28
19411,489,Medium,1900-01-01 09:10:00,1900-01-01 18:50:00,9.666666666666666,12,11
19412,491,Medium,1900-01-01 06:25:00,1900-01-01 15:35:00,9.166666666666666,12,11
19413,2617,Long,1900-01-01 06:05:00,1900-01-01 15:15:00,9.166666666666666,37,36
19414,2618,Long,1900-01-01 13:10:00,1900-01-01 19:15:00,6.083333333333333,37,36
19415,1716,Long,1900-01-01 19:05:00,1900-01-01 06:50:00,11.75,31,30
19416,1718,Long,1900-01-01 10:20:00,1900-01-01 23:55:00,13.583333333333334,31,30
19419,1721,Long,1900-01-01 20:00:00,1900-01-01 05:45:00,9.75,26,25
19420,1719,Long,1900-01-01 09:40:00,1900-01-01 17:10:00,7.5,27,26
19421,1666,Long,1900-01-01 21:50:00,1900-01-01 07:50:00,10.0,29,28
19422,1669,Long,1900-01-01 10:10:00,1900-01-01 22:20:00,12.166666666666666,28,27
19565,1662,Long,1900-01-01 08:30:00,1900-01-01 19:40:00,11.166666666666666,33,32
19566,1664,Long,1900-01-01 05:50:00,1900-01-01 16:10:00,10.333333333333334,33,32
19567,2730,Long,1900-01-01 22:00:00,1900-01-01 01:35:00,3.5833333333333335,42,41
19568,2730,Long,1900-01-01 23:55:00,1900-01-01 07:10:00,7.25,43,42
19571,201,Medium,1900-01-01 07:15:00,1900-01-01 11:55:00,4.666666666666667,15,14
19572,201,Medium,1900-01-01 14:30:00,1900-01-01 18:45:00,4.25,15,14
19573,1049,Long,1900-01-01 19:20:00,1900-01-01 15:15:00,19.916666666666668,20,19
19574,1051,Long,1900-01-01 16:40:00,1900-01-01 13:50:00,21.166666666666668,20,19
19575,1126,Long,1900-01-01 07:30:00,1900-01-01 05:50:00,22.333333333333332,20,19
19576,1126,Long,1900-01-01 21:40:00,1900-01-01 20:50:00,23.166666666666668,20,19
19577,2438,Long,1900-01-01 07:45:00,1900-01-01 05:15:00,21.5,29,28
19578,2434,Long,1900-01-01 21:00:00,1900-01-01 22:20:00,1.3333333333333333,29,28
19579,1102,Long,1900-01-01 12:30:00,1900-01-01 10:15:00,21.75,24,23
19580,1105,Long,1900-01-01 13:10:00,1900-01-01 10:40:00,21.5,24,23
19601,2235,Long,1900-01-01 00:20:00,1900-01-01 18:35:00,18.25,29,28
19602,2232,Long,1900-01-01 08:15:00,1900-01-01 03:55:00,19.666666666666668,29,28
19607,2000,Long,1900-01-01 11:25:00,1900-01-01 05:40:00,18.25,30,29
19608,2004,Long,1900-01-01 18:55:00,1900-01-01 17:00:00,22.083333333333332,30,29
19609,968,Long,1900-01-01 13:05:00,1900-01-01 10:25:00,21.333333333333332,29,28
19611,1006,Long,1900-01-01 17:55:00,1900-01-01 14:45:00,20.833333333333332,31,30
19612,1006,Long,1900-01-01 14:30:00,1900-01-01 10:00:00,19.5,31,30
19613,847,Long,1900-01-01 17:55:00,1900-01-01 10:45:00,16.833333333333332,26,25
19614,847,Long,1900-01-01 17:50:00,1900-01-01 10:00:00,16.166666666666668,26,25
19659,1880,Long,1900-01-01 20:22:00,1900-01-01 08:55:00,12.55,24,23
19660,1883,Long,1900-01-01 20:00:00,1900-01-01 09:55:00,13.916666666666666,24,23
19665,1080,Long,1900-01-01 09:25:00,1900-01-01 06:35:00,21.166666666666668,29,28
19666,1080,Long,1900-01-01 22:20:00,1900-01-01 19:50:00,21.5,29,28
19707,1103,Long,1900-01-01 20:55:00,1900-01-01 18:55:00,22.0,39,38
19708,1106,Long,1900-01-01 08:40:00,1900-01-01 06:35:00,21.916666666666668,39,38
19709,2213,Long,1900-01-01 23:30:00,1900-01-01 23:55:00,0.4166666666666667,37,36
19710,2210,Long,1900-01-01 18:45:00,1900-01-01 18:10:00,23.416666666666668,37,36
19711,792,Long,1900-01-01 18:10:00,1900-01-01 11:25:00,17.25,34,33
19712,792,Long,1900-01-01 16:50:00,1900-01-01 09:25:00,16.583333333333332,34,33
19713,1726,Long,1900-01-01 21:05:00,1900-01-01 07:30:00,10.416666666666666,31,30
19714,1726,Long,1900-01-01 21:20:00,1900-01-01 06:15:00,8.916666666666666,31,30
19715,675,Long,1900-01-01 21:00:00,1900-01-01 10:25:00,13.416666666666666,17,16
19716,674,Long,1900-01-01 12:10:00,1900-01-01 01:45:00,13.583333333333334,17,16
19717,569,Long,1900-01-01 16:40:00,1900-01-01 04:55:00,12.25,17,16
19718,569,Long,1900-01-01 12:45:00,1900-01-01 00:50:00,12.083333333333334,17,16
19803,1125,Long,1900-01-01 14:30:00,1900-01-01 15:20:00,0.8333333333333334,30,29
19804,1127,Long,1900-01-01 21:55:00,1900-01-01 23:50:00,1.9166666666666667,30,29
19805,1084,Long,1900-01-01 14:30:00,1900-01-01 12:15:00,21.75,22,21
19806,1086,Long,1900-01-01 14:35:00,1900-01-01 11:10:00,20.583333333333332,22,21
19807,238,Medium,1900-01-01 00:05:00,1900-01-01 04:45:00,4.666666666666667,11,10
19808,239,Medium,1900-01-01 00:30:00,1900-01-01 05:20:00,4.833333333333333,11,10
20501,2412,Long,1900-01-01 18:30:00,1900-01-01 11:20:00,16.833333333333332,16,15
20502,2413,Long,1900-01-01 19:50:00,1900-01-01 13:30:00,17.666666666666668,16,15
20601,558,Long,1900-01-01 22:30:00,1900-01-01 07:20:00,8.833333333333334,6,5
20602,554,Long,1900-01-01 22:45:00,1900-01-01 07:40:00,8.916666666666666,7,6
20651,273,Medium,1900-01-01 15:00:00,1900-01-01 19:55:00,4.916666666666667,11,10
20652,273,Medium,1900-01-01 06:40:00,1900-01-01 11:35:00,4.916666666666667,11,10
20809,1486,Long,1900-01-01 11:15:00,1900-01-01 14:20:00,3.0833333333333335,22,21
20810,1484,Long,1900-01-01 16:35:00,1900-01-01 19:30:00,2.9166666666666665,22,21
20811,981,Long,1900-01-01 20:45:00,1900-01-01 14:20:00,17.583333333333332,13,12
20812,978,Long,1900-01-01 16:35:00,1900-01-01 10:15:00,17.666666666666668,13,12
20813,2433,Long,1900-01-01 16:00:00,1900-01-01 12:00:00,20.0,43,42
20814,2426,Long,1900-01-01 14:00:00,1900-01-01 10:00:00,20.0,43,42
20815,862,Long,1900-01-01 13:00:00,1900-01-01 04:30:00,15.5,24,23
20816,862,Long,1900-01-01 17:50:00,1900-01-01 09:30:00,15.666666666666666,24,23
20817,1893,Long,1900-01-01 07:10:00,1900-01-01 10:40:00,3.5,13,12
20818,1894,Long,1900-01-01 17:05:00,1900-01-01 20:35:00,3.5,13,12
20889,1234,Long,1900-01-01 12:40:00,1900-01-01 07:45:00,19.083333333333332,8,7
20890,1233,Long,1900-01-01 23:05:00,1900-01-01 18:30:00,19.416666666666668,8,7
20901,185,Short,1900-01-01 13:40:00,1900-01-01 17:15:00,3.5833333333333335,4,3
20902,185,Short,1900-01-01 20:05:00,1900-01-01 23:15:00,3.1666666666666665,4,3
20903,1536,Long,1900-01-01 19:40:00,1900-01-01 22:20:00,2.6666666666666665,11,10
20904,1535,Long,1900-01-01 06:10:00,1900-01-01 09:40:00,3.5,11,10
21067,95,Short,1900-01-01 06:21:00,1900-01-01 08:20:00,1.9833333333333334,4,3
21068,95,Short,1900-01-01 16:15:00,1900-01-01 17:55:00,1.6666666666666667,4,3
21107,63,Short,1900-01-01 23:50:00,1900-01-01 00:50:00,1.0,2,1
21108,63,Short,1900-01-01 04:10:00,1900-01-01 05:20:00,1.1666666666666667,2,1
21125,643,Long,1900-01-01 20:05:00,1900-01-01 09:50:00,13.75,17,16
21126,643,Long,1900-01-01 17:10:00,1900-01-01 07:55:00,14.75,17,16
22101,260,Medium,1900-01-01 18:45:00,1900-01-01 23:25:00,4.666666666666667,7,6
22102,260,Medium,1900-01-01 05:25:00,1900-01-01 10:07:00,4.7,8,7
22103,1600,Long,1900-01-01 14:30:00,1900-01-01 17:50:00,3.3333333333333335,17,16
22104,1599,Long,1900-01-01 23:55:00,1900-01-01 05:00:00,5.083333333333333,17,16
22105,191,Short,1900-01-01 05:40:00,1900-01-01 09:05:00,3.4166666666666665,8,7
22106,191,Short,1900-01-01 18:35:00,1900-01-01 22:00:00,3.4166666666666665,7,6
22109,1501,Long,1900-01-01 14:30:00,1900-01-01 10:25:00,19.916666666666668,9,8
22110,1504,Long,1900-01-01 15:45:00,1900-01-01 11:45:00,20.0,9,8
22111,603,Long,1900-01-01 05:35:00,1900-01-01 16:10:00,10.583333333333334,20,19
22112,604,Long,1900-01-01 07:20:00,1900-01-01 17:45:00,10.416666666666666,20,19
22113,1513,Long,1900-01-01 16:55:00,1900-01-01 20:25:00,3.5,26,25
22114,1517,Long,1900-01-01 00:35:00,1900-01-01 04:10:00,3.5833333333333335,26,25
22115,545,Long,1900-01-01 01:10:00,1900-01-01 11:00:00,9.833333333333334,8,7
22116,547,Long,1900-01-01 14:00:00,1900-01-01 23:55:00,9.916666666666666,8,7
22117,730,Long,1900-01-01 15:15:00,1900-01-01 03:15:00,12.0,10,9
22118,730,Long,1900-01-01 18:35:00,1900-01-01 07:40:00,13.083333333333334,10,9
22119,561,Long,1900-01-01 05:00:00,1900-01-01 13:20:00,8.333333333333334,7,6
22120,563,Long,1900-01-01 14:30:00,1900-01-01 23:00:00,8.5,7,6
22121,1411,Long,1900-01-01 14:20:00,1900-01-01 13:45:00,23.416666666666668,11,10
22122,1411,Long,1900-01-01 16:20:00,1900-01-01 17:30:00,1.1666666666666667,11,10
22123,892,Long,1900-01-01 15:15:00,1900-01-01 05:15:00,14.0,10,9
22124,892,Long,1900-01-01 19:50:00,1900-01-01 11:45:00,15.916666666666666,10,9
22125,1518,Long,1900-01-01 17:50:00,1900-01-01 21:05:00,3.25,10,9
22126,1521,Long,1900-01-01 04:10:00,1900-01-01 04:25:00,0.25,10,9
22127,1122,Long,1900-01-01 11:30:00,1900-01-01 06:45:00,19.25,21,20
22128,1123,Long,1900-01-01 18:30:00,1900-01-01 13:45:00,19.25,21,20
22131,1543,Long,1900-01-01 16:15:00,1900-01-01 19:20:00,3.0833333333333335,19,18
22132,1543,Long,1900-01-01 04:15:00,1900-01-01 08:05:00,3.8333333333333335,19,18
22133,644,Long,1900-01-01 19:20:00,1900-01-01 07:10:00,11.833333333333334,13,12
22134,644,Long,1900-01-01 20:50:00,1900-01-01 08:40:00,11.833333333333334,13,12
22135,780,Long,1900-01-01 07:20:00,1900-01-01 19:50:00,12.5,16,15
22136,780,Long,1900-01-01 20:50:00,1900-01-01 10:55:00,14.083333333333334,16,15
22137,961,Long,1900-01-01 10:30:00,1900-01-01 03:25:00,16.916666666666668,14,13
22138,961,Long,1900-01-01 17:25:00,1900-01-01 10:40:00,17.25,14,13
22140,457,Medium,1900-01-01 21:10:00,1900-01-01 05:10:00,8.0,8,7
22143,667,Long,1900-01-01 21:00:00,1900-01-01 09:15:00,12.25,17,16
22144,667,Long,1900-01-01 19:50:00,1900-01-01 07:55:00,12.083333333333334,17,16
22145,136,Short,1900-01-01 21:16:00,1900-01-01 23:45:00,2.4833333333333334,9,8
22146,136,Short,1900-01-01 18:25:00,1900-01-01 20:54:00,2.4833333333333334,9,8
22147,330,Medium,1900-01-01 21:45:00,1900-01-01 03:45:00,6.0,8,7
22148,330,Medium,1900-01-01 09:20:00,1900-01-01 15:20:00,6.0,8,7
22149,1371,Long,1900-01-01 05:15:00,1900-01-01 05:50:00,0.5833333333333334,18,17
22150,1366,Long,1900-01-01 18:45:00,1900-01-01 18:50:00,0.08333333333333333,18,17
22151,1191,Long,1900-01-01 21:45:00,1900-01-01 18:35:00,20.833333333333332,19,18
22152,1193,Long,1900-01-01 13:30:00,1900-01-01 11:05:00,21.583333333333332,19,18
22161,290,Medium,1900-01-01 17:55:00,1900-01-01 22:45:00,4.833333333333333,11,10
22162,292,Medium,1900-01-01 05:00:00,1900-01-01 10:05:00,5.083333333333333,11,10
22163,367,Medium,1900-01-01 06:50:00,1900-01-01 13:30:00,6.666666666666667,9,8
22164,367,Medium,1900-01-01 16:15:00,1900-01-01 22:55:00,6.666666666666667,9,8
22165,656,Long,1900-01-01 21:00:00,1900-01-01 08:45:00,11.75,11,10
22166,655,Long,1900-01-01 20:20:00,1900-01-01 08:20:00,12.0,11,10
22168,1050,Long,1900-01-01 00:05:00,1900-01-01 18:40:00,18.583333333333332,11,10
22181,883,Long,1900-01-01 15:00:00,1900-01-01 05:15:00,14.25,15,14
22182,886,Long,1900-01-01 17:50:00,1900-01-01 08:20:00,14.5,15,14
22187,330,Medium,1900-01-01 06:50:00,1900-01-01 12:20:00,5.5,10,9
22188,330,Medium,1900-01-01 16:10:00,1900-01-01 22:15:00,6.083333333333333,10,9
22189,238,Medium,1900-01-01 17:05:00,1900-01-01 21:20:00,4.25,11,10
22190,238,Medium,1900-01-01 06:00:00,1900-01-01 10:15:00,4.25,11,10
22191,554,Long,1900-01-01 18:40:00,1900-01-01 04:40:00,10.0,19,18
22192,554,Long,1900-01-01 23:55:00,1900-01-01 09:55:00,10.0,19,18
22201,527,Long,1900-01-01 20:00:00,1900-01-01 03:55:00,7.916666666666667,3,2
22202,526,Long,1900-01-01 19:45:00,1900-01-01 04:00:00,8.25,3,2
22203,708,Long,1900-01-01 19:45:00,1900-01-01 06:15:00,10.5,3,2
22204,708,Long,1900-01-01 20:15:00,1900-01-01 06:30:00,10.25,3,2
22205,553,Long,1900-01-01 22:30:00,1900-01-01 07:10:00,8.666666666666666,3,2
22206,555,Long,1900-01-01 22:45:00,1900-01-01 07:20:00,8.583333333333334,3,2
22207,901,Long,1900-01-01 16:25:00,1900-01-01 06:45:00,14.333333333333334,11,10
22208,904,Long,1900-01-01 21:30:00,1900-01-01 12:00:00,14.5,11,10
22209,1373,Long,1900-01-01 23:15:00,1900-01-01 16:30:00,17.25,5,4
22210,1376,Long,1900-01-01 23:25:00,1900-01-01 16:15:00,16.833333333333332,5,4
22213,538,Long,1900-01-01 22:05:00,1900-01-01 06:40:00,8.583333333333334,4,3
22214,539,Long,1900-01-01 20:45:00,1900-01-01 05:40:00,8.916666666666666,4,3
22307,172,Short,1900-01-01 05:00:00,1900-01-01 08:45:00,3.75,5,4
22308,173,Short,1900-01-01 18:45:00,1900-01-01 21:35:00,2.8333333333333335,5,4
22309,560,Long,1900-01-01 23:05:00,1900-01-01 09:00:00,9.916666666666666,8,7
22310,560,Long,1900-01-01 12:35:00,1900-01-01 22:50:00,10.25,8,7
22321,239,Medium,1900-01-01 06:45:00,1900-01-01 11:05:00,4.333333333333333,10,9
22322,240,Medium,1900-01-01 13:40:00,1900-01-01 18:00:00,4.333333333333333,10,9
22323,757,Long,1900-01-01 22:45:00,1900-01-01 12:25:00,13.666666666666666,9,8
22324,758,Long,1900-01-01 23:30:00,1900-01-01 13:15:00,13.75,9,8
22351,2706,Long,1900-01-01 20:15:00,1900-01-01 20:55:00,0.6666666666666666,28,27
22352,2712,Long,1900-01-01 09:55:00,1900-01-01 10:00:00,0.08333333333333333,28,27
22356,1142,Long,1900-01-01 22:05:00,1900-01-01 19:15:00,21.166666666666668,16,15
22387,269,Medium,1900-01-01 06:15:00,1900-01-01 11:10:00,4.916666666666667,16,15
22388,270,Medium,1900-01-01 16:25:00,1900-01-01 21:20:00,4.916666666666667,16,15
22401,630,Long,1900-01-01 22:15:00,1900-01-01 08:55:00,10.666666666666666,8,7
22402,630,Long,1900-01-01 18:00:00,1900-01-01 04:20:00,10.333333333333334,8,7
22403,2364,Long,1900-01-01 09:15:00,1900-01-01 02:10:00,16.916666666666668,15,14
22404,2363,Long,1900-01-01 23:45:00,1900-01-01 17:55:00,18.166666666666668,15,14
22405,1193,Long,1900-01-01 13:30:00,1900-01-01 08:20:00,18.833333333333332,22,21
22406,1193,Long,1900-01-01 16:55:00,1900-01-01 10:45:00,17.833333333333332,22,21
22407,780,Long,1900-01-01 19:30:00,1900-01-01 10:15:00,14.75,9,8
22408,780,Long,1900-01-01 18:15:00,1900-01-01 08:05:00,13.833333333333334,9,8
22409,968,Long,1900-01-01 19:30:00,1900-01-01 11:50:00,16.333333333333332,10,9
22410,968,Long,1900-01-01 19:10:00,1900-01-01 09:50:00,14.666666666666666,10,9
22411,2127,Long,1900-01-01 21:35:00,1900-01-01 11:40:00,14.083333333333334,16,15
22412,2130,Long,1900-01-01 15:50:00,1900-01-01 05:55:00,14.083333333333334,16,15
22413,1908,Long,1900-01-01 10:00:00,1900-01-01 12:40:00,2.6666666666666665,10,9
22414,1907,Long,1900-01-01 10:55:00,1900-01-01 12:50:00,1.9166666666666667,10,9
22415,2083,Long,1900-01-01 08:35:00,1900-01-01 19:05:00,10.5,21,20
22416,2083,Long,1900-01-01 06:25:00,1900-01-01 17:50:00,11.416666666666666,21,20
22417,768,Long,1900-01-01 18:55:00,1900-01-01 08:25:00,13.5,9,8
22418,768,Long,1900-01-01 18:35:00,1900-01-01 08:25:00,13.833333333333334,9,8
22419,809,Long,1900-01-01 17:20:00,1900-01-01 08:10:00,14.833333333333334,12,11
22420,809,Long,1900-01-01 18:45:00,1900-01-01 09:30:00,14.75,12,11
22421,623,Long,1900-01-01 07:05:00,1900-01-01 18:20:00,11.25,22,21
22422,624,Long,1900-01-01 10:55:00,1900-01-01 22:10:00,11.25,22,21
22423,1086,Long,1900-01-01 10:45:00,1900-01-01 06:30:00,19.75,16,15
22424,1087,Long,1900-01-01 12:35:00,1900-01-01 08:05:00,19.5,16,15
22427,876,Long,1900-01-01 22:10:00,1900-01-01 12:50:00,14.666666666666666,11,10
22428,876,Long,1900-01-01 23:55:00,1900-01-01 15:25:00,15.5,11,10
22429,553,Long,1900-01-01 08:25:00,1900-01-01 18:30:00,10.083333333333334,15,14
22430,553,Long,1900-01-01 07:00:00,1900-01-01 17:00:00,10.0,17,16
22431,1255,Long,1900-01-01 14:45:00,1900-01-01 13:30:00,22.75,18,17
22432,1255,Long,1900-01-01 16:15:00,1900-01-01 14:55:00,22.666666666666668,18,17
22433,822,Long,1900-01-01 16:00:00,1900-01-01 07:10:00,15.166666666666666,11,10
22434,824,Long,1900-01-01 19:10:00,1900-01-01 09:30:00,14.333333333333334,10,9
22439,655,Long,1900-01-01 06:00:00,1900-01-01 14:00:00,8.0,5,4
22441,194,Short,1900-01-01 18:30:00,1900-01-01 21:40:00,3.1666666666666665,9,8
22442,194,Short,1900-01-01 06:30:00,1900-01-01 09:40:00,3.1666666666666665,9,8
22443,1607,Long,1900-01-01 18:20:00,1900-01-01 23:05:00,4.75,22,21
22444,1608,Long,1900-01-01 05:10:00,1900-01-01 08:35:00,3.4166666666666665,22,21
22445,897,Long,1900-01-01 17:20:00,1900-01-01 09:35:00,16.25,14,13
22446,897,Long,1900-01-01 12:35:00,1900-01-01 04:50:00,16.25,14,13
22447,63,Short,1900-01-01 18:20:00,1900-01-01 19:35:00,1.25,2,1
22448,63,Short,1900-01-01 05:25:00,1900-01-01 06:35:00,1.1666666666666667,2,1
22451,1580,Long,1900-01-01 12:15:00,1900-01-01 16:20:00,4.083333333333333,24,23
22452,1583,Long,1900-01-01 05:45:00,1900-01-01 09:20:00,3.5833333333333335,24,23
22453,458,Medium,1900-01-01 14:40:00,1900-01-01 22:35:00,7.916666666666667,10,9
22454,458,Medium,1900-01-01 04:55:00,1900-01-01 13:10:00,8.25,10,9
22455,1615,Long,1900-01-01 10:00:00,1900-01-01 12:30:00,2.5,15,14
22456,1618,Long,1900-01-01 19:00:00,1900-01-01 22:15:00,3.25,15,14
22457,1849,Long,1900-01-01 11:00:00,1900-01-01 20:50:00,9.833333333333334,26,25
22458,1852,Long,1900-01-01 15:45:00,1900-01-01 23:45:00,8.0,26,25
22461,654,Long,1900-01-01 17:30:00,1900-01-01 05:10:00,11.666666666666666,8,7
22462,654,Long,1900-01-01 23:05:00,1900-01-01 10:35:00,11.5,8,7
22463,172,Short,1900-01-01 06:50:00,1900-01-01 10:30:00,3.6666666666666665,4,3
22464,173,Short,1900-01-01 17:05:00,1900-01-01 19:55:00,2.8333333333333335,4,3
22471,455,Medium,1900-01-01 09:30:00,1900-01-01 17:25:00,7.916666666666667,14,13
22472,455,Medium,1900-01-01 08:40:00,1900-01-01 16:35:00,7.916666666666667,14,13
22473,1211,Long,1900-01-01 14:50:00,1900-01-01 12:45:00,21.916666666666668,23,22
22474,1209,Long,1900-01-01 14:35:00,1900-01-01 12:35:00,22.0,23,22
22475,2478,Long,1900-01-01 07:10:00,1900-01-01 02:50:00,19.666666666666668,34,33
22476,2482,Long,1900-01-01 15:20:00,1900-01-01 12:25:00,21.083333333333332,34,33
22477,312,Medium,1900-01-01 16:25:00,1900-01-01 21:15:00,4.833333333333333,12,11
22478,311,Medium,1900-01-01 06:00:00,1900-01-01 10:50:00,4.833333333333333,12,11
22481,620,Long,1900-01-01 18:45:00,1900-01-01 05:20:00,10.583333333333334,19,18
22482,619,Long,1900-01-01 23:15:00,1900-01-01 10:00:00,10.75,19,18
22483,558,Long,1900-01-01 19:10:00,1900-01-01 04:55:00,9.75,14,13
22484,558,Long,1900-01-01 22:45:00,1900-01-01 08:00:00,9.25,14,13
22487,91,Short,1900-01-01 20:00:00,1900-01-01 22:20:00,2.3333333333333335,7,6
22488,91,Short,1900-01-01 05:45:00,1900-01-01 08:20:00,2.5833333333333335,7,6
22497,3101,Long,1900-01-01 02:00:00,1900-01-01 11:20:00,9.333333333333334,37,36
22501,3617,Long,1900-01-01 03:10:00,1900-01-01 20:45:00,17.583333333333332,41,40
22502,3617,Long,1900-01-01 17:55:00,1900-01-01 11:30:00,17.583333333333332,39,38
22511,3011,Long,1900-01-01 11:30:00,1900-01-01 18:25:00,6.916666666666667,27,26
22512,3006,Long,1900-01-01 18:00:00,1900-01-01 23:15:00,5.25,27,26
22531,879,Long,1900-01-01 05:30:00,1900-01-01 21:30:00,16.0,22,21
22532,884,Long,1900-01-01 23:50:00,1900-01-01 15:55:00,16.083333333333332,22,21
22601,1391,Long,1900-01-01 10:10:00,1900-01-01 11:30:00,1.3333333333333333,23,22
22602,1391,Long,1900-01-01 08:25:00,1900-01-01 09:40:00,1.25,24,23
22603,1779,Long,1900-01-01 14:05:00,1900-01-01 21:20:00,7.25,20,19
22604,1782,Long,1900-01-01 11:40:00,1900-01-01 19:25:00,7.75,20,19
22605,1984,Long,1900-01-01 10:35:00,1900-01-01 21:20:00,10.75,30,29
22606,1986,Long,1900-01-01 11:40:00,1900-01-01 23:05:00,11.416666666666666,30,29
22607,617,Long,1900-01-01 17:00:00,1900-01-01 04:15:00,11.25,14,13
22608,616,Long,1900-01-01 18:50:00,1900-01-01 06:00:00,11.166666666666666,14,13
22609,404,Medium,1900-01-01 11:45:00,1900-01-01 19:05:00,7.333333333333333,14,13
22610,405,Medium,1900-01-01 06:40:00,1900-01-01 13:50:00,7.166666666666667,14,13
22611,2295,Long,1900-01-01 11:00:00,1900-01-01 04:30:00,17.5,22,21
22612,2295,Long,1900-01-01 21:10:00,1900-01-01 14:55:00,17.75,22,21
22613,1661,Long,1900-01-01 14:40:00,1900-01-01 18:30:00,3.8333333333333335,15,14
22614,1662,Long,1900-01-01 11:30:00,1900-01-01 15:35:00,4.083333333333333,15,14
22615,466,Medium,1900-01-01 14:50:00,1900-01-01 22:40:00,7.833333333333333,8,7
22616,469,Medium,1900-01-01 06:00:00,1900-01-01 13:40:00,7.666666666666667,8,7
22617,336,Medium,1900-01-01 07:40:00,1900-01-01 13:40:00,6.0,9,8
22618,336,Medium,1900-01-01 14:50:00,1900-01-01 20:40:00,5.833333333333333,9,8
22619,2494,Long,1900-01-01 08:10:00,1900-01-01 05:15:00,21.083333333333332,30,29
22620,2494,Long,1900-01-01 01:15:00,1900-01-01 21:35:00,20.333333333333332,30,29
22621,399,Medium,1900-01-01 20:45:00,1900-01-01 04:05:00,7.333333333333333,12,11
22622,398,Medium,1900-01-01 22:00:00,1900-01-01 05:20:00,7.333333333333333,12,11
22623,556,Long,1900-01-01 22:40:00,1900-01-01 08:40:00,10.0,11,10
22624,557,Long,1900-01-01 21:15:00,1900-01-01 07:20:00,10.083333333333334,11,10
22625,360,Medium,1900-01-01 07:25:00,1900-01-01 13:10:00,5.75,11,10
22626,361,Medium,1900-01-01 14:30:00,1900-01-01 20:30:00,6.0,12,11
22627,457,Medium,1900-01-01 07:05:00,1900-01-01 15:25:00,8.333333333333334,13,12
22628,457,Medium,1900-01-01 11:50:00,1900-01-01 20:10:00,8.333333333333334,13,12
22629,1758,Long,1900-01-01 20:40:00,1900-01-01 04:00:00,7.333333333333333,26,25
22630,1763,Long,1900-01-01 07:20:00,1900-01-01 15:10:00,7.833333333333333,26,25
22631,2560,Long,1900-01-01 21:10:00,1900-01-01 17:45:00,20.583333333333332,32,31
22632,2558,Long,1900-01-01 14:50:00,1900-01-01 10:10:00,19.333333333333332,32,31
22633,2841,Long,1900-01-01 14:15:00,1900-01-01 14:15:00,0.0,29,28
22634,2840,Long,1900-01-01 23:35:00,1900-01-01 02:40:00,3.0833333333333335,29,28
22635,319,Medium,1900-01-01 16:15:00,1900-01-01 22:00:00,5.75,10,9
22636,320,Medium,1900-01-01 08:15:00,1900-01-01 14:00:00,5.75,10,9
22637,896,Long,1900-01-01 12:05:00,1900-01-01 04:30:00,16.416666666666668,31,30
22638,898,Long,1900-01-01 22:20:00,1900-01-01 14:40:00,16.333333333333332,32,31
22639,753,Long,1900-01-01 20:55:00,1900-01-01 10:40:00,13.75,25,24
22640,755,Long,1900-01-01 16:05:00,1900-01-01 05:50:00,13.75,26,25
22641,2565,Long,1900-01-01 16:55:00,1900-01-01 13:50:00,20.916666666666668,37,36
22642,2564,Long,1900-01-01 23:05:00,1900-01-01 20:45:00,21.666666666666668,37,36
22643,2785,Long,1900-01-01 17:15:00,1900-01-01 20:00:00,2.75,44,43
22644,2782,Long,1900-01-01 14:00:00,1900-01-01 16:15:00,2.25,42,41
22645,2643,Long,1900-01-01 16:50:00,1900-01-01 17:15:00,0.4166666666666667,52,51
22646,2648,Long,1900-01-01 06:15:00,1900-01-01 05:15:00,23.0,51,50
22647,2510,Long,1900-01-01 19:40:00,1900-01-01 17:15:00,21.583333333333332,55,54
22648,2508,Long,1900-01-01 06:15:00,1900-01-01 03:30:00,21.25,55,54
22649,390,Medium,1900-01-01 22:40:00,1900-01-01 05:50:00,7.166666666666667,18,17
22650,393,Medium,1900-01-01 21:00:00,1900-01-01 04:05:00,7.083333333333333,18,17
22651,669,Long,1900-01-01 21:40:00,1900-01-01 11:00:00,13.333333333333334,19,18
22652,671,Long,1900-01-01 15:00:00,1900-01-01 04:15:00,13.25,20,19
22653,2854,Long,1900-01-01 00:30:00,1900-01-01 01:40:00,1.1666666666666667,28,27
22654,2852,Long,1900-01-01 10:05:00,1900-01-01 14:20:00,4.25,28,27
22655,2841,Long,1900-01-01 01:00:00,1900-01-01 01:40:00,0.6666666666666666,28,27
22656,2840,Long,1900-01-01 10:05:00,1900-01-01 14:20:00,4.25,28,27
22659,3154,Long,1900-01-01 08:45:00,1900-01-01 18:10:00,9.416666666666666,26,25
22660,3152,Long,1900-01-01 05:50:00,1900-01-01 15:15:00,9.416666666666666,27,26
22661,592,Long,1900-01-01 17:50:00,1900-01-01 04:35:00,10.75,19,18
22662,592,Long,1900-01-01 20:15:00,1900-01-01 07:05:00,10.833333333333334,20,19
22663,2353,Long,1900-01-01 15:15:00,1900-01-01 10:00:00,18.75,27,26
22664,2352,Long,1900-01-01 21:35:00,1900-01-01 16:25:00,18.833333333333332,27,26
22667,531,Long,1900-01-01 21:30:00,1900-01-01 07:00:00,9.5,14,13
22668,532,Long,1900-01-01 19:30:00,1900-01-01 04:50:00,9.333333333333334,14,13
22669,31,Short,1900-01-01 22:35:00,1900-01-01 23:15:00,0.6666666666666666,4,3
22670,31,Short,1900-01-01 03:15:00,1900-01-01 03:55:00,0.6666666666666666,4,3
22677,844,Long,1900-01-01 15:20:00,1900-01-01 06:50:00,15.5,13,12
22678,845,Long,1900-01-01 12:50:00,1900-01-01 04:15:00,15.416666666666666,13,12
22679,226,Medium,1900-01-01 18:15:00,1900-01-01 21:25:00,3.1666666666666665,10,9
22680,211,Medium,1900-01-01 06:10:00,1900-01-01 09:20:00,3.1666666666666665,10,9
22681,499,Medium,1900-01-01 20:10:00,1900-01-01 05:15:00,9.083333333333334,12,11
22682,498,Medium,1900-01-01 23:30:00,1900-01-01 08:20:00,8.833333333333334,11,10
22683,2352,Long,1900-01-01 23:40:00,1900-01-01 18:40:00,19.0,30,29
22684,2338,Long,1900-01-01 18:30:00,1900-01-01 13:30:00,19.0,31,30
22685,2846,Long,1900-01-01 13:45:00,1900-01-01 18:20:00,4.583333333333333,18,17
22686,2845,Long,1900-01-01 03:25:00,1900-01-01 06:20:00,2.9166666666666665,18,17
22687,126,Short,1900-01-01 02:00:00,1900-01-01 04:25:00,2.4166666666666665,4,3
22688,126,Short,1900-01-01 07:50:00,1900-01-01 10:05:00,2.25,4,3
22691,2337,Long,1900-01-01 20:00:00,1900-01-01 05:55:00,9.916666666666666,15,14
22692,2355,Long,1900-01-01 20:45:00,1900-01-01 06:40:00,9.916666666666666,15,14
22697,828,Long,1900-01-01 20:25:00,1900-01-01 11:45:00,15.333333333333334,18,17
22698,829,Long,1900-01-01 15:00:00,1900-01-01 06:20:00,15.333333333333334,17,16
22705,2964,Long,1900-01-01 17:15:00,1900-01-01 21:10:00,3.9166666666666665,14,13
22706,2965,Long,1900-01-01 05:30:00,1900-01-01 11:25:00,5.916666666666667,14,13
22707,760,Long,1900-01-01 22:25:00,1900-01-01 11:35:00,13.166666666666666,18,17
22708,759,Long,1900-01-01 21:50:00,1900-01-01 11:00:00,13.166666666666666,18,17
22801,804,Long,1900-01-01 18:55:00,1900-01-01 09:30:00,14.583333333333334,16,15
22803,664,Long,1900-01-01 20:55:00,1900-01-01 07:40:00,10.75,11,10
22804,663,Long,1900-01-01 20:05:00,1900-01-01 07:05:00,11.0,11,10
22805,1871,Long,1900-01-01 12:45:00,1900-01-01 20:50:00,8.083333333333334,18,17
22806,1869,Long,1900-01-01 07:05:00,1900-01-01 16:05:00,9.0,18,17
22807,1657,Long,1900-01-01 19:00:00,1900-01-01 22:45:00,3.75,18,17
22808,1656,Long,1900-01-01 08:10:00,1900-01-01 10:25:00,2.25,18,17
22809,552,Long,1900-01-01 23:00:00,1900-01-01 08:20:00,9.333333333333334,17,16
22810,552,Long,1900-01-01 23:50:00,1900-01-01 09:05:00,9.25,17,16
22811,1717,Long,1900-01-01 11:40:00,1900-01-01 10:40:00,23.0,14,13
22812,1718,Long,1900-01-01 17:05:00,1900-01-01 15:50:00,22.75,14,13
22813,490,Medium,1900-01-01 20:40:00,1900-01-01 03:55:00,7.25,12,11
22814,489,Medium,1900-01-01 23:55:00,1900-01-01 08:45:00,8.833333333333334,12,11
22815,2144,Long,1900-01-01 08:10:00,1900-01-01 21:30:00,13.333333333333334,23,22
22816,2145,Long,1900-01-01 08:50:00,1900-01-01 21:35:00,12.75,23,22
22817,2106,Long,1900-01-01 16:10:00,1900-01-01 03:45:00,11.583333333333334,21,20
22818,2107,Long,1900-01-01 00:30:00,1900-01-01 14:50:00,14.333333333333334,23,22
22819,442,Medium,1900-01-01 07:35:00,1900-01-01 14:55:00,7.333333333333333,27,26
22821,188,Short,1900-01-01 10:50:00,1900-01-01 14:10:00,3.3333333333333335,11,10
22822,189,Short,1900-01-01 14:40:00,1900-01-01 17:55:00,3.25,11,10
22823,1802,Long,1900-01-01 09:30:00,1900-01-01 10:40:00,1.1666666666666667,13,12
22824,1802,Long,1900-01-01 17:05:00,1900-01-01 17:25:00,0.3333333333333333,13,12
22825,1662,Long,1900-01-01 12:10:00,1900-01-01 15:35:00,3.4166666666666665,24,23
22826,1661,Long,1900-01-01 16:25:00,1900-01-01 21:30:00,5.083333333333333,24,23
22827,1766,Long,1900-01-01 19:45:00,1900-01-01 03:20:00,7.583333333333333,18,17
22828,1759,Long,1900-01-01 08:30:00,1900-01-01 16:10:00,7.666666666666667,18,17
22829,2431,Long,1900-01-01 14:20:00,1900-01-01 09:55:00,19.583333333333332,31,30
22830,2431,Long,1900-01-01 20:22:00,1900-01-01 16:35:00,20.216666666666665,31,30
22831,1765,Long,1900-01-01 15:35:00,1900-01-01 22:25:00,6.833333333333333,19,18
22832,1764,Long,1900-01-01 07:40:00,1900-01-01 14:50:00,7.166666666666667,19,18
22833,1511,Long,1900-01-01 12:00:00,1900-01-01 13:00:00,1.0,19,18
22834,1514,Long,1900-01-01 16:05:00,1900-01-01 17:50:00,1.75,19,18
22835,502,Long,1900-01-01 20:55:00,1900-01-01 05:40:00,8.75,11,10
22836,500,Medium,1900-01-01 22:15:00,1900-01-01 07:10:00,8.916666666666666,11,10
22837,2234,Long,1900-01-01 18:15:00,1900-01-01 10:55:00,16.666666666666668,28,27
22838,2238,Long,1900-01-01 00:25:00,1900-01-01 17:05:00,16.666666666666668,27,26
22839,417,Medium,1900-01-01 05:10:00,1900-01-01 12:30:00,7.333333333333333,12,11
22840,417,Medium,1900-01-01 14:10:00,1900-01-01 21:40:00,7.5,12,11
22843,966,Long,1900-01-01 20:30:00,1900-01-01 14:05:00,17.583333333333332,22,21
22844,964,Long,1900-01-01 23:55:00,1900-01-01 17:25:00,17.5,22,21
22845,1771,Long,1900-01-01 10:45:00,1900-01-01 17:05:00,6.333333333333333,19,18
22846,1779,Long,1900-01-01 20:00:00,1900-01-01 02:45:00,6.75,19,18
22847,1662,Long,1900-01-01 09:00:00,1900-01-01 13:35:00,4.583333333333333,23,22
22848,1655,Long,1900-01-01 00:15:00,1900-01-01 05:20:00,5.083333333333333,24,23
22849,1590,Long,1900-01-01 12:10:00,1900-01-01 14:25:00,2.25,20,19
22850,1589,Long,1900-01-01 05:40:00,1900-01-01 09:05:00,3.4166666666666665,20,19
22851,2485,Long,1900-01-01 15:50:00,1900-01-01 09:30:00,17.666666666666668,40,39
22852,2485,Long,1900-01-01 23:00:00,1900-01-01 18:00:00,19.0,40,39
22853,882,Long,1900-01-01 18:15:00,1900-01-01 08:20:00,14.083333333333334,16,15
22854,880,Long,1900-01-01 17:50:00,1900-01-01 09:05:00,15.25,16,15
22855,1613,Long,1900-01-01 15:50:00,1900-01-01 17:40:00,1.8333333333333333,18,17
22856,1612,Long,1900-01-01 19:50:00,1900-01-01 22:20:00,2.5,18,17
22857,1567,Long,1900-01-01 08:55:00,1900-01-01 11:50:00,2.9166666666666665,11,10
22858,1566,Long,1900-01-01 13:45:00,1900-01-01 16:55:00,3.1666666666666665,11,10
22859,1247,Long,1900-01-01 17:30:00,1900-01-01 14:55:00,21.416666666666668,21,20
22860,1247,Long,1900-01-01 16:25:00,1900-01-01 14:55:00,22.5,21,20
22861,288,Medium,1900-01-01 06:30:00,1900-01-01 11:20:00,4.833333333333333,10,9
22862,288,Medium,1900-01-01 11:55:00,1900-01-01 17:05:00,5.166666666666667,10,9
22863,1957,Long,1900-01-01 10:55:00,1900-01-01 16:00:00,5.083333333333333,12,11
22864,1959,Long,1900-01-01 11:00:00,1900-01-01 16:15:00,5.25,12,11
22865,1853,Long,1900-01-01 00:15:00,1900-01-01 08:45:00,8.5,18,17
22866,1860,Long,1900-01-01 05:30:00,1900-01-01 13:35:00,8.083333333333334,18,17
22867,1255,Long,1900-01-01 07:10:00,1900-01-01 04:30:00,21.333333333333332,16,15
22868,1266,Long,1900-01-01 08:25:00,1900-01-01 06:30:00,22.083333333333332,16,15
22869,780,Long,1900-01-01 19:05:00,1900-01-01 08:55:00,13.833333333333334,13,12
22870,780,Long,1900-01-01 21:10:00,1900-01-01 10:25:00,13.25,13,12
22871,1178,Long,1900-01-01 12:00:00,1900-01-01 08:45:00,20.75,19,18
22872,1178,Long,1900-01-01 12:15:00,1900-01-01 09:35:00,21.333333333333332,19,18
22873,930,Long,1900-01-01 17:15:00,1900-01-01 08:20:00,15.083333333333334,17,16
22874,930,Long,1900-01-01 17:50:00,1900-01-01 09:25:00,15.583333333333334,16,15
22875,207,Medium,1900-01-01 07:25:00,1900-01-01 11:20:00,3.9166666666666665,14,13
22876,207,Medium,1900-01-01 11:55:00,1900-01-01 15:50:00,3.9166666666666665,14,13
22877,2289,Long,1900-01-01 17:00:00,1900-01-01 06:00:00,13.0,24,23
22878,2293,Long,1900-01-01 00:25:00,1900-01-01 14:50:00,14.416666666666666,24,23
22879,1178,Long,1900-01-01 12:00:00,1900-01-01 08:45:00,20.75,21,20
22880,1178,Long,1900-01-01 12:15:00,1900-01-01 09:35:00,21.333333333333332,21,20
22881,1705,Long,1900-01-01 11:15:00,1900-01-01 17:20:00,6.083333333333333,14,13
22882,1706,Long,1900-01-01 22:20:00,1900-01-01 05:00:00,6.666666666666667,14,13
22883,1493,Long,1900-01-01 15:00:00,1900-01-01 20:00:00,5.0,27,26
22884,1504,Long,1900-01-01 22:40:00,1900-01-01 05:40:00,7.0,28,27
22885,1701,Long,1900-01-01 13:20:00,1900-01-01 14:20:00,1.0,14,13
22886,1704,Long,1900-01-01 21:55:00,1900-01-01 23:45:00,1.8333333333333333,14,13
22887,1970,Long,1900-01-01 12:40:00,1900-01-01 21:35:00,8.916666666666666,19,18
22888,1973,Long,1900-01-01 09:55:00,1900-01-01 18:30:00,8.583333333333334,20,19
22889,550,Long,1900-01-01 17:15:00,1900-01-01 03:10:00,9.916666666666666,13,12
22890,550,Long,1900-01-01 23:45:00,1900-01-01 09:25:00,9.666666666666666,13,12
22891,469,Medium,1900-01-01 12:50:00,1900-01-01 21:10:00,8.333333333333334,14,13
22892,466,Medium,1900-01-01 06:55:00,1900-01-01 15:15:00,8.333333333333334,15,14
22893,1795,Long,1900-01-01 13:55:00,1900-01-01 19:30:00,5.583333333333333,16,15
22894,1801,Long,1900-01-01 14:35:00,1900-01-01 20:00:00,5.416666666666667,16,15
22897,185,Short,1900-01-01 14:15:00,1900-01-01 17:37:00,3.3666666666666667,9,8
22898,186,Short,1900-01-01 18:15:00,1900-01-01 21:37:00,3.3666666666666667,9,8
22901,944,Long,1900-01-01 23:25:00,1900-01-01 16:20:00,16.916666666666668,16,15
22902,945,Long,1900-01-01 21:00:00,1900-01-01 13:40:00,16.666666666666668,16,15
22903,838,Long,1900-01-01 23:45:00,1900-01-01 12:30:00,12.75,8,7
22904,838,Long,1900-01-01 16:00:00,1900-01-01 05:15:00,13.25,8,7
22905,176,Short,1900-01-01 07:05:00,1900-01-01 10:05:00,3.0,5,4
22906,176,Short,1900-01-01 16:20:00,1900-01-01 20:00:00,3.6666666666666665,5,4
22907,1352,Long,1900-01-01 10:40:00,1900-01-01 10:20:00,23.666666666666668,18,17
22908,1348,Long,1900-01-01 03:15:00,1900-01-01 04:30:00,1.25,18,17
22909,2073,Long,1900-01-01 20:15:00,1900-01-01 09:45:00,13.5,24,23
22910,2075,Long,1900-01-01 06:30:00,1900-01-01 19:50:00,13.333333333333334,24,23
22911,1744,Long,1900-01-01 23:30:00,1900-01-01 06:45:00,7.25,34,33
22912,1745,Long,1900-01-01 17:45:00,1900-01-01 01:35:00,7.833333333333333,34,33
22914,1846,Long,1900-01-01 23:10:00,1900-01-01 07:35:00,8.416666666666666,13,12
22915,1404,Long,1900-01-01 12:55:00,1900-01-01 13:25:00,0.5,30,29
22916,1405,Long,1900-01-01 15:45:00,1900-01-01 16:45:00,1.0,30,29
22917,1610,Long,1900-01-01 11:45:00,1900-01-01 15:50:00,4.083333333333333,26,25
22918,1613,Long,1900-01-01 18:45:00,1900-01-01 22:00:00,3.25,26,25
22919,1721,Long,1900-01-01 20:10:00,1900-01-01 03:15:00,7.083333333333333,12,11
22920,1719,Long,1900-01-01 15:30:00,1900-01-01 22:35:00,7.083333333333333,12,11
22925,69,Short,1900-01-01 15:15:00,1900-01-01 16:45:00,1.5,3,2
22926,69,Short,1900-01-01 10:20:00,1900-01-01 12:05:00,1.75,3,2
22927,480,Medium,1900-01-01 19:40:00,1900-01-01 04:20:00,8.666666666666666,22,21
22928,480,Medium,1900-01-01 21:10:00,1900-01-01 05:50:00,8.666666666666666,17,16
22929,234,Medium,1900-01-01 16:25:00,1900-01-01 20:35:00,4.166666666666667,14,13
22930,234,Medium,1900-01-01 07:00:00,1900-01-01 11:05:00,4.083333333333333,14,13
22931,1226,Long,1900-01-01 14:35:00,1900-01-01 12:50:00,22.25,27,26
22932,1227,Long,1900-01-01 19:20:00,1900-01-01 17:35:00,22.25,27,26
22933,1146,Long,1900-01-01 15:50:00,1900-01-01 10:45:00,18.916666666666668,15,14
22934,1147,Long,1900-01-01 12:45:00,1900-01-01 07:35:00,18.833333333333332,15,14
22935,787,Long,1900-01-01 15:25:00,1900-01-01 05:30:00,14.083333333333334,12,11
22936,787,Long,1900-01-01 20:05:00,1900-01-01 10:20:00,14.25,12,11
22937,1600,Long,1900-01-01 13:30:00,1900-01-01 16:45:00,3.25,23,22
22938,1600,Long,1900-01-01 18:30:00,1900-01-01 22:50:00,4.333333333333333,23,22
22939,1689,Long,1900-01-01 22:25:00,1900-01-01 04:50:00,6.416666666666667,23,22
22940,1697,Long,1900-01-01 08:10:00,1900-01-01 14:50:00,6.666666666666667,23,22
22941,1393,Long,1900-01-01 23:55:00,1900-01-01 01:25:00,1.5,16,15
22942,1396,Long,1900-01-01 05:00:00,1900-01-01 05:15:00,0.25,16,15
22943,963,Long,1900-01-01 15:35:00,1900-01-01 08:30:00,16.916666666666668,17,16
22944,963,Long,1900-01-01 14:35:00,1900-01-01 08:05:00,17.5,17,16
22945,986,Long,1900-01-01 21:35:00,1900-01-01 15:35:00,18.0,30,29
22946,986,Long,1900-01-01 13:10:00,1900-01-01 07:10:00,18.0,31,30
22949,1342,Long,1900-01-01 12:55:00,1900-01-01 13:20:00,0.4166666666666667,27,26
22951,853,Long,1900-01-01 23:55:00,1900-01-01 15:30:00,15.583333333333334,15,14
22952,853,Long,1900-01-01 06:50:00,1900-01-01 22:25:00,15.583333333333334,15,14
22953,490,Medium,1900-01-01 05:45:00,1900-01-01 14:40:00,8.916666666666666,27,26
22954,490,Medium,1900-01-01 07:00:00,1900-01-01 15:55:00,8.916666666666666,27,26
22955,838,Long,1900-01-01 17:45:00,1900-01-01 08:50:00,15.083333333333334,22,21
22956,838,Long,1900-01-01 20:15:00,1900-01-01 11:25:00,15.166666666666666,22,21
22957,430,Medium,1900-01-01 22:10:00,1900-01-01 06:00:00,7.833333333333333,16,15
22959,556,Long,1900-01-01 13:30:00,1900-01-01 23:40:00,10.166666666666666,21,20
22960,556,Long,1900-01-01 04:45:00,1900-01-01 14:50:00,10.083333333333334,21,20
22961,547,Long,1900-01-01 13:30:00,1900-01-01 23:15:00,9.75,18,17
22962,547,Long,1900-01-01 04:55:00,1900-01-01 14:50:00,9.916666666666666,18,17
22963,780,Long,1900-01-01 15:25:00,1900-01-01 05:20:00,13.916666666666666,18,17
22964,780,Long,1900-01-01 17:30:00,1900-01-01 07:35:00,14.083333333333334,18,17
22965,929,Long,1900-01-01 23:55:00,1900-01-01 16:50:00,16.916666666666668,10,9
22966,931,Long,1900-01-01 19:40:00,1900-01-01 12:45:00,17.083333333333332,10,9
22967,1488,Long,1900-01-01 14:00:00,1900-01-01 16:40:00,2.6666666666666665,20,19
22968,1487,Long,1900-01-01 21:00:00,1900-01-01 00:05:00,3.0833333333333335,20,19
22969,2023,Long,1900-01-01 13:45:00,1900-01-01 02:50:00,13.083333333333334,23,22
22970,2024,Long,1900-01-01 21:55:00,1900-01-01 08:50:00,10.916666666666666,23,22
22971,1847,Long,1900-01-01 16:35:00,1900-01-01 02:05:00,9.5,14,13
22972,1846,Long,1900-01-01 23:10:00,1900-01-01 07:33:00,8.383333333333333,14,13
22973,2436,Long,1900-01-01 23:00:00,1900-01-01 19:00:00,20.0,38,37
22974,2443,Long,1900-01-01 10:30:00,1900-01-01 06:40:00,20.166666666666668,38,37
22981,918,Long,1900-01-01 17:20:00,1900-01-01 10:00:00,16.666666666666668,28,27
22982,919,Long,1900-01-01 17:40:00,1900-01-01 09:50:00,16.166666666666668,28,27
22983,432,Medium,1900-01-01 06:30:00,1900-01-01 14:15:00,7.75,14,13
22989,881,Long,1900-01-01 11:45:00,1900-01-01 03:20:00,15.583333333333334,16,15
22990,881,Long,1900-01-01 13:00:00,1900-01-01 04:45:00,15.75,16,15
22991,910,Long,1900-01-01 12:45:00,1900-01-01 04:35:00,15.833333333333334,12,11
22992,910,Long,1900-01-01 12:45:00,1900-01-01 05:15:00,16.5,12,11
22993,881,Long,1900-01-01 15:25:00,1900-01-01 07:10:00,15.75,15,14
22994,881,Long,1900-01-01 19:55:00,1900-01-01 11:55:00,16.0,15,14
22995,185,Short,1900-01-01 06:20:00,1900-01-01 09:50:00,3.5,4,3
22996,185,Short,1900-01-01 20:30:00,1900-01-01 23:40:00,3.1666666666666665,4,3
23141,30,Short,1900-01-01 04:15:00,1900-01-01 05:05:00,0.8333333333333334,3,2
23142,30,Short,1900-01-01 13:35:00,1900-01-01 14:20:00,0.75,3,2
23225,109,Short,1900-01-01 12:40:00,1900-01-01 15:50:00,3.1666666666666665,11,10
23226,109,Short,1900-01-01 10:35:00,1900-01-01 14:15:00,3.6666666666666665,11,10
23345,81,Short,1900-01-01 19:35:00,1900-01-01 22:00:00,2.4166666666666665,6,5
23346,81,Short,1900-01-01 05:00:00,1900-01-01 06:55:00,1.9166666666666667,6,5
23347,204,Medium,1900-01-01 17:00:00,1900-01-01 23:00:00,6.0,11,10
23348,204,Medium,1900-01-01 03:20:00,1900-01-01 09:00:00,5.666666666666667,11,10
24041,24,Short,1900-01-01 05:35:00,1900-01-01 06:25:00,0.8333333333333334,3,2
24042,24,Short,1900-01-01 22:05:00,1900-01-01 23:00:00,0.9166666666666666,3,2
24227,349,Medium,1900-01-01 04:45:00,1900-01-01 11:35:00,6.833333333333333,15,14
24228,349,Medium,1900-01-01 16:00:00,1900-01-01 23:30:00,7.5,15,14
24369,740,Long,1900-01-01 15:55:00,1900-01-01 12:35:00,20.666666666666668,38,37
24370,740,Long,1900-01-01 12:10:00,1900-01-01 08:10:00,20.0,38,37
24887,157,Short,1900-01-01 19:10:00,1900-01-01 22:40:00,3.5,6,5
24888,157,Short,1900-01-01 04:45:00,1900-01-01 09:05:00,4.333333333333333,6,5
25013,76,Short,1900-01-01 02:20:00,1900-01-01 04:50:00,2.5,3,2
25014,76,Short,1900-01-01 22:00:00,1900-01-01 00:05:00,2.0833333333333335,3,2
25035,76,Short,1900-01-01 19:15:00,1900-01-01 20:45:00,1.5,3,2
25036,76,Short,1900-01-01 09:50:00,1900-01-01 11:45:00,1.9166666666666667,3,2
25201,58,Short,1900-01-01 22:20:00,1900-01-01 23:55:00,1.5833333333333333,6,5
25202,58,Short,1900-01-01 04:35:00,1900-01-01 05:50:00,1.25,6,5
25631,173,Short,1900-01-01 00:05:00,1900-01-01 03:15:00,3.1666666666666665,4,3
25632,172,Short,1900-01-01 03:20:00,1900-01-01 07:10:00,3.8333333333333335,4,3
25657,1358,Long,1900-01-01 06:35:00,1900-01-01 16:15:00,9.666666666666666,37,36
25658,1357,Long,1900-01-01 10:30:00,1900-01-01 19:25:00,8.916666666666666,37,36
28181,179,Short,1900-01-01 09:20:00,1900-01-01 14:15:00,4.916666666666667,14,13
28182,179,Short,1900-01-01 15:00:00,1900-01-01 19:30:00,4.5,14,13
29019,276,Medium,1900-01-01 14:05:00,1900-01-01 18:45:00,4.666666666666667,8,7
29020,276,Medium,1900-01-01 08:45:00,1900-01-01 13:40:00,4.916666666666667,8,7
30111,45,Short,1900-01-01 18:14:00,1900-01-01 20:18:00,2.066666666666667,23,22
30112,33,Short,1900-01-01 17:20:00,1900-01-01 19:07:00,1.7833333333333334,19,18
30116,25,Short,1900-01-01 09:34:00,1900-01-01 10:25:00,0.85,14,13
30121,51,Short,1900-01-01 11:00:00,1900-01-01 12:56:00,1.9333333333333333,26,25
30122,60,Short,1900-01-01 15:15:00,1900-01-01 17:28:00,2.216666666666667,29,28
30123,49,Short,1900-01-01 19:43:00,1900-01-01 21:22:00,1.65,25,24
30128,66,Short,1900-01-01 08:14:00,1900-01-01 10:41:00,2.45,32,31
30135,84,Short,1900-01-01 18:14:00,1900-01-01 20:55:00,2.683333333333333,34,33
30142,128,Short,1900-01-01 05:37:00,1900-01-01 08:50:00,3.216666666666667,42,41
30145,102,Short,1900-01-01 08:25:00,1900-01-01 11:02:00,2.6166666666666667,34,33
30152,53,Short,1900-01-01 16:18:00,1900-01-01 17:59:00,1.6833333333333333,21,20
30154,53,Short,1900-01-01 17:52:00,1900-01-01 19:27:00,1.5833333333333333,21,20
30211,9,Short,1900-01-01 10:33:00,1900-01-01 11:02:00,0.48333333333333334,8,7
30311,28,Short,1900-01-01 13:10:00,1900-01-01 14:25:00,1.25,18,17
30312,33,Short,1900-01-01 15:50:00,1900-01-01 17:22:00,1.5333333333333334,21,20
30313,33,Short,1900-01-01 20:10:00,1900-01-01 21:38:00,1.4666666666666666,21,20
30314,41,Short,1900-01-01 18:08:00,1900-01-01 19:40:00,1.5333333333333334,23,22
30317,41,Short,1900-01-01 16:33:00,1900-01-01 18:22:00,1.8166666666666667,23,22
30321,85,Short,1900-01-01 09:23:00,1900-01-01 12:30:00,3.1166666666666667,35,34
30322,77,Short,1900-01-01 05:47:00,1900-01-01 08:10:00,2.3833333333333333,34,33
30324,80,Short,1900-01-01 08:35:00,1900-01-01 11:39:00,3.066666666666667,36,35
30331,55,Short,1900-01-01 17:30:00,1900-01-01 19:34:00,2.066666666666667,27,26
30332,55,Short,1900-01-01 14:15:00,1900-01-01 16:29:00,2.2333333333333334,27,26
30333,55,Short,1900-01-01 11:48:00,1900-01-01 13:50:00,2.033333333333333,27,26
30342,87,Short,1900-01-01 06:35:00,1900-01-01 09:12:00,2.6166666666666667,28,27
30344,87,Short,1900-01-01 07:30:00,1900-01-01 10:08:00,2.6333333333333333,34,33
30346,87,Short,1900-01-01 09:50:00,1900-01-01 12:35:00,2.75,34,33
30351,37,Short,1900-01-01 10:12:00,1900-01-01 11:32:00,1.3333333333333333,17,16
30353,45,Short,1900-01-01 16:30:00,1900-01-01 17:58:00,1.4666666666666666,19,18
30357,33,Short,1900-01-01 08:56:00,1900-01-01 10:25:00,1.4833333333333334,15,14
30358,33,Short,1900-01-01 10:35:00,1900-01-01 11:47:00,1.2,15,14
30361,90,Short,1900-01-01 12:38:00,1900-01-01 15:18:00,2.6666666666666665,31,30
30411,24,Short,1900-01-01 10:40:00,1900-01-01 12:00:00,1.3333333333333333,11,10
30412,24,Short,1900-01-01 09:02:00,1900-01-01 10:05:00,1.05,11,10
30413,24,Short,1900-01-01 11:05:00,1900-01-01 12:30:00,1.4166666666666667,11,10
30414,24,Short,1900-01-01 09:35:00,1900-01-01 10:36:00,1.0166666666666666,11,10
30416,24,Short,1900-01-01 17:10:00,1900-01-01 18:11:00,1.0166666666666666,11,10
30451,24,Short,1900-01-01 18:19:00,1900-01-01 19:25:00,1.1,11,10
30452,31,Short,1900-01-01 15:25:00,1900-01-01 16:55:00,1.5,16,15
30511,30,Short,1900-01-01 08:08:00,1900-01-01 09:14:00,1.1,14,13
30552,37,Short,1900-01-01 19:08:00,1900-01-01 20:44:00,1.6,17,16
30612,46,Short,1900-01-01 17:10:00,1900-01-01 19:33:00,2.3833333333333333,24,23
30711,67,Short,1900-01-01 14:34:00,1900-01-01 16:31:00,1.95,26,25
30712,67,Short,1900-01-01 09:40:00,1900-01-01 11:46:00,2.1,26,25
31051,67,Short,1900-01-01 07:12:00,1900-01-01 09:17:00,2.0833333333333335,26,25
31053,67,Short,1900-01-01 14:05:00,1900-01-01 16:06:00,2.0166666666666666,26,25
31055,67,Short,1900-01-01 17:52:00,1900-01-01 20:00:00,2.1333333333333333,26,25
31111,154,Short,1900-01-01 08:06:00,1900-01-01 11:40:00,3.566666666666667,39,38
31112,154,Short,1900-01-01 15:50:00,1900-01-01 19:30:00,3.6666666666666665,37,36
31151,116,Short,1900-01-01 10:15:00,1900-01-01 13:03:00,2.8,35,34
31152,116,Short,1900-01-01 14:40:00,1900-01-01 17:40:00,3.0,35,34
31191,15,Short,1900-01-01 04:10:00,1900-01-01 04:40:00,0.5,7,6
31192,15,Short,1900-01-01 23:46:00,1900-01-01 00:10:00,0.4,7,6
31211,25,Short,1900-01-01 05:50:00,1900-01-01 06:30:00,0.6666666666666666,9,8
31212,25,Short,1900-01-01 06:40:00,1900-01-01 07:23:00,0.7166666666666667,9,8
31213,25,Short,1900-01-01 06:48:00,1900-01-01 07:25:00,0.6166666666666667,4,3
31214,25,Short,1900-01-01 07:40:00,1900-01-01 08:20:00,0.6666666666666666,5,4
31215,25,Short,1900-01-01 07:33:00,1900-01-01 08:10:00,0.6166666666666667,5,4
31216,25,Short,1900-01-01 08:22:00,1900-01-01 09:05:00,0.7166666666666667,9,8
31217,25,Short,1900-01-01 07:46:00,1900-01-01 08:27:00,0.6833333333333333,9,8
31218,25,Short,1900-01-01 08:35:00,1900-01-01 09:17:00,0.7,7,6
31219,25,Short,1900-01-01 08:00:00,1900-01-01 08:38:00,0.6333333333333333,9,8
31220,25,Short,1900-01-01 08:48:00,1900-01-01 09:33:00,0.75,9,8
31221,25,Short,1900-01-01 08:38:00,1900-01-01 09:18:00,0.6666666666666666,9,8
31222,25,Short,1900-01-01 09:02:00,1900-01-01 09:45:00,0.7166666666666667,9,8
31223,25,Short,1900-01-01 09:10:00,1900-01-01 09:48:00,0.6333333333333333,9,8
31224,25,Short,1900-01-01 09:57:00,1900-01-01 10:38:00,0.6833333333333333,9,8
31225,25,Short,1900-01-01 09:34:00,1900-01-01 10:14:00,0.6666666666666666,9,8
31226,25,Short,1900-01-01 10:25:00,1900-01-01 11:05:00,0.6666666666666666,9,8
31227,25,Short,1900-01-01 09:40:00,1900-01-01 10:20:00,0.6666666666666666,9,8
31228,25,Short,1900-01-01 10:32:00,1900-01-01 11:14:00,0.7,9,8
31229,25,Short,1900-01-01 10:05:00,1900-01-01 10:45:00,0.6666666666666666,9,8
31230,25,Short,1900-01-01 11:00:00,1900-01-01 11:42:00,0.7,9,8
31231,25,Short,1900-01-01 13:42:00,1900-01-01 14:22:00,0.6666666666666666,9,8
31232,25,Short,1900-01-01 14:42:00,1900-01-01 15:20:00,0.6333333333333333,9,8
31233,25,Short,1900-01-01 14:50:00,1900-01-01 15:30:00,0.6666666666666666,9,8
31234,25,Short,1900-01-01 15:45:00,1900-01-01 16:25:00,0.6666666666666666,9,8
31235,25,Short,1900-01-01 16:08:00,1900-01-01 16:48:00,0.6666666666666666,9,8
31236,25,Short,1900-01-01 18:30:00,1900-01-01 19:10:00,0.6666666666666666,9,8
31237,25,Short,1900-01-01 18:28:00,1900-01-01 19:10:00,0.7,9,8
31238,25,Short,1900-01-01 19:25:00,1900-01-01 20:05:00,0.6666666666666666,9,8
31239,25,Short,1900-01-01 18:28:00,1900-01-01 19:10:00,0.7,9,8
31240,25,Short,1900-01-01 20:27:00,1900-01-01 21:07:00,0.6666666666666666,9,8
31241,25,Short,1900-01-01 08:13:00,1900-01-01 08:52:00,0.65,9,8
31261,20,Short,1900-01-01 17:42:00,1900-01-01 18:18:00,0.6,9,8
31311,55,Short,1900-01-01 04:12:00,1900-01-01 05:43:00,1.5166666666666666,21,20
31312,55,Short,1900-01-01 05:02:00,1900-01-01 06:30:00,1.4666666666666666,21,20
31313,55,Short,1900-01-01 05:30:00,1900-01-01 07:00:00,1.5,21,20
31314,55,Short,1900-01-01 06:02:00,1900-01-01 07:30:00,1.4666666666666666,21,20
31315,55,Short,1900-01-01 06:30:00,1900-01-01 07:58:00,1.4666666666666666,21,20
31316,55,Short,1900-01-01 07:10:00,1900-01-01 08:40:00,1.5,21,20
31317,55,Short,1900-01-01 07:18:00,1900-01-01 08:48:00,1.5,21,20
31318,55,Short,1900-01-01 09:15:00,1900-01-01 10:45:00,1.5,21,20
31319,55,Short,1900-01-01 08:30:00,1900-01-01 10:00:00,1.5,21,20
31320,55,Short,1900-01-01 10:12:00,1900-01-01 11:35:00,1.3833333333333333,12,11
31321,55,Short,1900-01-01 09:20:00,1900-01-01 10:52:00,1.5333333333333334,21,20
31322,55,Short,1900-01-01 13:18:00,1900-01-01 15:06:00,1.8,21,20
31323,55,Short,1900-01-01 11:22:00,1900-01-01 12:52:00,1.5,21,20
31324,55,Short,1900-01-01 14:16:00,1900-01-01 15:45:00,1.4833333333333334,21,20
31325,55,Short,1900-01-01 12:30:00,1900-01-01 14:03:00,1.55,21,20
31326,55,Short,1900-01-01 15:20:00,1900-01-01 16:50:00,1.5,21,20
31327,55,Short,1900-01-01 13:35:00,1900-01-01 15:07:00,1.5333333333333334,21,20
31328,55,Short,1900-01-01 16:32:00,1900-01-01 18:00:00,1.4666666666666666,21,20
31329,55,Short,1900-01-01 14:40:00,1900-01-01 16:10:00,1.5,21,20
31330,55,Short,1900-01-01 17:32:00,1900-01-01 19:02:00,1.5,21,20
31331,55,Short,1900-01-01 15:35:00,1900-01-01 17:06:00,1.5166666666666666,21,20
31332,55,Short,1900-01-01 19:07:00,1900-01-01 20:35:00,1.4666666666666666,21,20
31333,55,Short,1900-01-01 16:50:00,1900-01-01 18:20:00,1.5,21,20
31334,55,Short,1900-01-01 20:02:00,1900-01-01 21:32:00,1.5,21,20
31335,55,Short,1900-01-01 18:12:00,1900-01-01 19:46:00,1.5666666666666667,21,20
31336,55,Short,1900-01-01 21:14:00,1900-01-01 22:45:00,1.5166666666666666,21,20
31337,55,Short,1900-01-01 19:10:00,1900-01-01 20:34:00,1.4,13,12
31338,55,Short,1900-01-01 22:12:00,1900-01-01 23:42:00,1.5,21,20
31339,55,Short,1900-01-01 20:10:00,1900-01-01 21:43:00,1.55,21,20
31411,40,Short,1900-01-01 04:40:00,1900-01-01 05:40:00,1.0,9,8
31412,40,Short,1900-01-01 04:05:00,1900-01-01 05:10:00,1.0833333333333333,15,14
31413,40,Short,1900-01-01 06:38:00,1900-01-01 07:42:00,1.0666666666666667,15,14
31414,40,Short,1900-01-01 04:50:00,1900-01-01 05:55:00,1.0833333333333333,15,14
31415,40,Short,1900-01-01 07:52:00,1900-01-01 08:55:00,1.05,15,14
31416,40,Short,1900-01-01 07:52:00,1900-01-01 08:58:00,1.1,15,14
31417,40,Short,1900-01-01 09:28:00,1900-01-01 10:30:00,1.0333333333333334,15,14
31418,40,Short,1900-01-01 08:30:00,1900-01-01 09:38:00,1.1333333333333333,15,14
31420,40,Short,1900-01-01 09:10:00,1900-01-01 10:13:00,1.05,15,14
31421,40,Short,1900-01-01 10:45:00,1900-01-01 11:48:00,1.05,15,14
31422,40,Short,1900-01-01 09:27:00,1900-01-01 10:30:00,1.05,15,14
31423,40,Short,1900-01-01 11:15:00,1900-01-01 12:18:00,1.05,15,14
31424,40,Short,1900-01-01 10:45:00,1900-01-01 11:50:00,1.0833333333333333,15,14
31425,40,Short,1900-01-01 12:20:00,1900-01-01 13:25:00,1.0833333333333333,15,14
31426,40,Short,1900-01-01 12:00:00,1900-01-01 13:05:00,1.0833333333333333,15,14
31427,40,Short,1900-01-01 13:07:00,1900-01-01 14:12:00,1.0833333333333333,15,14
31428,40,Short,1900-01-01 12:28:00,1900-01-01 13:32:00,1.0666666666666667,15,14
31429,40,Short,1900-01-01 13:52:00,1900-01-01 14:57:00,1.0833333333333333,15,14
31430,40,Short,1900-01-01 13:20:00,1900-01-01 14:25:00,1.0833333333333333,15,14
31431,40,Short,1900-01-01 16:02:00,1900-01-01 17:07:00,1.0833333333333333,15,14
31432,40,Short,1900-01-01 13:40:00,1900-01-01 14:42:00,1.0333333333333334,15,14
31433,40,Short,1900-01-01 16:32:00,1900-01-01 17:38:00,1.1,15,14
31434,40,Short,1900-01-01 14:50:00,1900-01-01 15:55:00,1.0833333333333333,15,14
31435,40,Short,1900-01-01 17:22:00,1900-01-01 18:27:00,1.0833333333333333,15,14
31436,40,Short,1900-01-01 17:22:00,1900-01-01 18:25:00,1.05,15,14
31437,40,Short,1900-01-01 18:05:00,1900-01-01 19:10:00,1.0833333333333333,15,14
31438,40,Short,1900-01-01 19:20:00,1900-01-01 20:24:00,1.0666666666666667,15,14
31439,40,Short,1900-01-01 18:35:00,1900-01-01 19:39:00,1.0666666666666667,15,14
31440,40,Short,1900-01-01 19:47:00,1900-01-01 20:48:00,1.0166666666666666,15,14
31441,40,Short,1900-01-01 19:42:00,1900-01-01 20:45:00,1.05,15,14
31442,40,Short,1900-01-01 20:15:00,1900-01-01 21:20:00,1.0833333333333333,15,14
31443,40,Short,1900-01-01 20:52:00,1900-01-01 21:55:00,1.05,15,14
31444,40,Short,1900-01-01 21:08:00,1900-01-01 22:13:00,1.0833333333333333,15,14
31445,40,Short,1900-01-01 21:20:00,1900-01-01 22:25:00,1.0833333333333333,15,14
31446,40,Short,1900-01-01 21:32:00,1900-01-01 22:35:00,1.05,15,14
31447,40,Short,1900-01-01 22:22:00,1900-01-01 23:27:00,1.0833333333333333,15,14
31448,40,Short,1900-01-01 22:08:00,1900-01-01 23:12:00,1.0666666666666667,15,14
31449,40,Short,1900-01-01 23:15:00,1900-01-01 00:18:00,1.05,15,14
31450,40,Short,1900-01-01 23:15:00,1900-01-01 00:20:00,1.0833333333333333,15,14
31451,40,Short,1900-01-01 23:15:00,1900-01-01 00:18:00,1.05,15,14
31471,35,Short,1900-01-01 07:15:00,1900-01-01 08:12:00,0.95,15,14
31511,96,Short,1900-01-01 04:35:00,1900-01-01 06:55:00,2.3333333333333335,29,28
31512,96,Short,1900-01-01 03:22:00,1900-01-01 05:40:00,2.3,28,27
31513,96,Short,1900-01-01 06:00:00,1900-01-01 08:15:00,2.25,28,27
31514,96,Short,1900-01-01 04:46:00,1900-01-01 07:05:00,2.316666666666667,29,28
31515,96,Short,1900-01-01 07:25:00,1900-01-01 09:42:00,2.283333333333333,29,28
31516,96,Short,1900-01-01 05:52:00,1900-01-01 08:07:00,2.25,29,28
31517,96,Short,1900-01-01 08:50:00,1900-01-01 11:08:00,2.3,29,28
31518,96,Short,1900-01-01 07:28:00,1900-01-01 09:40:00,2.2,25,24
31519,96,Short,1900-01-01 10:32:00,1900-01-01 12:50:00,2.3,27,26
31520,96,Short,1900-01-01 08:37:00,1900-01-01 10:52:00,2.25,28,27
31521,96,Short,1900-01-01 11:35:00,1900-01-01 13:58:00,2.3833333333333333,29,28
31522,96,Short,1900-01-01 10:05:00,1900-01-01 12:22:00,2.283333333333333,29,28
31523,96,Short,1900-01-01 13:00:00,1900-01-01 15:20:00,2.3333333333333335,27,26
31524,96,Short,1900-01-01 11:30:00,1900-01-01 13:42:00,2.2,28,27
31525,96,Short,1900-01-01 14:20:00,1900-01-01 16:38:00,2.3,28,27
31526,96,Short,1900-01-01 13:12:00,1900-01-01 15:32:00,2.3333333333333335,29,28
31527,96,Short,1900-01-01 15:45:00,1900-01-01 18:05:00,2.3333333333333335,29,28
31528,96,Short,1900-01-01 14:27:00,1900-01-01 16:40:00,2.216666666666667,27,26
31529,96,Short,1900-01-01 16:57:00,1900-01-01 19:18:00,2.35,29,28
31530,96,Short,1900-01-01 15:40:00,1900-01-01 17:55:00,2.25,29,28
31531,96,Short,1900-01-01 17:52:00,1900-01-01 20:00:00,2.1333333333333333,23,22
31532,96,Short,1900-01-01 17:10:00,1900-01-01 19:25:00,2.25,29,28
31533,96,Short,1900-01-01 18:50:00,1900-01-01 21:10:00,2.3333333333333335,27,26
31534,96,Short,1900-01-01 18:28:00,1900-01-01 20:45:00,2.283333333333333,24,23
31535,96,Short,1900-01-01 19:50:00,1900-01-01 22:10:00,2.3333333333333335,27,26
31536,96,Short,1900-01-01 19:52:00,1900-01-01 22:05:00,2.216666666666667,26,25
31537,96,Short,1900-01-01 20:45:00,1900-01-01 23:03:00,2.3,28,27
31538,96,Short,1900-01-01 20:55:00,1900-01-01 23:15:00,2.3333333333333335,28,27
31539,96,Short,1900-01-01 21:50:00,1900-01-01 00:05:00,2.25,28,27
31540,96,Short,1900-01-01 21:30:00,1900-01-01 23:50:00,2.3333333333333335,27,26
31541,96,Short,1900-01-01 22:40:00,1900-01-01 00:55:00,2.25,28,27
31542,96,Short,1900-01-01 22:45:00,1900-01-01 00:58:00,2.216666666666667,27,26
31571,35,Short,1900-01-01 05:47:00,1900-01-01 06:52:00,1.0833333333333333,6,5
31584,15,Short,1900-01-01 07:02:00,1900-01-01 07:40:00,0.6333333333333333,2,1
31585,15,Short,1900-01-01 08:35:00,1900-01-01 09:13:00,0.6333333333333333,2,1
31586,15,Short,1900-01-01 09:25:00,1900-01-01 10:02:00,0.6166666666666667,2,1
31601,76,Short,1900-01-01 17:52:00,1900-01-01 19:40:00,1.8,24,23
31602,76,Short,1900-01-01 07:45:00,1900-01-01 09:26:00,1.6833333333333333,24,23
31611,76,Short,1900-01-01 05:05:00,1900-01-01 06:55:00,1.8333333333333333,23,22
31612,76,Short,1900-01-01 04:20:00,1900-01-01 06:05:00,1.75,24,23
31613,76,Short,1900-01-01 05:37:00,1900-01-01 07:25:00,1.8,24,23
31614,76,Short,1900-01-01 06:05:00,1900-01-01 07:50:00,1.75,24,23
31615,76,Short,1900-01-01 06:20:00,1900-01-01 08:10:00,1.8333333333333333,24,23
31616,76,Short,1900-01-01 07:20:00,1900-01-01 09:10:00,1.8333333333333333,24,23
31617,76,Short,1900-01-01 08:00:00,1900-01-01 09:48:00,1.8,24,23
31618,76,Short,1900-01-01 07:30:00,1900-01-01 09:10:00,1.6666666666666667,11,10
31619,76,Short,1900-01-01 09:50:00,1900-01-01 11:28:00,1.6333333333333333,12,11
31620,76,Short,1900-01-01 08:35:00,1900-01-01 10:18:00,1.7166666666666666,20,19
31621,76,Short,1900-01-01 11:45:00,1900-01-01 13:37:00,1.8666666666666667,24,23
31622,76,Short,1900-01-01 10:12:00,1900-01-01 11:58:00,1.7666666666666666,24,23
31623,76,Short,1900-01-01 15:00:00,1900-01-01 16:48:00,1.8,23,22
31624,76,Short,1900-01-01 12:50:00,1900-01-01 14:36:00,1.7666666666666666,24,23
31625,76,Short,1900-01-01 16:25:00,1900-01-01 18:12:00,1.7833333333333334,16,15
31626,76,Short,1900-01-01 15:30:00,1900-01-01 17:02:00,1.5333333333333334,10,9
31627,76,Short,1900-01-01 20:25:00,1900-01-01 22:15:00,1.8333333333333333,24,23
31628,76,Short,1900-01-01 17:25:00,1900-01-01 19:10:00,1.75,21,20
31629,76,Short,1900-01-01 21:40:00,1900-01-01 23:28:00,1.8,24,23
31630,76,Short,1900-01-01 18:42:00,1900-01-01 20:30:00,1.8,23,22
31631,76,Short,1900-01-01 22:50:00,1900-01-01 00:38:00,1.8,24,23
31632,76,Short,1900-01-01 19:25:00,1900-01-01 21:15:00,1.8333333333333333,24,23
31633,76,Short,1900-01-01 23:40:00,1900-01-01 01:28:00,1.8,24,23
31634,76,Short,1900-01-01 20:08:00,1900-01-01 21:55:00,1.7833333333333334,24,23
31636,76,Short,1900-01-01 21:37:00,1900-01-01 23:25:00,1.8,23,22
31711,35,Short,1900-01-01 05:00:00,1900-01-01 05:42:00,0.7,10,9
31712,35,Short,1900-01-01 04:05:00,1900-01-01 04:47:00,0.7,9,8
31713,35,Short,1900-01-01 12:32:00,1900-01-01 13:12:00,0.6666666666666666,6,5
31714,35,Short,1900-01-01 11:40:00,1900-01-01 12:20:00,0.6666666666666666,6,5
31721,26,Short,1900-01-01 04:42:00,1900-01-01 05:11:00,0.48333333333333334,6,5
31722,26,Short,1900-01-01 07:58:00,1900-01-01 08:32:00,0.5666666666666667,6,5
31723,26,Short,1900-01-01 06:05:00,1900-01-01 06:38:00,0.55,6,5
31724,26,Short,1900-01-01 20:44:00,1900-01-01 21:15:00,0.5166666666666667,5,4
31725,26,Short,1900-01-01 22:20:00,1900-01-01 22:50:00,0.5,7,6
31726,26,Short,1900-01-01 23:25:00,1900-01-01 23:58:00,0.55,7,6
31741,43,Short,1900-01-01 04:42:00,1900-01-01 05:32:00,0.8333333333333334,13,12
31742,43,Short,1900-01-01 06:22:00,1900-01-01 07:12:00,0.8333333333333334,13,12
31743,43,Short,1900-01-01 05:27:00,1900-01-01 06:14:00,0.7833333333333333,10,9
31744,43,Short,1900-01-01 07:38:00,1900-01-01 08:28:00,0.8333333333333334,13,12
31745,43,Short,1900-01-01 07:30:00,1900-01-01 08:20:00,0.8333333333333334,13,12
31746,43,Short,1900-01-01 09:52:00,1900-01-01 10:45:00,0.8833333333333333,13,12
31747,43,Short,1900-01-01 08:50:00,1900-01-01 09:40:00,0.8333333333333334,13,12
31748,43,Short,1900-01-01 11:55:00,1900-01-01 12:48:00,0.8833333333333333,13,12
31749,43,Short,1900-01-01 10:53:00,1900-01-01 11:47:00,0.9,13,12
31750,43,Short,1900-01-01 16:30:00,1900-01-01 17:20:00,0.8333333333333334,13,12
31751,43,Short,1900-01-01 13:40:00,1900-01-01 14:30:00,0.8333333333333334,13,12
31752,43,Short,1900-01-01 17:30:00,1900-01-01 18:20:00,0.8333333333333334,13,12
31753,43,Short,1900-01-01 15:20:00,1900-01-01 16:10:00,0.8333333333333334,13,12
31754,43,Short,1900-01-01 18:30:00,1900-01-01 19:20:00,0.8333333333333334,13,12
31755,43,Short,1900-01-01 17:50:00,1900-01-01 18:40:00,0.8333333333333334,13,12
31756,43,Short,1900-01-01 20:50:00,1900-01-01 21:40:00,0.8333333333333334,13,12
31757,43,Short,1900-01-01 19:45:00,1900-01-01 20:35:00,0.8333333333333334,13,12
31758,43,Short,1900-01-01 21:58:00,1900-01-01 22:47:00,0.8166666666666667,13,12
31765,154,Short,1900-01-01 05:00:00,1900-01-01 08:15:00,3.25,25,24
31766,153,Short,1900-01-01 08:25:00,1900-01-01 11:45:00,3.3333333333333335,25,24
31767,154,Short,1900-01-01 07:35:00,1900-01-01 10:50:00,3.25,29,28
31768,153,Short,1900-01-01 03:25:00,1900-01-01 06:55:00,3.5,27,26
31770,153,Short,1900-01-01 11:55:00,1900-01-01 15:35:00,3.6666666666666665,29,28
31771,154,Short,1900-01-01 17:05:00,1900-01-01 20:20:00,3.25,28,27
31772,153,Short,1900-01-01 19:30:00,1900-01-01 23:03:00,3.55,29,28
31781,20,Short,1900-01-01 08:15:00,1900-01-01 08:42:00,0.45,6,5
31782,19,Short,1900-01-01 08:58:00,1900-01-01 09:25:00,0.45,6,5
31783,20,Short,1900-01-01 13:05:00,1900-01-01 13:32:00,0.45,5,4
31784,19,Short,1900-01-01 10:46:00,1900-01-01 11:15:00,0.48333333333333334,5,4
31786,19,Short,1900-01-01 14:07:00,1900-01-01 14:35:00,0.4666666666666667,5,4
31801,102,Short,1900-01-01 17:05:00,1900-01-01 19:29:00,2.4,29,28
31802,102,Short,1900-01-01 08:42:00,1900-01-01 11:00:00,2.3,29,28
31811,102,Short,1900-01-01 03:20:00,1900-01-01 05:48:00,2.466666666666667,29,28
31812,102,Short,1900-01-01 04:20:00,1900-01-01 06:45:00,2.4166666666666665,29,28
31813,102,Short,1900-01-01 05:20:00,1900-01-01 07:42:00,2.3666666666666667,30,29
31814,102,Short,1900-01-01 05:00:00,1900-01-01 07:12:00,2.2,22,21
31815,102,Short,1900-01-01 06:10:00,1900-01-01 08:34:00,2.4,29,28
31816,102,Short,1900-01-01 06:07:00,1900-01-01 08:27:00,2.3333333333333335,29,28
31817,102,Short,1900-01-01 06:55:00,1900-01-01 09:22:00,2.45,30,29
31818,102,Short,1900-01-01 07:04:00,1900-01-01 09:22:00,2.3,25,24
31819,102,Short,1900-01-01 09:35:00,1900-01-01 11:50:00,2.25,21,20
31820,102,Short,1900-01-01 09:04:00,1900-01-01 11:24:00,2.3333333333333335,29,28
31821,102,Short,1900-01-01 10:52:00,1900-01-01 13:15:00,2.3833333333333333,29,28
31822,102,Short,1900-01-01 09:50:00,1900-01-01 12:10:00,2.3333333333333335,29,28
31823,102,Short,1900-01-01 12:05:00,1900-01-01 14:26:00,2.35,28,27
31824,102,Short,1900-01-01 12:07:00,1900-01-01 14:25:00,2.3,28,27
31825,102,Short,1900-01-01 13:15:00,1900-01-01 15:35:00,2.3333333333333335,30,29
31826,102,Short,1900-01-01 13:50:00,1900-01-01 16:00:00,2.1666666666666665,20,19
31827,102,Short,1900-01-01 15:25:00,1900-01-01 17:50:00,2.4166666666666665,30,29
31828,102,Short,1900-01-01 15:20:00,1900-01-01 17:37:00,2.283333333333333,29,28
31829,102,Short,1900-01-01 16:15:00,1900-01-01 18:35:00,2.3333333333333335,23,22
31830,102,Short,1900-01-01 16:27:00,1900-01-01 18:45:00,2.3,26,25
31831,102,Short,1900-01-01 17:36:00,1900-01-01 19:49:00,2.216666666666667,16,15
31832,102,Short,1900-01-01 18:32:00,1900-01-01 20:58:00,2.433333333333333,28,27
31833,102,Short,1900-01-01 18:42:00,1900-01-01 20:59:00,2.283333333333333,22,21
31834,102,Short,1900-01-01 19:24:00,1900-01-01 21:43:00,2.316666666666667,26,25
31835,102,Short,1900-01-01 19:35:00,1900-01-01 21:57:00,2.3666666666666667,29,28
31836,102,Short,1900-01-01 20:00:00,1900-01-01 22:25:00,2.4166666666666665,29,28
31837,102,Short,1900-01-01 21:00:00,1900-01-01 23:22:00,2.3666666666666667,28,27
31838,102,Short,1900-01-01 22:17:00,1900-01-01 00:40:00,2.3833333333333333,30,29
31839,102,Short,1900-01-01 07:46:00,1900-01-01 09:58:00,2.2,19,18
31840,102,Short,1900-01-01 20:25:00,1900-01-01 22:55:00,2.5,16,15
31841,102,Short,1900-01-01 10:28:00,1900-01-01 12:35:00,2.1166666666666667,9,8
31842,102,Short,1900-01-01 21:10:00,1900-01-01 23:25:00,2.25,9,8
31843,102,Short,1900-01-01 19:30:00,1900-01-01 21:40:00,2.1666666666666665,10,9
31844,102,Short,1900-01-01 14:17:00,1900-01-01 16:15:00,1.9666666666666666,10,9
31861,128,Short,1900-01-01 10:28:00,1900-01-01 13:10:00,2.7,23,22
31862,127,Short,1900-01-01 16:55:00,1900-01-01 19:55:00,3.0,24,23
31863,128,Short,1900-01-01 13:05:00,1900-01-01 15:45:00,2.6666666666666665,21,20
31864,127,Short,1900-01-01 17:55:00,1900-01-01 20:40:00,2.75,20,19
31865,128,Short,1900-01-01 22:10:00,1900-01-01 00:40:00,2.5,20,19
31866,127,Short,1900-01-01 11:05:00,1900-01-01 13:47:00,2.7,21,20
31911,119,Short,1900-01-01 04:20:00,1900-01-01 07:02:00,2.7,36,35
31912,119,Short,1900-01-01 03:50:00,1900-01-01 06:25:00,2.5833333333333335,36,35
31913,119,Short,1900-01-01 07:40:00,1900-01-01 10:28:00,2.8,36,35
31914,119,Short,1900-01-01 05:05:00,1900-01-01 07:37:00,2.533333333333333,36,35
31915,119,Short,1900-01-01 09:58:00,1900-01-01 12:39:00,2.683333333333333,36,35
31916,119,Short,1900-01-01 07:12:00,1900-01-01 09:52:00,2.6666666666666665,30,29
31917,119,Short,1900-01-01 12:45:00,1900-01-01 15:40:00,2.9166666666666665,36,35
31918,119,Short,1900-01-01 08:52:00,1900-01-01 11:30:00,2.6333333333333333,36,35
31919,119,Short,1900-01-01 14:05:00,1900-01-01 16:46:00,2.683333333333333,36,35
31920,119,Short,1900-01-01 10:40:00,1900-01-01 13:14:00,2.566666666666667,35,34
31921,119,Short,1900-01-01 17:15:00,1900-01-01 19:58:00,2.716666666666667,36,35
31922,119,Short,1900-01-01 14:05:00,1900-01-01 17:00:00,2.9166666666666665,36,35
31923,119,Short,1900-01-01 18:20:00,1900-01-01 21:04:00,2.7333333333333334,36,35
31924,119,Short,1900-01-01 15:35:00,1900-01-01 18:12:00,2.6166666666666667,35,34
31925,119,Short,1900-01-01 19:17:00,1900-01-01 21:54:00,2.6166666666666667,35,34
31926,119,Short,1900-01-01 19:54:00,1900-01-01 22:35:00,2.683333333333333,36,35
31927,119,Short,1900-01-01 20:32:00,1900-01-01 23:15:00,2.716666666666667,36,35
31928,119,Short,1900-01-01 21:25:00,1900-01-01 00:02:00,2.6166666666666667,31,30
31929,119,Short,1900-01-01 21:30:00,1900-01-01 00:11:00,2.683333333333333,36,35
32211,28,Short,1900-01-01 04:07:00,1900-01-01 04:50:00,0.7166666666666667,9,8
32212,28,Short,1900-01-01 05:00:00,1900-01-01 05:45:00,0.75,9,8
32213,28,Short,1900-01-01 04:57:00,1900-01-01 05:44:00,0.7833333333333333,9,8
32214,28,Short,1900-01-01 05:52:00,1900-01-01 06:35:00,0.7166666666666667,9,8
32215,28,Short,1900-01-01 05:42:00,1900-01-01 06:25:00,0.7166666666666667,9,8
32216,28,Short,1900-01-01 06:35:00,1900-01-01 07:18:00,0.7166666666666667,9,8
32217,28,Short,1900-01-01 06:05:00,1900-01-01 06:52:00,0.7833333333333333,9,8
32218,28,Short,1900-01-01 07:02:00,1900-01-01 07:46:00,0.7333333333333333,9,8
32219,28,Short,1900-01-01 06:42:00,1900-01-01 07:25:00,0.7166666666666667,9,8
32220,28,Short,1900-01-01 07:40:00,1900-01-01 08:27:00,0.7833333333333333,9,8
32221,28,Short,1900-01-01 07:52:00,1900-01-01 08:35:00,0.7166666666666667,9,8
32222,28,Short,1900-01-01 08:44:00,1900-01-01 09:28:00,0.7333333333333333,9,8
32223,28,Short,1900-01-01 08:23:00,1900-01-01 09:07:00,0.7333333333333333,9,8
32224,28,Short,1900-01-01 09:15:00,1900-01-01 10:00:00,0.75,9,8
32225,28,Short,1900-01-01 08:48:00,1900-01-01 09:31:00,0.7166666666666667,9,8
32226,28,Short,1900-01-01 09:50:00,1900-01-01 10:35:00,0.75,9,8
32227,28,Short,1900-01-01 09:50:00,1900-01-01 10:32:00,0.7,9,8
32228,28,Short,1900-01-01 10:58:00,1900-01-01 11:45:00,0.7833333333333333,9,8
32229,28,Short,1900-01-01 10:15:00,1900-01-01 11:02:00,0.7833333333333333,9,8
32230,28,Short,1900-01-01 11:25:00,1900-01-01 12:10:00,0.75,9,8
32231,28,Short,1900-01-01 10:50:00,1900-01-01 11:35:00,0.75,9,8
32232,28,Short,1900-01-01 12:08:00,1900-01-01 12:52:00,0.7333333333333333,9,8
32233,28,Short,1900-01-01 12:12:00,1900-01-01 12:57:00,0.75,9,8
32234,28,Short,1900-01-01 13:10:00,1900-01-01 14:05:00,0.9166666666666666,9,8
32235,28,Short,1900-01-01 13:25:00,1900-01-01 14:07:00,0.7,9,8
32236,28,Short,1900-01-01 14:22:00,1900-01-01 15:05:00,0.7166666666666667,9,8
32237,28,Short,1900-01-01 15:26:00,1900-01-01 16:10:00,0.7333333333333333,9,8
32238,28,Short,1900-01-01 16:25:00,1900-01-01 17:07:00,0.7,9,8
32239,28,Short,1900-01-01 16:05:00,1900-01-01 16:45:00,0.6666666666666666,9,8
32240,28,Short,1900-01-01 17:10:00,1900-01-01 17:55:00,0.75,9,8
32241,28,Short,1900-01-01 17:17:00,1900-01-01 18:02:00,0.75,9,8
32242,28,Short,1900-01-01 18:10:00,1900-01-01 18:55:00,0.75,9,8
32243,28,Short,1900-01-01 18:06:00,1900-01-01 18:49:00,0.7166666666666667,9,8
32244,28,Short,1900-01-01 18:30:00,1900-01-01 19:15:00,0.75,9,8
32245,28,Short,1900-01-01 19:05:00,1900-01-01 19:50:00,0.75,9,8
32246,28,Short,1900-01-01 19:15:00,1900-01-01 19:58:00,0.7166666666666667,9,8
32247,28,Short,1900-01-01 21:32:00,1900-01-01 22:15:00,0.7166666666666667,9,8
32248,28,Short,1900-01-01 20:32:00,1900-01-01 21:20:00,0.8,9,8
32249,28,Short,1900-01-01 22:22:00,1900-01-01 23:07:00,0.75,9,8
32250,28,Short,1900-01-01 22:32:00,1900-01-01 23:20:00,0.8,9,8
32252,28,Short,1900-01-01 23:45:00,1900-01-01 00:28:00,0.7166666666666667,9,8
32411,39,Short,1900-01-01 14:12:00,1900-01-01 15:12:00,1.0,13,12
32412,39,Short,1900-01-01 15:23:00,1900-01-01 16:30:00,1.1166666666666667,13,12
32413,39,Short,1900-01-01 20:40:00,1900-01-01 21:50:00,1.1666666666666667,13,12
32414,39,Short,1900-01-01 22:50:00,1900-01-01 23:50:00,1.0,13,12
33061,66,Short,1900-01-01 14:32:00,1900-01-01 16:44:00,2.2,26,25
33212,9,Short,1900-01-01 11:33:00,1900-01-01 11:50:00,0.2833333333333333,3,2
33231,15,Short,1900-01-01 18:17:00,1900-01-01 18:42:00,0.4166666666666667,7,6
33232,15,Short,1900-01-01 18:52:00,1900-01-01 19:17:00,0.4166666666666667,7,6
33262,15,Short,1900-01-01 17:12:00,1900-01-01 17:40:00,0.4666666666666667,9,8
33271,50,Short,1900-01-01 19:25:00,1900-01-01 20:45:00,1.3333333333333333,18,17
33282,67,Short,1900-01-01 16:15:00,1900-01-01 18:05:00,1.8333333333333333,27,26
33291,18,Short,1900-01-01 17:50:00,1900-01-01 18:18:00,0.4666666666666667,7,6
33311,52,Short,1900-01-01 04:03:00,1900-01-01 05:33:00,1.5,19,18
33312,52,Short,1900-01-01 05:10:00,1900-01-01 06:32:00,1.3666666666666667,19,18
33313,52,Short,1900-01-01 04:50:00,1900-01-01 06:15:00,1.4166666666666667,19,18
33314,52,Short,1900-01-01 09:28:00,1900-01-01 10:46:00,1.3,19,18
33315,52,Short,1900-01-01 07:52:00,1900-01-01 09:12:00,1.3333333333333333,19,18
33316,52,Short,1900-01-01 19:40:00,1900-01-01 21:04:00,1.4,19,18
33317,52,Short,1900-01-01 17:05:00,1900-01-01 18:30:00,1.4166666666666667,19,18
33318,52,Short,1900-01-01 22:24:00,1900-01-01 23:40:00,1.2666666666666666,19,18
33319,52,Short,1900-01-01 18:10:00,1900-01-01 19:32:00,1.3666666666666667,19,18
33320,52,Short,1900-01-01 20:28:00,1900-01-01 21:48:00,1.3333333333333333,19,18
33321,52,Short,1900-01-01 19:47:00,1900-01-01 21:10:00,1.3833333333333333,19,18
33323,52,Short,1900-01-01 22:13:00,1900-01-01 23:32:00,1.3166666666666667,19,18
33325,52,Short,1900-01-01 21:30:00,1900-01-01 22:55:00,1.4166666666666667,19,18
33351,22,Short,1900-01-01 15:42:00,1900-01-01 16:15:00,0.55,7,6
33357,7,Short,1900-01-01 07:02:00,1900-01-01 07:15:00,0.21666666666666667,3,2
33361,54,Short,1900-01-01 07:45:00,1900-01-01 08:55:00,1.1666666666666667,14,13
33362,54,Short,1900-01-01 09:25:00,1900-01-01 10:30:00,1.0833333333333333,12,11
33363,54,Short,1900-01-01 08:25:00,1900-01-01 09:30:00,1.0833333333333333,12,11
33364,54,Short,1900-01-01 20:08:00,1900-01-01 21:22:00,1.2333333333333334,12,11
33365,54,Short,1900-01-01 11:30:00,1900-01-01 12:35:00,1.0833333333333333,12,11
33366,54,Short,1900-01-01 22:10:00,1900-01-01 23:20:00,1.1666666666666667,12,11
33367,54,Short,1900-01-01 17:40:00,1900-01-01 18:48:00,1.1333333333333333,13,12
33382,35,Short,1900-01-01 22:15:00,1900-01-01 23:03:00,0.8,10,9
33401,24,Short,1900-01-01 18:12:00,1900-01-01 18:57:00,0.75,11,10
33402,25,Short,1900-01-01 09:35:00,1900-01-01 10:20:00,0.75,11,10
33411,12,Short,1900-01-01 09:28:00,1900-01-01 09:49:00,0.35,4,3
33412,12,Short,1900-01-01 10:03:00,1900-01-01 10:25:00,0.36666666666666664,4,3
33421,20,Short,1900-01-01 07:32:00,1900-01-01 08:12:00,0.6666666666666666,9,8
33422,20,Short,1900-01-01 08:52:00,1900-01-01 09:35:00,0.7166666666666667,9,8
33431,24,Short,1900-01-01 08:58:00,1900-01-01 09:45:00,0.7833333333333333,11,10
33432,25,Short,1900-01-01 05:16:00,1900-01-01 06:05:00,0.8166666666666667,11,10
33433,24,Short,1900-01-01 09:40:00,1900-01-01 10:26:00,0.7666666666666667,11,10
33434,25,Short,1900-01-01 08:15:00,1900-01-01 09:02:00,0.7833333333333333,11,10
33435,24,Short,1900-01-01 10:22:00,1900-01-01 11:12:00,0.8333333333333334,11,10
33436,25,Short,1900-01-01 10:40:00,1900-01-01 11:27:00,0.7833333333333333,11,10
33437,24,Short,1900-01-01 10:34:00,1900-01-01 11:22:00,0.8,11,10
33438,25,Short,1900-01-01 14:40:00,1900-01-01 15:25:00,0.75,11,10
33439,24,Short,1900-01-01 10:56:00,1900-01-01 11:42:00,0.7666666666666667,11,10
33440,25,Short,1900-01-01 16:12:00,1900-01-01 16:57:00,0.75,11,10
33441,24,Short,1900-01-01 16:16:00,1900-01-01 17:00:00,0.7333333333333333,11,10
33443,24,Short,1900-01-01 20:38:00,1900-01-01 21:24:00,0.7666666666666667,11,10
33445,24,Short,1900-01-01 21:12:00,1900-01-01 21:56:00,0.7333333333333333,11,10
33447,24,Short,1900-01-01 21:25:00,1900-01-01 22:10:00,0.75,11,10
33511,77,Short,1900-01-01 05:18:00,1900-01-01 07:28:00,2.1666666666666665,29,28
33512,77,Short,1900-01-01 03:03:00,1900-01-01 05:30:00,2.45,29,28
33513,77,Short,1900-01-01 06:12:00,1900-01-01 08:18:00,2.1,29,28
33514,77,Short,1900-01-01 04:48:00,1900-01-01 06:55:00,2.1166666666666667,29,28
33515,77,Short,1900-01-01 07:40:00,1900-01-01 09:55:00,2.25,29,28
33516,77,Short,1900-01-01 06:46:00,1900-01-01 08:55:00,2.15,25,24
33517,77,Short,1900-01-01 08:20:00,1900-01-01 10:30:00,2.1666666666666665,29,28
33518,77,Short,1900-01-01 07:42:00,1900-01-01 09:52:00,2.1666666666666665,26,25
33519,77,Short,1900-01-01 09:18:00,1900-01-01 11:30:00,2.2,29,28
33520,77,Short,1900-01-01 10:47:00,1900-01-01 13:00:00,2.216666666666667,29,28
33521,77,Short,1900-01-01 11:05:00,1900-01-01 13:08:00,2.05,29,28
33522,77,Short,1900-01-01 11:32:00,1900-01-01 13:40:00,2.1333333333333333,29,28
33523,77,Short,1900-01-01 12:15:00,1900-01-01 14:20:00,2.0833333333333335,29,28
33524,77,Short,1900-01-01 12:05:00,1900-01-01 14:10:00,2.0833333333333335,24,23
33525,77,Short,1900-01-01 14:17:00,1900-01-01 16:38:00,2.35,29,28
33526,77,Short,1900-01-01 13:15:00,1900-01-01 15:18:00,2.05,29,28
33527,77,Short,1900-01-01 14:52:00,1900-01-01 17:08:00,2.2666666666666666,25,24
33528,77,Short,1900-01-01 13:42:00,1900-01-01 15:47:00,2.0833333333333335,24,23
33529,77,Short,1900-01-01 18:00:00,1900-01-01 20:05:00,2.0833333333333335,25,24
33530,77,Short,1900-01-01 14:54:00,1900-01-01 17:12:00,2.3,29,28
33531,77,Short,1900-01-01 19:45:00,1900-01-01 21:50:00,2.0833333333333335,25,24
33532,77,Short,1900-01-01 17:22:00,1900-01-01 19:37:00,2.25,29,28
33533,77,Short,1900-01-01 22:15:00,1900-01-01 00:26:00,2.183333333333333,29,28
33534,77,Short,1900-01-01 18:02:00,1900-01-01 20:07:00,2.0833333333333335,25,24
33536,77,Short,1900-01-01 18:53:00,1900-01-01 21:10:00,2.283333333333333,29,28
33538,77,Short,1900-01-01 21:26:00,1900-01-01 23:35:00,2.15,24,23
33611,32,Short,1900-01-01 05:02:00,1900-01-01 06:04:00,1.0333333333333334,13,12
33612,32,Short,1900-01-01 05:42:00,1900-01-01 06:40:00,0.9666666666666667,13,12
33613,32,Short,1900-01-01 07:25:00,1900-01-01 08:25:00,1.0,13,12
33614,32,Short,1900-01-01 06:25:00,1900-01-01 07:25:00,1.0,13,12
33615,32,Short,1900-01-01 08:30:00,1900-01-01 09:30:00,1.0,13,12
33616,32,Short,1900-01-01 07:32:00,1900-01-01 08:32:00,1.0,13,12
33617,32,Short,1900-01-01 09:57:00,1900-01-01 10:57:00,1.0,13,12
33618,32,Short,1900-01-01 08:45:00,1900-01-01 09:45:00,1.0,13,12
33619,32,Short,1900-01-01 16:24:00,1900-01-01 17:25:00,1.0166666666666666,13,12
33620,32,Short,1900-01-01 09:43:00,1900-01-01 10:45:00,1.0333333333333334,13,12
33621,32,Short,1900-01-01 18:47:00,1900-01-01 19:46:00,0.9833333333333333,13,12
33622,32,Short,1900-01-01 11:10:00,1900-01-01 12:05:00,0.9166666666666666,11,10
33623,32,Short,1900-01-01 19:50:00,1900-01-01 20:52:00,1.0333333333333334,13,12
33624,32,Short,1900-01-01 17:35:00,1900-01-01 18:32:00,0.95,13,12
33626,32,Short,1900-01-01 18:45:00,1900-01-01 19:45:00,1.0,13,12
33628,32,Short,1900-01-01 20:15:00,1900-01-01 21:15:00,1.0,13,12
33630,32,Short,1900-01-01 21:05:00,1900-01-01 22:03:00,0.9666666666666667,13,12
33651,47,Short,1900-01-01 04:45:00,1900-01-01 06:03:00,1.3,17,16
33652,47,Short,1900-01-01 06:35:00,1900-01-01 07:55:00,1.3333333333333333,17,16
33653,47,Short,1900-01-01 06:48:00,1900-01-01 08:08:00,1.3333333333333333,17,16
33654,47,Short,1900-01-01 08:55:00,1900-01-01 10:15:00,1.3333333333333333,17,16
33655,47,Short,1900-01-01 11:20:00,1900-01-01 12:37:00,1.2833333333333334,17,16
33656,47,Short,1900-01-01 12:47:00,1900-01-01 14:03:00,1.2666666666666666,17,16
33657,47,Short,1900-01-01 11:57:00,1900-01-01 13:15:00,1.3,17,16
33658,47,Short,1900-01-01 13:40:00,1900-01-01 15:00:00,1.3333333333333333,17,16
33659,47,Short,1900-01-01 13:32:00,1900-01-01 14:50:00,1.3,17,16
33660,47,Short,1900-01-01 14:58:00,1900-01-01 16:15:00,1.2833333333333334,17,16
33664,47,Short,1900-01-01 16:35:00,1900-01-01 17:50:00,1.25,17,16
33666,47,Short,1900-01-01 20:05:00,1900-01-01 21:27:00,1.3666666666666667,17,16
33681,59,Short,1900-01-01 09:10:00,1900-01-01 10:47:00,1.6166666666666667,20,19
33682,60,Short,1900-01-01 11:37:00,1900-01-01 13:10:00,1.55,20,19
33685,59,Short,1900-01-01 20:23:00,1900-01-01 21:57:00,1.5666666666666667,20,19
33686,60,Short,1900-01-01 21:20:00,1900-01-01 22:54:00,1.5666666666666667,20,19
33687,59,Short,1900-01-01 14:05:00,1900-01-01 15:40:00,1.5833333333333333,20,19
33688,60,Short,1900-01-01 15:55:00,1900-01-01 17:35:00,1.6666666666666667,20,19
33711,32,Short,1900-01-01 04:25:00,1900-01-01 05:08:00,0.7166666666666667,8,7
33712,32,Short,1900-01-01 04:22:00,1900-01-01 05:08:00,0.7666666666666667,8,7
33713,32,Short,1900-01-01 06:22:00,1900-01-01 07:08:00,0.7666666666666667,9,8
33714,32,Short,1900-01-01 06:20:00,1900-01-01 07:05:00,0.75,9,8
33715,32,Short,1900-01-01 07:22:00,1900-01-01 08:10:00,0.8,8,7
33716,32,Short,1900-01-01 07:20:00,1900-01-01 08:05:00,0.75,8,7
33717,32,Short,1900-01-01 08:34:00,1900-01-01 09:15:00,0.6833333333333333,8,7
33718,32,Short,1900-01-01 09:23:00,1900-01-01 10:09:00,0.7666666666666667,9,8
33719,32,Short,1900-01-01 09:27:00,1900-01-01 10:08:00,0.6833333333333333,8,7
33720,32,Short,1900-01-01 10:20:00,1900-01-01 11:05:00,0.75,8,7
33721,32,Short,1900-01-01 10:22:00,1900-01-01 11:06:00,0.7333333333333333,9,8
33722,32,Short,1900-01-01 12:20:00,1900-01-01 13:00:00,0.6666666666666666,8,7
33723,32,Short,1900-01-01 11:20:00,1900-01-01 12:05:00,0.75,8,7
33724,32,Short,1900-01-01 13:00:00,1900-01-01 13:45:00,0.75,8,7
33725,32,Short,1900-01-01 14:20:00,1900-01-01 15:05:00,0.75,8,7
33726,32,Short,1900-01-01 14:15:00,1900-01-01 14:57:00,0.7,9,8
33727,32,Short,1900-01-01 15:25:00,1900-01-01 16:10:00,0.75,8,7
33728,32,Short,1900-01-01 15:20:00,1900-01-01 16:03:00,0.7166666666666667,8,7
33729,32,Short,1900-01-01 16:34:00,1900-01-01 17:20:00,0.7666666666666667,9,8
33730,32,Short,1900-01-01 16:30:00,1900-01-01 17:12:00,0.7,9,8
33731,32,Short,1900-01-01 18:05:00,1900-01-01 18:50:00,0.75,8,7
33732,32,Short,1900-01-01 18:00:00,1900-01-01 18:42:00,0.7,8,7
33733,32,Short,1900-01-01 18:50:00,1900-01-01 19:32:00,0.7,9,8
33734,32,Short,1900-01-01 19:36:00,1900-01-01 20:17:00,0.6833333333333333,8,7
33735,32,Short,1900-01-01 19:40:00,1900-01-01 20:26:00,0.7666666666666667,9,8
33736,32,Short,1900-01-01 20:54:00,1900-01-01 21:37:00,0.7166666666666667,9,8
33737,32,Short,1900-01-01 20:58:00,1900-01-01 21:43:00,0.75,8,7
33738,32,Short,1900-01-01 23:09:00,1900-01-01 23:52:00,0.7166666666666667,8,7
33739,32,Short,1900-01-01 23:12:00,1900-01-01 23:58:00,0.7666666666666667,9,8
33751,52,Short,1900-01-01 12:36:00,1900-01-01 13:45:00,1.15,12,11
33752,52,Short,1900-01-01 11:16:00,1900-01-01 12:28:00,1.2,12,11
33801,79,Short,1900-01-01 17:30:00,1900-01-01 19:26:00,1.9333333333333333,24,23
33802,79,Short,1900-01-01 07:15:00,1900-01-01 09:15:00,2.0,24,23
33811,79,Short,1900-01-01 03:15:00,1900-01-01 05:02:00,1.7833333333333334,17,16
33812,79,Short,1900-01-01 02:58:00,1900-01-01 05:05:00,2.1166666666666667,23,22
33813,79,Short,1900-01-01 04:15:00,1900-01-01 06:08:00,1.8833333333333333,23,22
33814,79,Short,1900-01-01 04:25:00,1900-01-01 06:17:00,1.8666666666666667,21,20
33815,79,Short,1900-01-01 04:55:00,1900-01-01 06:50:00,1.9166666666666667,24,23
33816,79,Short,1900-01-01 05:15:00,1900-01-01 07:05:00,1.8333333333333333,22,21
33817,79,Short,1900-01-01 05:56:00,1900-01-01 07:45:00,1.8166666666666667,21,20
33818,79,Short,1900-01-01 05:40:00,1900-01-01 07:36:00,1.9333333333333333,24,23
33819,79,Short,1900-01-01 07:10:00,1900-01-01 09:10:00,2.0,23,22
33820,79,Short,1900-01-01 06:15:00,1900-01-01 08:05:00,1.8333333333333333,22,21
33821,79,Short,1900-01-01 08:10:00,1900-01-01 10:05:00,1.9166666666666667,24,23
33822,79,Short,1900-01-01 06:50:00,1900-01-01 08:48:00,1.9666666666666666,24,23
33823,79,Short,1900-01-01 08:42:00,1900-01-01 10:37:00,1.9166666666666667,24,23
33824,79,Short,1900-01-01 08:08:00,1900-01-01 10:05:00,1.95,24,23
33825,79,Short,1900-01-01 10:05:00,1900-01-01 12:00:00,1.9166666666666667,23,22
33826,79,Short,1900-01-01 08:32:00,1900-01-01 10:30:00,1.9666666666666666,24,23
33827,79,Short,1900-01-01 11:28:00,1900-01-01 13:25:00,1.95,24,23
33828,79,Short,1900-01-01 09:05:00,1900-01-01 11:05:00,2.0,24,23
33829,79,Short,1900-01-01 12:27:00,1900-01-01 14:20:00,1.8833333333333333,24,23
33830,79,Short,1900-01-01 10:28:00,1900-01-01 12:30:00,2.033333333333333,24,23
33831,79,Short,1900-01-01 12:47:00,1900-01-01 14:40:00,1.8833333333333333,24,23
33832,79,Short,1900-01-01 11:30:00,1900-01-01 13:58:00,2.466666666666667,23,22
33833,79,Short,1900-01-01 13:55:00,1900-01-01 15:50:00,1.9166666666666667,23,22
33834,79,Short,1900-01-01 12:47:00,1900-01-01 14:45:00,1.9666666666666666,24,23
33835,79,Short,1900-01-01 15:10:00,1900-01-01 17:05:00,1.9166666666666667,24,23
33836,79,Short,1900-01-01 14:12:00,1900-01-01 16:05:00,1.8833333333333333,23,22
33837,79,Short,1900-01-01 15:50:00,1900-01-01 17:45:00,1.9166666666666667,24,23
33838,79,Short,1900-01-01 14:55:00,1900-01-01 16:48:00,1.8833333333333333,24,23
33839,79,Short,1900-01-01 16:42:00,1900-01-01 18:35:00,1.8833333333333333,24,23
33840,79,Short,1900-01-01 15:22:00,1900-01-01 17:20:00,1.9666666666666666,24,23
33841,79,Short,1900-01-01 17:10:00,1900-01-01 19:05:00,1.9166666666666667,24,23
33842,79,Short,1900-01-01 16:55:00,1900-01-01 18:50:00,1.9166666666666667,24,23
33843,79,Short,1900-01-01 17:45:00,1900-01-01 19:45:00,2.0,24,23
33844,79,Short,1900-01-01 17:30:00,1900-01-01 19:30:00,2.0,23,22
33845,79,Short,1900-01-01 18:36:00,1900-01-01 20:30:00,1.9,24,23
33846,79,Short,1900-01-01 18:28:00,1900-01-01 20:25:00,1.95,24,23
33847,79,Short,1900-01-01 18:55:00,1900-01-01 20:50:00,1.9166666666666667,23,22
33848,79,Short,1900-01-01 18:57:00,1900-01-01 20:53:00,1.9333333333333333,23,22
33849,79,Short,1900-01-01 19:25:00,1900-01-01 21:25:00,2.0,24,23
33850,79,Short,1900-01-01 19:40:00,1900-01-01 21:37:00,1.95,24,23
33851,79,Short,1900-01-01 20:05:00,1900-01-01 22:00:00,1.9166666666666667,24,23
33852,79,Short,1900-01-01 20:40:00,1900-01-01 22:40:00,2.0,23,22
33853,79,Short,1900-01-01 21:02:00,1900-01-01 22:55:00,1.8833333333333333,24,23
33854,79,Short,1900-01-01 21:15:00,1900-01-01 23:10:00,1.9166666666666667,22,21
33855,79,Short,1900-01-01 21:45:00,1900-01-01 23:40:00,1.9166666666666667,23,22
33856,79,Short,1900-01-01 21:35:00,1900-01-01 23:30:00,1.9166666666666667,17,16
33857,79,Short,1900-01-01 22:32:00,1900-01-01 00:25:00,1.8833333333333333,23,22
33858,79,Short,1900-01-01 22:40:00,1900-01-01 00:30:00,1.8333333333333333,23,22
33859,79,Short,1900-01-01 22:58:00,1900-01-01 00:50:00,1.8666666666666667,22,21
33860,79,Short,1900-01-01 16:15:00,1900-01-01 18:12:00,1.95,24,23
33861,79,Short,1900-01-01 23:40:00,1900-01-01 01:35:00,1.9166666666666667,23,22
33863,79,Short,1900-01-01 14:25:00,1900-01-01 16:25:00,2.0,24,23
33895,65,Short,1900-01-01 15:32:00,1900-01-01 17:02:00,1.5,15,14
33896,65,Short,1900-01-01 18:15:00,1900-01-01 19:50:00,1.5833333333333333,15,14
34052,67,Short,1900-01-01 05:52:00,1900-01-01 07:52:00,2.0,26,25
34054,67,Short,1900-01-01 18:38:00,1900-01-01 20:42:00,2.066666666666667,26,25
34056,82,Short,1900-01-01 11:07:00,1900-01-01 13:40:00,2.55,32,31
34062,120,Short,1900-01-01 10:47:00,1900-01-01 14:14:00,3.45,41,40
34111,30,Short,1900-01-01 04:40:00,1900-01-01 05:30:00,0.8333333333333334,11,10
34112,30,Short,1900-01-01 03:40:00,1900-01-01 04:30:00,0.8333333333333334,11,10
34113,30,Short,1900-01-01 05:45:00,1900-01-01 06:42:00,0.95,11,10
34114,30,Short,1900-01-01 04:36:00,1900-01-01 05:30:00,0.9,11,10
34115,30,Short,1900-01-01 06:35:00,1900-01-01 07:30:00,0.9166666666666666,11,10
34116,30,Short,1900-01-01 05:32:00,1900-01-01 06:25:00,0.8833333333333333,11,10
34117,30,Short,1900-01-01 08:05:00,1900-01-01 09:02:00,0.95,11,10
34118,30,Short,1900-01-01 06:10:00,1900-01-01 07:03:00,0.8833333333333333,11,10
34119,30,Short,1900-01-01 08:25:00,1900-01-01 09:20:00,0.9166666666666666,11,10
34120,30,Short,1900-01-01 07:20:00,1900-01-01 08:15:00,0.9166666666666666,11,10
34121,30,Short,1900-01-01 09:06:00,1900-01-01 09:59:00,0.8833333333333333,11,10
34122,30,Short,1900-01-01 08:10:00,1900-01-01 08:58:00,0.8,11,10
34123,30,Short,1900-01-01 09:37:00,1900-01-01 10:32:00,0.9166666666666666,11,10
34124,30,Short,1900-01-01 08:35:00,1900-01-01 09:26:00,0.85,11,10
34125,30,Short,1900-01-01 10:23:00,1900-01-01 11:15:00,0.8666666666666667,11,10
34126,30,Short,1900-01-01 09:22:00,1900-01-01 10:15:00,0.8833333333333333,11,10
34127,30,Short,1900-01-01 10:55:00,1900-01-01 11:50:00,0.9166666666666666,11,10
34128,30,Short,1900-01-01 09:45:00,1900-01-01 10:40:00,0.9166666666666666,11,10
34129,30,Short,1900-01-01 11:23:00,1900-01-01 12:20:00,0.95,11,10
34130,30,Short,1900-01-01 10:18:00,1900-01-01 11:12:00,0.9,11,10
34131,30,Short,1900-01-01 11:58:00,1900-01-01 13:02:00,1.0666666666666667,11,10
34132,30,Short,1900-01-01 10:50:00,1900-01-01 11:45:00,0.9166666666666666,11,10
34133,30,Short,1900-01-01 12:34:00,1900-01-01 13:28:00,0.9,11,10
34134,30,Short,1900-01-01 11:32:00,1900-01-01 12:25:00,0.8833333333333333,11,10
34135,30,Short,1900-01-01 12:57:00,1900-01-01 13:52:00,0.9166666666666666,11,10
34136,30,Short,1900-01-01 11:56:00,1900-01-01 12:49:00,0.8833333333333333,11,10
34137,30,Short,1900-01-01 13:30:00,1900-01-01 14:20:00,0.8333333333333334,11,10
34138,30,Short,1900-01-01 12:18:00,1900-01-01 13:10:00,0.8666666666666667,11,10
34139,30,Short,1900-01-01 14:20:00,1900-01-01 15:12:00,0.8666666666666667,11,10
34140,30,Short,1900-01-01 13:15:00,1900-01-01 14:10:00,0.9166666666666666,11,10
34141,30,Short,1900-01-01 14:58:00,1900-01-01 15:52:00,0.9,11,10
34142,30,Short,1900-01-01 13:55:00,1900-01-01 14:47:00,0.8666666666666667,11,10
34143,30,Short,1900-01-01 15:32:00,1900-01-01 16:25:00,0.8833333333333333,11,10
34144,30,Short,1900-01-01 14:32:00,1900-01-01 15:23:00,0.85,11,10
34145,30,Short,1900-01-01 16:19:00,1900-01-01 17:08:00,0.8166666666666667,11,10
34146,30,Short,1900-01-01 15:08:00,1900-01-01 16:02:00,0.9,11,10
34147,30,Short,1900-01-01 17:00:00,1900-01-01 17:50:00,0.8333333333333334,11,10
34148,30,Short,1900-01-01 15:57:00,1900-01-01 16:49:00,0.8666666666666667,11,10
34149,30,Short,1900-01-01 18:13:00,1900-01-01 19:04:00,0.85,11,10
34150,30,Short,1900-01-01 16:30:00,1900-01-01 17:26:00,0.9333333333333333,11,10
34151,30,Short,1900-01-01 19:00:00,1900-01-01 19:55:00,0.9166666666666666,11,10
34152,30,Short,1900-01-01 17:00:00,1900-01-01 17:55:00,0.9166666666666666,11,10
34153,30,Short,1900-01-01 19:28:00,1900-01-01 20:22:00,0.9,11,10
34154,30,Short,1900-01-01 17:45:00,1900-01-01 18:40:00,0.9166666666666666,11,10
34155,30,Short,1900-01-01 20:12:00,1900-01-01 21:04:00,0.8666666666666667,11,10
34156,30,Short,1900-01-01 18:25:00,1900-01-01 19:20:00,0.9166666666666666,11,10
34157,30,Short,1900-01-01 20:55:00,1900-01-01 21:49:00,0.9,11,10
34158,30,Short,1900-01-01 19:12:00,1900-01-01 20:04:00,0.8666666666666667,11,10
34159,30,Short,1900-01-01 21:40:00,1900-01-01 22:35:00,0.9166666666666666,11,10
34160,30,Short,1900-01-01 20:35:00,1900-01-01 21:30:00,0.9166666666666666,11,10
34161,30,Short,1900-01-01 22:18:00,1900-01-01 23:06:00,0.8,11,10
34162,30,Short,1900-01-01 21:15:00,1900-01-01 22:08:00,0.8833333333333333,11,10
34163,30,Short,1900-01-01 23:03:00,1900-01-01 23:55:00,0.8666666666666667,11,10
34164,30,Short,1900-01-01 22:02:00,1900-01-01 22:55:00,0.8833333333333333,11,10
34165,30,Short,1900-01-01 23:55:00,1900-01-01 00:43:00,0.8,11,10
34166,30,Short,1900-01-01 23:00:00,1900-01-01 23:48:00,0.8,11,10
34311,8,Short,1900-01-01 21:15:00,1900-01-01 21:30:00,0.25,4,3
34312,8,Short,1900-01-01 08:55:00,1900-01-01 09:10:00,0.25,4,3
34313,8,Short,1900-01-01 22:00:00,1900-01-01 22:15:00,0.25,4,3
34331,36,Short,1900-01-01 08:20:00,1900-01-01 09:12:00,0.8666666666666667,13,12
34332,36,Short,1900-01-01 18:30:00,1900-01-01 19:25:00,0.9166666666666666,13,12
34334,36,Short,1900-01-01 07:15:00,1900-01-01 08:10:00,0.9166666666666666,13,12
34351,29,Short,1900-01-01 06:24:00,1900-01-01 07:10:00,0.7666666666666667,10,9
34352,28,Short,1900-01-01 04:50:00,1900-01-01 05:32:00,0.7,10,9
34353,29,Short,1900-01-01 07:55:00,1900-01-01 08:38:00,0.7166666666666667,9,8
34354,29,Short,1900-01-01 05:30:00,1900-01-01 06:12:00,0.7,9,8
34355,29,Short,1900-01-01 21:55:00,1900-01-01 22:32:00,0.6166666666666667,7,6
34356,29,Short,1900-01-01 05:57:00,1900-01-01 06:38:00,0.6833333333333333,9,8
34358,29,Short,1900-01-01 06:40:00,1900-01-01 07:20:00,0.6666666666666666,9,8
34360,28,Short,1900-01-01 07:20:00,1900-01-01 08:02:00,0.7,10,9
34411,16,Short,1900-01-01 04:30:00,1900-01-01 05:02:00,0.5333333333333333,8,7
34412,16,Short,1900-01-01 04:15:00,1900-01-01 04:43:00,0.4666666666666667,8,7
34413,16,Short,1900-01-01 07:20:00,1900-01-01 07:54:00,0.5666666666666667,8,7
34414,16,Short,1900-01-01 08:20:00,1900-01-01 08:52:00,0.5333333333333333,8,7
34415,16,Short,1900-01-01 08:42:00,1900-01-01 09:15:00,0.55,8,7
34416,16,Short,1900-01-01 08:40:00,1900-01-01 09:12:00,0.5333333333333333,8,7
34417,16,Short,1900-01-01 09:22:00,1900-01-01 09:54:00,0.5333333333333333,8,7
34418,16,Short,1900-01-01 09:30:00,1900-01-01 10:01:00,0.5166666666666667,8,7
34419,16,Short,1900-01-01 10:11:00,1900-01-01 10:44:00,0.55,8,7
34420,16,Short,1900-01-01 09:50:00,1900-01-01 10:22:00,0.5333333333333333,8,7
34421,16,Short,1900-01-01 14:35:00,1900-01-01 15:07:00,0.5333333333333333,8,7
34422,16,Short,1900-01-01 10:30:00,1900-01-01 11:02:00,0.5333333333333333,8,7
34423,16,Short,1900-01-01 16:05:00,1900-01-01 16:37:00,0.5333333333333333,8,7
34424,16,Short,1900-01-01 10:45:00,1900-01-01 11:17:00,0.5333333333333333,8,7
34425,16,Short,1900-01-01 17:05:00,1900-01-01 17:38:00,0.55,8,7
34426,16,Short,1900-01-01 10:55:00,1900-01-01 11:24:00,0.48333333333333334,8,7
34427,16,Short,1900-01-01 17:40:00,1900-01-01 18:15:00,0.5833333333333334,8,7
34428,16,Short,1900-01-01 11:08:00,1900-01-01 11:39:00,0.5166666666666667,8,7
34429,16,Short,1900-01-01 18:04:00,1900-01-01 18:37:00,0.55,8,7
34430,16,Short,1900-01-01 13:47:00,1900-01-01 14:20:00,0.55,8,7
34431,16,Short,1900-01-01 19:17:00,1900-01-01 19:50:00,0.55,8,7
34432,16,Short,1900-01-01 17:20:00,1900-01-01 17:49:00,0.48333333333333334,8,7
34434,16,Short,1900-01-01 18:30:00,1900-01-01 19:00:00,0.5,8,7
34436,16,Short,1900-01-01 22:27:00,1900-01-01 22:57:00,0.5,9,8
34501,45,Short,1900-01-01 08:33:00,1900-01-01 09:48:00,1.25,17,16
34502,45,Short,1900-01-01 18:20:00,1900-01-01 19:35:00,1.25,17,16
34511,45,Short,1900-01-01 03:50:00,1900-01-01 05:10:00,1.3333333333333333,17,16
34512,45,Short,1900-01-01 05:45:00,1900-01-01 06:57:00,1.2,16,15
34513,45,Short,1900-01-01 04:32:00,1900-01-01 05:47:00,1.25,17,16
34514,45,Short,1900-01-01 06:30:00,1900-01-01 07:44:00,1.2333333333333334,17,16
34515,45,Short,1900-01-01 05:17:00,1900-01-01 06:35:00,1.3,17,16
34516,45,Short,1900-01-01 07:42:00,1900-01-01 08:56:00,1.2333333333333334,16,15
34517,45,Short,1900-01-01 06:00:00,1900-01-01 07:17:00,1.2833333333333334,17,16
34518,45,Short,1900-01-01 08:28:00,1900-01-01 09:44:00,1.2666666666666666,17,16
34519,45,Short,1900-01-01 06:55:00,1900-01-01 08:15:00,1.3333333333333333,17,16
34520,45,Short,1900-01-01 09:10:00,1900-01-01 10:25:00,1.25,17,16
34521,45,Short,1900-01-01 07:23:00,1900-01-01 08:37:00,1.2333333333333334,17,16
34522,45,Short,1900-01-01 10:24:00,1900-01-01 11:40:00,1.2666666666666666,17,16
34523,45,Short,1900-01-01 08:15:00,1900-01-01 09:30:00,1.25,17,16
34524,45,Short,1900-01-01 11:25:00,1900-01-01 12:40:00,1.25,17,16
34525,45,Short,1900-01-01 09:08:00,1900-01-01 10:22:00,1.2333333333333334,17,16
34526,45,Short,1900-01-01 12:10:00,1900-01-01 13:25:00,1.25,17,16
34527,45,Short,1900-01-01 10:05:00,1900-01-01 11:20:00,1.25,17,16
34528,45,Short,1900-01-01 13:40:00,1900-01-01 14:55:00,1.25,17,16
34529,45,Short,1900-01-01 10:50:00,1900-01-01 12:05:00,1.25,17,16
34530,45,Short,1900-01-01 14:02:00,1900-01-01 15:15:00,1.2166666666666666,17,16
34531,45,Short,1900-01-01 12:05:00,1900-01-01 13:23:00,1.3,17,16
34532,45,Short,1900-01-01 14:48:00,1900-01-01 16:04:00,1.2666666666666666,17,16
34533,45,Short,1900-01-01 13:10:00,1900-01-01 14:40:00,1.5,17,16
34534,45,Short,1900-01-01 15:33:00,1900-01-01 16:50:00,1.2833333333333334,17,16
34535,45,Short,1900-01-01 14:00:00,1900-01-01 15:17:00,1.2833333333333334,17,16
34536,45,Short,1900-01-01 16:35:00,1900-01-01 17:50:00,1.25,17,16
34537,45,Short,1900-01-01 15:08:00,1900-01-01 16:20:00,1.2,16,15
34538,45,Short,1900-01-01 17:15:00,1900-01-01 18:30:00,1.25,17,16
34539,45,Short,1900-01-01 15:45:00,1900-01-01 17:02:00,1.2833333333333334,17,16
34540,45,Short,1900-01-01 17:52:00,1900-01-01 19:07:00,1.25,17,16
34541,45,Short,1900-01-01 16:14:00,1900-01-01 17:30:00,1.2666666666666666,17,16
34542,45,Short,1900-01-01 18:38:00,1900-01-01 19:52:00,1.2333333333333334,17,16
34543,45,Short,1900-01-01 17:08:00,1900-01-01 18:25:00,1.2833333333333334,17,16
34544,45,Short,1900-01-01 19:30:00,1900-01-01 20:44:00,1.2333333333333334,16,15
34545,45,Short,1900-01-01 18:18:00,1900-01-01 19:35:00,1.2833333333333334,17,16
34546,45,Short,1900-01-01 20:10:00,1900-01-01 21:25:00,1.25,17,16
34547,45,Short,1900-01-01 18:45:00,1900-01-01 20:02:00,1.2833333333333334,17,16
34548,45,Short,1900-01-01 20:48:00,1900-01-01 22:02:00,1.2333333333333334,17,16
34549,45,Short,1900-01-01 19:20:00,1900-01-01 20:34:00,1.2333333333333334,17,16
34550,45,Short,1900-01-01 21:36:00,1900-01-01 22:57:00,1.35,17,16
34551,45,Short,1900-01-01 20:05:00,1900-01-01 21:20:00,1.25,16,15
34552,45,Short,1900-01-01 22:35:00,1900-01-01 23:49:00,1.2333333333333334,17,16
34553,45,Short,1900-01-01 21:05:00,1900-01-01 22:20:00,1.25,17,16
34554,45,Short,1900-01-01 23:18:00,1900-01-01 00:30:00,1.2,17,16
34555,45,Short,1900-01-01 21:35:00,1900-01-01 22:50:00,1.25,15,14
34557,45,Short,1900-01-01 22:20:00,1900-01-01 23:36:00,1.2666666666666666,17,16
34601,24,Short,1900-01-01 09:42:00,1900-01-01 10:27:00,0.75,11,10
34602,24,Short,1900-01-01 17:35:00,1900-01-01 18:17:00,0.7,11,10
34611,24,Short,1900-01-01 06:13:00,1900-01-01 07:00:00,0.7833333333333333,11,10
34612,24,Short,1900-01-01 05:05:00,1900-01-01 05:47:00,0.7,11,10
34613,24,Short,1900-01-01 06:58:00,1900-01-01 07:45:00,0.7833333333333333,11,10
34614,24,Short,1900-01-01 06:02:00,1900-01-01 06:44:00,0.7,11,10
34615,24,Short,1900-01-01 07:35:00,1900-01-01 08:22:00,0.7833333333333333,11,10
34616,24,Short,1900-01-01 06:40:00,1900-01-01 07:25:00,0.75,11,10
34617,24,Short,1900-01-01 07:58:00,1900-01-01 08:45:00,0.7833333333333333,11,10
34618,24,Short,1900-01-01 07:08:00,1900-01-01 07:50:00,0.7,11,10
34619,24,Short,1900-01-01 08:22:00,1900-01-01 09:08:00,0.7666666666666667,11,10
34620,24,Short,1900-01-01 07:30:00,1900-01-01 08:14:00,0.7333333333333333,11,10
34621,24,Short,1900-01-01 08:58:00,1900-01-01 09:43:00,0.75,11,10
34622,24,Short,1900-01-01 08:00:00,1900-01-01 08:45:00,0.75,11,10
34623,24,Short,1900-01-01 09:24:00,1900-01-01 10:10:00,0.7666666666666667,11,10
34624,24,Short,1900-01-01 08:50:00,1900-01-01 09:35:00,0.75,11,10
34625,24,Short,1900-01-01 09:50:00,1900-01-01 10:38:00,0.8,11,10
34626,24,Short,1900-01-01 09:40:00,1900-01-01 10:22:00,0.7,10,9
34627,24,Short,1900-01-01 10:40:00,1900-01-01 11:27:00,0.7833333333333333,11,10
34628,24,Short,1900-01-01 10:12:00,1900-01-01 10:56:00,0.7333333333333333,11,10
34629,24,Short,1900-01-01 11:08:00,1900-01-01 11:55:00,0.7833333333333333,11,10
34630,24,Short,1900-01-01 11:15:00,1900-01-01 12:00:00,0.75,11,10
34631,24,Short,1900-01-01 12:10:00,1900-01-01 12:57:00,0.7833333333333333,11,10
34632,24,Short,1900-01-01 12:25:00,1900-01-01 13:09:00,0.7333333333333333,11,10
34633,24,Short,1900-01-01 13:18:00,1900-01-01 14:05:00,0.7833333333333333,11,10
34634,24,Short,1900-01-01 13:32:00,1900-01-01 14:17:00,0.75,11,10
34635,24,Short,1900-01-01 14:40:00,1900-01-01 15:27:00,0.7833333333333333,11,10
34636,24,Short,1900-01-01 15:02:00,1900-01-01 15:47:00,0.75,11,10
34637,24,Short,1900-01-01 16:10:00,1900-01-01 16:57:00,0.7833333333333333,11,10
34638,24,Short,1900-01-01 16:18:00,1900-01-01 17:02:00,0.7333333333333333,11,10
34639,24,Short,1900-01-01 17:10:00,1900-01-01 17:57:00,0.7833333333333333,11,10
34640,24,Short,1900-01-01 17:05:00,1900-01-01 17:49:00,0.7333333333333333,11,10
34641,24,Short,1900-01-01 17:58:00,1900-01-01 18:44:00,0.7666666666666667,11,10
34642,24,Short,1900-01-01 17:40:00,1900-01-01 18:25:00,0.75,11,10
34643,24,Short,1900-01-01 18:42:00,1900-01-01 19:30:00,0.8,11,10
34644,24,Short,1900-01-01 19:18:00,1900-01-01 20:02:00,0.7333333333333333,11,10
34645,24,Short,1900-01-01 19:43:00,1900-01-01 20:28:00,0.75,11,10
34646,24,Short,1900-01-01 20:00:00,1900-01-01 20:45:00,0.75,11,10
34647,24,Short,1900-01-01 20:40:00,1900-01-01 21:27:00,0.7833333333333333,11,10
34648,24,Short,1900-01-01 20:40:00,1900-01-01 21:25:00,0.75,11,10
34711,61,Short,1900-01-01 03:00:00,1900-01-01 04:50:00,1.8333333333333333,19,18
34712,61,Short,1900-01-01 04:00:00,1900-01-01 05:36:00,1.6,19,18
34713,61,Short,1900-01-01 03:35:00,1900-01-01 05:20:00,1.75,21,20
34714,61,Short,1900-01-01 04:30:00,1900-01-01 06:10:00,1.6666666666666667,20,19
34715,61,Short,1900-01-01 04:15:00,1900-01-01 05:58:00,1.7166666666666666,23,22
34716,61,Short,1900-01-01 05:12:00,1900-01-01 06:52:00,1.6666666666666667,21,20
34717,61,Short,1900-01-01 04:44:00,1900-01-01 06:20:00,1.6,21,20
34718,61,Short,1900-01-01 05:55:00,1900-01-01 07:33:00,1.6333333333333333,21,20
34719,61,Short,1900-01-01 05:44:00,1900-01-01 07:23:00,1.65,22,21
34720,61,Short,1900-01-01 07:14:00,1900-01-01 08:56:00,1.7,23,22
34721,61,Short,1900-01-01 06:28:00,1900-01-01 08:08:00,1.6666666666666667,23,22
34722,61,Short,1900-01-01 08:15:00,1900-01-01 09:57:00,1.7,23,22
34723,61,Short,1900-01-01 07:10:00,1900-01-01 08:52:00,1.7,23,22
34724,61,Short,1900-01-01 09:16:00,1900-01-01 10:58:00,1.7,23,22
34725,61,Short,1900-01-01 07:55:00,1900-01-01 09:37:00,1.7,22,21
34726,61,Short,1900-01-01 11:02:00,1900-01-01 12:42:00,1.6666666666666667,23,22
34727,61,Short,1900-01-01 08:35:00,1900-01-01 10:17:00,1.7,23,22
34728,61,Short,1900-01-01 11:50:00,1900-01-01 13:30:00,1.6666666666666667,21,20
34729,61,Short,1900-01-01 09:26:00,1900-01-01 11:03:00,1.6166666666666667,23,22
34730,61,Short,1900-01-01 12:50:00,1900-01-01 14:30:00,1.6666666666666667,23,22
34731,61,Short,1900-01-01 10:30:00,1900-01-01 12:15:00,1.75,23,22
34732,61,Short,1900-01-01 14:20:00,1900-01-01 16:00:00,1.6666666666666667,23,22
34733,61,Short,1900-01-01 11:27:00,1900-01-01 13:17:00,1.8333333333333333,22,21
34734,61,Short,1900-01-01 15:15:00,1900-01-01 16:57:00,1.7,23,22
34735,61,Short,1900-01-01 13:10:00,1900-01-01 14:50:00,1.6666666666666667,21,20
34736,61,Short,1900-01-01 15:50:00,1900-01-01 17:34:00,1.7333333333333334,23,22
34737,61,Short,1900-01-01 13:58:00,1900-01-01 15:37:00,1.65,23,22
34738,61,Short,1900-01-01 16:48:00,1900-01-01 18:30:00,1.7,23,22
34739,61,Short,1900-01-01 15:08:00,1900-01-01 16:46:00,1.6333333333333333,21,20
34740,61,Short,1900-01-01 17:28:00,1900-01-01 19:10:00,1.7,23,22
34741,61,Short,1900-01-01 16:23:00,1900-01-01 18:04:00,1.6833333333333333,23,22
34742,61,Short,1900-01-01 18:15:00,1900-01-01 19:58:00,1.7166666666666666,23,22
34743,61,Short,1900-01-01 17:10:00,1900-01-01 18:55:00,1.75,23,22
34744,61,Short,1900-01-01 18:57:00,1900-01-01 20:36:00,1.65,23,22
34745,61,Short,1900-01-01 18:05:00,1900-01-01 19:44:00,1.65,23,22
34746,61,Short,1900-01-01 19:35:00,1900-01-01 21:15:00,1.6666666666666667,23,22
34747,61,Short,1900-01-01 18:38:00,1900-01-01 20:17:00,1.65,21,20
34748,61,Short,1900-01-01 21:00:00,1900-01-01 22:40:00,1.6666666666666667,21,20
34749,61,Short,1900-01-01 19:35:00,1900-01-01 21:14:00,1.65,23,22
34750,61,Short,1900-01-01 21:45:00,1900-01-01 23:25:00,1.6666666666666667,21,20
34751,61,Short,1900-01-01 20:12:00,1900-01-01 21:55:00,1.7166666666666666,21,20
34752,61,Short,1900-01-01 22:20:00,1900-01-01 00:00:00,1.6666666666666667,21,20
34753,61,Short,1900-01-01 20:48:00,1900-01-01 22:28:00,1.6666666666666667,21,20
34754,61,Short,1900-01-01 23:05:00,1900-01-01 00:43:00,1.6333333333333333,21,20
34755,61,Short,1900-01-01 21:45:00,1900-01-01 23:30:00,1.75,21,20
34757,61,Short,1900-01-01 22:20:00,1900-01-01 00:02:00,1.7,21,20
34782,94,Short,1900-01-01 20:30:00,1900-01-01 22:56:00,2.433333333333333,29,28
34791,108,Short,1900-01-01 04:10:00,1900-01-01 06:52:00,2.7,23,22
34792,108,Short,1900-01-01 13:20:00,1900-01-01 16:02:00,2.7,30,29
34793,108,Short,1900-01-01 16:33:00,1900-01-01 19:18:00,2.75,30,29
34794,108,Short,1900-01-01 21:30:00,1900-01-01 00:15:00,2.75,21,20
34811,59,Short,1900-01-01 03:00:00,1900-01-01 04:45:00,1.75,19,18
34812,59,Short,1900-01-01 03:54:00,1900-01-01 05:20:00,1.4333333333333333,15,14
34813,59,Short,1900-01-01 04:00:00,1900-01-01 05:35:00,1.5833333333333333,24,23
34814,59,Short,1900-01-01 04:45:00,1900-01-01 06:20:00,1.5833333333333333,24,23
34815,59,Short,1900-01-01 04:40:00,1900-01-01 06:14:00,1.5666666666666667,22,21
34816,59,Short,1900-01-01 05:25:00,1900-01-01 07:00:00,1.5833333333333333,22,21
34817,59,Short,1900-01-01 05:30:00,1900-01-01 07:08:00,1.6333333333333333,24,23
34818,59,Short,1900-01-01 06:20:00,1900-01-01 08:00:00,1.6666666666666667,24,23
34819,59,Short,1900-01-01 05:52:00,1900-01-01 07:36:00,1.7333333333333334,24,23
34820,59,Short,1900-01-01 06:55:00,1900-01-01 08:35:00,1.6666666666666667,24,23
34821,59,Short,1900-01-01 06:52:00,1900-01-01 08:30:00,1.6333333333333333,24,23
34822,59,Short,1900-01-01 07:25:00,1900-01-01 09:00:00,1.5833333333333333,17,16
34823,59,Short,1900-01-01 07:42:00,1900-01-01 09:25:00,1.7166666666666666,24,23
34824,59,Short,1900-01-01 07:50:00,1900-01-01 09:30:00,1.6666666666666667,24,23
34825,59,Short,1900-01-01 08:25:00,1900-01-01 10:05:00,1.6666666666666667,24,23
34826,59,Short,1900-01-01 08:57:00,1900-01-01 10:35:00,1.6333333333333333,24,23
34827,59,Short,1900-01-01 09:15:00,1900-01-01 10:52:00,1.6166666666666667,24,23
34828,59,Short,1900-01-01 09:57:00,1900-01-01 11:35:00,1.6333333333333333,24,23
34829,59,Short,1900-01-01 09:37:00,1900-01-01 11:08:00,1.5166666666666666,17,16
34830,59,Short,1900-01-01 10:38:00,1900-01-01 12:17:00,1.65,24,23
34831,59,Short,1900-01-01 10:08:00,1900-01-01 11:45:00,1.6166666666666667,24,23
34832,59,Short,1900-01-01 11:42:00,1900-01-01 13:20:00,1.6333333333333333,22,21
34833,59,Short,1900-01-01 11:02:00,1900-01-01 12:40:00,1.6333333333333333,22,21
34834,59,Short,1900-01-01 12:35:00,1900-01-01 14:15:00,1.6666666666666667,24,23
34835,59,Short,1900-01-01 11:55:00,1900-01-01 13:38:00,1.7166666666666666,24,23
34836,59,Short,1900-01-01 13:26:00,1900-01-01 15:05:00,1.65,24,23
34837,59,Short,1900-01-01 12:50:00,1900-01-01 14:28:00,1.6333333333333333,24,23
34838,59,Short,1900-01-01 14:10:00,1900-01-01 15:50:00,1.6666666666666667,24,23
34839,59,Short,1900-01-01 14:00:00,1900-01-01 16:00:00,2.0,24,23
34840,59,Short,1900-01-01 15:40:00,1900-01-01 17:20:00,1.6666666666666667,24,23
34841,59,Short,1900-01-01 14:50:00,1900-01-01 16:30:00,1.6666666666666667,24,23
34842,59,Short,1900-01-01 16:55:00,1900-01-01 18:32:00,1.6166666666666667,24,23
34843,59,Short,1900-01-01 15:40:00,1900-01-01 17:18:00,1.6333333333333333,24,23
34844,59,Short,1900-01-01 18:02:00,1900-01-01 19:40:00,1.6333333333333333,24,23
34845,59,Short,1900-01-01 16:05:00,1900-01-01 17:45:00,1.6666666666666667,24,23
34846,59,Short,1900-01-01 18:45:00,1900-01-01 20:23:00,1.6333333333333333,24,23
34847,59,Short,1900-01-01 17:32:00,1900-01-01 19:10:00,1.6333333333333333,24,23
34848,59,Short,1900-01-01 19:45:00,1900-01-01 21:20:00,1.5833333333333333,24,23
34849,59,Short,1900-01-01 19:07:00,1900-01-01 20:45:00,1.6333333333333333,22,21
34850,59,Short,1900-01-01 20:20:00,1900-01-01 21:58:00,1.6333333333333333,22,21
34851,59,Short,1900-01-01 20:07:00,1900-01-01 21:44:00,1.6166666666666667,23,22
34852,59,Short,1900-01-01 21:10:00,1900-01-01 22:50:00,1.6666666666666667,24,23
34853,59,Short,1900-01-01 21:00:00,1900-01-01 22:40:00,1.6666666666666667,24,23
34854,59,Short,1900-01-01 21:55:00,1900-01-01 23:32:00,1.6166666666666667,24,23
34855,59,Short,1900-01-01 21:40:00,1900-01-01 23:19:00,1.65,22,21
34856,59,Short,1900-01-01 22:45:00,1900-01-01 00:20:00,1.5833333333333333,23,22
34857,59,Short,1900-01-01 22:15:00,1900-01-01 23:50:00,1.5833333333333333,21,20
34858,59,Short,1900-01-01 23:42:00,1900-01-01 01:12:00,1.5,20,19
34859,59,Short,1900-01-01 16:53:00,1900-01-01 18:31:00,1.6333333333333333,24,23
34860,59,Short,1900-01-01 14:55:00,1900-01-01 16:35:00,1.6666666666666667,24,23
34881,43,Short,1900-01-01 10:45:00,1900-01-01 11:50:00,1.0833333333333333,17,16
34882,43,Short,1900-01-01 04:50:00,1900-01-01 05:55:00,1.0833333333333333,17,16
34891,34,Short,1900-01-01 06:13:00,1900-01-01 07:05:00,0.8666666666666667,14,13
34892,34,Short,1900-01-01 09:22:00,1900-01-01 10:15:00,0.8833333333333333,14,13
34898,39,Short,1900-01-01 19:05:00,1900-01-01 20:10:00,1.0833333333333333,16,15
34899,39,Short,1900-01-01 21:00:00,1900-01-01 22:10:00,1.1666666666666667,16,15
34911,46,Short,1900-01-01 04:37:00,1900-01-01 05:42:00,1.0833333333333333,8,7
34912,46,Short,1900-01-01 03:08:00,1900-01-01 04:05:00,0.95,8,7
34913,46,Short,1900-01-01 05:55:00,1900-01-01 06:55:00,1.0,8,7
34914,46,Short,1900-01-01 04:10:00,1900-01-01 05:15:00,1.0833333333333333,8,7
34915,46,Short,1900-01-01 07:26:00,1900-01-01 08:31:00,1.0833333333333333,8,7
34916,46,Short,1900-01-01 05:55:00,1900-01-01 06:57:00,1.0333333333333334,8,7
34917,46,Short,1900-01-01 08:12:00,1900-01-01 09:08:00,0.9333333333333333,8,7
34918,46,Short,1900-01-01 07:01:00,1900-01-01 08:00:00,0.9833333333333333,8,7
34919,46,Short,1900-01-01 10:20:00,1900-01-01 11:18:00,0.9666666666666667,8,7
34920,46,Short,1900-01-01 09:10:00,1900-01-01 10:08:00,0.9666666666666667,8,7
34921,46,Short,1900-01-01 12:28:00,1900-01-01 13:30:00,1.0333333333333334,8,7
34922,46,Short,1900-01-01 11:20:00,1900-01-01 12:18:00,0.9666666666666667,8,7
34923,46,Short,1900-01-01 13:32:00,1900-01-01 14:32:00,1.0,8,7
34924,46,Short,1900-01-01 12:05:00,1900-01-01 13:05:00,1.0,8,7
34925,46,Short,1900-01-01 15:00:00,1900-01-01 16:00:00,1.0,8,7
34926,46,Short,1900-01-01 13:32:00,1900-01-01 14:34:00,1.0333333333333334,8,7
34927,46,Short,1900-01-01 17:32:00,1900-01-01 18:30:00,0.9666666666666667,8,7
34928,46,Short,1900-01-01 16:06:00,1900-01-01 17:08:00,1.0333333333333334,8,7
34929,46,Short,1900-01-01 19:40:00,1900-01-01 20:42:00,1.0333333333333334,8,7
34930,46,Short,1900-01-01 18:32:00,1900-01-01 19:31:00,0.9833333333333333,8,7
34931,46,Short,1900-01-01 20:46:00,1900-01-01 21:48:00,1.0333333333333334,8,7
34932,46,Short,1900-01-01 19:15:00,1900-01-01 20:16:00,1.0166666666666666,8,7
34933,46,Short,1900-01-01 22:10:00,1900-01-01 23:11:00,1.0166666666666666,8,7
34934,46,Short,1900-01-01 20:45:00,1900-01-01 21:45:00,1.0,8,7
34981,33,Short,1900-01-01 23:30:00,1900-01-01 00:16:00,0.7666666666666667,7,6
35011,26,Short,1900-01-01 05:10:00,1900-01-01 05:45:00,0.5833333333333334,9,8
35012,26,Short,1900-01-01 06:15:00,1900-01-01 06:50:00,0.5833333333333334,9,8
35013,26,Short,1900-01-01 07:25:00,1900-01-01 08:00:00,0.5833333333333334,9,8
35014,26,Short,1900-01-01 07:25:00,1900-01-01 08:00:00,0.5833333333333334,9,8
35015,26,Short,1900-01-01 07:25:00,1900-01-01 08:00:00,0.5833333333333334,9,8
35016,26,Short,1900-01-01 10:40:00,1900-01-01 11:15:00,0.5833333333333334,9,8
35017,46,Short,1900-01-01 14:00:00,1900-01-01 15:10:00,1.1666666666666667,15,14
35018,46,Short,1900-01-01 16:10:00,1900-01-01 17:20:00,1.1666666666666667,15,14
35019,26,Short,1900-01-01 18:15:00,1900-01-01 18:50:00,0.5833333333333334,9,8
35020,26,Short,1900-01-01 19:10:00,1900-01-01 19:45:00,0.5833333333333334,9,8
35021,26,Short,1900-01-01 20:20:00,1900-01-01 20:55:00,0.5833333333333334,9,8
35022,26,Short,1900-01-01 21:10:00,1900-01-01 21:45:00,0.5833333333333334,9,8
36011,26,Short,1900-01-01 09:40:00,1900-01-01 10:20:00,0.6666666666666666,9,8
36012,26,Short,1900-01-01 10:54:00,1900-01-01 11:35:00,0.6833333333333333,9,8
36031,40,Short,1900-01-01 08:45:00,1900-01-01 09:44:00,0.9833333333333333,14,13
36032,40,Short,1900-01-01 09:57:00,1900-01-01 11:05:00,1.1333333333333333,14,13
36033,40,Short,1900-01-01 10:30:00,1900-01-01 11:28:00,0.9666666666666667,14,13
36034,40,Short,1900-01-01 11:50:00,1900-01-01 12:55:00,1.0833333333333333,14,13
36035,40,Short,1900-01-01 13:50:00,1900-01-01 14:52:00,1.0333333333333334,14,13
36036,40,Short,1900-01-01 15:05:00,1900-01-01 16:05:00,1.0,14,13
36037,40,Short,1900-01-01 17:55:00,1900-01-01 18:54:00,0.9833333333333333,14,13
36038,40,Short,1900-01-01 19:33:00,1900-01-01 20:35:00,1.0333333333333334,14,13
36071,58,Short,1900-01-01 05:05:00,1900-01-01 06:30:00,1.4166666666666667,18,17
36072,58,Short,1900-01-01 07:07:00,1900-01-01 08:32:00,1.4166666666666667,18,17
36081,72,Short,1900-01-01 05:40:00,1900-01-01 07:36:00,1.9333333333333333,22,21
36082,72,Short,1900-01-01 08:06:00,1900-01-01 09:45:00,1.65,24,23
36083,72,Short,1900-01-01 15:05:00,1900-01-01 16:50:00,1.75,24,23
36084,72,Short,1900-01-01 17:27:00,1900-01-01 19:15:00,1.8,24,23
36085,72,Short,1900-01-01 16:30:00,1900-01-01 18:15:00,1.75,24,23
36086,72,Short,1900-01-01 18:25:00,1900-01-01 20:05:00,1.6666666666666667,24,23
36087,72,Short,1900-01-01 19:20:00,1900-01-01 21:07:00,1.7833333333333334,24,23
36088,72,Short,1900-01-01 22:06:00,1900-01-01 23:42:00,1.6,22,21
36811,94,Short,1900-01-01 03:55:00,1900-01-01 06:00:00,2.0833333333333335,29,28
36812,94,Short,1900-01-01 02:50:00,1900-01-01 05:20:00,2.5,25,24
36813,94,Short,1900-01-01 04:55:00,1900-01-01 07:00:00,2.0833333333333335,27,26
36814,94,Short,1900-01-01 04:00:00,1900-01-01 06:15:00,2.25,29,28
36815,94,Short,1900-01-01 06:10:00,1900-01-01 08:18:00,2.1333333333333333,30,29
36816,94,Short,1900-01-01 04:56:00,1900-01-01 07:04:00,2.1333333333333333,28,27
36817,94,Short,1900-01-01 07:07:00,1900-01-01 09:15:00,2.1333333333333333,28,27
36818,94,Short,1900-01-01 05:40:00,1900-01-01 07:45:00,2.0833333333333335,27,26
36819,94,Short,1900-01-01 08:25:00,1900-01-01 10:40:00,2.25,29,28
36820,94,Short,1900-01-01 06:10:00,1900-01-01 08:15:00,2.0833333333333335,29,28
36821,94,Short,1900-01-01 09:20:00,1900-01-01 11:40:00,2.3333333333333335,29,28
36822,94,Short,1900-01-01 06:48:00,1900-01-01 08:57:00,2.15,29,28
36823,94,Short,1900-01-01 10:15:00,1900-01-01 12:20:00,2.0833333333333335,29,28
36824,94,Short,1900-01-01 07:22:00,1900-01-01 09:25:00,2.05,28,27
36825,94,Short,1900-01-01 11:22:00,1900-01-01 13:38:00,2.2666666666666666,26,25
36826,94,Short,1900-01-01 07:35:00,1900-01-01 09:37:00,2.033333333333333,29,28
36827,94,Short,1900-01-01 12:05:00,1900-01-01 14:15:00,2.1666666666666665,29,28
36828,94,Short,1900-01-01 08:10:00,1900-01-01 10:15:00,2.0833333333333335,29,28
36829,94,Short,1900-01-01 13:32:00,1900-01-01 15:45:00,2.216666666666667,29,28
36830,94,Short,1900-01-01 08:35:00,1900-01-01 10:05:00,1.5,2,1
36831,94,Short,1900-01-01 14:45:00,1900-01-01 16:50:00,2.0833333333333335,30,29
36832,94,Short,1900-01-01 09:18:00,1900-01-01 11:20:00,2.033333333333333,29,28
36833,94,Short,1900-01-01 15:30:00,1900-01-01 17:35:00,2.0833333333333335,29,28
36834,94,Short,1900-01-01 10:00:00,1900-01-01 12:05:00,2.0833333333333335,28,27
36835,94,Short,1900-01-01 17:27:00,1900-01-01 18:55:00,1.4666666666666666,8,7
36836,94,Short,1900-01-01 11:10:00,1900-01-01 13:15:00,2.0833333333333335,29,28
36837,94,Short,1900-01-01 17:33:00,1900-01-01 19:40:00,2.1166666666666667,29,28
36838,94,Short,1900-01-01 11:45:00,1900-01-01 14:15:00,2.5,29,28
36839,94,Short,1900-01-01 18:05:00,1900-01-01 20:15:00,2.1666666666666665,29,28
36840,94,Short,1900-01-01 13:10:00,1900-01-01 15:25:00,2.25,29,28
36841,94,Short,1900-01-01 18:30:00,1900-01-01 20:40:00,2.1666666666666665,29,28
36842,94,Short,1900-01-01 14:20:00,1900-01-01 16:20:00,2.0,28,27
36843,94,Short,1900-01-01 18:57:00,1900-01-01 21:11:00,2.2333333333333334,28,27
36844,94,Short,1900-01-01 15:25:00,1900-01-01 17:30:00,2.0833333333333335,30,29
36845,94,Short,1900-01-01 19:47:00,1900-01-01 22:00:00,2.216666666666667,28,27
36846,94,Short,1900-01-01 16:40:00,1900-01-01 18:45:00,2.0833333333333335,30,29
36847,94,Short,1900-01-01 20:20:00,1900-01-01 22:34:00,2.2333333333333334,29,28
36848,94,Short,1900-01-01 17:50:00,1900-01-01 19:55:00,2.0833333333333335,29,28
36849,94,Short,1900-01-01 20:48:00,1900-01-01 23:00:00,2.2,29,28
36850,94,Short,1900-01-01 18:45:00,1900-01-01 20:47:00,2.033333333333333,29,28
36851,94,Short,1900-01-01 21:42:00,1900-01-01 00:03:00,2.35,26,25
36852,94,Short,1900-01-01 19:20:00,1900-01-01 21:40:00,2.3333333333333335,29,28
36853,94,Short,1900-01-01 22:10:00,1900-01-01 00:20:00,2.1666666666666665,30,29
36854,94,Short,1900-01-01 20:05:00,1900-01-01 22:10:00,2.0833333333333335,29,28
36855,94,Short,1900-01-01 23:15:00,1900-01-01 01:25:00,2.1666666666666665,29,28
36856,94,Short,1900-01-01 20:20:00,1900-01-01 22:25:00,2.0833333333333335,29,28
36858,94,Short,1900-01-01 20:43:00,1900-01-01 22:45:00,2.033333333333333,29,28
36860,94,Short,1900-01-01 22:00:00,1900-01-01 00:03:00,2.05,30,29
37011,19,Short,1900-01-01 07:45:00,1900-01-01 08:16:00,0.5166666666666667,9,8
37012,19,Short,1900-01-01 08:40:00,1900-01-01 09:15:00,0.5833333333333334,9,8
37013,19,Short,1900-01-01 09:20:00,1900-01-01 09:53:00,0.55,9,8
37014,19,Short,1900-01-01 10:00:00,1900-01-01 10:36:00,0.6,9,8
37017,19,Short,1900-01-01 11:20:00,1900-01-01 11:52:00,0.5333333333333333,9,8
37018,19,Short,1900-01-01 12:30:00,1900-01-01 13:08:00,0.6333333333333333,9,8
37019,19,Short,1900-01-01 14:35:00,1900-01-01 15:07:00,0.5333333333333333,9,8
37020,19,Short,1900-01-01 15:20:00,1900-01-01 15:55:00,0.5833333333333334,9,8
37021,19,Short,1900-01-01 17:15:00,1900-01-01 17:49:00,0.5666666666666667,9,8
37022,19,Short,1900-01-01 17:59:00,1900-01-01 18:35:00,0.6,9,8
37041,22,Short,1900-01-01 07:30:00,1900-01-01 08:08:00,0.6333333333333333,10,9
37042,22,Short,1900-01-01 08:20:00,1900-01-01 09:00:00,0.6666666666666666,10,9
37043,22,Short,1900-01-01 08:12:00,1900-01-01 08:50:00,0.6333333333333333,10,9
37044,22,Short,1900-01-01 09:01:00,1900-01-01 09:40:00,0.65,10,9
37045,22,Short,1900-01-01 08:50:00,1900-01-01 09:30:00,0.6666666666666666,10,9
37046,22,Short,1900-01-01 09:50:00,1900-01-01 10:30:00,0.6666666666666666,10,9
37047,22,Short,1900-01-01 09:15:00,1900-01-01 09:53:00,0.6333333333333333,10,9
37048,22,Short,1900-01-01 10:15:00,1900-01-01 10:56:00,0.6833333333333333,10,9
37049,22,Short,1900-01-01 09:40:00,1900-01-01 10:17:00,0.6166666666666667,10,9
37050,22,Short,1900-01-01 10:32:00,1900-01-01 11:10:00,0.6333333333333333,10,9
37053,22,Short,1900-01-01 11:00:00,1900-01-01 11:37:00,0.6166666666666667,10,9
37054,22,Short,1900-01-01 12:15:00,1900-01-01 12:57:00,0.7,10,9
37055,22,Short,1900-01-01 11:52:00,1900-01-01 12:27:00,0.5833333333333334,10,9
37056,22,Short,1900-01-01 12:40:00,1900-01-01 13:30:00,0.8333333333333334,10,9
37057,22,Short,1900-01-01 15:50:00,1900-01-01 16:28:00,0.6333333333333333,10,9
37058,22,Short,1900-01-01 16:40:00,1900-01-01 17:23:00,0.7166666666666667,10,9
37060,22,Short,1900-01-01 17:18:00,1900-01-01 18:02:00,0.7333333333333333,10,9
37061,22,Short,1900-01-01 16:50:00,1900-01-01 17:27:00,0.6166666666666667,10,9
37062,22,Short,1900-01-01 17:38:00,1900-01-01 18:20:00,0.7,10,9
37063,22,Short,1900-01-01 17:00:00,1900-01-01 17:42:00,0.7,10,9
37064,22,Short,1900-01-01 18:13:00,1900-01-01 18:55:00,0.7,10,9
37065,22,Short,1900-01-01 18:25:00,1900-01-01 19:03:00,0.6333333333333333,10,9
37066,22,Short,1900-01-01 19:22:00,1900-01-01 20:05:00,0.7166666666666667,10,9
37067,22,Short,1900-01-01 10:25:00,1900-01-01 11:03:00,0.6333333333333333,10,9
37068,22,Short,1900-01-01 11:25:00,1900-01-01 12:05:00,0.6666666666666666,10,9
37111,6,Short,1900-01-01 07:40:00,1900-01-01 08:05:00,0.4166666666666667,2,1
37112,6,Short,1900-01-01 08:23:00,1900-01-01 08:48:00,0.4166666666666667,3,2
37113,6,Short,1900-01-01 08:55:00,1900-01-01 09:20:00,0.4166666666666667,2,1
37114,6,Short,1900-01-01 09:28:00,1900-01-01 09:55:00,0.45,3,2
37115,6,Short,1900-01-01 10:10:00,1900-01-01 10:32:00,0.36666666666666664,2,1
37116,6,Short,1900-01-01 10:55:00,1900-01-01 11:20:00,0.4166666666666667,3,2
37117,6,Short,1900-01-01 16:05:00,1900-01-01 16:30:00,0.4166666666666667,2,1
37118,6,Short,1900-01-01 16:45:00,1900-01-01 17:10:00,0.4166666666666667,3,2
37119,6,Short,1900-01-01 17:20:00,1900-01-01 17:46:00,0.43333333333333335,2,1
37120,6,Short,1900-01-01 18:00:00,1900-01-01 18:25:00,0.4166666666666667,3,2
37121,6,Short,1900-01-01 18:30:00,1900-01-01 19:00:00,0.5,2,1
37122,6,Short,1900-01-01 19:10:00,1900-01-01 19:35:00,0.4166666666666667,3,2
37201,39,Short,1900-01-01 18:55:00,1900-01-01 19:55:00,1.0,17,16
37202,39,Short,1900-01-01 08:40:00,1900-01-01 09:43:00,1.05,17,16
37211,39,Short,1900-01-01 04:47:00,1900-01-01 05:45:00,0.9666666666666667,17,16
37212,39,Short,1900-01-01 03:07:00,1900-01-01 04:08:00,1.0166666666666666,17,16
37213,39,Short,1900-01-01 05:16:00,1900-01-01 06:15:00,0.9833333333333333,17,16
37214,39,Short,1900-01-01 03:50:00,1900-01-01 04:50:00,1.0,17,16
37215,39,Short,1900-01-01 06:26:00,1900-01-01 07:27:00,1.0166666666666666,17,16
37216,39,Short,1900-01-01 04:45:00,1900-01-01 05:50:00,1.0833333333333333,17,16
37217,39,Short,1900-01-01 07:05:00,1900-01-01 08:05:00,1.0,17,16
37218,39,Short,1900-01-01 05:10:00,1900-01-01 06:12:00,1.0333333333333334,17,16
37219,39,Short,1900-01-01 07:35:00,1900-01-01 08:40:00,1.0833333333333333,17,16
37220,39,Short,1900-01-01 05:40:00,1900-01-01 06:45:00,1.0833333333333333,17,16
37221,39,Short,1900-01-01 08:20:00,1900-01-01 09:20:00,1.0,17,16
37222,39,Short,1900-01-01 06:30:00,1900-01-01 07:35:00,1.0833333333333333,17,16
37223,39,Short,1900-01-01 08:45:00,1900-01-01 09:45:00,1.0,17,16
37224,39,Short,1900-01-01 06:48:00,1900-01-01 07:52:00,1.0666666666666667,17,16
37225,39,Short,1900-01-01 09:10:00,1900-01-01 10:10:00,1.0,17,16
37226,39,Short,1900-01-01 07:15:00,1900-01-01 08:18:00,1.05,17,16
37227,39,Short,1900-01-01 09:25:00,1900-01-01 10:25:00,1.0,17,16
37228,39,Short,1900-01-01 08:05:00,1900-01-01 09:05:00,1.0,17,16
37229,39,Short,1900-01-01 09:50:00,1900-01-01 10:50:00,1.0,17,16
37230,39,Short,1900-01-01 08:32:00,1900-01-01 09:34:00,1.0333333333333334,17,16
37231,39,Short,1900-01-01 10:15:00,1900-01-01 11:15:00,1.0,17,16
37232,39,Short,1900-01-01 08:52:00,1900-01-01 09:55:00,1.05,17,16
37233,39,Short,1900-01-01 10:30:00,1900-01-01 11:28:00,0.9666666666666667,17,16
37234,39,Short,1900-01-01 09:08:00,1900-01-01 10:09:00,1.0166666666666666,17,16
37235,39,Short,1900-01-01 10:45:00,1900-01-01 11:44:00,0.9833333333333333,17,16
37236,39,Short,1900-01-01 09:46:00,1900-01-01 10:48:00,1.0333333333333334,17,16
37237,39,Short,1900-01-01 10:55:00,1900-01-01 11:55:00,1.0,17,16
37238,39,Short,1900-01-01 10:30:00,1900-01-01 11:32:00,1.0333333333333334,17,16
37239,39,Short,1900-01-01 11:15:00,1900-01-01 12:18:00,1.05,17,16
37240,39,Short,1900-01-01 10:45:00,1900-01-01 11:50:00,1.0833333333333333,17,16
37241,39,Short,1900-01-01 12:00:00,1900-01-01 13:00:00,1.0,17,16
37242,39,Short,1900-01-01 11:22:00,1900-01-01 12:25:00,1.05,17,16
37243,39,Short,1900-01-01 12:20:00,1900-01-01 13:20:00,1.0,17,16
37244,39,Short,1900-01-01 12:15:00,1900-01-01 13:20:00,1.0833333333333333,17,16
37245,39,Short,1900-01-01 12:55:00,1900-01-01 13:55:00,1.0,17,16
37246,39,Short,1900-01-01 12:30:00,1900-01-01 13:47:00,1.2833333333333334,17,16
37247,39,Short,1900-01-01 13:15:00,1900-01-01 14:13:00,0.9666666666666667,17,16
37248,39,Short,1900-01-01 13:15:00,1900-01-01 14:20:00,1.0833333333333333,17,16
37249,39,Short,1900-01-01 13:25:00,1900-01-01 14:24:00,0.9833333333333333,17,16
37250,39,Short,1900-01-01 13:35:00,1900-01-01 14:35:00,1.0,17,16
37251,39,Short,1900-01-01 13:33:00,1900-01-01 14:30:00,0.95,17,16
37252,39,Short,1900-01-01 14:12:00,1900-01-01 15:16:00,1.0666666666666667,17,16
37253,39,Short,1900-01-01 14:40:00,1900-01-01 15:40:00,1.0,17,16
37254,39,Short,1900-01-01 14:50:00,1900-01-01 15:57:00,1.1166666666666667,17,16
37255,39,Short,1900-01-01 15:00:00,1900-01-01 16:05:00,1.0833333333333333,17,16
37256,39,Short,1900-01-01 15:10:00,1900-01-01 16:10:00,1.0,17,16
37257,39,Short,1900-01-01 15:35:00,1900-01-01 16:35:00,1.0,17,16
37258,39,Short,1900-01-01 15:35:00,1900-01-01 16:38:00,1.05,17,16
37259,39,Short,1900-01-01 16:16:00,1900-01-01 17:20:00,1.0666666666666667,17,16
37260,39,Short,1900-01-01 16:05:00,1900-01-01 17:08:00,1.05,17,16
37261,39,Short,1900-01-01 16:55:00,1900-01-01 17:55:00,1.0,17,16
37262,39,Short,1900-01-01 16:40:00,1900-01-01 17:42:00,1.0333333333333334,17,16
37263,39,Short,1900-01-01 17:47:00,1900-01-01 18:48:00,1.0166666666666666,17,16
37264,39,Short,1900-01-01 16:48:00,1900-01-01 17:50:00,1.0333333333333334,17,16
37265,39,Short,1900-01-01 18:15:00,1900-01-01 19:14:00,0.9833333333333333,17,16
37266,39,Short,1900-01-01 17:12:00,1900-01-01 18:12:00,1.0,17,16
37267,39,Short,1900-01-01 18:20:00,1900-01-01 19:20:00,1.0,17,16
37268,39,Short,1900-01-01 17:30:00,1900-01-01 18:30:00,1.0,17,16
37269,39,Short,1900-01-01 18:45:00,1900-01-01 19:45:00,1.0,17,16
37270,39,Short,1900-01-01 18:05:00,1900-01-01 19:10:00,1.0833333333333333,17,16
37271,39,Short,1900-01-01 19:30:00,1900-01-01 20:28:00,0.9666666666666667,17,16
37272,39,Short,1900-01-01 18:20:00,1900-01-01 19:22:00,1.0333333333333334,17,16
37273,39,Short,1900-01-01 19:40:00,1900-01-01 20:40:00,1.0,17,16
37274,39,Short,1900-01-01 18:50:00,1900-01-01 19:55:00,1.0833333333333333,17,16
37275,39,Short,1900-01-01 20:10:00,1900-01-01 21:10:00,1.0,17,16
37276,39,Short,1900-01-01 19:30:00,1900-01-01 20:36:00,1.1,17,16
37277,39,Short,1900-01-01 21:05:00,1900-01-01 22:04:00,0.9833333333333333,17,16
37278,39,Short,1900-01-01 19:45:00,1900-01-01 20:48:00,1.05,17,16
37279,39,Short,1900-01-01 21:10:00,1900-01-01 22:10:00,1.0,17,16
37280,39,Short,1900-01-01 20:33:00,1900-01-01 21:35:00,1.0333333333333334,17,16
37281,39,Short,1900-01-01 21:30:00,1900-01-01 22:30:00,1.0,17,16
37282,39,Short,1900-01-01 21:00:00,1900-01-01 22:00:00,1.0,17,16
37283,39,Short,1900-01-01 21:50:00,1900-01-01 22:50:00,1.0,17,16
37284,39,Short,1900-01-01 21:45:00,1900-01-01 22:50:00,1.0833333333333333,17,16
37285,39,Short,1900-01-01 22:20:00,1900-01-01 23:20:00,1.0,17,16
37286,39,Short,1900-01-01 22:18:00,1900-01-01 23:20:00,1.0333333333333334,17,16
37287,39,Short,1900-01-01 22:30:00,1900-01-01 23:28:00,0.9666666666666667,17,16
37288,39,Short,1900-01-01 22:30:00,1900-01-01 23:33:00,1.05,17,16
37289,39,Short,1900-01-01 23:15:00,1900-01-01 00:20:00,1.0833333333333333,17,16
37290,39,Short,1900-01-01 22:45:00,1900-01-01 23:45:00,1.0,17,16
37291,39,Short,1900-01-01 23:45:00,1900-01-01 00:45:00,1.0,17,16
37303,33,Short,1900-01-01 05:32:00,1900-01-01 06:30:00,0.9666666666666667,13,12
37304,33,Short,1900-01-01 08:12:00,1900-01-01 09:09:00,0.95,13,12
37305,33,Short,1900-01-01 19:15:00,1900-01-01 20:17:00,1.0333333333333334,13,12
37306,33,Short,1900-01-01 21:05:00,1900-01-01 22:10:00,1.0833333333333333,13,12
37307,44,Short,1900-01-01 06:52:00,1900-01-01 08:02:00,1.1666666666666667,17,16
37308,44,Short,1900-01-01 08:30:00,1900-01-01 09:48:00,1.3,17,16
37311,57,Short,1900-01-01 05:55:00,1900-01-01 07:25:00,1.5,21,20
37312,57,Short,1900-01-01 03:50:00,1900-01-01 05:20:00,1.5,21,20
37313,57,Short,1900-01-01 06:32:00,1900-01-01 08:05:00,1.55,21,20
37314,57,Short,1900-01-01 04:50:00,1900-01-01 06:20:00,1.5,21,20
37315,57,Short,1900-01-01 08:25:00,1900-01-01 09:55:00,1.5,21,20
37316,57,Short,1900-01-01 05:35:00,1900-01-01 07:05:00,1.5,21,20
37317,57,Short,1900-01-01 09:05:00,1900-01-01 10:32:00,1.45,21,20
37318,57,Short,1900-01-01 06:20:00,1900-01-01 07:55:00,1.5833333333333333,21,20
37319,57,Short,1900-01-01 10:20:00,1900-01-01 11:48:00,1.4666666666666666,21,20
37320,57,Short,1900-01-01 07:05:00,1900-01-01 08:40:00,1.5833333333333333,20,19
37321,57,Short,1900-01-01 10:50:00,1900-01-01 12:20:00,1.5,21,20
37322,57,Short,1900-01-01 07:55:00,1900-01-01 09:24:00,1.4833333333333334,18,17
37323,57,Short,1900-01-01 11:36:00,1900-01-01 13:05:00,1.4833333333333334,21,20
37324,57,Short,1900-01-01 09:32:00,1900-01-01 11:02:00,1.5,21,20
37325,57,Short,1900-01-01 13:20:00,1900-01-01 14:50:00,1.5,21,20
37326,57,Short,1900-01-01 10:25:00,1900-01-01 11:58:00,1.55,21,20
37327,57,Short,1900-01-01 13:38:00,1900-01-01 15:03:00,1.4166666666666667,21,20
37328,57,Short,1900-01-01 11:15:00,1900-01-01 12:47:00,1.5333333333333334,21,20
37329,57,Short,1900-01-01 14:10:00,1900-01-01 15:40:00,1.5,21,20
37330,57,Short,1900-01-01 12:00:00,1900-01-01 13:35:00,1.5833333333333333,21,20
37331,57,Short,1900-01-01 15:05:00,1900-01-01 16:40:00,1.5833333333333333,21,20
37332,57,Short,1900-01-01 12:40:00,1900-01-01 14:12:00,1.5333333333333334,21,20
37333,57,Short,1900-01-01 16:10:00,1900-01-01 17:40:00,1.5,21,20
37334,57,Short,1900-01-01 13:25:00,1900-01-01 15:00:00,1.5833333333333333,21,20
37335,57,Short,1900-01-01 17:42:00,1900-01-01 19:15:00,1.55,21,20
37336,57,Short,1900-01-01 14:18:00,1900-01-01 15:50:00,1.5333333333333334,21,20
37337,57,Short,1900-01-01 18:10:00,1900-01-01 19:40:00,1.5,21,20
37338,57,Short,1900-01-01 15:15:00,1900-01-01 16:45:00,1.5,21,20
37339,57,Short,1900-01-01 19:05:00,1900-01-01 20:38:00,1.55,21,20
37340,57,Short,1900-01-01 16:18:00,1900-01-01 17:43:00,1.4166666666666667,21,20
37341,57,Short,1900-01-01 19:50:00,1900-01-01 21:20:00,1.5,21,20
37342,57,Short,1900-01-01 17:05:00,1900-01-01 18:40:00,1.5833333333333333,21,20
37343,57,Short,1900-01-01 20:05:00,1900-01-01 21:35:00,1.5,21,20
37344,57,Short,1900-01-01 18:07:00,1900-01-01 19:42:00,1.5833333333333333,21,20
37345,57,Short,1900-01-01 20:40:00,1900-01-01 22:05:00,1.4166666666666667,21,20
37346,57,Short,1900-01-01 19:00:00,1900-01-01 20:28:00,1.4666666666666666,21,20
37347,57,Short,1900-01-01 21:15:00,1900-01-01 22:42:00,1.45,21,20
37348,57,Short,1900-01-01 19:33:00,1900-01-01 21:05:00,1.5333333333333334,21,20
37349,57,Short,1900-01-01 22:05:00,1900-01-01 23:34:00,1.4833333333333334,21,20
37350,57,Short,1900-01-01 20:55:00,1900-01-01 22:35:00,1.6666666666666667,21,20
37351,57,Short,1900-01-01 23:00:00,1900-01-01 00:30:00,1.5,21,20
37352,57,Short,1900-01-01 21:38:00,1900-01-01 23:08:00,1.5,21,20
37354,57,Short,1900-01-01 22:50:00,1900-01-01 00:20:00,1.5,21,20
37361,81,Short,1900-01-01 05:10:00,1900-01-01 07:40:00,2.5,23,22
37362,81,Short,1900-01-01 08:30:00,1900-01-01 10:45:00,2.25,23,22
37363,81,Short,1900-01-01 09:55:00,1900-01-01 12:00:00,2.0833333333333335,23,22
37364,81,Short,1900-01-01 12:20:00,1900-01-01 14:40:00,2.3333333333333335,23,22
37365,81,Short,1900-01-01 12:15:00,1900-01-01 14:40:00,2.4166666666666665,23,22
37366,81,Short,1900-01-01 14:50:00,1900-01-01 17:02:00,2.2,23,22
37367,81,Short,1900-01-01 17:10:00,1900-01-01 19:15:00,2.0833333333333335,23,22
37368,81,Short,1900-01-01 19:46:00,1900-01-01 21:53:00,2.1166666666666667,23,22
37371,81,Short,1900-01-01 04:22:00,1900-01-01 06:42:00,2.3333333333333335,23,22
37372,81,Short,1900-01-01 07:45:00,1900-01-01 10:02:00,2.283333333333333,22,21
37373,81,Short,1900-01-01 07:25:00,1900-01-01 09:44:00,2.316666666666667,23,22
37374,81,Short,1900-01-01 13:25:00,1900-01-01 15:30:00,2.0833333333333335,23,22
37375,81,Short,1900-01-01 10:35:00,1900-01-01 12:44:00,2.15,23,22
37376,81,Short,1900-01-01 19:20:00,1900-01-01 21:28:00,2.1333333333333333,23,22
37378,81,Short,1900-01-01 21:40:00,1900-01-01 23:58:00,2.3,23,22
37379,81,Short,1900-01-01 18:40:00,1900-01-01 20:57:00,2.283333333333333,23,22
37385,24,Short,1900-01-01 03:50:00,1900-01-01 04:30:00,0.6666666666666666,3,2
37386,24,Short,1900-01-01 04:40:00,1900-01-01 05:20:00,0.6666666666666666,3,2
37387,24,Short,1900-01-01 05:32:00,1900-01-01 06:08:00,0.6,5,4
37388,24,Short,1900-01-01 06:18:00,1900-01-01 06:58:00,0.6666666666666666,5,4
37389,24,Short,1900-01-01 16:00:00,1900-01-01 16:34:00,0.5666666666666667,3,2
37390,24,Short,1900-01-01 10:25:00,1900-01-01 11:00:00,0.5833333333333334,3,2
37391,24,Short,1900-01-01 22:25:00,1900-01-01 23:05:00,0.6666666666666666,5,4
37392,24,Short,1900-01-01 17:20:00,1900-01-01 17:58:00,0.6333333333333333,3,2
37394,24,Short,1900-01-01 23:15:00,1900-01-01 23:55:00,0.6666666666666666,5,4
37411,34,Short,1900-01-01 05:15:00,1900-01-01 06:05:00,0.8333333333333334,12,11
37412,34,Short,1900-01-01 04:15:00,1900-01-01 05:05:00,0.8333333333333334,12,11
37413,34,Short,1900-01-01 23:10:00,1900-01-01 23:58:00,0.8,12,11
37414,34,Short,1900-01-01 22:00:00,1900-01-01 22:48:00,0.8,12,11
37511,30,Short,1900-01-01 17:50:00,1900-01-01 18:37:00,0.7833333333333333,14,13
37512,30,Short,1900-01-01 16:25:00,1900-01-01 17:10:00,0.75,14,13
37521,8,Short,1900-01-01 04:40:00,1900-01-01 05:00:00,0.3333333333333333,4,3
37522,8,Short,1900-01-01 04:10:00,1900-01-01 04:30:00,0.3333333333333333,4,3
37523,8,Short,1900-01-01 06:18:00,1900-01-01 06:37:00,0.31666666666666665,4,3
37524,8,Short,1900-01-01 05:32:00,1900-01-01 05:50:00,0.3,4,3
37525,8,Short,1900-01-01 07:30:00,1900-01-01 07:50:00,0.3333333333333333,4,3
37526,8,Short,1900-01-01 06:45:00,1900-01-01 07:04:00,0.31666666666666665,4,3
37527,8,Short,1900-01-01 07:55:00,1900-01-01 08:14:00,0.31666666666666665,4,3
37528,8,Short,1900-01-01 07:21:00,1900-01-01 07:42:00,0.35,4,3
37529,8,Short,1900-01-01 08:33:00,1900-01-01 08:52:00,0.31666666666666665,4,3
37530,8,Short,1900-01-01 08:02:00,1900-01-01 08:22:00,0.3333333333333333,4,3
37531,8,Short,1900-01-01 09:42:00,1900-01-01 10:02:00,0.3333333333333333,4,3
37532,8,Short,1900-01-01 09:12:00,1900-01-01 09:32:00,0.3333333333333333,4,3
37533,8,Short,1900-01-01 10:45:00,1900-01-01 11:05:00,0.3333333333333333,4,3
37534,8,Short,1900-01-01 10:15:00,1900-01-01 10:35:00,0.3333333333333333,4,3
37535,8,Short,1900-01-01 12:10:00,1900-01-01 12:30:00,0.3333333333333333,4,3
37536,8,Short,1900-01-01 11:42:00,1900-01-01 12:02:00,0.3333333333333333,4,3
37537,8,Short,1900-01-01 13:30:00,1900-01-01 13:50:00,0.3333333333333333,4,3
37538,8,Short,1900-01-01 12:52:00,1900-01-01 13:14:00,0.36666666666666664,4,3
37539,8,Short,1900-01-01 15:08:00,1900-01-01 15:28:00,0.3333333333333333,4,3
37540,8,Short,1900-01-01 14:39:00,1900-01-01 14:58:00,0.31666666666666665,4,3
37541,8,Short,1900-01-01 15:50:00,1900-01-01 16:10:00,0.3333333333333333,4,3
37542,8,Short,1900-01-01 15:00:00,1900-01-01 15:20:00,0.3333333333333333,4,3
37543,8,Short,1900-01-01 16:08:00,1900-01-01 16:28:00,0.3333333333333333,4,3
37544,8,Short,1900-01-01 15:41:00,1900-01-01 16:00:00,0.31666666666666665,4,3
37545,8,Short,1900-01-01 17:18:00,1900-01-01 17:37:00,0.31666666666666665,4,3
37546,8,Short,1900-01-01 16:50:00,1900-01-01 17:10:00,0.3333333333333333,4,3
37547,8,Short,1900-01-01 18:32:00,1900-01-01 18:52:00,0.3333333333333333,4,3
37548,8,Short,1900-01-01 17:45:00,1900-01-01 18:07:00,0.36666666666666664,4,3
37549,8,Short,1900-01-01 19:15:00,1900-01-01 19:33:00,0.3,4,3
37550,8,Short,1900-01-01 18:40:00,1900-01-01 19:00:00,0.3333333333333333,4,3
37551,8,Short,1900-01-01 19:50:00,1900-01-01 20:10:00,0.3333333333333333,4,3
37552,8,Short,1900-01-01 19:20:00,1900-01-01 19:42:00,0.36666666666666664,4,3
37553,8,Short,1900-01-01 21:15:00,1900-01-01 21:33:00,0.3,4,3
37554,8,Short,1900-01-01 20:35:00,1900-01-01 20:57:00,0.36666666666666664,4,3
37555,8,Short,1900-01-01 22:15:00,1900-01-01 22:35:00,0.3333333333333333,4,3
37556,8,Short,1900-01-01 21:45:00,1900-01-01 22:05:00,0.3333333333333333,4,3
37557,8,Short,1900-01-01 23:58:00,1900-01-01 00:20:00,0.36666666666666664,4,3
37558,8,Short,1900-01-01 23:26:00,1900-01-01 23:45:00,0.31666666666666665,4,3
37611,60,Short,1900-01-01 11:42:00,1900-01-01 13:10:00,1.4666666666666666,20,19
37612,60,Short,1900-01-01 08:55:00,1900-01-01 10:15:00,1.3333333333333333,15,14
37614,60,Short,1900-01-01 13:30:00,1900-01-01 15:08:00,1.6333333333333333,20,19
37651,81,Short,1900-01-01 08:40:00,1900-01-01 10:25:00,1.75,18,17
37652,81,Short,1900-01-01 11:10:00,1900-01-01 13:15:00,2.0833333333333335,18,17
37653,81,Short,1900-01-01 11:31:00,1900-01-01 13:22:00,1.85,28,27
37654,81,Short,1900-01-01 13:45:00,1900-01-01 15:40:00,1.9166666666666667,28,27
37655,81,Short,1900-01-01 12:45:00,1900-01-01 14:37:00,1.8666666666666667,28,27
37656,81,Short,1900-01-01 14:55:00,1900-01-01 16:52:00,1.95,28,27
37657,81,Short,1900-01-01 13:43:00,1900-01-01 15:30:00,1.7833333333333334,28,27
37658,81,Short,1900-01-01 16:00:00,1900-01-01 17:55:00,1.9166666666666667,28,27
37711,21,Short,1900-01-01 08:20:00,1900-01-01 08:45:00,0.4166666666666667,6,5
37731,42,Short,1900-01-01 19:40:00,1900-01-01 20:25:00,0.75,12,11
37732,42,Short,1900-01-01 21:50:00,1900-01-01 22:40:00,0.8333333333333334,12,11
37741,104,Short,1900-01-01 03:05:00,1900-01-01 05:35:00,2.5,27,26
37742,104,Short,1900-01-01 04:40:00,1900-01-01 06:50:00,2.1666666666666665,25,24
37743,104,Short,1900-01-01 04:30:00,1900-01-01 06:40:00,2.1666666666666665,24,23
37744,104,Short,1900-01-01 08:45:00,1900-01-01 11:00:00,2.25,28,27
37745,104,Short,1900-01-01 05:40:00,1900-01-01 07:50:00,2.1666666666666665,26,25
37746,104,Short,1900-01-01 11:10:00,1900-01-01 13:40:00,2.5,27,26
37747,104,Short,1900-01-01 08:10:00,1900-01-01 10:25:00,2.25,27,26
37748,104,Short,1900-01-01 13:00:00,1900-01-01 15:15:00,2.25,28,27
37750,104,Short,1900-01-01 17:35:00,1900-01-01 19:40:00,2.0833333333333335,28,27
37751,104,Short,1900-01-01 14:40:00,1900-01-01 17:10:00,2.5,28,27
37752,104,Short,1900-01-01 19:50:00,1900-01-01 22:05:00,2.25,28,27
37753,104,Short,1900-01-01 16:20:00,1900-01-01 18:35:00,2.25,28,27
37754,104,Short,1900-01-01 20:50:00,1900-01-01 23:00:00,2.1666666666666665,25,24
37756,104,Short,1900-01-01 21:20:00,1900-01-01 23:35:00,2.25,28,27
37757,104,Short,1900-01-01 23:25:00,1900-01-01 01:35:00,2.1666666666666665,24,23
37758,104,Short,1900-01-01 21:50:00,1900-01-01 23:57:00,2.1166666666666667,25,24
37781,67,Short,1900-01-01 03:45:00,1900-01-01 05:02:00,1.2833333333333334,18,17
37782,67,Short,1900-01-01 06:45:00,1900-01-01 08:00:00,1.25,18,17
37783,67,Short,1900-01-01 04:20:00,1900-01-01 05:37:00,1.2833333333333334,18,17
37784,67,Short,1900-01-01 21:00:00,1900-01-01 22:20:00,1.3333333333333333,18,17
37785,67,Short,1900-01-01 05:45:00,1900-01-01 07:05:00,1.3333333333333333,18,17
37786,67,Short,1900-01-01 03:35:00,1900-01-01 04:50:00,1.25,18,17
37811,106,Short,1900-01-01 04:15:00,1900-01-01 06:35:00,2.3333333333333335,34,33
37812,106,Short,1900-01-01 03:05:00,1900-01-01 05:27:00,2.3666666666666667,32,31
37813,106,Short,1900-01-01 05:00:00,1900-01-01 07:20:00,2.3333333333333335,34,33
37814,106,Short,1900-01-01 04:05:00,1900-01-01 06:35:00,2.5,34,33
37815,106,Short,1900-01-01 05:25:00,1900-01-01 07:35:00,2.1666666666666665,27,26
37816,106,Short,1900-01-01 05:05:00,1900-01-01 07:28:00,2.3833333333333333,34,33
37817,106,Short,1900-01-01 06:20:00,1900-01-01 08:47:00,2.45,34,33
37818,106,Short,1900-01-01 05:42:00,1900-01-01 08:08:00,2.433333333333333,34,33
37819,106,Short,1900-01-01 06:58:00,1900-01-01 09:25:00,2.45,34,33
37820,106,Short,1900-01-01 06:18:00,1900-01-01 08:35:00,2.283333333333333,34,33
37821,106,Short,1900-01-01 08:05:00,1900-01-01 10:24:00,2.316666666666667,34,33
37822,106,Short,1900-01-01 06:35:00,1900-01-01 08:30:00,1.9166666666666667,3,2
37823,106,Short,1900-01-01 09:00:00,1900-01-01 11:25:00,2.4166666666666665,34,33
37824,106,Short,1900-01-01 07:00:00,1900-01-01 09:17:00,2.283333333333333,28,27
37825,106,Short,1900-01-01 10:05:00,1900-01-01 12:30:00,2.4166666666666665,34,33
37826,106,Short,1900-01-01 07:38:00,1900-01-01 09:50:00,2.2,22,21
37827,106,Short,1900-01-01 11:25:00,1900-01-01 13:50:00,2.4166666666666665,34,33
37828,106,Short,1900-01-01 08:22:00,1900-01-01 10:38:00,2.2666666666666666,27,26
37829,106,Short,1900-01-01 12:30:00,1900-01-01 14:50:00,2.3333333333333335,34,33
37830,106,Short,1900-01-01 08:46:00,1900-01-01 11:05:00,2.316666666666667,27,26
37831,106,Short,1900-01-01 14:20:00,1900-01-01 16:38:00,2.3,30,29
37832,106,Short,1900-01-01 10:05:00,1900-01-01 12:40:00,2.5833333333333335,34,33
37833,106,Short,1900-01-01 14:45:00,1900-01-01 17:10:00,2.4166666666666665,33,32
37834,106,Short,1900-01-01 11:22:00,1900-01-01 13:50:00,2.466666666666667,34,33
37835,106,Short,1900-01-01 14:46:00,1900-01-01 17:11:00,2.4166666666666665,21,20
37836,106,Short,1900-01-01 12:25:00,1900-01-01 14:46:00,2.35,34,33
37837,106,Short,1900-01-01 15:30:00,1900-01-01 17:50:00,2.3333333333333335,27,26
37838,106,Short,1900-01-01 13:40:00,1900-01-01 16:05:00,2.4166666666666665,34,33
37839,106,Short,1900-01-01 16:45:00,1900-01-01 19:00:00,2.25,29,28
37840,106,Short,1900-01-01 15:15:00,1900-01-01 17:35:00,2.3333333333333335,34,33
37841,106,Short,1900-01-01 17:30:00,1900-01-01 19:36:00,2.1,22,21
37842,106,Short,1900-01-01 16:30:00,1900-01-01 19:02:00,2.533333333333333,34,33
37843,106,Short,1900-01-01 17:55:00,1900-01-01 19:50:00,1.9166666666666667,3,2
37844,106,Short,1900-01-01 17:25:00,1900-01-01 19:48:00,2.3833333333333333,22,21
37845,106,Short,1900-01-01 18:05:00,1900-01-01 20:25:00,2.3333333333333335,30,29
37846,106,Short,1900-01-01 17:24:00,1900-01-01 19:49:00,2.4166666666666665,33,32
37847,106,Short,1900-01-01 18:35:00,1900-01-01 20:50:00,2.25,27,26
37848,106,Short,1900-01-01 18:00:00,1900-01-01 20:20:00,2.3333333333333335,34,33
37849,106,Short,1900-01-01 19:00:00,1900-01-01 21:00:00,2.0,11,10
37850,106,Short,1900-01-01 18:40:00,1900-01-01 20:58:00,2.3,34,33
37851,106,Short,1900-01-01 19:10:00,1900-01-01 21:28:00,2.3,34,33
37852,106,Short,1900-01-01 19:55:00,1900-01-01 22:15:00,2.3333333333333335,34,33
37853,106,Short,1900-01-01 20:20:00,1900-01-01 22:47:00,2.45,30,29
37854,106,Short,1900-01-01 20:40:00,1900-01-01 23:12:00,2.533333333333333,34,33
37855,106,Short,1900-01-01 20:47:00,1900-01-01 23:10:00,2.3833333333333333,34,33
37857,106,Short,1900-01-01 22:10:00,1900-01-01 00:30:00,2.3333333333333335,34,33
37911,143,Short,1900-01-01 05:38:00,1900-01-01 08:50:00,3.2,44,43
37912,144,Short,1900-01-01 03:45:00,1900-01-01 07:00:00,3.25,41,40
37913,143,Short,1900-01-01 08:00:00,1900-01-01 11:10:00,3.1666666666666665,44,43
37914,144,Short,1900-01-01 05:40:00,1900-01-01 08:43:00,3.05,29,28
37915,144,Short,1900-01-01 10:00:00,1900-01-01 13:15:00,3.25,30,29
37916,144,Short,1900-01-01 06:20:00,1900-01-01 09:25:00,3.0833333333333335,31,30
37917,143,Short,1900-01-01 12:10:00,1900-01-01 15:25:00,3.25,44,43
37918,144,Short,1900-01-01 07:00:00,1900-01-01 10:20:00,3.3333333333333335,44,43
37919,144,Short,1900-01-01 14:30:00,1900-01-01 17:40:00,3.1666666666666665,33,32
37920,144,Short,1900-01-01 07:45:00,1900-01-01 10:55:00,3.1666666666666665,30,29
37921,143,Short,1900-01-01 17:05:00,1900-01-01 20:18:00,3.216666666666667,39,38
37922,144,Short,1900-01-01 10:20:00,1900-01-01 14:05:00,3.75,44,43
37923,144,Short,1900-01-01 18:00:00,1900-01-01 21:05:00,3.0833333333333335,31,30
37924,144,Short,1900-01-01 14:45:00,1900-01-01 18:08:00,3.3833333333333333,30,29
37925,144,Short,1900-01-01 19:25:00,1900-01-01 22:30:00,3.0833333333333335,29,28
37926,144,Short,1900-01-01 15:30:00,1900-01-01 18:48:00,3.3,44,43
37927,143,Short,1900-01-01 20:30:00,1900-01-01 23:45:00,3.25,41,40
37928,144,Short,1900-01-01 19:20:00,1900-01-01 22:42:00,3.3666666666666667,40,39
38031,5,Short,1900-01-01 08:45:00,1900-01-01 09:00:00,0.25,3,2
38032,5,Short,1900-01-01 09:30:00,1900-01-01 09:43:00,0.21666666666666667,3,2
38033,5,Short,1900-01-01 17:15:00,1900-01-01 17:30:00,0.25,3,2
38034,5,Short,1900-01-01 15:40:00,1900-01-01 15:55:00,0.25,3,2
38036,5,Short,1900-01-01 18:10:00,1900-01-01 18:30:00,0.3333333333333333,3,2
38051,140,Short,1900-01-01 06:05:00,1900-01-01 09:45:00,3.6666666666666665,38,37
38052,139,Short,1900-01-01 06:05:00,1900-01-01 09:20:00,3.25,26,25
38053,136,Short,1900-01-01 09:35:00,1900-01-01 12:45:00,3.1666666666666665,21,20
38054,68,Short,1900-01-01 10:00:00,1900-01-01 11:35:00,1.5833333333333333,14,13
38055,68,Short,1900-01-01 15:15:00,1900-01-01 16:55:00,1.6666666666666667,14,13
38056,137,Short,1900-01-01 14:50:00,1900-01-01 18:02:00,3.2,20,19
38057,140,Short,1900-01-01 18:00:00,1900-01-01 21:38:00,3.6333333333333333,34,33
38058,139,Short,1900-01-01 17:20:00,1900-01-01 20:50:00,3.5,26,25
38101,24,Short,1900-01-01 05:35:00,1900-01-01 06:15:00,0.6666666666666666,9,8
38102,24,Short,1900-01-01 06:50:00,1900-01-01 07:35:00,0.75,9,8
38103,32,Short,1900-01-01 07:02:00,1900-01-01 08:03:00,1.0166666666666666,13,12
38104,32,Short,1900-01-01 08:17:00,1900-01-01 09:18:00,1.0166666666666666,13,12
38105,32,Short,1900-01-01 08:27:00,1900-01-01 09:35:00,1.1333333333333333,14,13
38106,32,Short,1900-01-01 09:47:00,1900-01-01 10:50:00,1.05,13,12
38107,24,Short,1900-01-01 16:40:00,1900-01-01 17:22:00,0.7,9,8
38108,32,Short,1900-01-01 17:52:00,1900-01-01 19:08:00,1.2666666666666666,13,12
38202,45,Short,1900-01-01 07:30:00,1900-01-01 08:42:00,1.2,16,15
38204,45,Short,1900-01-01 08:20:00,1900-01-01 09:37:00,1.2833333333333334,16,15
38206,37,Short,1900-01-01 18:45:00,1900-01-01 19:40:00,0.9166666666666666,12,11
38301,50,Short,1900-01-01 06:10:00,1900-01-01 07:25:00,1.25,17,16
38302,58,Short,1900-01-01 03:05:00,1900-01-01 04:35:00,1.5,20,19
38303,58,Short,1900-01-01 07:35:00,1900-01-01 09:12:00,1.6166666666666667,21,20
38304,58,Short,1900-01-01 03:50:00,1900-01-01 05:20:00,1.5,20,19
38305,56,Short,1900-01-01 10:30:00,1900-01-01 12:10:00,1.6666666666666667,18,17
38306,58,Short,1900-01-01 04:35:00,1900-01-01 06:05:00,1.5,20,19
38307,58,Short,1900-01-01 12:30:00,1900-01-01 14:02:00,1.5333333333333334,20,19
38308,58,Short,1900-01-01 06:15:00,1900-01-01 07:45:00,1.5,20,19
38310,55,Short,1900-01-01 07:03:00,1900-01-01 08:30:00,1.45,18,17
38312,58,Short,1900-01-01 09:50:00,1900-01-01 11:25:00,1.5833333333333333,20,19
38314,58,Short,1900-01-01 13:27:00,1900-01-01 15:05:00,1.6333333333333333,20,19
38316,50,Short,1900-01-01 14:10:00,1900-01-01 15:30:00,1.3333333333333333,16,15
38318,58,Short,1900-01-01 14:27:00,1900-01-01 16:00:00,1.55,20,19
38321,58,Short,1900-01-01 22:55:00,1900-01-01 00:40:00,1.75,20,19
38401,71,Short,1900-01-01 05:22:00,1900-01-01 07:10:00,1.8,25,24
38402,70,Short,1900-01-01 03:05:00,1900-01-01 04:52:00,1.7833333333333334,24,23
38403,71,Short,1900-01-01 05:45:00,1900-01-01 07:33:00,1.8,25,24
38404,70,Short,1900-01-01 03:22:00,1900-01-01 05:10:00,1.8,24,23
38405,71,Short,1900-01-01 06:43:00,1900-01-01 08:30:00,1.7833333333333334,25,24
38406,70,Short,1900-01-01 04:03:00,1900-01-01 05:52:00,1.8166666666666667,24,23
38407,63,Short,1900-01-01 07:45:00,1900-01-01 09:15:00,1.5,21,20
38408,70,Short,1900-01-01 04:32:00,1900-01-01 06:20:00,1.8,24,23
38409,71,Short,1900-01-01 07:45:00,1900-01-01 09:45:00,2.0,25,24
38410,70,Short,1900-01-01 05:05:00,1900-01-01 06:52:00,1.7833333333333334,24,23
38411,71,Short,1900-01-01 08:13:00,1900-01-01 10:12:00,1.9833333333333334,24,23
38412,70,Short,1900-01-01 05:43:00,1900-01-01 07:30:00,1.7833333333333334,24,23
38413,71,Short,1900-01-01 09:00:00,1900-01-01 10:50:00,1.8333333333333333,25,24
38414,70,Short,1900-01-01 06:25:00,1900-01-01 08:20:00,1.9166666666666667,24,23
38416,70,Short,1900-01-01 07:25:00,1900-01-01 09:10:00,1.75,24,23
38419,71,Short,1900-01-01 10:10:00,1900-01-01 12:10:00,2.0,25,24
38421,71,Short,1900-01-01 11:15:00,1900-01-01 13:08:00,1.8833333333333333,24,23
38423,71,Short,1900-01-01 13:10:00,1900-01-01 14:57:00,1.7833333333333334,24,23
38425,71,Short,1900-01-01 13:55:00,1900-01-01 15:45:00,1.8333333333333333,24,23
38427,71,Short,1900-01-01 14:40:00,1900-01-01 16:25:00,1.75,23,22
38431,71,Short,1900-01-01 15:45:00,1900-01-01 17:35:00,1.8333333333333333,24,23
38433,71,Short,1900-01-01 16:15:00,1900-01-01 18:05:00,1.8333333333333333,23,22
38437,71,Short,1900-01-01 17:35:00,1900-01-01 19:23:00,1.8,24,23
38447,71,Short,1900-01-01 19:48:00,1900-01-01 21:38:00,1.8333333333333333,24,23
38449,71,Short,1900-01-01 20:22:00,1900-01-01 22:12:00,1.8333333333333333,24,23
38451,71,Short,1900-01-01 21:10:00,1900-01-01 23:10:00,2.0,24,23
38452,70,Short,1900-01-01 19:10:00,1900-01-01 21:07:00,1.95,24,23
38453,71,Short,1900-01-01 22:25:00,1900-01-01 00:15:00,1.8333333333333333,24,23
38454,70,Short,1900-01-01 20:18:00,1900-01-01 22:10:00,1.8666666666666667,24,23
38455,71,Short,1900-01-01 23:35:00,1900-01-01 01:25:00,1.8333333333333333,24,23
38456,70,Short,1900-01-01 21:22:00,1900-01-01 23:15:00,1.8833333333333333,24,23
38501,90,Short,1900-01-01 11:28:00,1900-01-01 13:45:00,2.283333333333333,29,28
38502,91,Short,1900-01-01 14:05:00,1900-01-01 16:30:00,2.4166666666666665,29,28
38601,54,Short,1900-01-01 09:25:00,1900-01-01 11:00:00,1.5833333333333333,20,19
38602,54,Short,1900-01-01 11:10:00,1900-01-01 12:43:00,1.55,19,18
38701,115,Short,1900-01-01 03:05:00,1900-01-01 05:15:00,2.1666666666666665,17,16
38702,115,Short,1900-01-01 03:00:00,1900-01-01 05:35:00,2.5833333333333335,33,32
38703,115,Short,1900-01-01 03:25:00,1900-01-01 06:00:00,2.5833333333333335,34,33
38704,115,Short,1900-01-01 03:50:00,1900-01-01 06:32:00,2.7,33,32
38705,115,Short,1900-01-01 04:55:00,1900-01-01 07:28:00,2.55,33,32
38706,115,Short,1900-01-01 05:25:00,1900-01-01 08:00:00,2.5833333333333335,32,31
38707,115,Short,1900-01-01 07:15:00,1900-01-01 10:05:00,2.8333333333333335,34,33
38708,115,Short,1900-01-01 06:55:00,1900-01-01 09:30:00,2.5833333333333335,33,32
38709,107,Short,1900-01-01 11:00:00,1900-01-01 13:30:00,2.5,29,28
38710,115,Short,1900-01-01 07:10:00,1900-01-01 09:45:00,2.5833333333333335,33,32
38711,115,Short,1900-01-01 10:50:00,1900-01-01 13:43:00,2.8833333333333333,32,31
38713,115,Short,1900-01-01 11:55:00,1900-01-01 14:40:00,2.75,33,32
38719,115,Short,1900-01-01 14:10:00,1900-01-01 17:02:00,2.8666666666666667,33,32
38726,115,Short,1900-01-01 17:38:00,1900-01-01 20:40:00,3.033333333333333,33,32
38728,115,Short,1900-01-01 18:45:00,1900-01-01 21:47:00,3.033333333333333,31,30
38730,115,Short,1900-01-01 20:40:00,1900-01-01 23:25:00,2.75,27,26
38801,128,Short,1900-01-01 02:40:00,1900-01-01 05:35:00,2.9166666666666665,30,29
38802,128,Short,1900-01-01 04:05:00,1900-01-01 07:12:00,3.1166666666666667,36,35
38803,128,Short,1900-01-01 04:25:00,1900-01-01 07:30:00,3.0833333333333335,36,35
38804,128,Short,1900-01-01 05:42:00,1900-01-01 08:50:00,3.1333333333333333,34,33
38805,128,Short,1900-01-01 05:35:00,1900-01-01 08:50:00,3.25,37,36
38806,128,Short,1900-01-01 06:10:00,1900-01-01 09:00:00,2.8333333333333335,14,13
38807,128,Short,1900-01-01 06:30:00,1900-01-01 09:50:00,3.3333333333333335,37,36
38808,128,Short,1900-01-01 06:35:00,1900-01-01 09:35:00,3.0,26,25
38809,128,Short,1900-01-01 08:00:00,1900-01-01 11:25:00,3.4166666666666665,37,36
38810,128,Short,1900-01-01 07:45:00,1900-01-01 11:00:00,3.25,36,35
38811,128,Short,1900-01-01 08:50:00,1900-01-01 12:00:00,3.1666666666666665,37,36
38812,128,Short,1900-01-01 09:10:00,1900-01-01 12:32:00,3.3666666666666667,36,35
38813,128,Short,1900-01-01 09:47:00,1900-01-01 12:55:00,3.1333333333333333,36,35
38814,128,Short,1900-01-01 11:00:00,1900-01-01 14:27:00,3.45,36,35
38815,128,Short,1900-01-01 10:25:00,1900-01-01 13:40:00,3.25,34,33
38816,128,Short,1900-01-01 11:47:00,1900-01-01 15:20:00,3.55,33,32
38817,128,Short,1900-01-01 12:15:00,1900-01-01 15:30:00,3.25,33,32
38818,128,Short,1900-01-01 13:02:00,1900-01-01 16:20:00,3.3,36,35
38819,128,Short,1900-01-01 13:35:00,1900-01-01 17:08:00,3.55,35,34
38820,128,Short,1900-01-01 14:20:00,1900-01-01 17:42:00,3.3666666666666667,36,35
38821,128,Short,1900-01-01 16:00:00,1900-01-01 18:45:00,2.75,19,18
38822,128,Short,1900-01-01 15:30:00,1900-01-01 18:48:00,3.3,33,32
38823,128,Short,1900-01-01 17:20:00,1900-01-01 20:20:00,3.0,24,23
38824,128,Short,1900-01-01 16:00:00,1900-01-01 19:25:00,3.4166666666666665,29,28
38825,129,Short,1900-01-01 18:15:00,1900-01-01 21:00:00,2.75,13,12
38826,128,Short,1900-01-01 17:50:00,1900-01-01 21:22:00,3.533333333333333,36,35
38827,128,Short,1900-01-01 18:35:00,1900-01-01 21:30:00,2.9166666666666665,24,23
38828,128,Short,1900-01-01 19:10:00,1900-01-01 22:27:00,3.283333333333333,36,35
38829,128,Short,1900-01-01 19:35:00,1900-01-01 22:32:00,2.95,26,25
38830,128,Short,1900-01-01 20:52:00,1900-01-01 00:05:00,3.216666666666667,36,35
38831,128,Short,1900-01-01 20:10:00,1900-01-01 23:25:00,3.25,34,33
38832,12,Short,1900-01-01 22:25:00,1900-01-01 22:55:00,0.5,4,3
38902,44,Short,1900-01-01 04:00:00,1900-01-01 05:15:00,1.25,17,16
38905,51,Short,1900-01-01 06:15:00,1900-01-01 07:55:00,1.6666666666666667,21,20
38908,49,Short,1900-01-01 08:05:00,1900-01-01 09:40:00,1.5833333333333333,21,20
38909,51,Short,1900-01-01 10:35:00,1900-01-01 12:15:00,1.6666666666666667,21,20
38923,51,Short,1900-01-01 21:42:00,1900-01-01 23:18:00,1.6,21,20
38924,49,Short,1900-01-01 21:10:00,1900-01-01 22:43:00,1.55,21,20
40001,29,Short,1900-01-01 04:20:00,1900-01-01 05:15:00,0.9166666666666666,18,17
40002,29,Short,1900-01-01 04:00:00,1900-01-01 04:55:00,0.9166666666666666,18,17
40003,29,Short,1900-01-01 06:20:00,1900-01-01 07:15:00,0.9166666666666666,18,17
40004,29,Short,1900-01-01 04:20:00,1900-01-01 05:15:00,0.9166666666666666,18,17
40005,29,Short,1900-01-01 07:15:00,1900-01-01 08:10:00,0.9166666666666666,6,5
40006,29,Short,1900-01-01 04:35:00,1900-01-01 05:30:00,0.9166666666666666,18,17
40007,29,Short,1900-01-01 07:22:00,1900-01-01 08:17:00,0.9166666666666666,18,17
40008,29,Short,1900-01-01 05:15:00,1900-01-01 06:10:00,0.9166666666666666,18,17
40009,29,Short,1900-01-01 07:30:00,1900-01-01 08:25:00,0.9166666666666666,18,17
40010,29,Short,1900-01-01 06:00:00,1900-01-01 06:55:00,0.9166666666666666,18,17
40011,29,Short,1900-01-01 07:46:00,1900-01-01 08:41:00,0.9166666666666666,18,17
40012,29,Short,1900-01-01 06:20:00,1900-01-01 07:15:00,0.9166666666666666,18,17
40013,29,Short,1900-01-01 07:53:00,1900-01-01 08:48:00,0.9166666666666666,18,17
40014,29,Short,1900-01-01 06:30:00,1900-01-01 07:25:00,0.9166666666666666,18,17
40015,29,Short,1900-01-01 08:00:00,1900-01-01 08:55:00,0.9166666666666666,18,17
40016,29,Short,1900-01-01 06:38:00,1900-01-01 07:33:00,0.9166666666666666,18,17
40017,29,Short,1900-01-01 08:10:00,1900-01-01 09:05:00,0.9166666666666666,18,17
40018,29,Short,1900-01-01 06:52:00,1900-01-01 07:47:00,0.9166666666666666,18,17
40019,23,Short,1900-01-01 08:17:00,1900-01-01 08:57:00,0.6666666666666666,15,14
40020,29,Short,1900-01-01 07:00:00,1900-01-01 07:55:00,0.9166666666666666,18,17
40021,17,Short,1900-01-01 08:32:00,1900-01-01 08:58:00,0.43333333333333335,3,2
40022,29,Short,1900-01-01 07:10:00,1900-01-01 08:05:00,0.9166666666666666,18,17
40023,29,Short,1900-01-01 08:40:00,1900-01-01 09:35:00,0.9166666666666666,18,17
40025,29,Short,1900-01-01 08:47:00,1900-01-01 09:42:00,0.9166666666666666,18,17
40026,29,Short,1900-01-01 07:44:00,1900-01-01 08:39:00,0.9166666666666666,18,17
40027,29,Short,1900-01-01 09:02:00,1900-01-01 09:57:00,0.9166666666666666,18,17
40028,29,Short,1900-01-01 07:56:00,1900-01-01 08:51:00,0.9166666666666666,18,17
40029,29,Short,1900-01-01 09:08:00,1900-01-01 10:03:00,0.9166666666666666,18,17
40030,29,Short,1900-01-01 08:06:00,1900-01-01 09:01:00,0.9166666666666666,18,17
40031,29,Short,1900-01-01 09:14:00,1900-01-01 10:09:00,0.9166666666666666,18,17
40032,29,Short,1900-01-01 08:15:00,1900-01-01 09:10:00,0.9166666666666666,18,17
40033,29,Short,1900-01-01 09:20:00,1900-01-01 10:15:00,0.9166666666666666,18,17
40034,29,Short,1900-01-01 08:24:00,1900-01-01 09:19:00,0.9166666666666666,18,17
40035,29,Short,1900-01-01 09:26:00,1900-01-01 10:21:00,0.9166666666666666,18,17
40036,29,Short,1900-01-01 08:30:00,1900-01-01 09:25:00,0.9166666666666666,18,17
40037,29,Short,1900-01-01 09:32:00,1900-01-01 10:27:00,0.9166666666666666,18,17
40038,29,Short,1900-01-01 08:38:00,1900-01-01 09:33:00,0.9166666666666666,18,17
40039,29,Short,1900-01-01 09:44:00,1900-01-01 10:39:00,0.9166666666666666,18,17
40040,29,Short,1900-01-01 08:47:00,1900-01-01 09:42:00,0.9166666666666666,18,17
40041,29,Short,1900-01-01 09:56:00,1900-01-01 10:51:00,0.9166666666666666,18,17
40042,17,Short,1900-01-01 09:10:00,1900-01-01 09:45:00,0.5833333333333334,2,1
40043,29,Short,1900-01-01 10:02:00,1900-01-01 10:57:00,0.9166666666666666,18,17
40044,23,Short,1900-01-01 09:03:00,1900-01-01 09:47:00,0.7333333333333333,2,1
40045,29,Short,1900-01-01 10:08:00,1900-01-01 11:03:00,0.9166666666666666,18,17
40046,29,Short,1900-01-01 08:56:00,1900-01-01 09:51:00,0.9166666666666666,18,17
40047,29,Short,1900-01-01 10:20:00,1900-01-01 11:15:00,0.9166666666666666,18,17
40048,29,Short,1900-01-01 09:05:00,1900-01-01 10:00:00,0.9166666666666666,18,17
40049,29,Short,1900-01-01 10:26:00,1900-01-01 11:21:00,0.9166666666666666,18,17
40050,29,Short,1900-01-01 09:15:00,1900-01-01 10:10:00,0.9166666666666666,18,17
40051,29,Short,1900-01-01 10:32:00,1900-01-01 11:27:00,0.9166666666666666,18,17
40052,29,Short,1900-01-01 09:40:00,1900-01-01 10:35:00,0.9166666666666666,2,1
40053,29,Short,1900-01-01 10:38:00,1900-01-01 11:33:00,0.9166666666666666,18,17
40054,29,Short,1900-01-01 09:50:00,1900-01-01 10:45:00,0.9166666666666666,18,17
40055,29,Short,1900-01-01 10:44:00,1900-01-01 11:39:00,0.9166666666666666,18,17
40056,29,Short,1900-01-01 10:02:00,1900-01-01 10:57:00,0.9166666666666666,18,17
40057,29,Short,1900-01-01 10:50:00,1900-01-01 11:45:00,0.9166666666666666,18,17
40058,29,Short,1900-01-01 10:10:00,1900-01-01 11:05:00,0.9166666666666666,18,17
40059,29,Short,1900-01-01 10:56:00,1900-01-01 11:51:00,0.9166666666666666,18,17
40060,29,Short,1900-01-01 10:20:00,1900-01-01 11:15:00,0.9166666666666666,18,17
40061,29,Short,1900-01-01 11:10:00,1900-01-01 12:05:00,0.9166666666666666,18,17
40062,29,Short,1900-01-01 10:28:00,1900-01-01 11:23:00,0.9166666666666666,18,17
40063,29,Short,1900-01-01 11:20:00,1900-01-01 12:15:00,0.9166666666666666,18,17
40064,29,Short,1900-01-01 10:45:00,1900-01-01 11:40:00,0.9166666666666666,18,17
40065,29,Short,1900-01-01 11:30:00,1900-01-01 12:25:00,0.9166666666666666,18,17
40066,29,Short,1900-01-01 11:10:00,1900-01-01 12:05:00,0.9166666666666666,18,17
40067,29,Short,1900-01-01 11:37:00,1900-01-01 12:32:00,0.9166666666666666,18,17
40068,29,Short,1900-01-01 11:20:00,1900-01-01 12:15:00,0.9166666666666666,18,17
40069,29,Short,1900-01-01 11:45:00,1900-01-01 12:40:00,0.9166666666666666,18,17
40070,29,Short,1900-01-01 11:30:00,1900-01-01 12:25:00,0.9166666666666666,18,17
40071,29,Short,1900-01-01 12:10:00,1900-01-01 13:05:00,0.9166666666666666,18,17
40072,29,Short,1900-01-01 11:58:00,1900-01-01 12:53:00,0.9166666666666666,18,17
40073,29,Short,1900-01-01 12:20:00,1900-01-01 13:15:00,0.9166666666666666,18,17
40074,29,Short,1900-01-01 12:12:00,1900-01-01 13:07:00,0.9166666666666666,2,1
40075,29,Short,1900-01-01 12:43:00,1900-01-01 13:38:00,0.9166666666666666,18,17
40076,29,Short,1900-01-01 12:47:00,1900-01-01 13:42:00,0.9166666666666666,2,1
40077,29,Short,1900-01-01 12:56:00,1900-01-01 13:51:00,0.9166666666666666,18,17
40078,29,Short,1900-01-01 13:17:00,1900-01-01 14:12:00,0.9166666666666666,2,1
40079,29,Short,1900-01-01 13:22:00,1900-01-01 14:17:00,0.9166666666666666,18,17
40080,29,Short,1900-01-01 13:32:00,1900-01-01 14:27:00,0.9166666666666666,2,1
40081,29,Short,1900-01-01 14:01:00,1900-01-01 14:56:00,0.9166666666666666,18,17
40082,29,Short,1900-01-01 14:02:00,1900-01-01 14:57:00,0.9166666666666666,2,1
40083,29,Short,1900-01-01 14:23:00,1900-01-01 15:18:00,0.9166666666666666,18,17
40084,29,Short,1900-01-01 14:15:00,1900-01-01 15:10:00,0.9166666666666666,2,1
40085,29,Short,1900-01-01 14:32:00,1900-01-01 15:27:00,0.9166666666666666,18,17
40086,29,Short,1900-01-01 14:25:00,1900-01-01 15:20:00,0.9166666666666666,2,1
40087,29,Short,1900-01-01 15:02:00,1900-01-01 15:57:00,0.9166666666666666,18,17
40088,29,Short,1900-01-01 14:45:00,1900-01-01 15:40:00,0.9166666666666666,2,1
40089,29,Short,1900-01-01 15:15:00,1900-01-01 16:10:00,0.9166666666666666,18,17
40090,29,Short,1900-01-01 14:55:00,1900-01-01 15:50:00,0.9166666666666666,2,1
40091,29,Short,1900-01-01 15:45:00,1900-01-01 16:40:00,0.9166666666666666,18,17
40092,29,Short,1900-01-01 15:05:00,1900-01-01 16:00:00,0.9166666666666666,2,1
40093,29,Short,1900-01-01 15:55:00,1900-01-01 16:50:00,0.9166666666666666,18,17
40094,29,Short,1900-01-01 15:23:00,1900-01-01 16:18:00,0.9166666666666666,2,1
40095,29,Short,1900-01-01 16:05:00,1900-01-01 17:00:00,0.9166666666666666,18,17
40096,29,Short,1900-01-01 15:32:00,1900-01-01 16:27:00,0.9166666666666666,2,1
40097,29,Short,1900-01-01 16:23:00,1900-01-01 17:18:00,0.9166666666666666,18,17
40098,29,Short,1900-01-01 15:38:00,1900-01-01 16:33:00,0.9166666666666666,2,1
40099,29,Short,1900-01-01 16:40:00,1900-01-01 17:35:00,0.9166666666666666,18,17
40100,29,Short,1900-01-01 15:50:00,1900-01-01 16:45:00,0.9166666666666666,2,1
40101,29,Short,1900-01-01 17:00:00,1900-01-01 17:55:00,0.9166666666666666,18,17
40102,29,Short,1900-01-01 16:08:00,1900-01-01 17:03:00,0.9166666666666666,2,1
40103,29,Short,1900-01-01 17:10:00,1900-01-01 18:05:00,0.9166666666666666,18,17
40104,29,Short,1900-01-01 16:18:00,1900-01-01 17:13:00,0.9166666666666666,2,1
40105,29,Short,1900-01-01 17:30:00,1900-01-01 18:25:00,0.9166666666666666,18,17
40106,29,Short,1900-01-01 16:36:00,1900-01-01 17:31:00,0.9166666666666666,2,1
40107,29,Short,1900-01-01 17:45:00,1900-01-01 18:40:00,0.9166666666666666,18,17
40108,29,Short,1900-01-01 16:43:00,1900-01-01 17:38:00,0.9166666666666666,2,1
40109,29,Short,1900-01-01 17:53:00,1900-01-01 18:48:00,0.9166666666666666,18,17
40110,29,Short,1900-01-01 16:50:00,1900-01-01 17:45:00,0.9166666666666666,2,1
40111,29,Short,1900-01-01 18:00:00,1900-01-01 18:55:00,0.9166666666666666,18,17
40112,29,Short,1900-01-01 16:57:00,1900-01-01 17:52:00,0.9166666666666666,2,1
40113,29,Short,1900-01-01 18:20:00,1900-01-01 19:15:00,0.9166666666666666,18,17
40114,29,Short,1900-01-01 17:04:00,1900-01-01 17:59:00,0.9166666666666666,2,1
40115,29,Short,1900-01-01 18:27:00,1900-01-01 19:22:00,0.9166666666666666,18,17
40116,29,Short,1900-01-01 17:11:00,1900-01-01 18:06:00,0.9166666666666666,2,1
40117,29,Short,1900-01-01 18:48:00,1900-01-01 19:43:00,0.9166666666666666,18,17
40118,29,Short,1900-01-01 17:18:00,1900-01-01 18:13:00,0.9166666666666666,2,1
40119,29,Short,1900-01-01 18:55:00,1900-01-01 19:50:00,0.9166666666666666,18,17
40120,29,Short,1900-01-01 17:32:00,1900-01-01 18:27:00,0.9166666666666666,2,1
40121,29,Short,1900-01-01 19:02:00,1900-01-01 19:57:00,0.9166666666666666,18,17
40122,29,Short,1900-01-01 17:39:00,1900-01-01 18:34:00,0.9166666666666666,2,1
40123,29,Short,1900-01-01 19:16:00,1900-01-01 20:11:00,0.9166666666666666,18,17
40124,29,Short,1900-01-01 17:53:00,1900-01-01 18:48:00,0.9166666666666666,2,1
40125,29,Short,1900-01-01 19:24:00,1900-01-01 20:19:00,0.9166666666666666,18,17
40126,29,Short,1900-01-01 18:00:00,1900-01-01 18:55:00,0.9166666666666666,2,1
40127,29,Short,1900-01-01 19:40:00,1900-01-01 20:35:00,0.9166666666666666,18,17
40128,29,Short,1900-01-01 18:08:00,1900-01-01 19:03:00,0.9166666666666666,2,1
40129,29,Short,1900-01-01 19:48:00,1900-01-01 20:43:00,0.9166666666666666,18,17
40130,29,Short,1900-01-01 18:25:00,1900-01-01 19:20:00,0.9166666666666666,2,1
40131,29,Short,1900-01-01 20:04:00,1900-01-01 20:59:00,0.9166666666666666,18,17
40132,29,Short,1900-01-01 18:35:00,1900-01-01 19:30:00,0.9166666666666666,2,1
40133,29,Short,1900-01-01 20:12:00,1900-01-01 21:07:00,0.9166666666666666,18,17
40134,29,Short,1900-01-01 18:45:00,1900-01-01 19:40:00,0.9166666666666666,2,1
40135,29,Short,1900-01-01 20:28:00,1900-01-01 21:23:00,0.9166666666666666,18,17
40136,29,Short,1900-01-01 19:03:00,1900-01-01 19:58:00,0.9166666666666666,2,1
40137,29,Short,1900-01-01 20:36:00,1900-01-01 21:31:00,0.9166666666666666,18,17
40138,29,Short,1900-01-01 19:11:00,1900-01-01 20:06:00,0.9166666666666666,6,5
40139,29,Short,1900-01-01 20:44:00,1900-01-01 21:39:00,0.9166666666666666,18,17
40140,29,Short,1900-01-01 19:27:00,1900-01-01 20:22:00,0.9166666666666666,6,5
40141,29,Short,1900-01-01 21:00:00,1900-01-01 21:55:00,0.9166666666666666,18,17
40142,29,Short,1900-01-01 19:43:00,1900-01-01 20:38:00,0.9166666666666666,6,5
40143,29,Short,1900-01-01 21:10:00,1900-01-01 22:05:00,0.9166666666666666,18,17
40144,29,Short,1900-01-01 20:00:00,1900-01-01 20:55:00,0.9166666666666666,2,1
40145,29,Short,1900-01-01 21:30:00,1900-01-01 22:25:00,0.9166666666666666,18,17
40146,29,Short,1900-01-01 20:20:00,1900-01-01 21:15:00,0.9166666666666666,2,1
40147,29,Short,1900-01-01 22:05:00,1900-01-01 23:00:00,0.9166666666666666,18,17
40148,29,Short,1900-01-01 20:30:00,1900-01-01 21:25:00,0.9166666666666666,2,1
40150,29,Short,1900-01-01 21:20:00,1900-01-01 22:15:00,0.9166666666666666,2,1
40151,29,Short,1900-01-01 22:25:00,1900-01-01 23:20:00,0.9166666666666666,18,17
40152,29,Short,1900-01-01 21:35:00,1900-01-01 22:30:00,0.9166666666666666,6,5
40153,29,Short,1900-01-01 23:05:00,1900-01-01 00:00:00,0.9166666666666666,18,17
40154,29,Short,1900-01-01 22:25:00,1900-01-01 23:20:00,0.9166666666666666,2,1
40155,29,Short,1900-01-01 23:30:00,1900-01-01 00:25:00,0.9166666666666666,18,17
40156,29,Short,1900-01-01 22:45:00,1900-01-01 23:40:00,0.9166666666666666,2,1
40157,29,Short,1900-01-01 23:59:00,1900-01-01 00:54:00,0.9166666666666666,18,17
40158,29,Short,1900-01-01 23:30:00,1900-01-01 00:25:00,0.9166666666666666,2,1
40301,29,Short,1900-01-01 04:15:00,1900-01-01 05:10:00,0.9166666666666666,18,17
40302,29,Short,1900-01-01 04:00:00,1900-01-01 04:55:00,0.9166666666666666,2,1
40303,29,Short,1900-01-01 05:40:00,1900-01-01 06:35:00,0.9166666666666666,18,17
40304,29,Short,1900-01-01 04:20:00,1900-01-01 05:15:00,0.9166666666666666,2,1
40305,29,Short,1900-01-01 06:15:00,1900-01-01 07:10:00,0.9166666666666666,18,17
40306,29,Short,1900-01-01 04:35:00,1900-01-01 05:30:00,0.9166666666666666,2,1
40307,29,Short,1900-01-01 06:55:00,1900-01-01 07:50:00,0.9166666666666666,18,17
40308,29,Short,1900-01-01 05:15:00,1900-01-01 06:10:00,0.9166666666666666,2,1
40309,29,Short,1900-01-01 07:15:00,1900-01-01 08:10:00,0.9166666666666666,18,17
40310,29,Short,1900-01-01 06:00:00,1900-01-01 06:55:00,0.9166666666666666,2,1
40311,29,Short,1900-01-01 07:25:00,1900-01-01 08:20:00,0.9166666666666666,18,17
40312,29,Short,1900-01-01 06:30:00,1900-01-01 07:25:00,0.9166666666666666,6,5
40313,29,Short,1900-01-01 07:50:00,1900-01-01 08:45:00,0.9166666666666666,18,17
40314,29,Short,1900-01-01 07:00:00,1900-01-01 07:55:00,0.9166666666666666,2,1
40315,29,Short,1900-01-01 08:00:00,1900-01-01 08:55:00,0.9166666666666666,18,17
40316,29,Short,1900-01-01 07:30:00,1900-01-01 08:25:00,0.9166666666666666,2,1
40317,29,Short,1900-01-01 08:15:00,1900-01-01 09:10:00,0.9166666666666666,18,17
40318,29,Short,1900-01-01 08:10:00,1900-01-01 09:05:00,0.9166666666666666,2,1
40319,29,Short,1900-01-01 08:38:00,1900-01-01 09:33:00,0.9166666666666666,18,17
40320,29,Short,1900-01-01 08:50:00,1900-01-01 09:45:00,0.9166666666666666,2,1
40321,29,Short,1900-01-01 08:50:00,1900-01-01 09:45:00,0.9166666666666666,18,17
40322,29,Short,1900-01-01 09:20:00,1900-01-01 10:15:00,0.9166666666666666,2,1
40323,29,Short,1900-01-01 09:12:00,1900-01-01 10:07:00,0.9166666666666666,18,17
40324,29,Short,1900-01-01 09:35:00,1900-01-01 10:30:00,0.9166666666666666,6,5
40325,29,Short,1900-01-01 09:25:00,1900-01-01 10:20:00,0.9166666666666666,18,17
40326,29,Short,1900-01-01 09:50:00,1900-01-01 10:45:00,0.9166666666666666,2,1
40327,29,Short,1900-01-01 09:42:00,1900-01-01 10:37:00,0.9166666666666666,18,17
40328,29,Short,1900-01-01 10:00:00,1900-01-01 10:55:00,0.9166666666666666,2,1
40329,29,Short,1900-01-01 10:00:00,1900-01-01 10:55:00,0.9166666666666666,18,17
40330,29,Short,1900-01-01 10:10:00,1900-01-01 11:05:00,0.9166666666666666,2,1
40331,29,Short,1900-01-01 10:20:00,1900-01-01 11:15:00,0.9166666666666666,18,17
40332,29,Short,1900-01-01 10:20:00,1900-01-01 11:15:00,0.9166666666666666,2,1
40333,29,Short,1900-01-01 10:30:00,1900-01-01 11:25:00,0.9166666666666666,18,17
40334,29,Short,1900-01-01 10:40:00,1900-01-01 11:35:00,0.9166666666666666,2,1
40335,29,Short,1900-01-01 10:40:00,1900-01-01 11:35:00,0.9166666666666666,18,17
40336,29,Short,1900-01-01 10:50:00,1900-01-01 11:45:00,0.9166666666666666,2,1
40337,29,Short,1900-01-01 10:45:00,1900-01-01 11:40:00,0.9166666666666666,18,17
40338,29,Short,1900-01-01 11:00:00,1900-01-01 11:55:00,0.9166666666666666,2,1
40339,29,Short,1900-01-01 10:50:00,1900-01-01 11:45:00,0.9166666666666666,18,17
40340,29,Short,1900-01-01 11:10:00,1900-01-01 12:05:00,0.9166666666666666,2,1
40341,29,Short,1900-01-01 11:10:00,1900-01-01 12:05:00,0.9166666666666666,18,17
40342,29,Short,1900-01-01 11:20:00,1900-01-01 12:15:00,0.9166666666666666,2,1
40343,29,Short,1900-01-01 11:20:00,1900-01-01 12:15:00,0.9166666666666666,18,17
40344,29,Short,1900-01-01 11:30:00,1900-01-01 12:25:00,0.9166666666666666,6,5
40345,29,Short,1900-01-01 11:30:00,1900-01-01 12:25:00,0.9166666666666666,18,17
40346,29,Short,1900-01-01 11:50:00,1900-01-01 12:45:00,0.9166666666666666,2,1
40347,29,Short,1900-01-01 11:40:00,1900-01-01 12:35:00,0.9166666666666666,18,17
40348,29,Short,1900-01-01 12:00:00,1900-01-01 12:55:00,0.9166666666666666,2,1
40349,29,Short,1900-01-01 11:50:00,1900-01-01 12:45:00,0.9166666666666666,18,17
40350,29,Short,1900-01-01 12:10:00,1900-01-01 13:05:00,0.9166666666666666,2,1
40351,29,Short,1900-01-01 12:10:00,1900-01-01 13:05:00,0.9166666666666666,18,17
40352,29,Short,1900-01-01 12:30:00,1900-01-01 13:25:00,0.9166666666666666,2,1
40353,29,Short,1900-01-01 12:20:00,1900-01-01 13:15:00,0.9166666666666666,18,17
40354,29,Short,1900-01-01 12:50:00,1900-01-01 13:45:00,0.9166666666666666,2,1
40355,29,Short,1900-01-01 12:40:00,1900-01-01 13:35:00,0.9166666666666666,18,17
40356,29,Short,1900-01-01 13:15:00,1900-01-01 14:10:00,0.9166666666666666,2,1
40357,29,Short,1900-01-01 12:50:00,1900-01-01 13:45:00,0.9166666666666666,18,17
40358,29,Short,1900-01-01 13:30:00,1900-01-01 14:25:00,0.9166666666666666,2,1
40359,29,Short,1900-01-01 13:00:00,1900-01-01 13:55:00,0.9166666666666666,18,17
40360,29,Short,1900-01-01 14:00:00,1900-01-01 14:55:00,0.9166666666666666,2,1
40361,29,Short,1900-01-01 14:00:00,1900-01-01 14:55:00,0.9166666666666666,18,17
40362,29,Short,1900-01-01 14:15:00,1900-01-01 15:10:00,0.9166666666666666,2,1
40363,29,Short,1900-01-01 14:30:00,1900-01-01 15:25:00,0.9166666666666666,18,17
40364,29,Short,1900-01-01 14:30:00,1900-01-01 15:25:00,0.9166666666666666,2,1
40365,29,Short,1900-01-01 15:00:00,1900-01-01 15:55:00,0.9166666666666666,18,17
40366,29,Short,1900-01-01 15:00:00,1900-01-01 15:55:00,0.9166666666666666,2,1
40367,29,Short,1900-01-01 15:15:00,1900-01-01 16:10:00,0.9166666666666666,18,17
40368,29,Short,1900-01-01 15:20:00,1900-01-01 16:15:00,0.9166666666666666,2,1
40369,29,Short,1900-01-01 15:30:00,1900-01-01 16:25:00,0.9166666666666666,18,17
40370,29,Short,1900-01-01 15:30:00,1900-01-01 16:25:00,0.9166666666666666,2,1
40371,29,Short,1900-01-01 15:50:00,1900-01-01 16:45:00,0.9166666666666666,18,17
40372,29,Short,1900-01-01 15:50:00,1900-01-01 16:45:00,0.9166666666666666,6,5
40373,29,Short,1900-01-01 16:00:00,1900-01-01 16:55:00,0.9166666666666666,18,17
40374,29,Short,1900-01-01 16:10:00,1900-01-01 17:05:00,0.9166666666666666,2,1
40375,29,Short,1900-01-01 16:20:00,1900-01-01 17:15:00,0.9166666666666666,18,17
40376,29,Short,1900-01-01 16:20:00,1900-01-01 17:15:00,0.9166666666666666,2,1
40377,29,Short,1900-01-01 16:30:00,1900-01-01 17:25:00,0.9166666666666666,18,17
40378,29,Short,1900-01-01 16:40:00,1900-01-01 17:35:00,0.9166666666666666,2,1
40379,29,Short,1900-01-01 16:40:00,1900-01-01 17:35:00,0.9166666666666666,18,17
40380,29,Short,1900-01-01 16:50:00,1900-01-01 17:45:00,0.9166666666666666,2,1
40381,29,Short,1900-01-01 17:00:00,1900-01-01 17:55:00,0.9166666666666666,18,17
40382,29,Short,1900-01-01 17:00:00,1900-01-01 17:55:00,0.9166666666666666,2,1
40383,29,Short,1900-01-01 17:10:00,1900-01-01 18:05:00,0.9166666666666666,18,17
40384,29,Short,1900-01-01 17:10:00,1900-01-01 18:05:00,0.9166666666666666,2,1
40385,29,Short,1900-01-01 17:30:00,1900-01-01 18:25:00,0.9166666666666666,18,17
40386,29,Short,1900-01-01 17:20:00,1900-01-01 18:15:00,0.9166666666666666,2,1
40387,29,Short,1900-01-01 17:50:00,1900-01-01 18:45:00,0.9166666666666666,18,17
40388,29,Short,1900-01-01 17:40:00,1900-01-01 18:35:00,0.9166666666666666,2,1
40389,29,Short,1900-01-01 18:20:00,1900-01-01 19:15:00,0.9166666666666666,18,17
40390,29,Short,1900-01-01 18:00:00,1900-01-01 18:55:00,0.9166666666666666,2,1
40391,29,Short,1900-01-01 18:40:00,1900-01-01 19:35:00,0.9166666666666666,18,17
40392,29,Short,1900-01-01 18:20:00,1900-01-01 19:15:00,0.9166666666666666,2,1
40393,29,Short,1900-01-01 19:00:00,1900-01-01 19:55:00,0.9166666666666666,18,17
40394,29,Short,1900-01-01 18:30:00,1900-01-01 19:25:00,0.9166666666666666,2,1
40395,29,Short,1900-01-01 19:20:00,1900-01-01 20:15:00,0.9166666666666666,18,17
40396,29,Short,1900-01-01 18:40:00,1900-01-01 19:35:00,0.9166666666666666,2,1
40397,29,Short,1900-01-01 19:30:00,1900-01-01 20:25:00,0.9166666666666666,18,17
40398,29,Short,1900-01-01 18:50:00,1900-01-01 19:45:00,0.9166666666666666,2,1
40399,29,Short,1900-01-01 19:50:00,1900-01-01 20:45:00,0.9166666666666666,18,17
40400,29,Short,1900-01-01 19:07:00,1900-01-01 20:02:00,0.9166666666666666,2,1
40401,29,Short,1900-01-01 20:00:00,1900-01-01 20:55:00,0.9166666666666666,18,17
40402,29,Short,1900-01-01 19:20:00,1900-01-01 20:15:00,0.9166666666666666,2,1
40403,29,Short,1900-01-01 20:15:00,1900-01-01 21:10:00,0.9166666666666666,18,17
40404,29,Short,1900-01-01 19:40:00,1900-01-01 20:35:00,0.9166666666666666,2,1
40405,29,Short,1900-01-01 20:30:00,1900-01-01 21:25:00,0.9166666666666666,18,17
40406,29,Short,1900-01-01 19:50:00,1900-01-01 20:45:00,0.9166666666666666,2,1
40407,29,Short,1900-01-01 20:40:00,1900-01-01 21:35:00,0.9166666666666666,18,17
40408,29,Short,1900-01-01 20:00:00,1900-01-01 20:55:00,0.9166666666666666,2,1
40409,29,Short,1900-01-01 21:00:00,1900-01-01 21:55:00,0.9166666666666666,18,17
40410,29,Short,1900-01-01 20:20:00,1900-01-01 21:15:00,0.9166666666666666,2,1
40411,29,Short,1900-01-01 21:15:00,1900-01-01 22:10:00,0.9166666666666666,18,17
40412,29,Short,1900-01-01 20:30:00,1900-01-01 21:25:00,0.9166666666666666,2,1
40413,29,Short,1900-01-01 22:00:00,1900-01-01 22:55:00,0.9166666666666666,18,17
40414,29,Short,1900-01-01 20:50:00,1900-01-01 21:45:00,0.9166666666666666,2,1
40415,29,Short,1900-01-01 22:15:00,1900-01-01 23:10:00,0.9166666666666666,18,17
40416,29,Short,1900-01-01 21:00:00,1900-01-01 21:55:00,0.9166666666666666,2,1
40417,29,Short,1900-01-01 22:30:00,1900-01-01 23:25:00,0.9166666666666666,18,17
40418,29,Short,1900-01-01 21:30:00,1900-01-01 22:25:00,0.9166666666666666,6,5
40419,29,Short,1900-01-01 23:20:00,1900-01-01 00:15:00,0.9166666666666666,18,17
40420,29,Short,1900-01-01 22:30:00,1900-01-01 23:25:00,0.9166666666666666,2,1
40421,29,Short,1900-01-01 23:59:00,1900-01-01 00:54:00,0.9166666666666666,18,17
40422,29,Short,1900-01-01 23:30:00,1900-01-01 00:25:00,0.9166666666666666,2,1
40501,59,Short,1900-01-01 03:55:00,1900-01-01 05:35:00,1.6666666666666667,2,1
40502,59,Short,1900-01-01 03:55:00,1900-01-01 05:50:00,1.9166666666666667,2,1
40503,59,Short,1900-01-01 04:40:00,1900-01-01 06:25:00,1.75,2,1
40504,59,Short,1900-01-01 04:35:00,1900-01-01 06:25:00,1.8333333333333333,6,5
40505,59,Short,1900-01-01 05:00:00,1900-01-01 06:45:00,1.75,2,1
40506,59,Short,1900-01-01 04:55:00,1900-01-01 06:40:00,1.75,3,2
40507,59,Short,1900-01-01 05:20:00,1900-01-01 07:05:00,1.75,2,1
40508,59,Short,1900-01-01 05:10:00,1900-01-01 07:05:00,1.9166666666666667,3,2
40509,59,Short,1900-01-01 05:55:00,1900-01-01 07:35:00,1.6666666666666667,3,2
40510,59,Short,1900-01-01 05:50:00,1900-01-01 07:40:00,1.8333333333333333,2,1
40511,59,Short,1900-01-01 06:10:00,1900-01-01 07:50:00,1.6666666666666667,2,1
40512,59,Short,1900-01-01 06:40:00,1900-01-01 08:27:00,1.7833333333333334,3,2
40513,59,Short,1900-01-01 06:30:00,1900-01-01 08:15:00,1.75,2,1
40514,59,Short,1900-01-01 07:00:00,1900-01-01 08:32:00,1.5333333333333334,3,2
40515,59,Short,1900-01-01 06:45:00,1900-01-01 08:25:00,1.6666666666666667,2,1
40516,59,Short,1900-01-01 07:25:00,1900-01-01 08:57:00,1.5333333333333334,2,1
40517,59,Short,1900-01-01 06:55:00,1900-01-01 08:35:00,1.6666666666666667,2,1
40518,59,Short,1900-01-01 07:50:00,1900-01-01 09:20:00,1.5,3,2
40519,59,Short,1900-01-01 07:38:00,1900-01-01 09:20:00,1.7,3,2
40520,59,Short,1900-01-01 08:05:00,1900-01-01 09:47:00,1.7,2,1
40522,59,Short,1900-01-01 08:25:00,1900-01-01 09:55:00,1.5,2,1
40523,59,Short,1900-01-01 08:56:00,1900-01-01 10:40:00,1.7333333333333334,2,1
40524,59,Short,1900-01-01 08:40:00,1900-01-01 10:20:00,1.6666666666666667,3,2
40525,59,Short,1900-01-01 09:38:00,1900-01-01 11:25:00,1.7833333333333334,3,2
40526,59,Short,1900-01-01 08:50:00,1900-01-01 10:20:00,1.5,3,2
40527,59,Short,1900-01-01 10:14:00,1900-01-01 12:00:00,1.7666666666666666,2,1
40528,59,Short,1900-01-01 09:40:00,1900-01-01 11:30:00,1.8333333333333333,2,1
40529,59,Short,1900-01-01 11:02:00,1900-01-01 12:45:00,1.7166666666666666,3,2
40531,59,Short,1900-01-01 11:55:00,1900-01-01 13:35:00,1.6666666666666667,3,2
40532,59,Short,1900-01-01 10:50:00,1900-01-01 12:38:00,1.8,11,10
40533,59,Short,1900-01-01 12:30:00,1900-01-01 14:10:00,1.6666666666666667,3,2
40534,59,Short,1900-01-01 11:50:00,1900-01-01 13:30:00,1.6666666666666667,7,6
40535,59,Short,1900-01-01 13:09:00,1900-01-01 15:00:00,1.85,2,1
40536,59,Short,1900-01-01 12:15:00,1900-01-01 13:55:00,1.6666666666666667,2,1
40538,59,Short,1900-01-01 13:00:00,1900-01-01 14:42:00,1.7,2,1
40539,59,Short,1900-01-01 13:47:00,1900-01-01 15:30:00,1.7166666666666666,3,2
40540,59,Short,1900-01-01 13:50:00,1900-01-01 15:30:00,1.6666666666666667,2,1
40541,59,Short,1900-01-01 14:13:00,1900-01-01 16:00:00,1.7833333333333334,2,1
40542,59,Short,1900-01-01 14:25:00,1900-01-01 16:10:00,1.75,2,1
40543,59,Short,1900-01-01 14:47:00,1900-01-01 16:30:00,1.7166666666666666,3,2
40544,59,Short,1900-01-01 15:15:00,1900-01-01 16:55:00,1.6666666666666667,2,1
40545,59,Short,1900-01-01 15:35:00,1900-01-01 17:20:00,1.75,3,2
40547,59,Short,1900-01-01 16:15:00,1900-01-01 17:55:00,1.6666666666666667,3,2
40548,59,Short,1900-01-01 15:40:00,1900-01-01 17:22:00,1.7,2,1
40549,59,Short,1900-01-01 16:32:00,1900-01-01 18:25:00,1.8833333333333333,3,2
40550,59,Short,1900-01-01 16:35:00,1900-01-01 18:20:00,1.75,3,2
40551,59,Short,1900-01-01 16:50:00,1900-01-01 18:45:00,1.9166666666666667,11,10
40552,59,Short,1900-01-01 17:00:00,1900-01-01 18:41:00,1.6833333333333333,2,1
40553,59,Short,1900-01-01 17:20:00,1900-01-01 19:10:00,1.8333333333333333,7,6
40554,59,Short,1900-01-01 17:30:00,1900-01-01 19:10:00,1.6666666666666667,2,1
40555,59,Short,1900-01-01 17:38:00,1900-01-01 19:25:00,1.7833333333333334,3,2
40556,59,Short,1900-01-01 18:05:00,1900-01-01 19:50:00,1.75,3,2
40557,59,Short,1900-01-01 18:07:00,1900-01-01 19:50:00,1.7166666666666666,2,1
40558,59,Short,1900-01-01 18:40:00,1900-01-01 20:30:00,1.8333333333333333,9,8
40559,59,Short,1900-01-01 18:33:00,1900-01-01 20:10:00,1.6166666666666667,3,2
40560,59,Short,1900-01-01 19:00:00,1900-01-01 20:46:00,1.7666666666666666,11,10
40561,59,Short,1900-01-01 18:40:00,1900-01-01 20:30:00,1.8333333333333333,3,2
40562,59,Short,1900-01-01 19:25:00,1900-01-01 21:05:00,1.6666666666666667,3,2
40563,59,Short,1900-01-01 19:32:00,1900-01-01 21:30:00,1.9666666666666666,2,1
40564,59,Short,1900-01-01 19:45:00,1900-01-01 21:37:00,1.8666666666666667,2,1
40565,59,Short,1900-01-01 19:56:00,1900-01-01 21:40:00,1.7333333333333334,3,2
40566,59,Short,1900-01-01 20:10:00,1900-01-01 21:50:00,1.6666666666666667,2,1
40567,59,Short,1900-01-01 20:52:00,1900-01-01 22:40:00,1.8,3,2
40568,59,Short,1900-01-01 20:50:00,1900-01-01 22:45:00,1.9166666666666667,10,9
40569,59,Short,1900-01-01 21:20:00,1900-01-01 23:00:00,1.6666666666666667,7,6
40570,59,Short,1900-01-01 21:10:00,1900-01-01 23:00:00,1.8333333333333333,3,2
40571,59,Short,1900-01-01 21:45:00,1900-01-01 23:25:00,1.6666666666666667,3,2
40572,59,Short,1900-01-01 22:15:00,1900-01-01 00:00:00,1.75,2,1
40573,59,Short,1900-01-01 22:45:00,1900-01-01 00:45:00,2.0,3,2
40574,59,Short,1900-01-01 23:10:00,1900-01-01 00:50:00,1.6666666666666667,3,2
40601,59,Short,1900-01-01 03:55:00,1900-01-01 05:35:00,1.6666666666666667,11,10
40602,59,Short,1900-01-01 03:55:00,1900-01-01 05:50:00,1.9166666666666667,3,2
40603,59,Short,1900-01-01 04:40:00,1900-01-01 06:25:00,1.75,11,10
40604,59,Short,1900-01-01 04:35:00,1900-01-01 06:25:00,1.8333333333333333,11,10
40605,59,Short,1900-01-01 05:00:00,1900-01-01 06:45:00,1.75,11,10
40606,59,Short,1900-01-01 04:55:00,1900-01-01 06:40:00,1.75,11,10
40607,59,Short,1900-01-01 05:20:00,1900-01-01 07:05:00,1.75,2,1
40608,59,Short,1900-01-01 05:10:00,1900-01-01 07:05:00,1.9166666666666667,3,2
40609,59,Short,1900-01-01 05:55:00,1900-01-01 07:35:00,1.6666666666666667,3,2
40610,59,Short,1900-01-01 05:50:00,1900-01-01 07:40:00,1.8333333333333333,11,10
40612,59,Short,1900-01-01 06:40:00,1900-01-01 08:40:00,2.0,9,8
40613,59,Short,1900-01-01 06:30:00,1900-01-01 08:15:00,1.75,2,1
40614,59,Short,1900-01-01 07:00:00,1900-01-01 08:55:00,1.9166666666666667,2,1
40615,59,Short,1900-01-01 06:45:00,1900-01-01 08:25:00,1.6666666666666667,11,10
40616,59,Short,1900-01-01 07:25:00,1900-01-01 09:20:00,1.9166666666666667,2,1
40617,59,Short,1900-01-01 07:38:00,1900-01-01 09:30:00,1.8666666666666667,2,1
40618,59,Short,1900-01-01 07:50:00,1900-01-01 09:30:00,1.6666666666666667,11,10
40619,59,Short,1900-01-01 09:00:00,1900-01-01 10:40:00,1.6666666666666667,2,1
40621,59,Short,1900-01-01 09:35:00,1900-01-01 11:25:00,1.8333333333333333,2,1
40622,59,Short,1900-01-01 08:25:00,1900-01-01 10:05:00,1.6666666666666667,2,1
40623,59,Short,1900-01-01 10:15:00,1900-01-01 12:00:00,1.75,2,1
40624,59,Short,1900-01-01 08:45:00,1900-01-01 10:25:00,1.6666666666666667,2,1
40625,59,Short,1900-01-01 11:00:00,1900-01-01 12:45:00,1.75,3,2
40626,59,Short,1900-01-01 09:40:00,1900-01-01 11:25:00,1.75,2,1
40627,59,Short,1900-01-01 12:00:00,1900-01-01 13:40:00,1.6666666666666667,2,1
40628,59,Short,1900-01-01 10:50:00,1900-01-01 12:35:00,1.75,11,10
40629,59,Short,1900-01-01 12:30:00,1900-01-01 14:10:00,1.6666666666666667,2,1
40630,59,Short,1900-01-01 11:50:00,1900-01-01 13:35:00,1.75,11,10
40631,59,Short,1900-01-01 13:15:00,1900-01-01 15:00:00,1.75,11,10
40632,59,Short,1900-01-01 12:15:00,1900-01-01 13:55:00,1.6666666666666667,2,1
40633,59,Short,1900-01-01 13:45:00,1900-01-01 15:30:00,1.75,2,1
40634,59,Short,1900-01-01 13:00:00,1900-01-01 14:40:00,1.6666666666666667,2,1
40635,59,Short,1900-01-01 14:15:00,1900-01-01 16:00:00,1.75,2,1
40636,59,Short,1900-01-01 13:50:00,1900-01-01 15:40:00,1.8333333333333333,4,3
40637,59,Short,1900-01-01 14:45:00,1900-01-01 16:30:00,1.75,10,9
40638,59,Short,1900-01-01 14:25:00,1900-01-01 16:05:00,1.6666666666666667,2,1
40639,59,Short,1900-01-01 15:40:00,1900-01-01 17:20:00,1.6666666666666667,2,1
40640,59,Short,1900-01-01 15:15:00,1900-01-01 16:55:00,1.6666666666666667,11,10
40641,59,Short,1900-01-01 16:10:00,1900-01-01 17:55:00,1.75,2,1
40642,59,Short,1900-01-01 15:40:00,1900-01-01 17:25:00,1.75,2,1
40643,59,Short,1900-01-01 16:50:00,1900-01-01 18:45:00,1.9166666666666667,11,10
40644,59,Short,1900-01-01 16:35:00,1900-01-01 18:25:00,1.8333333333333333,3,2
40645,59,Short,1900-01-01 17:20:00,1900-01-01 19:10:00,1.8333333333333333,11,10
40646,59,Short,1900-01-01 17:00:00,1900-01-01 18:45:00,1.75,2,1
40647,59,Short,1900-01-01 17:40:00,1900-01-01 19:25:00,1.75,11,10
40648,59,Short,1900-01-01 17:30:00,1900-01-01 19:05:00,1.5833333333333333,2,1
40649,59,Short,1900-01-01 18:10:00,1900-01-01 20:00:00,1.8333333333333333,3,2
40650,59,Short,1900-01-01 18:05:00,1900-01-01 19:55:00,1.8333333333333333,3,2
40651,59,Short,1900-01-01 18:30:00,1900-01-01 20:15:00,1.75,2,1
40652,59,Short,1900-01-01 18:40:00,1900-01-01 20:25:00,1.75,2,1
40653,59,Short,1900-01-01 18:50:00,1900-01-01 20:30:00,1.6666666666666667,2,1
40654,59,Short,1900-01-01 19:25:00,1900-01-01 21:05:00,1.6666666666666667,2,1
40655,59,Short,1900-01-01 19:40:00,1900-01-01 21:30:00,1.8333333333333333,11,10
40656,59,Short,1900-01-01 19:45:00,1900-01-01 21:35:00,1.8333333333333333,3,2
40657,59,Short,1900-01-01 20:10:00,1900-01-01 21:50:00,1.6666666666666667,2,1
40658,59,Short,1900-01-01 20:25:00,1900-01-01 22:10:00,1.75,2,1
40659,59,Short,1900-01-01 20:52:00,1900-01-01 22:40:00,1.8,2,1
40660,59,Short,1900-01-01 20:50:00,1900-01-01 22:45:00,1.9166666666666667,11,10
40661,59,Short,1900-01-01 21:30:00,1900-01-01 23:15:00,1.75,2,1
40662,59,Short,1900-01-01 21:15:00,1900-01-01 23:00:00,1.75,3,2
40663,59,Short,1900-01-01 21:45:00,1900-01-01 23:25:00,1.6666666666666667,2,1
40664,59,Short,1900-01-01 22:15:00,1900-01-01 23:55:00,1.6666666666666667,2,1
40665,59,Short,1900-01-01 22:50:00,1900-01-01 00:45:00,1.9166666666666667,11,10
40666,59,Short,1900-01-01 23:10:00,1900-01-01 00:50:00,1.6666666666666667,2,1
40701,108,Short,1900-01-01 07:05:00,1900-01-01 10:05:00,3.0,3,2
40702,108,Short,1900-01-01 05:15:00,1900-01-01 08:12:00,2.95,4,3
40704,108,Short,1900-01-01 07:05:00,1900-01-01 09:30:00,2.4166666666666665,4,3
40705,108,Short,1900-01-01 13:35:00,1900-01-01 16:35:00,3.0,15,14
40706,108,Short,1900-01-01 08:00:00,1900-01-01 10:28:00,2.466666666666667,10,9
40707,108,Short,1900-01-01 18:13:00,1900-01-01 20:40:00,2.45,8,7
40708,108,Short,1900-01-01 10:25:00,1900-01-01 13:17:00,2.8666666666666667,8,7
40709,108,Short,1900-01-01 19:09:00,1900-01-01 22:15:00,3.1,5,4
40711,108,Short,1900-01-01 20:20:00,1900-01-01 23:05:00,2.75,7,6
40712,108,Short,1900-01-01 17:10:00,1900-01-01 20:14:00,3.066666666666667,12,11
40751,108,Short,1900-01-01 07:05:00,1900-01-01 10:05:00,3.0,4,3
40752,108,Short,1900-01-01 05:15:00,1900-01-01 08:10:00,2.9166666666666665,6,5
40754,108,Short,1900-01-01 07:05:00,1900-01-01 09:55:00,2.8333333333333335,5,4
40755,108,Short,1900-01-01 13:30:00,1900-01-01 16:35:00,3.0833333333333335,15,14
40756,108,Short,1900-01-01 08:00:00,1900-01-01 10:35:00,2.5833333333333335,8,7
40757,108,Short,1900-01-01 18:00:00,1900-01-01 20:40:00,2.6666666666666665,14,13
40758,108,Short,1900-01-01 10:25:00,1900-01-01 13:15:00,2.8333333333333335,4,3
40759,108,Short,1900-01-01 19:10:00,1900-01-01 22:15:00,3.0833333333333335,3,2
40761,108,Short,1900-01-01 20:20:00,1900-01-01 23:05:00,2.75,2,1
40762,108,Short,1900-01-01 17:10:00,1900-01-01 20:08:00,2.966666666666667,4,3
40801,95,Short,1900-01-01 05:40:00,1900-01-01 08:15:00,2.5833333333333335,3,2
40802,95,Short,1900-01-01 09:10:00,1900-01-01 11:51:00,2.683333333333333,6,5
40803,95,Short,1900-01-01 15:25:00,1900-01-01 18:00:00,2.5833333333333335,6,5
40804,95,Short,1900-01-01 19:20:00,1900-01-01 22:05:00,2.75,14,13
40901,48,Short,1900-01-01 05:15:00,1900-01-01 06:45:00,1.5,10,9
40902,48,Short,1900-01-01 21:00:00,1900-01-01 22:00:00,1.0,10,9
41001,14,Short,1900-01-01 03:55:00,1900-01-01 04:40:00,0.75,3,2
41003,14,Short,1900-01-01 04:40:00,1900-01-01 05:25:00,0.75,3,2
41006,14,Short,1900-01-01 05:45:00,1900-01-01 06:30:00,0.75,3,2
41008,14,Short,1900-01-01 06:25:00,1900-01-01 07:10:00,0.75,3,2
41009,14,Short,1900-01-01 05:50:00,1900-01-01 06:35:00,0.75,3,2
41012,14,Short,1900-01-01 06:40:00,1900-01-01 07:25:00,0.75,3,2
41013,14,Short,1900-01-01 06:20:00,1900-01-01 07:05:00,0.75,3,2
41014,14,Short,1900-01-01 06:55:00,1900-01-01 07:40:00,0.75,3,2
41015,14,Short,1900-01-01 06:40:00,1900-01-01 07:25:00,0.75,3,2
41016,14,Short,1900-01-01 07:10:00,1900-01-01 07:55:00,0.75,3,2
41017,14,Short,1900-01-01 07:15:00,1900-01-01 08:00:00,0.75,3,2
41020,14,Short,1900-01-01 07:35:00,1900-01-01 08:20:00,0.75,3,2
41021,14,Short,1900-01-01 07:30:00,1900-01-01 08:15:00,0.75,3,2
41022,14,Short,1900-01-01 07:55:00,1900-01-01 08:40:00,0.75,3,2
41023,14,Short,1900-01-01 07:45:00,1900-01-01 08:30:00,0.75,3,2
41024,14,Short,1900-01-01 08:05:00,1900-01-01 08:50:00,0.75,3,2
41028,14,Short,1900-01-01 08:35:00,1900-01-01 09:20:00,0.75,3,2
41029,14,Short,1900-01-01 08:25:00,1900-01-01 09:10:00,0.75,3,2
41033,14,Short,1900-01-01 08:45:00,1900-01-01 09:30:00,0.75,3,2
41035,14,Short,1900-01-01 08:55:00,1900-01-01 09:40:00,0.75,3,2
41036,14,Short,1900-01-01 09:25:00,1900-01-01 10:10:00,0.75,3,2
41038,14,Short,1900-01-01 09:35:00,1900-01-01 10:20:00,0.75,3,2
41040,14,Short,1900-01-01 09:50:00,1900-01-01 10:35:00,0.75,3,2
41042,14,Short,1900-01-01 10:05:00,1900-01-01 10:50:00,0.75,3,2
41043,14,Short,1900-01-01 09:35:00,1900-01-01 10:20:00,0.75,3,2
41046,14,Short,1900-01-01 10:30:00,1900-01-01 11:15:00,0.75,3,2
41048,14,Short,1900-01-01 10:45:00,1900-01-01 11:30:00,0.75,3,2
41050,14,Short,1900-01-01 11:00:00,1900-01-01 11:45:00,0.75,3,2
41051,14,Short,1900-01-01 10:15:00,1900-01-01 11:00:00,0.75,3,2
41055,14,Short,1900-01-01 10:45:00,1900-01-01 11:30:00,0.75,3,2
41056,14,Short,1900-01-01 11:55:00,1900-01-01 12:40:00,0.75,3,2
41057,14,Short,1900-01-01 11:00:00,1900-01-01 11:45:00,0.75,3,2
41060,14,Short,1900-01-01 12:35:00,1900-01-01 13:20:00,0.75,3,2
41061,14,Short,1900-01-01 11:30:00,1900-01-01 12:15:00,0.75,3,2
41063,14,Short,1900-01-01 11:45:00,1900-01-01 12:30:00,0.75,3,2
41064,14,Short,1900-01-01 13:15:00,1900-01-01 14:00:00,0.75,3,2
41065,14,Short,1900-01-01 12:05:00,1900-01-01 12:50:00,0.75,3,2
41069,14,Short,1900-01-01 12:45:00,1900-01-01 13:30:00,0.75,3,2
41070,14,Short,1900-01-01 14:15:00,1900-01-01 15:00:00,0.75,3,2
41073,14,Short,1900-01-01 13:25:00,1900-01-01 14:10:00,0.75,3,2
41076,14,Short,1900-01-01 15:05:00,1900-01-01 15:50:00,0.75,3,2
41077,14,Short,1900-01-01 14:05:00,1900-01-01 14:50:00,0.75,3,2
41078,14,Short,1900-01-01 15:25:00,1900-01-01 16:10:00,0.75,3,2
41079,14,Short,1900-01-01 14:25:00,1900-01-01 15:10:00,0.75,3,2
41080,14,Short,1900-01-01 15:45:00,1900-01-01 16:30:00,0.75,3,2
41081,14,Short,1900-01-01 14:45:00,1900-01-01 15:30:00,0.75,3,2
41082,14,Short,1900-01-01 16:00:00,1900-01-01 16:45:00,0.75,3,2
41084,14,Short,1900-01-01 16:10:00,1900-01-01 16:55:00,0.75,3,2
41085,14,Short,1900-01-01 15:25:00,1900-01-01 16:10:00,0.75,3,2
41086,14,Short,1900-01-01 16:25:00,1900-01-01 17:10:00,0.75,2,1
41089,14,Short,1900-01-01 16:00:00,1900-01-01 16:45:00,0.75,3,2
41091,14,Short,1900-01-01 16:15:00,1900-01-01 17:00:00,0.75,3,2
41092,14,Short,1900-01-01 17:05:00,1900-01-01 17:50:00,0.75,3,2
41093,14,Short,1900-01-01 16:30:00,1900-01-01 17:20:00,0.8333333333333334,3,2
41095,14,Short,1900-01-01 16:45:00,1900-01-01 17:30:00,0.75,3,2
41096,14,Short,1900-01-01 17:25:00,1900-01-01 18:10:00,0.75,3,2
41097,14,Short,1900-01-01 17:00:00,1900-01-01 17:45:00,0.75,3,2
41102,14,Short,1900-01-01 17:55:00,1900-01-01 18:40:00,0.75,3,2
41103,14,Short,1900-01-01 17:40:00,1900-01-01 18:25:00,0.75,3,2
41104,14,Short,1900-01-01 18:05:00,1900-01-01 18:50:00,0.75,3,2
41105,14,Short,1900-01-01 17:50:00,1900-01-01 18:35:00,0.75,3,2
41108,14,Short,1900-01-01 18:30:00,1900-01-01 19:15:00,0.75,3,2
41110,14,Short,1900-01-01 18:45:00,1900-01-01 19:30:00,0.75,3,2
41111,14,Short,1900-01-01 18:25:00,1900-01-01 19:10:00,0.75,3,2
41113,14,Short,1900-01-01 18:35:00,1900-01-01 19:20:00,0.75,3,2
41116,14,Short,1900-01-01 19:20:00,1900-01-01 20:05:00,0.75,3,2
41117,14,Short,1900-01-01 18:55:00,1900-01-01 19:40:00,0.75,3,2
41119,14,Short,1900-01-01 19:10:00,1900-01-01 19:55:00,0.75,3,2
41120,14,Short,1900-01-01 19:50:00,1900-01-01 20:35:00,0.75,3,2
41122,14,Short,1900-01-01 20:10:00,1900-01-01 20:55:00,0.75,3,2
41127,14,Short,1900-01-01 20:20:00,1900-01-01 21:05:00,0.75,3,2
41128,14,Short,1900-01-01 21:10:00,1900-01-01 21:55:00,0.75,3,2
41129,14,Short,1900-01-01 20:40:00,1900-01-01 21:25:00,0.75,3,2
41130,14,Short,1900-01-01 21:30:00,1900-01-01 22:15:00,0.75,3,2
41131,14,Short,1900-01-01 21:00:00,1900-01-01 21:45:00,0.75,3,2
41132,14,Short,1900-01-01 21:50:00,1900-01-01 22:35:00,0.75,3,2
41134,14,Short,1900-01-01 22:10:00,1900-01-01 22:55:00,0.75,3,2
41135,14,Short,1900-01-01 21:40:00,1900-01-01 22:25:00,0.75,3,2
41138,14,Short,1900-01-01 22:50:00,1900-01-01 23:35:00,0.75,3,2
41140,14,Short,1900-01-01 23:10:00,1900-01-01 23:55:00,0.75,3,2
41501,14,Short,1900-01-01 06:00:00,1900-01-01 06:45:00,0.75,3,2
41502,14,Short,1900-01-01 06:50:00,1900-01-01 07:35:00,0.75,3,2
41503,14,Short,1900-01-01 06:20:00,1900-01-01 07:05:00,0.75,3,2
41504,14,Short,1900-01-01 07:10:00,1900-01-01 07:55:00,0.75,3,2
41505,14,Short,1900-01-01 06:40:00,1900-01-01 07:25:00,0.75,3,2
41506,14,Short,1900-01-01 07:30:00,1900-01-01 08:15:00,0.75,3,2
41507,14,Short,1900-01-01 07:00:00,1900-01-01 07:45:00,0.75,3,2
41508,14,Short,1900-01-01 07:50:00,1900-01-01 08:35:00,0.75,3,2
41509,14,Short,1900-01-01 07:20:00,1900-01-01 08:05:00,0.75,3,2
41510,14,Short,1900-01-01 08:10:00,1900-01-01 08:55:00,0.75,3,2
41511,14,Short,1900-01-01 07:40:00,1900-01-01 08:25:00,0.75,2,1
41512,14,Short,1900-01-01 08:30:00,1900-01-01 09:15:00,0.75,3,2
41513,14,Short,1900-01-01 08:00:00,1900-01-01 08:45:00,0.75,3,2
41514,14,Short,1900-01-01 08:50:00,1900-01-01 09:35:00,0.75,3,2
41515,14,Short,1900-01-01 08:20:00,1900-01-01 09:05:00,0.75,3,2
41516,14,Short,1900-01-01 09:10:00,1900-01-01 09:55:00,0.75,3,2
41517,14,Short,1900-01-01 08:40:00,1900-01-01 09:25:00,0.75,3,2
41518,14,Short,1900-01-01 09:30:00,1900-01-01 10:15:00,0.75,3,2
41519,14,Short,1900-01-01 09:00:00,1900-01-01 09:45:00,0.75,3,2
41520,14,Short,1900-01-01 09:50:00,1900-01-01 10:35:00,0.75,3,2
41521,14,Short,1900-01-01 09:20:00,1900-01-01 10:05:00,0.75,3,2
41522,14,Short,1900-01-01 10:10:00,1900-01-01 10:55:00,0.75,3,2
41523,14,Short,1900-01-01 09:40:00,1900-01-01 10:25:00,0.75,3,2
41524,14,Short,1900-01-01 10:30:00,1900-01-01 11:15:00,0.75,3,2
41525,14,Short,1900-01-01 09:50:00,1900-01-01 10:35:00,0.75,3,2
41526,14,Short,1900-01-01 10:40:00,1900-01-01 11:25:00,0.75,3,2
41527,14,Short,1900-01-01 10:00:00,1900-01-01 10:45:00,0.75,3,2
41528,14,Short,1900-01-01 10:50:00,1900-01-01 11:35:00,0.75,3,2
41529,14,Short,1900-01-01 10:20:00,1900-01-01 11:05:00,0.75,3,2
41530,14,Short,1900-01-01 11:10:00,1900-01-01 11:55:00,0.75,3,2
41531,14,Short,1900-01-01 10:40:00,1900-01-01 11:25:00,0.75,2,1
41532,14,Short,1900-01-01 11:30:00,1900-01-01 12:15:00,0.75,3,2
41533,14,Short,1900-01-01 11:00:00,1900-01-01 11:45:00,0.75,3,2
41534,14,Short,1900-01-01 11:50:00,1900-01-01 12:35:00,0.75,3,2
41535,14,Short,1900-01-01 11:20:00,1900-01-01 12:05:00,0.75,3,2
41536,14,Short,1900-01-01 12:10:00,1900-01-01 12:55:00,0.75,3,2
41537,14,Short,1900-01-01 11:40:00,1900-01-01 12:25:00,0.75,3,2
41538,14,Short,1900-01-01 12:30:00,1900-01-01 13:15:00,0.75,3,2
41539,14,Short,1900-01-01 12:00:00,1900-01-01 12:45:00,0.75,3,2
41540,14,Short,1900-01-01 12:50:00,1900-01-01 13:35:00,0.75,3,2
41541,14,Short,1900-01-01 12:20:00,1900-01-01 13:05:00,0.75,3,2
41542,14,Short,1900-01-01 13:10:00,1900-01-01 13:55:00,0.75,3,2
41543,14,Short,1900-01-01 12:40:00,1900-01-01 13:25:00,0.75,3,2
41544,14,Short,1900-01-01 13:30:00,1900-01-01 14:15:00,0.75,3,2
41545,14,Short,1900-01-01 13:00:00,1900-01-01 13:45:00,0.75,3,2
41546,14,Short,1900-01-01 13:50:00,1900-01-01 14:35:00,0.75,3,2
41547,14,Short,1900-01-01 13:20:00,1900-01-01 14:05:00,0.75,3,2
41548,14,Short,1900-01-01 14:10:00,1900-01-01 14:55:00,0.75,3,2
41549,14,Short,1900-01-01 13:40:00,1900-01-01 14:25:00,0.75,3,2
41550,14,Short,1900-01-01 14:30:00,1900-01-01 15:15:00,0.75,3,2
41551,14,Short,1900-01-01 14:00:00,1900-01-01 14:45:00,0.75,3,2
41552,14,Short,1900-01-01 14:50:00,1900-01-01 15:35:00,0.75,3,2
41553,14,Short,1900-01-01 14:20:00,1900-01-01 15:05:00,0.75,3,2
41554,14,Short,1900-01-01 15:10:00,1900-01-01 15:55:00,0.75,3,2
41555,14,Short,1900-01-01 14:40:00,1900-01-01 15:25:00,0.75,3,2
41556,14,Short,1900-01-01 15:30:00,1900-01-01 16:15:00,0.75,3,2
41557,14,Short,1900-01-01 15:00:00,1900-01-01 15:45:00,0.75,3,2
41558,14,Short,1900-01-01 15:50:00,1900-01-01 16:35:00,0.75,3,2
41559,14,Short,1900-01-01 15:20:00,1900-01-01 16:05:00,0.75,3,2
41560,14,Short,1900-01-01 16:10:00,1900-01-01 16:55:00,0.75,3,2
41561,14,Short,1900-01-01 15:40:00,1900-01-01 16:25:00,0.75,3,2
41562,14,Short,1900-01-01 16:30:00,1900-01-01 17:15:00,0.75,3,2
41563,14,Short,1900-01-01 16:00:00,1900-01-01 16:45:00,0.75,3,2
41564,14,Short,1900-01-01 16:50:00,1900-01-01 17:35:00,0.75,3,2
41565,14,Short,1900-01-01 16:20:00,1900-01-01 17:05:00,0.75,3,2
41566,14,Short,1900-01-01 17:10:00,1900-01-01 17:55:00,0.75,3,2
41567,14,Short,1900-01-01 16:40:00,1900-01-01 17:25:00,0.75,3,2
41568,14,Short,1900-01-01 17:30:00,1900-01-01 18:15:00,0.75,3,2
41569,14,Short,1900-01-01 17:00:00,1900-01-01 17:45:00,0.75,3,2
41570,14,Short,1900-01-01 17:50:00,1900-01-01 18:35:00,0.75,3,2
41571,14,Short,1900-01-01 17:20:00,1900-01-01 18:05:00,0.75,3,2
41572,14,Short,1900-01-01 18:10:00,1900-01-01 18:55:00,0.75,3,2
41573,14,Short,1900-01-01 17:40:00,1900-01-01 18:25:00,0.75,3,2
41574,14,Short,1900-01-01 18:30:00,1900-01-01 19:15:00,0.75,3,2
41575,14,Short,1900-01-01 18:00:00,1900-01-01 18:45:00,0.75,3,2
41576,14,Short,1900-01-01 18:50:00,1900-01-01 19:35:00,0.75,3,2
41577,14,Short,1900-01-01 18:20:00,1900-01-01 19:05:00,0.75,3,2
41578,14,Short,1900-01-01 19:10:00,1900-01-01 19:55:00,0.75,3,2
41579,14,Short,1900-01-01 18:40:00,1900-01-01 19:25:00,0.75,3,2
41580,14,Short,1900-01-01 19:30:00,1900-01-01 20:15:00,0.75,3,2
41581,14,Short,1900-01-01 19:00:00,1900-01-01 19:45:00,0.75,3,2
41582,14,Short,1900-01-01 19:50:00,1900-01-01 20:35:00,0.75,3,2
41583,14,Short,1900-01-01 19:20:00,1900-01-01 20:05:00,0.75,3,2
41584,14,Short,1900-01-01 20:10:00,1900-01-01 20:55:00,0.75,3,2
41585,14,Short,1900-01-01 19:40:00,1900-01-01 20:25:00,0.75,3,2
41586,14,Short,1900-01-01 20:30:00,1900-01-01 21:15:00,0.75,3,2
41587,14,Short,1900-01-01 20:00:00,1900-01-01 20:45:00,0.75,3,2
41588,14,Short,1900-01-01 20:50:00,1900-01-01 21:35:00,0.75,3,2
41589,14,Short,1900-01-01 20:30:00,1900-01-01 21:15:00,0.75,3,2
41590,14,Short,1900-01-01 21:20:00,1900-01-01 22:05:00,0.75,3,2
41593,14,Short,1900-01-01 21:00:00,1900-01-01 21:45:00,0.75,3,2
41594,14,Short,1900-01-01 21:50:00,1900-01-01 22:35:00,0.75,3,2
41597,14,Short,1900-01-01 21:30:00,1900-01-01 22:15:00,0.75,3,2
41598,14,Short,1900-01-01 22:20:00,1900-01-01 23:05:00,0.75,3,2
41599,14,Short,1900-01-01 22:00:00,1900-01-01 22:45:00,0.75,3,2
41600,14,Short,1900-01-01 22:50:00,1900-01-01 23:35:00,0.75,3,2
42001,47,Short,1900-01-01 00:15:00,1900-01-01 01:35:00,1.3333333333333333,16,15
42002,47,Short,1900-01-01 02:45:00,1900-01-01 04:10:00,1.4166666666666667,15,14
42003,47,Short,1900-01-01 05:55:00,1900-01-01 07:40:00,1.75,16,15
42004,47,Short,1900-01-01 04:00:00,1900-01-01 05:30:00,1.5,16,15
42005,47,Short,1900-01-01 06:40:00,1900-01-01 08:10:00,1.5,16,15
42006,47,Short,1900-01-01 04:55:00,1900-01-01 06:35:00,1.6666666666666667,16,15
42007,47,Short,1900-01-01 07:00:00,1900-01-01 08:20:00,1.3333333333333333,12,11
42008,47,Short,1900-01-01 05:20:00,1900-01-01 06:50:00,1.5,16,15
42009,47,Short,1900-01-01 08:15:00,1900-01-01 09:35:00,1.3333333333333333,16,15
42010,47,Short,1900-01-01 05:50:00,1900-01-01 07:20:00,1.5,16,15
42011,47,Short,1900-01-01 09:00:00,1900-01-01 10:30:00,1.5,16,15
42012,47,Short,1900-01-01 06:55:00,1900-01-01 08:35:00,1.6666666666666667,15,14
42013,47,Short,1900-01-01 09:30:00,1900-01-01 11:10:00,1.6666666666666667,16,15
42014,47,Short,1900-01-01 07:55:00,1900-01-01 09:35:00,1.6666666666666667,16,15
42015,47,Short,1900-01-01 10:25:00,1900-01-01 11:50:00,1.4166666666666667,16,15
42016,47,Short,1900-01-01 08:25:00,1900-01-01 10:00:00,1.5833333333333333,16,15
42017,47,Short,1900-01-01 11:35:00,1900-01-01 13:10:00,1.5833333333333333,16,15
42018,47,Short,1900-01-01 09:50:00,1900-01-01 11:20:00,1.5,16,15
42019,47,Short,1900-01-01 12:20:00,1900-01-01 13:50:00,1.5,16,15
42020,47,Short,1900-01-01 10:50:00,1900-01-01 12:20:00,1.5,16,15
42021,47,Short,1900-01-01 13:25:00,1900-01-01 14:50:00,1.4166666666666667,16,15
42022,47,Short,1900-01-01 11:20:00,1900-01-01 12:50:00,1.5,16,15
42023,47,Short,1900-01-01 14:35:00,1900-01-01 16:05:00,1.5,16,15
42024,47,Short,1900-01-01 12:55:00,1900-01-01 14:25:00,1.5,12,11
42025,47,Short,1900-01-01 15:15:00,1900-01-01 16:50:00,1.5833333333333333,16,15
42026,47,Short,1900-01-01 13:35:00,1900-01-01 15:05:00,1.5,12,11
42027,47,Short,1900-01-01 16:30:00,1900-01-01 17:55:00,1.4166666666666667,16,15
42028,47,Short,1900-01-01 14:40:00,1900-01-01 16:15:00,1.5833333333333333,16,15
42029,47,Short,1900-01-01 17:05:00,1900-01-01 18:30:00,1.4166666666666667,16,15
42030,47,Short,1900-01-01 15:15:00,1900-01-01 16:45:00,1.5,12,11
42031,47,Short,1900-01-01 17:35:00,1900-01-01 19:15:00,1.6666666666666667,16,15
42032,47,Short,1900-01-01 15:40:00,1900-01-01 17:10:00,1.5,16,15
42033,47,Short,1900-01-01 18:35:00,1900-01-01 20:00:00,1.4166666666666667,16,15
42034,47,Short,1900-01-01 17:00:00,1900-01-01 18:25:00,1.4166666666666667,16,15
42035,47,Short,1900-01-01 19:35:00,1900-01-01 21:00:00,1.4166666666666667,16,15
42036,47,Short,1900-01-01 17:30:00,1900-01-01 18:55:00,1.4166666666666667,16,15
42037,47,Short,1900-01-01 20:15:00,1900-01-01 21:40:00,1.4166666666666667,16,15
42038,47,Short,1900-01-01 18:10:00,1900-01-01 19:35:00,1.4166666666666667,16,15
42039,47,Short,1900-01-01 21:15:00,1900-01-01 22:40:00,1.4166666666666667,16,15
42040,47,Short,1900-01-01 18:40:00,1900-01-01 20:05:00,1.4166666666666667,16,15
42041,47,Short,1900-01-01 21:45:00,1900-01-01 23:15:00,1.5,16,15
42042,47,Short,1900-01-01 19:30:00,1900-01-01 21:00:00,1.5,16,15
42043,47,Short,1900-01-01 22:45:00,1900-01-01 00:10:00,1.4166666666666667,16,15
42044,47,Short,1900-01-01 20:10:00,1900-01-01 21:35:00,1.4166666666666667,16,15
42045,47,Short,1900-01-01 23:20:00,1900-01-01 00:55:00,1.5833333333333333,16,15
42046,47,Short,1900-01-01 21:50:00,1900-01-01 23:25:00,1.5833333333333333,16,15
42301,34,Short,1900-01-01 14:15:00,1900-01-01 15:30:00,1.25,14,13
42302,34,Short,1900-01-01 08:00:00,1900-01-01 09:15:00,1.25,14,13
42401,82,Short,1900-01-01 04:20:00,1900-01-01 06:25:00,2.0833333333333335,21,20
42402,82,Short,1900-01-01 05:45:00,1900-01-01 08:00:00,2.25,21,20
42403,82,Short,1900-01-01 05:00:00,1900-01-01 07:10:00,2.1666666666666665,21,20
42404,82,Short,1900-01-01 06:40:00,1900-01-01 08:50:00,2.1666666666666665,16,15
42406,82,Short,1900-01-01 10:00:00,1900-01-01 12:10:00,2.1666666666666665,21,20
42407,82,Short,1900-01-01 07:30:00,1900-01-01 09:50:00,2.3333333333333335,21,20
42408,82,Short,1900-01-01 11:15:00,1900-01-01 13:20:00,2.0833333333333335,21,20
42409,82,Short,1900-01-01 08:35:00,1900-01-01 10:55:00,2.3333333333333335,21,20
42411,82,Short,1900-01-01 09:55:00,1900-01-01 12:10:00,2.25,21,20
42412,82,Short,1900-01-01 13:15:00,1900-01-01 15:30:00,2.25,21,20
42413,82,Short,1900-01-01 12:40:00,1900-01-01 14:55:00,2.25,21,20
42414,82,Short,1900-01-01 15:10:00,1900-01-01 17:40:00,2.5,21,20
42416,82,Short,1900-01-01 18:10:00,1900-01-01 20:25:00,2.25,21,20
42417,82,Short,1900-01-01 15:35:00,1900-01-01 17:50:00,2.25,21,20
42419,82,Short,1900-01-01 18:00:00,1900-01-01 20:15:00,2.25,21,20
42420,82,Short,1900-01-01 20:30:00,1900-01-01 22:35:00,2.0833333333333335,21,20
42421,82,Short,1900-01-01 19:05:00,1900-01-01 21:20:00,2.25,20,19
42422,82,Short,1900-01-01 21:40:00,1900-01-01 23:55:00,2.25,21,20
42423,82,Short,1900-01-01 20:35:00,1900-01-01 22:45:00,2.1666666666666665,21,20
42451,35,Short,1900-01-01 04:40:00,1900-01-01 05:30:00,0.8333333333333334,2,1
42452,35,Short,1900-01-01 23:00:00,1900-01-01 23:45:00,0.75,6,5
42601,47,Short,1900-01-01 09:40:00,1900-01-01 11:15:00,1.5833333333333333,17,16
42602,47,Short,1900-01-01 08:55:00,1900-01-01 10:20:00,1.4166666666666667,17,16
42603,47,Short,1900-01-01 15:45:00,1900-01-01 17:20:00,1.5833333333333333,17,16
42604,47,Short,1900-01-01 16:30:00,1900-01-01 18:00:00,1.5,17,16
42605,47,Short,1900-01-01 18:35:00,1900-01-01 20:10:00,1.5833333333333333,17,16
42606,47,Short,1900-01-01 20:20:00,1900-01-01 21:45:00,1.4166666666666667,17,16
42607,47,Short,1900-01-01 20:00:00,1900-01-01 21:30:00,1.5,17,16
42608,47,Short,1900-01-01 21:40:00,1900-01-01 23:15:00,1.5833333333333333,17,16
42651,62,Short,1900-01-01 08:50:00,1900-01-01 11:15:00,2.4166666666666665,15,14
42652,62,Short,1900-01-01 08:50:00,1900-01-01 11:15:00,2.4166666666666665,15,14
42653,62,Short,1900-01-01 14:55:00,1900-01-01 17:20:00,2.4166666666666665,15,14
42654,62,Short,1900-01-01 16:30:00,1900-01-01 18:45:00,2.25,15,14
42655,62,Short,1900-01-01 17:45:00,1900-01-01 20:05:00,2.3333333333333335,15,14
42656,62,Short,1900-01-01 20:20:00,1900-01-01 22:45:00,2.4166666666666665,15,14
42657,62,Short,1900-01-01 19:10:00,1900-01-01 21:30:00,2.3333333333333335,15,14
42701,35,Short,1900-01-01 05:35:00,1900-01-01 06:45:00,1.1666666666666667,11,10
42702,34,Short,1900-01-01 07:00:00,1900-01-01 08:05:00,1.0833333333333333,15,14
42751,50,Short,1900-01-01 04:45:00,1900-01-01 06:40:00,1.9166666666666667,13,12
42752,49,Short,1900-01-01 07:00:00,1900-01-01 08:55:00,1.9166666666666667,13,12
42801,82,Short,1900-01-01 14:40:00,1900-01-01 17:00:00,2.3333333333333335,22,21
42802,82,Short,1900-01-01 07:25:00,1900-01-01 09:45:00,2.3333333333333335,22,21
42804,82,Short,1900-01-01 17:20:00,1900-01-01 19:30:00,2.1666666666666665,22,21
42851,97,Short,1900-01-01 13:55:00,1900-01-01 17:05:00,3.1666666666666665,19,18
42852,97,Short,1900-01-01 07:25:00,1900-01-01 10:35:00,3.1666666666666665,19,18
42854,97,Short,1900-01-01 17:15:00,1900-01-01 20:25:00,3.1666666666666665,19,18
42901,16,Short,1900-01-01 05:40:00,1900-01-01 06:25:00,0.75,8,7
43001,20,Short,1900-01-01 00:15:00,1900-01-01 01:05:00,0.8333333333333334,11,10
43002,21,Short,1900-01-01 04:00:00,1900-01-01 04:50:00,0.8333333333333334,11,10
43003,20,Short,1900-01-01 07:50:00,1900-01-01 08:35:00,0.75,11,10
43005,20,Short,1900-01-01 08:55:00,1900-01-01 09:40:00,0.75,11,10
43006,21,Short,1900-01-01 05:10:00,1900-01-01 05:55:00,0.75,11,10
43007,20,Short,1900-01-01 09:00:00,1900-01-01 09:45:00,0.75,11,10
43008,21,Short,1900-01-01 05:25:00,1900-01-01 06:15:00,0.8333333333333334,11,10
43009,20,Short,1900-01-01 09:25:00,1900-01-01 10:10:00,0.75,11,10
43011,20,Short,1900-01-01 10:05:00,1900-01-01 10:55:00,0.8333333333333334,11,10
43013,20,Short,1900-01-01 10:15:00,1900-01-01 11:05:00,0.8333333333333334,11,10
43014,21,Short,1900-01-01 09:15:00,1900-01-01 10:15:00,1.0,11,10
43015,20,Short,1900-01-01 10:45:00,1900-01-01 11:35:00,0.8333333333333334,11,10
43016,21,Short,1900-01-01 09:55:00,1900-01-01 10:40:00,0.75,11,10
43017,20,Short,1900-01-01 12:35:00,1900-01-01 13:20:00,0.75,11,10
43018,21,Short,1900-01-01 11:05:00,1900-01-01 11:50:00,0.75,11,10
43019,20,Short,1900-01-01 16:00:00,1900-01-01 16:40:00,0.6666666666666666,11,10
43020,21,Short,1900-01-01 16:30:00,1900-01-01 17:20:00,0.8333333333333334,11,10
43021,20,Short,1900-01-01 22:00:00,1900-01-01 22:50:00,0.8333333333333334,7,6
43022,21,Short,1900-01-01 17:05:00,1900-01-01 17:55:00,0.8333333333333334,11,10
43023,20,Short,1900-01-01 23:25:00,1900-01-01 00:15:00,0.8333333333333334,11,10
43025,20,Short,1900-01-01 22:00:00,1900-01-01 22:50:00,0.8333333333333334,7,6
43029,20,Short,1900-01-01 23:25:00,1900-01-01 00:15:00,0.8333333333333334,7,6
43101,30,Short,1900-01-01 04:15:00,1900-01-01 05:20:00,1.0833333333333333,14,13
43102,31,Short,1900-01-01 03:20:00,1900-01-01 04:35:00,1.25,14,13
43103,30,Short,1900-01-01 05:00:00,1900-01-01 06:20:00,1.3333333333333333,14,13
43104,31,Short,1900-01-01 05:30:00,1900-01-01 06:45:00,1.25,14,13
43105,30,Short,1900-01-01 06:20:00,1900-01-01 07:30:00,1.1666666666666667,14,13
43106,31,Short,1900-01-01 06:35:00,1900-01-01 07:45:00,1.1666666666666667,14,13
43107,30,Short,1900-01-01 07:25:00,1900-01-01 08:35:00,1.1666666666666667,14,13
43108,31,Short,1900-01-01 07:40:00,1900-01-01 08:55:00,1.25,14,13
43109,30,Short,1900-01-01 11:15:00,1900-01-01 12:25:00,1.1666666666666667,14,13
43110,31,Short,1900-01-01 10:30:00,1900-01-01 11:35:00,1.0833333333333333,14,13
43111,30,Short,1900-01-01 12:20:00,1900-01-01 13:30:00,1.1666666666666667,14,13
43112,31,Short,1900-01-01 11:25:00,1900-01-01 12:35:00,1.1666666666666667,14,13
43113,30,Short,1900-01-01 13:00:00,1900-01-01 14:10:00,1.1666666666666667,14,13
43114,31,Short,1900-01-01 12:50:00,1900-01-01 14:05:00,1.25,14,13
43115,30,Short,1900-01-01 15:05:00,1900-01-01 16:15:00,1.1666666666666667,14,13
43116,31,Short,1900-01-01 13:40:00,1900-01-01 14:50:00,1.1666666666666667,14,13
43117,30,Short,1900-01-01 16:10:00,1900-01-01 17:20:00,1.1666666666666667,14,13
43118,31,Short,1900-01-01 14:20:00,1900-01-01 15:30:00,1.1666666666666667,14,13
43119,30,Short,1900-01-01 18:15:00,1900-01-01 19:25:00,1.1666666666666667,14,13
43120,31,Short,1900-01-01 15:10:00,1900-01-01 16:20:00,1.1666666666666667,14,13
43121,30,Short,1900-01-01 19:15:00,1900-01-01 20:25:00,1.1666666666666667,14,13
43122,31,Short,1900-01-01 16:25:00,1900-01-01 17:30:00,1.0833333333333333,14,13
43123,25,Short,1900-01-01 20:30:00,1900-01-01 21:40:00,1.1666666666666667,9,8
43124,31,Short,1900-01-01 17:30:00,1900-01-01 18:40:00,1.1666666666666667,14,13
43125,25,Short,1900-01-01 21:25:00,1900-01-01 22:35:00,1.1666666666666667,8,7
43126,31,Short,1900-01-01 18:50:00,1900-01-01 20:00:00,1.1666666666666667,14,13
43127,25,Short,1900-01-01 22:35:00,1900-01-01 23:45:00,1.1666666666666667,8,7
43128,31,Short,1900-01-01 19:36:00,1900-01-01 20:35:00,0.9833333333333333,14,13
43130,31,Short,1900-01-01 21:50:00,1900-01-01 23:00:00,1.1666666666666667,14,13
43132,31,Short,1900-01-01 22:45:00,1900-01-01 23:50:00,1.0833333333333333,14,13
43201,46,Short,1900-01-01 04:30:00,1900-01-01 05:50:00,1.3333333333333333,18,17
43202,46,Short,1900-01-01 03:50:00,1900-01-01 05:05:00,1.25,19,18
43203,46,Short,1900-01-01 05:15:00,1900-01-01 06:35:00,1.3333333333333333,19,18
43204,46,Short,1900-01-01 05:30:00,1900-01-01 06:50:00,1.3333333333333333,19,18
43205,46,Short,1900-01-01 05:55:00,1900-01-01 07:10:00,1.25,19,18
43206,46,Short,1900-01-01 05:55:00,1900-01-01 07:15:00,1.3333333333333333,19,18
43207,46,Short,1900-01-01 06:50:00,1900-01-01 08:05:00,1.25,19,18
43208,46,Short,1900-01-01 06:45:00,1900-01-01 08:05:00,1.3333333333333333,19,18
43209,46,Short,1900-01-01 07:45:00,1900-01-01 09:00:00,1.25,19,18
43210,46,Short,1900-01-01 07:15:00,1900-01-01 08:30:00,1.25,19,18
43211,46,Short,1900-01-01 08:05:00,1900-01-01 09:20:00,1.25,19,18
43212,46,Short,1900-01-01 07:45:00,1900-01-01 09:05:00,1.3333333333333333,19,18
43213,46,Short,1900-01-01 08:40:00,1900-01-01 09:55:00,1.25,19,18
43214,46,Short,1900-01-01 08:10:00,1900-01-01 09:30:00,1.3333333333333333,19,18
43215,46,Short,1900-01-01 09:15:00,1900-01-01 10:35:00,1.3333333333333333,19,18
43216,41,Short,1900-01-01 08:15:00,1900-01-01 09:20:00,1.0833333333333333,6,5
43217,46,Short,1900-01-01 09:30:00,1900-01-01 10:50:00,1.3333333333333333,19,18
43218,46,Short,1900-01-01 08:30:00,1900-01-01 09:50:00,1.3333333333333333,19,18
43219,46,Short,1900-01-01 09:45:00,1900-01-01 11:05:00,1.3333333333333333,19,18
43220,46,Short,1900-01-01 09:10:00,1900-01-01 10:30:00,1.3333333333333333,19,18
43221,46,Short,1900-01-01 11:30:00,1900-01-01 12:50:00,1.3333333333333333,19,18
43222,41,Short,1900-01-01 09:25:00,1900-01-01 10:20:00,0.9166666666666666,6,5
43223,46,Short,1900-01-01 12:10:00,1900-01-01 13:30:00,1.3333333333333333,19,18
43224,46,Short,1900-01-01 10:05:00,1900-01-01 11:25:00,1.3333333333333333,19,18
43225,46,Short,1900-01-01 13:20:00,1900-01-01 14:40:00,1.3333333333333333,19,18
43226,46,Short,1900-01-01 10:50:00,1900-01-01 12:10:00,1.3333333333333333,19,18
43227,41,Short,1900-01-01 14:00:00,1900-01-01 15:20:00,1.3333333333333333,18,17
43228,46,Short,1900-01-01 11:25:00,1900-01-01 12:45:00,1.3333333333333333,19,18
43229,46,Short,1900-01-01 14:40:00,1900-01-01 16:00:00,1.3333333333333333,19,18
43230,46,Short,1900-01-01 12:00:00,1900-01-01 13:25:00,1.4166666666666667,19,18
43231,46,Short,1900-01-01 15:00:00,1900-01-01 16:20:00,1.3333333333333333,19,18
43232,46,Short,1900-01-01 13:05:00,1900-01-01 14:25:00,1.3333333333333333,19,18
43233,46,Short,1900-01-01 15:45:00,1900-01-01 17:05:00,1.3333333333333333,19,18
43234,46,Short,1900-01-01 14:40:00,1900-01-01 16:00:00,1.3333333333333333,19,18
43235,46,Short,1900-01-01 16:30:00,1900-01-01 17:50:00,1.3333333333333333,19,18
43236,46,Short,1900-01-01 15:10:00,1900-01-01 16:30:00,1.3333333333333333,19,18
43237,46,Short,1900-01-01 16:55:00,1900-01-01 18:10:00,1.25,19,18
43238,46,Short,1900-01-01 15:40:00,1900-01-01 17:00:00,1.3333333333333333,19,18
43239,46,Short,1900-01-01 17:25:00,1900-01-01 18:45:00,1.3333333333333333,19,18
43240,46,Short,1900-01-01 16:00:00,1900-01-01 17:15:00,1.25,18,17
43241,46,Short,1900-01-01 17:55:00,1900-01-01 19:15:00,1.3333333333333333,19,18
43242,46,Short,1900-01-01 16:45:00,1900-01-01 18:05:00,1.3333333333333333,19,18
43243,46,Short,1900-01-01 18:30:00,1900-01-01 19:50:00,1.3333333333333333,19,18
43244,46,Short,1900-01-01 17:00:00,1900-01-01 18:20:00,1.3333333333333333,19,18
43245,46,Short,1900-01-01 18:50:00,1900-01-01 20:10:00,1.3333333333333333,19,18
43246,46,Short,1900-01-01 17:20:00,1900-01-01 18:40:00,1.3333333333333333,19,18
43247,41,Short,1900-01-01 20:00:00,1900-01-01 21:20:00,1.3333333333333333,10,9
43248,46,Short,1900-01-01 18:10:00,1900-01-01 19:30:00,1.3333333333333333,19,18
43250,46,Short,1900-01-01 18:55:00,1900-01-01 20:15:00,1.3333333333333333,19,18
43251,41,Short,1900-01-01 20:55:00,1900-01-01 22:15:00,1.3333333333333333,9,8
43252,46,Short,1900-01-01 19:35:00,1900-01-01 21:00:00,1.4166666666666667,19,18
43253,41,Short,1900-01-01 21:40:00,1900-01-01 23:00:00,1.3333333333333333,9,8
43254,46,Short,1900-01-01 20:00:00,1900-01-01 21:20:00,1.3333333333333333,19,18
43255,41,Short,1900-01-01 23:10:00,1900-01-01 00:30:00,1.3333333333333333,9,8
43256,46,Short,1900-01-01 20:30:00,1900-01-01 21:50:00,1.3333333333333333,19,18
43257,41,Short,1900-01-01 23:45:00,1900-01-01 01:05:00,1.3333333333333333,11,10
43258,46,Short,1900-01-01 20:50:00,1900-01-01 22:10:00,1.3333333333333333,19,18
43260,46,Short,1900-01-01 21:55:00,1900-01-01 23:15:00,1.3333333333333333,19,18
43401,68,Short,1900-01-01 05:30:00,1900-01-01 06:55:00,1.4166666666666667,11,10
43402,73,Short,1900-01-01 03:45:00,1900-01-01 05:45:00,2.0,27,26
43403,73,Short,1900-01-01 06:00:00,1900-01-01 08:00:00,2.0,27,26
43404,73,Short,1900-01-01 04:40:00,1900-01-01 06:40:00,2.0,27,26
43405,73,Short,1900-01-01 06:45:00,1900-01-01 08:45:00,2.0,27,26
43406,73,Short,1900-01-01 05:05:00,1900-01-01 06:55:00,1.8333333333333333,27,26
43407,73,Short,1900-01-01 08:20:00,1900-01-01 10:15:00,1.9166666666666667,27,26
43408,68,Short,1900-01-01 06:40:00,1900-01-01 08:25:00,1.75,7,6
43409,73,Short,1900-01-01 09:10:00,1900-01-01 11:10:00,2.0,27,26
43410,68,Short,1900-01-01 07:10:00,1900-01-01 09:00:00,1.8333333333333333,10,9
43411,73,Short,1900-01-01 11:05:00,1900-01-01 13:05:00,2.0,27,26
43412,73,Short,1900-01-01 08:10:00,1900-01-01 10:10:00,2.0,27,26
43413,73,Short,1900-01-01 12:50:00,1900-01-01 14:55:00,2.0833333333333335,27,26
43414,73,Short,1900-01-01 08:55:00,1900-01-01 10:55:00,2.0,27,26
43415,73,Short,1900-01-01 13:40:00,1900-01-01 15:45:00,2.0833333333333335,27,26
43418,73,Short,1900-01-01 12:00:00,1900-01-01 13:50:00,1.8333333333333333,27,26
43419,73,Short,1900-01-01 16:00:00,1900-01-01 18:00:00,2.0,27,26
43420,73,Short,1900-01-01 13:50:00,1900-01-01 15:50:00,2.0,27,26
43421,73,Short,1900-01-01 16:45:00,1900-01-01 18:45:00,2.0,27,26
43422,73,Short,1900-01-01 15:40:00,1900-01-01 17:40:00,2.0,27,26
43423,68,Short,1900-01-01 17:15:00,1900-01-01 19:10:00,1.9166666666666667,14,13
43424,68,Short,1900-01-01 16:50:00,1900-01-01 18:50:00,2.0,14,13
43425,73,Short,1900-01-01 18:05:00,1900-01-01 20:05:00,2.0,27,26
43426,68,Short,1900-01-01 18:10:00,1900-01-01 20:10:00,2.0,12,11
43427,73,Short,1900-01-01 18:05:00,1900-01-01 20:05:00,2.0,27,26
43428,73,Short,1900-01-01 18:55:00,1900-01-01 20:55:00,2.0,27,26
43429,68,Short,1900-01-01 18:40:00,1900-01-01 20:45:00,2.0833333333333335,12,11
43430,73,Short,1900-01-01 19:30:00,1900-01-01 21:30:00,2.0,27,26
43431,68,Short,1900-01-01 19:30:00,1900-01-01 21:00:00,1.5,10,9
43433,68,Short,1900-01-01 19:45:00,1900-01-01 21:50:00,2.0833333333333335,12,11
43434,73,Short,1900-01-01 20:25:00,1900-01-01 22:25:00,2.0,24,23
43435,68,Short,1900-01-01 20:10:00,1900-01-01 21:25:00,1.25,10,9
43436,73,Short,1900-01-01 21:25:00,1900-01-01 23:25:00,2.0,27,26
43437,68,Short,1900-01-01 21:15:00,1900-01-01 23:15:00,2.0,12,11
43438,73,Short,1900-01-01 21:45:00,1900-01-01 23:45:00,2.0,27,26
43439,68,Short,1900-01-01 22:10:00,1900-01-01 00:15:00,2.0833333333333335,14,13
43501,86,Short,1900-01-01 04:00:00,1900-01-01 06:15:00,2.25,28,27
43502,86,Short,1900-01-01 05:40:00,1900-01-01 08:00:00,2.3333333333333335,29,28
43503,86,Short,1900-01-01 07:05:00,1900-01-01 09:20:00,2.25,29,28
43504,86,Short,1900-01-01 06:30:00,1900-01-01 08:50:00,2.3333333333333335,29,28
43505,86,Short,1900-01-01 10:00:00,1900-01-01 12:20:00,2.3333333333333335,28,27
43506,86,Short,1900-01-01 09:40:00,1900-01-01 12:00:00,2.3333333333333335,28,27
43507,86,Short,1900-01-01 11:45:00,1900-01-01 14:05:00,2.3333333333333335,28,27
43508,86,Short,1900-01-01 13:15:00,1900-01-01 15:25:00,2.1666666666666665,28,27
43509,86,Short,1900-01-01 14:20:00,1900-01-01 16:40:00,2.3333333333333335,29,28
43510,86,Short,1900-01-01 14:30:00,1900-01-01 16:45:00,2.25,28,27
43511,86,Short,1900-01-01 15:30:00,1900-01-01 17:55:00,2.4166666666666665,29,28
43512,86,Short,1900-01-01 15:45:00,1900-01-01 18:00:00,2.25,28,27
43513,86,Short,1900-01-01 17:40:00,1900-01-01 20:10:00,2.5,28,27
43514,86,Short,1900-01-01 16:55:00,1900-01-01 19:15:00,2.3333333333333335,28,27
43515,86,Short,1900-01-01 19:00:00,1900-01-01 21:30:00,2.5,29,28
43516,86,Short,1900-01-01 18:05:00,1900-01-01 20:25:00,2.3333333333333335,28,27
43517,80,Short,1900-01-01 20:20:00,1900-01-01 22:40:00,2.3333333333333335,13,12
43518,81,Short,1900-01-01 20:20:00,1900-01-01 22:40:00,2.3333333333333335,14,13
43520,81,Short,1900-01-01 21:45:00,1900-01-01 23:59:00,2.2333333333333334,15,14
43551,12,Short,1900-01-01 04:15:00,1900-01-01 04:35:00,0.3333333333333333,2,1
43552,12,Short,1900-01-01 04:45:00,1900-01-01 05:05:00,0.3333333333333333,2,1
43553,12,Short,1900-01-01 05:10:00,1900-01-01 05:30:00,0.3333333333333333,3,2
43554,12,Short,1900-01-01 21:05:00,1900-01-01 21:30:00,0.4166666666666667,2,1
43556,12,Short,1900-01-01 23:00:00,1900-01-01 23:20:00,0.3333333333333333,2,1
43601,22,Short,1900-01-01 06:50:00,1900-01-01 07:50:00,1.0,12,11
43602,22,Short,1900-01-01 04:10:00,1900-01-01 05:05:00,0.9166666666666666,12,11
43603,22,Short,1900-01-01 08:10:00,1900-01-01 09:00:00,0.8333333333333334,12,11
43604,22,Short,1900-01-01 04:25:00,1900-01-01 05:15:00,0.8333333333333334,12,11
43605,22,Short,1900-01-01 11:05:00,1900-01-01 11:55:00,0.8333333333333334,12,11
43606,22,Short,1900-01-01 06:10:00,1900-01-01 07:00:00,0.8333333333333334,12,11
43607,22,Short,1900-01-01 19:35:00,1900-01-01 20:30:00,0.9166666666666666,12,11
43608,22,Short,1900-01-01 07:10:00,1900-01-01 08:00:00,0.8333333333333334,12,11
43610,22,Short,1900-01-01 08:15:00,1900-01-01 09:05:00,0.8333333333333334,12,11
43611,22,Short,1900-01-01 20:20:00,1900-01-01 21:10:00,0.8333333333333334,2,1
43612,22,Short,1900-01-01 08:45:00,1900-01-01 09:40:00,0.9166666666666666,12,11
43613,22,Short,1900-01-01 21:45:00,1900-01-01 22:40:00,0.9166666666666666,8,7
43614,22,Short,1900-01-01 12:10:00,1900-01-01 13:00:00,0.8333333333333334,12,11
43615,22,Short,1900-01-01 23:15:00,1900-01-01 00:05:00,0.8333333333333334,8,7
43616,22,Short,1900-01-01 14:40:00,1900-01-01 15:35:00,0.9166666666666666,12,11
43618,22,Short,1900-01-01 16:20:00,1900-01-01 17:10:00,0.8333333333333334,12,11
43620,22,Short,1900-01-01 16:40:00,1900-01-01 17:30:00,0.8333333333333334,12,11
43622,22,Short,1900-01-01 17:55:00,1900-01-01 18:45:00,0.8333333333333334,12,11
43650,22,Short,1900-01-01 07:40:00,1900-01-01 08:30:00,0.8333333333333334,8,7
43651,36,Short,1900-01-01 06:05:00,1900-01-01 07:50:00,1.75,10,9
43652,37,Short,1900-01-01 04:10:00,1900-01-01 05:55:00,1.75,10,9
43653,36,Short,1900-01-01 07:25:00,1900-01-01 09:05:00,1.6666666666666667,10,9
43654,37,Short,1900-01-01 04:25:00,1900-01-01 06:15:00,1.8333333333333333,10,9
43655,36,Short,1900-01-01 10:15:00,1900-01-01 12:00:00,1.75,10,9
43656,37,Short,1900-01-01 06:05:00,1900-01-01 07:45:00,1.6666666666666667,10,9
43657,36,Short,1900-01-01 19:30:00,1900-01-01 21:20:00,1.8333333333333333,10,9
43658,37,Short,1900-01-01 07:10:00,1900-01-01 08:45:00,1.5833333333333333,10,9
43659,36,Short,1900-01-01 20:30:00,1900-01-01 22:15:00,1.75,10,9
43660,37,Short,1900-01-01 07:40:00,1900-01-01 09:20:00,1.6666666666666667,10,9
43661,36,Short,1900-01-01 20:50:00,1900-01-01 22:40:00,1.8333333333333333,10,9
43662,37,Short,1900-01-01 08:15:00,1900-01-01 10:00:00,1.75,10,9
43663,36,Short,1900-01-01 22:30:00,1900-01-01 00:10:00,1.6666666666666667,10,9
43664,37,Short,1900-01-01 08:45:00,1900-01-01 10:30:00,1.75,10,9
43666,37,Short,1900-01-01 12:10:00,1900-01-01 13:50:00,1.6666666666666667,10,9
43668,37,Short,1900-01-01 14:40:00,1900-01-01 16:30:00,1.8333333333333333,10,9
43670,37,Short,1900-01-01 16:20:00,1900-01-01 18:00:00,1.6666666666666667,10,9
43672,37,Short,1900-01-01 16:40:00,1900-01-01 18:15:00,1.5833333333333333,10,9
43674,37,Short,1900-01-01 17:50:00,1900-01-01 19:30:00,1.6666666666666667,10,9
43701,48,Short,1900-01-01 05:35:00,1900-01-01 07:00:00,1.4166666666666667,20,19
43702,48,Short,1900-01-01 11:05:00,1900-01-01 12:30:00,1.4166666666666667,20,19
43703,48,Short,1900-01-01 06:20:00,1900-01-01 07:45:00,1.4166666666666667,20,19
43704,48,Short,1900-01-01 13:40:00,1900-01-01 15:05:00,1.4166666666666667,20,19
43705,48,Short,1900-01-01 09:50:00,1900-01-01 11:15:00,1.4166666666666667,20,19
43706,48,Short,1900-01-01 17:55:00,1900-01-01 19:20:00,1.4166666666666667,20,19
43707,48,Short,1900-01-01 13:05:00,1900-01-01 14:30:00,1.4166666666666667,20,19
43708,48,Short,1900-01-01 18:25:00,1900-01-01 19:45:00,1.3333333333333333,20,19
43709,48,Short,1900-01-01 15:30:00,1900-01-01 16:50:00,1.3333333333333333,20,19
43710,48,Short,1900-01-01 19:45:00,1900-01-01 21:10:00,1.4166666666666667,20,19
43711,48,Short,1900-01-01 17:40:00,1900-01-01 19:05:00,1.4166666666666667,20,19
43713,42,Short,1900-01-01 19:10:00,1900-01-01 20:35:00,1.4166666666666667,10,9
43715,48,Short,1900-01-01 19:50:00,1900-01-01 21:10:00,1.3333333333333333,20,19
43751,32,Short,1900-01-01 09:10:00,1900-01-01 10:20:00,1.1666666666666667,15,14
43752,32,Short,1900-01-01 08:40:00,1900-01-01 09:52:00,1.2,15,14
43753,32,Short,1900-01-01 10:05:00,1900-01-01 11:15:00,1.1666666666666667,15,14
43754,32,Short,1900-01-01 20:35:00,1900-01-01 21:55:00,1.3333333333333333,15,14
43755,32,Short,1900-01-01 13:50:00,1900-01-01 15:00:00,1.1666666666666667,15,14
43757,32,Short,1900-01-01 17:25:00,1900-01-01 18:30:00,1.0833333333333333,15,14
43761,57,Short,1900-01-01 05:30:00,1900-01-01 07:45:00,2.25,14,13
43762,57,Short,1900-01-01 11:05:00,1900-01-01 13:10:00,2.0833333333333335,14,13
43763,57,Short,1900-01-01 09:05:00,1900-01-01 11:15:00,2.1666666666666665,14,13
43764,57,Short,1900-01-01 13:40:00,1900-01-01 15:50:00,2.1666666666666665,14,13
43765,57,Short,1900-01-01 12:15:00,1900-01-01 14:30:00,2.25,14,13
43766,57,Short,1900-01-01 17:55:00,1900-01-01 20:10:00,2.25,14,13
43767,57,Short,1900-01-01 14:35:00,1900-01-01 16:50:00,2.25,14,13
43768,57,Short,1900-01-01 18:20:00,1900-01-01 20:45:00,2.4166666666666665,14,13
43769,57,Short,1900-01-01 16:55:00,1900-01-01 19:10:00,2.25,14,13
43770,57,Short,1900-01-01 19:45:00,1900-01-01 22:05:00,2.3333333333333335,14,13
43771,57,Short,1900-01-01 18:20:00,1900-01-01 20:35:00,2.25,14,13
43773,57,Short,1900-01-01 19:00:00,1900-01-01 21:15:00,2.25,14,13
43791,46,Short,1900-01-01 08:20:00,1900-01-01 10:20:00,2.0,13,12
43792,47,Short,1900-01-01 08:45:00,1900-01-01 10:50:00,2.0833333333333335,17,16
43793,46,Short,1900-01-01 09:15:00,1900-01-01 11:15:00,2.0,13,12
43794,42,Short,1900-01-01 20:35:00,1900-01-01 23:05:00,2.5,12,11
43795,46,Short,1900-01-01 12:55:00,1900-01-01 15:00:00,2.0833333333333335,13,12
43797,46,Short,1900-01-01 16:40:00,1900-01-01 18:40:00,2.0,13,12
43801,74,Short,1900-01-01 01:20:00,1900-01-01 03:30:00,2.1666666666666665,28,27
43802,75,Short,1900-01-01 04:00:00,1900-01-01 06:05:00,2.0833333333333335,28,27
43803,74,Short,1900-01-01 04:20:00,1900-01-01 06:30:00,2.1666666666666665,28,27
43804,70,Short,1900-01-01 07:50:00,1900-01-01 09:25:00,1.5833333333333333,9,8
43805,74,Short,1900-01-01 14:25:00,1900-01-01 16:35:00,2.1666666666666665,28,27
43806,70,Short,1900-01-01 16:10:00,1900-01-01 18:15:00,2.0833333333333335,15,14
43820,82,Short,1900-01-01 08:55:00,1900-01-01 11:15:00,2.3333333333333335,14,13
43821,82,Short,1900-01-01 12:10:00,1900-01-01 14:40:00,2.5,16,15
43823,82,Short,1900-01-01 18:25:00,1900-01-01 20:25:00,2.0,13,12
43831,20,Short,1900-01-01 07:15:00,1900-01-01 07:50:00,0.5833333333333334,5,4
43832,20,Short,1900-01-01 21:25:00,1900-01-01 21:55:00,0.5,8,7
43841,52,Short,1900-01-01 16:40:00,1900-01-01 18:00:00,1.3333333333333333,17,16
43842,47,Short,1900-01-01 11:20:00,1900-01-01 12:25:00,1.0833333333333333,16,15
43844,47,Short,1900-01-01 21:55:00,1900-01-01 23:10:00,1.25,2,1
43847,65,Short,1900-01-01 06:25:00,1900-01-01 08:20:00,1.9166666666666667,18,17
43851,70,Short,1900-01-01 15:40:00,1900-01-01 17:45:00,2.0833333333333335,17,16
43852,75,Short,1900-01-01 05:20:00,1900-01-01 07:50:00,2.5,29,28
43861,51,Short,1900-01-01 06:40:00,1900-01-01 08:20:00,1.6666666666666667,13,12
43872,29,Short,1900-01-01 08:42:00,1900-01-01 09:35:00,0.8833333333333333,13,12
43882,34,Short,1900-01-01 08:20:00,1900-01-01 09:15:00,0.9166666666666666,13,12
43891,4,Short,1900-01-01 02:50:00,1900-01-01 03:10:00,0.3333333333333333,3,2
43892,10,Short,1900-01-01 23:55:00,1900-01-01 00:15:00,0.3333333333333333,4,3
43901,52,Short,1900-01-01 10:30:00,1900-01-01 11:55:00,1.4166666666666667,21,20
43902,52,Short,1900-01-01 06:10:00,1900-01-01 07:35:00,1.4166666666666667,21,20
43903,52,Short,1900-01-01 12:00:00,1900-01-01 13:25:00,1.4166666666666667,21,20
43904,52,Short,1900-01-01 13:40:00,1900-01-01 15:05:00,1.4166666666666667,21,20
43912,53,Short,1900-01-01 12:05:00,1900-01-01 13:35:00,1.5,22,21
43921,5,Short,1900-01-01 05:50:00,1900-01-01 06:00:00,0.16666666666666666,2,1
43932,84,Short,1900-01-01 04:00:00,1900-01-01 06:50:00,2.8333333333333335,17,16
43934,84,Short,1900-01-01 06:55:00,1900-01-01 09:45:00,2.8333333333333335,16,15
43936,84,Short,1900-01-01 07:50:00,1900-01-01 10:10:00,2.3333333333333335,11,10
43938,84,Short,1900-01-01 16:15:00,1900-01-01 18:55:00,2.6666666666666665,17,16
43941,97,Short,1900-01-01 11:20:00,1900-01-01 14:45:00,3.4166666666666665,17,16
43942,97,Short,1900-01-01 08:50:00,1900-01-01 12:05:00,3.25,18,17
43943,97,Short,1900-01-01 17:35:00,1900-01-01 20:30:00,2.9166666666666665,15,14
43952,63,Short,1900-01-01 12:05:00,1900-01-01 14:30:00,2.4166666666666665,15,14
47100,25,Short,1900-01-01 04:35:00,1900-01-01 05:20:00,0.75,13,12
47101,25,Short,1900-01-01 05:40:00,1900-01-01 06:25:00,0.75,13,12
47102,25,Short,1900-01-01 06:20:00,1900-01-01 07:05:00,0.75,13,12
47103,25,Short,1900-01-01 07:00:00,1900-01-01 07:50:00,0.8333333333333334,13,12
47104,25,Short,1900-01-01 07:46:00,1900-01-01 08:31:00,0.75,13,12
47105,25,Short,1900-01-01 08:15:00,1900-01-01 09:05:00,0.8333333333333334,13,12
47106,25,Short,1900-01-01 09:00:00,1900-01-01 09:45:00,0.75,13,12
47107,25,Short,1900-01-01 09:36:00,1900-01-01 10:21:00,0.75,13,12
47108,25,Short,1900-01-01 10:12:00,1900-01-01 10:57:00,0.75,13,12
47109,25,Short,1900-01-01 10:55:00,1900-01-01 11:40:00,0.75,13,12
47110,25,Short,1900-01-01 11:22:00,1900-01-01 12:07:00,0.75,13,12
47111,25,Short,1900-01-01 12:00:00,1900-01-01 12:55:00,0.9166666666666666,13,12
47112,25,Short,1900-01-01 13:25:00,1900-01-01 14:10:00,0.75,13,12
47113,25,Short,1900-01-01 14:20:00,1900-01-01 15:05:00,0.75,13,12
47114,25,Short,1900-01-01 15:20:00,1900-01-01 16:05:00,0.75,13,12
47115,25,Short,1900-01-01 15:45:00,1900-01-01 16:30:00,0.75,13,12
47116,25,Short,1900-01-01 16:10:00,1900-01-01 17:05:00,0.9166666666666666,13,12
47117,25,Short,1900-01-01 17:05:00,1900-01-01 17:50:00,0.75,13,12
47118,25,Short,1900-01-01 17:40:00,1900-01-01 18:25:00,0.75,13,12
47119,25,Short,1900-01-01 18:08:00,1900-01-01 18:53:00,0.75,13,12
47120,25,Short,1900-01-01 18:57:00,1900-01-01 19:45:00,0.8,13,12
47121,25,Short,1900-01-01 19:35:00,1900-01-01 20:20:00,0.75,13,12
47122,25,Short,1900-01-01 20:00:00,1900-01-01 20:50:00,0.8333333333333334,13,12
47123,25,Short,1900-01-01 20:53:00,1900-01-01 21:38:00,0.75,13,12
47124,25,Short,1900-01-01 21:50:00,1900-01-01 22:35:00,0.75,13,12
47125,25,Short,1900-01-01 22:15:00,1900-01-01 23:00:00,0.75,13,12
47126,23,Short,1900-01-01 05:25:00,1900-01-01 06:10:00,0.75,13,12
47127,23,Short,1900-01-01 05:50:00,1900-01-01 06:40:00,0.8333333333333334,13,12
47128,23,Short,1900-01-01 06:38:00,1900-01-01 07:30:00,0.8666666666666667,13,12
47129,23,Short,1900-01-01 07:20:00,1900-01-01 08:05:00,0.75,13,12
47130,23,Short,1900-01-01 08:00:00,1900-01-01 08:50:00,0.8333333333333334,13,12
47131,23,Short,1900-01-01 08:43:00,1900-01-01 09:28:00,0.75,13,12
47132,23,Short,1900-01-01 09:19:00,1900-01-01 10:04:00,0.75,13,12
47133,23,Short,1900-01-01 09:55:00,1900-01-01 10:45:00,0.8333333333333334,13,12
47134,23,Short,1900-01-01 10:29:00,1900-01-01 11:14:00,0.75,13,12
47135,23,Short,1900-01-01 11:05:00,1900-01-01 11:52:00,0.7833333333333333,13,12
47136,23,Short,1900-01-01 11:48:00,1900-01-01 12:33:00,0.75,13,12
47137,23,Short,1900-01-01 12:30:00,1900-01-01 13:15:00,0.75,13,12
47138,23,Short,1900-01-01 13:05:00,1900-01-01 13:55:00,0.8333333333333334,13,12
47139,23,Short,1900-01-01 15:00:00,1900-01-01 15:45:00,0.75,13,12
47140,23,Short,1900-01-01 16:13:00,1900-01-01 17:00:00,0.7833333333333333,13,12
47141,23,Short,1900-01-01 17:15:00,1900-01-01 18:00:00,0.75,13,12
47142,23,Short,1900-01-01 18:00:00,1900-01-01 18:50:00,0.8333333333333334,13,12
47143,23,Short,1900-01-01 18:40:00,1900-01-01 19:25:00,0.75,13,12
47144,23,Short,1900-01-01 19:01:00,1900-01-01 19:46:00,0.75,13,12
47145,23,Short,1900-01-01 19:55:00,1900-01-01 20:45:00,0.8333333333333334,13,12
47146,23,Short,1900-01-01 21:00:00,1900-01-01 21:45:00,0.75,13,12
47147,23,Short,1900-01-01 21:55:00,1900-01-01 22:40:00,0.75,13,12
47148,23,Short,1900-01-01 22:45:00,1900-01-01 23:30:00,0.75,13,12
47149,37,Short,1900-01-01 04:25:00,1900-01-01 05:47:00,1.3666666666666667,22,21
47150,37,Short,1900-01-01 05:30:00,1900-01-01 06:47:00,1.2833333333333334,22,21
47151,37,Short,1900-01-01 05:50:00,1900-01-01 07:12:00,1.3666666666666667,22,21
47152,37,Short,1900-01-01 07:30:00,1900-01-01 08:45:00,1.25,22,21
47153,37,Short,1900-01-01 06:45:00,1900-01-01 08:15:00,1.5,22,21
47154,37,Short,1900-01-01 07:50:00,1900-01-01 09:07:00,1.2833333333333334,22,21
47155,37,Short,1900-01-01 09:12:00,1900-01-01 10:35:00,1.3833333333333333,22,21
47156,37,Short,1900-01-01 10:35:00,1900-01-01 11:52:00,1.2833333333333334,22,21
47157,37,Short,1900-01-01 10:55:00,1900-01-01 12:20:00,1.4166666666666667,22,21
47158,37,Short,1900-01-01 12:10:00,1900-01-01 13:30:00,1.3333333333333333,22,21
47159,37,Short,1900-01-01 21:10:00,1900-01-01 22:40:00,1.5,22,21
47160,37,Short,1900-01-01 13:25:00,1900-01-01 14:42:00,1.2833333333333334,22,21
47161,37,Short,1900-01-01 15:15:00,1900-01-01 16:35:00,1.3333333333333333,22,21
47162,37,Short,1900-01-01 16:14:00,1900-01-01 17:35:00,1.35,22,21
47163,37,Short,1900-01-01 17:10:00,1900-01-01 18:30:00,1.3333333333333333,22,21
47164,37,Short,1900-01-01 17:38:00,1900-01-01 19:03:00,1.4166666666666667,22,21
47165,37,Short,1900-01-01 09:55:00,1900-01-01 11:22:00,1.45,22,21
47166,37,Short,1900-01-01 18:48:00,1900-01-01 20:10:00,1.3666666666666667,22,21
47167,37,Short,1900-01-01 19:45:00,1900-01-01 21:05:00,1.3333333333333333,22,21
47168,14,Short,1900-01-01 22:50:00,1900-01-01 23:35:00,0.75,11,10
47169,37,Short,1900-01-01 13:02:00,1900-01-01 14:25:00,1.3833333333333333,22,21
47170,37,Short,1900-01-01 21:45:00,1900-01-01 23:10:00,1.4166666666666667,22,21
47171,37,Short,1900-01-01 04:25:00,1900-01-01 05:42:00,1.2833333333333334,22,21
47172,14,Short,1900-01-01 06:00:00,1900-01-01 06:30:00,0.5,11,10
47173,37,Short,1900-01-01 05:55:00,1900-01-01 07:12:00,1.2833333333333334,22,21
47174,37,Short,1900-01-01 07:05:00,1900-01-01 08:30:00,1.4166666666666667,22,21
47175,37,Short,1900-01-01 07:45:00,1900-01-01 09:02:00,1.2833333333333334,22,21
47176,37,Short,1900-01-01 08:23:00,1900-01-01 09:47:00,1.4,22,21
47177,37,Short,1900-01-01 09:00:00,1900-01-01 10:27:00,1.45,22,21
47178,37,Short,1900-01-01 09:25:00,1900-01-01 10:42:00,1.2833333333333334,22,21
47179,37,Short,1900-01-01 10:45:00,1900-01-01 12:02:00,1.2833333333333334,22,21
47180,37,Short,1900-01-01 12:00:00,1900-01-01 13:17:00,1.2833333333333334,22,21
47181,37,Short,1900-01-01 12:40:00,1900-01-01 14:00:00,1.3333333333333333,22,21
47182,37,Short,1900-01-01 13:20:00,1900-01-01 14:40:00,1.3333333333333333,22,21
47183,37,Short,1900-01-01 14:30:00,1900-01-01 15:52:00,1.3666666666666667,22,21
47184,37,Short,1900-01-01 14:50:00,1900-01-01 16:06:00,1.2666666666666666,22,21
47185,37,Short,1900-01-01 15:45:00,1900-01-01 17:02:00,1.2833333333333334,22,21
47186,37,Short,1900-01-01 16:25:00,1900-01-01 17:50:00,1.4166666666666667,22,21
47187,37,Short,1900-01-01 17:05:00,1900-01-01 18:30:00,1.4166666666666667,22,21
47188,37,Short,1900-01-01 18:10:00,1900-01-01 19:37:00,1.45,22,21
47189,37,Short,1900-01-01 11:30:00,1900-01-01 12:53:00,1.3833333333333333,22,21
47190,37,Short,1900-01-01 18:35:00,1900-01-01 20:00:00,1.4166666666666667,22,21
47191,37,Short,1900-01-01 19:15:00,1900-01-01 20:37:00,1.3666666666666667,22,21
47192,37,Short,1900-01-01 20:20:00,1900-01-01 21:37:00,1.2833333333333334,22,21
47193,37,Short,1900-01-01 20:45:00,1900-01-01 22:07:00,1.3666666666666667,22,21
47194,37,Short,1900-01-01 21:45:00,1900-01-01 23:15:00,1.5,22,21
47195,22,Short,1900-01-01 22:25:00,1900-01-01 23:20:00,0.9166666666666666,12,11
47196,9,Short,1900-01-01 04:50:00,1900-01-01 05:20:00,0.5,7,6
47197,24,Short,1900-01-01 08:40:00,1900-01-01 09:50:00,1.1666666666666667,17,16
47198,37,Short,1900-01-01 11:20:00,1900-01-01 12:50:00,1.5,22,21
47199,24,Short,1900-01-01 13:56:00,1900-01-01 15:03:00,1.1166666666666667,17,16
47200,24,Short,1900-01-01 14:15:00,1900-01-01 15:35:00,1.3333333333333333,17,16
47201,24,Short,1900-01-01 16:00:00,1900-01-01 17:05:00,1.0833333333333333,17,16
47202,24,Short,1900-01-01 20:10:00,1900-01-01 21:15:00,1.0833333333333333,17,16
47203,37,Short,1900-01-01 20:50:00,1900-01-01 22:10:00,1.3333333333333333,22,21
47204,14,Short,1900-01-01 22:30:00,1900-01-01 23:15:00,0.75,11,10
47205,14,Short,1900-01-01 04:30:00,1900-01-01 05:00:00,0.5,11,10
47206,25,Short,1900-01-01 05:48:00,1900-01-01 06:55:00,1.1166666666666667,17,16
47207,37,Short,1900-01-01 19:10:00,1900-01-01 20:30:00,1.3333333333333333,22,21
47208,25,Short,1900-01-01 10:05:00,1900-01-01 11:12:00,1.1166666666666667,17,16
47209,25,Short,1900-01-01 12:41:00,1900-01-01 13:48:00,1.1166666666666667,17,16
47210,37,Short,1900-01-01 17:35:00,1900-01-01 18:52:00,1.2833333333333334,22,21
47211,37,Short,1900-01-01 08:30:00,1900-01-01 09:50:00,1.3333333333333333,22,21
47212,37,Short,1900-01-01 10:05:00,1900-01-01 11:25:00,1.3333333333333333,22,21
47213,37,Short,1900-01-01 06:30:00,1900-01-01 07:50:00,1.3333333333333333,22,21
47214,37,Short,1900-01-01 11:35:00,1900-01-01 13:00:00,1.4166666666666667,22,21
47215,37,Short,1900-01-01 13:10:00,1900-01-01 14:30:00,1.3333333333333333,22,21
47216,37,Short,1900-01-01 14:40:00,1900-01-01 16:00:00,1.3333333333333333,22,21
47217,37,Short,1900-01-01 16:00:00,1900-01-01 17:20:00,1.3333333333333333,22,21
47218,37,Short,1900-01-01 18:00:00,1900-01-01 19:25:00,1.4166666666666667,22,21
47219,37,Short,1900-01-01 19:38:00,1900-01-01 20:55:00,1.2833333333333334,22,21
47220,37,Short,1900-01-01 21:05:00,1900-01-01 22:50:00,1.75,22,21
50101,251,Medium,1900-01-01 03:20:00,1900-01-01 09:55:00,6.583333333333333,22,21
50102,244,Medium,1900-01-01 19:10:00,1900-01-01 00:15:00,5.083333333333333,22,21
50103,347,Medium,1900-01-01 15:40:00,1900-01-01 00:25:00,8.75,38,37
50104,349,Medium,1900-01-01 05:30:00,1900-01-01 14:20:00,8.833333333333334,38,37
50105,486,Medium,1900-01-01 06:25:00,1900-01-01 17:50:00,11.416666666666666,49,48
50106,476,Medium,1900-01-01 08:30:00,1900-01-01 20:10:00,11.666666666666666,49,48
50107,78,Short,1900-01-01 17:55:00,1900-01-01 20:30:00,2.5833333333333335,9,8
50108,83,Short,1900-01-01 06:15:00,1900-01-01 08:25:00,2.1666666666666665,9,8
50119,27,Short,1900-01-01 00:20:00,1900-01-01 01:10:00,0.8333333333333334,6,5
50120,27,Short,1900-01-01 04:45:00,1900-01-01 05:30:00,0.75,7,6
51027,430,Medium,1900-01-01 22:55:00,1900-01-01 10:30:00,11.583333333333334,26,25
51028,430,Medium,1900-01-01 17:25:00,1900-01-01 04:10:00,10.75,29,28
51029,565,Long,1900-01-01 22:55:00,1900-01-01 12:20:00,13.416666666666666,31,30
51030,566,Long,1900-01-01 14:50:00,1900-01-01 04:10:00,13.333333333333334,34,33
51033,187,Short,1900-01-01 06:20:00,1900-01-01 10:55:00,4.583333333333333,8,7
51034,187,Short,1900-01-01 16:10:00,1900-01-01 20:50:00,4.666666666666667,7,6
51111,56,Short,1900-01-01 06:00:00,1900-01-01 07:15:00,1.25,9,8
51112,56,Short,1900-01-01 07:50:00,1900-01-01 09:05:00,1.25,9,8
51113,56,Short,1900-01-01 09:50:00,1900-01-01 11:05:00,1.25,9,8
51114,56,Short,1900-01-01 11:40:00,1900-01-01 12:55:00,1.25,9,8
51115,56,Short,1900-01-01 13:40:00,1900-01-01 14:55:00,1.25,9,8
51116,56,Short,1900-01-01 15:30:00,1900-01-01 16:45:00,1.25,9,8
51135,9,Short,1900-01-01 01:30:00,1900-01-01 01:45:00,0.25,2,1
51136,9,Short,1900-01-01 02:15:00,1900-01-01 02:30:00,0.25,2,1
51137,9,Short,1900-01-01 03:20:00,1900-01-01 03:35:00,0.25,2,1
51138,9,Short,1900-01-01 03:55:00,1900-01-01 04:10:00,0.25,2,1
51139,9,Short,1900-01-01 06:25:00,1900-01-01 06:40:00,0.25,2,1
51140,9,Short,1900-01-01 07:15:00,1900-01-01 07:30:00,0.25,2,1
51141,9,Short,1900-01-01 11:00:00,1900-01-01 11:15:00,0.25,2,1
51142,9,Short,1900-01-01 12:30:00,1900-01-01 12:45:00,0.25,2,1
51145,9,Short,1900-01-01 18:00:00,1900-01-01 18:15:00,0.25,2,1
51146,9,Short,1900-01-01 18:50:00,1900-01-01 19:05:00,0.25,2,1
51147,9,Short,1900-01-01 19:50:00,1900-01-01 20:05:00,0.25,2,1
51148,9,Short,1900-01-01 20:25:00,1900-01-01 20:40:00,0.25,2,1
51149,9,Short,1900-01-01 22:55:00,1900-01-01 23:10:00,0.25,2,1
51150,9,Short,1900-01-01 23:40:00,1900-01-01 23:55:00,0.25,2,1
51151,108,Short,1900-01-01 05:25:00,1900-01-01 08:45:00,3.3333333333333335,8,7
51152,109,Short,1900-01-01 18:00:00,1900-01-01 21:00:00,3.0,11,10
51153,444,Medium,1900-01-01 05:25:00,1900-01-01 17:55:00,12.5,48,47
51154,444,Medium,1900-01-01 07:05:00,1900-01-01 19:05:00,12.0,47,46
51157,306,Medium,1900-01-01 20:40:00,1900-01-01 06:15:00,9.583333333333334,37,36
51158,306,Medium,1900-01-01 19:20:00,1900-01-01 08:35:00,13.25,37,36
51181,262,Medium,1900-01-01 04:50:00,1900-01-01 10:05:00,5.25,30,29
51182,262,Medium,1900-01-01 17:15:00,1900-01-01 23:00:00,5.75,30,29
51183,361,Medium,1900-01-01 06:30:00,1900-01-01 16:00:00,9.5,36,35
51184,339,Medium,1900-01-01 09:15:00,1900-01-01 18:55:00,9.666666666666666,37,36
51187,642,Long,1900-01-01 09:30:00,1900-01-01 03:25:00,17.916666666666668,71,70
51188,642,Long,1900-01-01 22:20:00,1900-01-01 17:00:00,18.666666666666668,71,70
51189,610,Long,1900-01-01 11:30:00,1900-01-01 09:40:00,22.166666666666668,64,63
51190,609,Long,1900-01-01 19:20:00,1900-01-01 15:30:00,20.166666666666668,64,63
51195,132,Short,1900-01-01 06:00:00,1900-01-01 09:45:00,3.75,15,14
51196,132,Short,1900-01-01 17:30:00,1900-01-01 21:10:00,3.6666666666666665,16,15
51197,318,Medium,1900-01-01 14:30:00,1900-01-01 21:40:00,7.166666666666667,35,34
51198,318,Medium,1900-01-01 23:00:00,1900-01-01 08:00:00,9.0,36,35
51239,22,Short,1900-01-01 07:05:00,1900-01-01 07:40:00,0.5833333333333334,4,3
51240,22,Short,1900-01-01 17:35:00,1900-01-01 18:15:00,0.6666666666666666,4,3
51253,115,Short,1900-01-01 08:00:00,1900-01-01 12:00:00,4.0,16,15
51254,115,Short,1900-01-01 17:40:00,1900-01-01 20:50:00,3.1666666666666665,12,11
51255,88,Short,1900-01-01 15:05:00,1900-01-01 17:15:00,2.1666666666666665,12,11
51256,88,Short,1900-01-01 12:30:00,1900-01-01 14:40:00,2.1666666666666665,12,11
51259,78,Short,1900-01-01 18:10:00,1900-01-01 20:10:00,2.0,12,11
51260,78,Short,1900-01-01 08:00:00,1900-01-01 09:45:00,1.75,11,10
51261,104,Short,1900-01-01 15:10:00,1900-01-01 18:05:00,2.9166666666666665,11,10
51262,104,Short,1900-01-01 10:05:00,1900-01-01 14:20:00,4.25,12,11
51285,397,Medium,1900-01-01 19:30:00,1900-01-01 08:45:00,13.25,46,45
51286,397,Medium,1900-01-01 04:50:00,1900-01-01 14:55:00,10.083333333333334,47,46
51293,167,Short,1900-01-01 18:05:00,1900-01-01 22:30:00,4.416666666666667,20,19
51294,167,Short,1900-01-01 04:30:00,1900-01-01 09:15:00,4.75,18,17
51317,91,Short,1900-01-01 15:10:00,1900-01-01 18:15:00,3.0833333333333335,19,18
51318,91,Short,1900-01-01 11:15:00,1900-01-01 14:15:00,3.0,20,19
51347,120,Short,1900-01-01 18:45:00,1900-01-01 21:55:00,3.1666666666666665,16,15
51348,43,Short,1900-01-01 22:15:00,1900-01-01 23:30:00,1.25,6,5
51350,77,Short,1900-01-01 07:05:00,1900-01-01 08:50:00,1.75,11,10
51401,314,Medium,1900-01-01 00:30:00,1900-01-01 09:50:00,9.333333333333334,34,33
51402,311,Medium,1900-01-01 21:15:00,1900-01-01 07:30:00,10.25,34,33
51405,212,Medium,1900-01-01 17:25:00,1900-01-01 23:10:00,5.75,24,23
51406,212,Medium,1900-01-01 06:10:00,1900-01-01 11:30:00,5.333333333333333,24,23
51407,47,Short,1900-01-01 16:55:00,1900-01-01 18:10:00,1.25,8,7
51408,47,Short,1900-01-01 21:30:00,1900-01-01 22:50:00,1.3333333333333333,6,5
51409,325,Medium,1900-01-01 09:15:00,1900-01-01 19:30:00,10.25,42,41
51410,326,Medium,1900-01-01 04:45:00,1900-01-01 16:25:00,11.666666666666666,41,40
51411,229,Medium,1900-01-01 14:20:00,1900-01-01 20:50:00,6.5,29,28
51412,208,Medium,1900-01-01 07:45:00,1900-01-01 13:55:00,6.166666666666667,24,23
51419,278,Medium,1900-01-01 07:30:00,1900-01-01 15:00:00,7.5,35,34
51420,279,Medium,1900-01-01 12:40:00,1900-01-01 20:05:00,7.416666666666667,33,32
51421,769,Long,1900-01-01 14:25:00,1900-01-01 10:35:00,20.166666666666668,83,82
51422,769,Long,1900-01-01 23:40:00,1900-01-01 20:55:00,21.25,76,75
51423,123,Short,1900-01-01 17:45:00,1900-01-01 20:35:00,2.8333333333333335,15,14
51424,123,Short,1900-01-01 13:50:00,1900-01-01 17:15:00,3.4166666666666665,15,14
51425,427,Medium,1900-01-01 07:25:00,1900-01-01 18:20:00,10.916666666666666,36,35
51426,437,Medium,1900-01-01 20:30:00,1900-01-01 06:15:00,9.75,35,34
51427,47,Short,1900-01-01 13:50:00,1900-01-01 15:15:00,1.4166666666666667,7,6
51428,47,Short,1900-01-01 10:50:00,1900-01-01 12:05:00,1.25,7,6
51429,54,Short,1900-01-01 20:35:00,1900-01-01 22:15:00,1.6666666666666667,8,7
51430,54,Short,1900-01-01 18:35:00,1900-01-01 20:10:00,1.5833333333333333,9,8
51431,188,Short,1900-01-01 06:10:00,1900-01-01 11:25:00,5.25,22,21
51432,188,Short,1900-01-01 11:45:00,1900-01-01 16:25:00,4.666666666666667,21,20
51433,523,Long,1900-01-01 13:25:00,1900-01-01 05:00:00,15.583333333333334,52,51
51434,511,Long,1900-01-01 06:00:00,1900-01-01 23:05:00,17.083333333333332,52,51
51435,145,Short,1900-01-01 17:05:00,1900-01-01 21:40:00,4.583333333333333,19,18
51436,145,Short,1900-01-01 04:30:00,1900-01-01 08:50:00,4.333333333333333,19,18
51437,189,Short,1900-01-01 10:55:00,1900-01-01 15:30:00,4.583333333333333,17,16
51438,189,Short,1900-01-01 06:05:00,1900-01-01 10:25:00,4.333333333333333,17,16
51441,180,Short,1900-01-01 05:20:00,1900-01-01 09:55:00,4.583333333333333,24,23
51442,180,Short,1900-01-01 16:50:00,1900-01-01 21:50:00,5.0,24,23
51451,120,Short,1900-01-01 07:10:00,1900-01-01 10:20:00,3.1666666666666665,16,15
51452,121,Short,1900-01-01 10:40:00,1900-01-01 13:55:00,3.25,16,15
51458,20,Short,1900-01-01 22:10:00,1900-01-01 22:55:00,0.75,2,1
51461,137,Short,1900-01-01 09:50:00,1900-01-01 13:15:00,3.4166666666666665,17,16
51462,137,Short,1900-01-01 06:00:00,1900-01-01 09:10:00,3.1666666666666665,16,15
51463,137,Short,1900-01-01 19:25:00,1900-01-01 22:50:00,3.4166666666666665,16,15
51464,137,Short,1900-01-01 14:30:00,1900-01-01 18:00:00,3.5,16,15
51601,261,Medium,1900-01-01 08:00:00,1900-01-01 15:15:00,7.25,31,30
51602,264,Medium,1900-01-01 13:40:00,1900-01-01 21:50:00,8.166666666666666,31,30
51603,263,Medium,1900-01-01 13:30:00,1900-01-01 20:00:00,6.5,32,31
51604,266,Medium,1900-01-01 17:00:00,1900-01-01 00:40:00,7.666666666666667,32,31
51605,256,Medium,1900-01-01 16:30:00,1900-01-01 00:30:00,8.0,28,27
51606,253,Medium,1900-01-01 03:10:00,1900-01-01 11:25:00,8.25,28,27
51607,118,Short,1900-01-01 06:20:00,1900-01-01 09:15:00,2.9166666666666665,17,16
51608,118,Short,1900-01-01 09:45:00,1900-01-01 12:40:00,2.9166666666666665,17,16
51609,118,Short,1900-01-01 15:10:00,1900-01-01 18:05:00,2.9166666666666665,17,16
51610,118,Short,1900-01-01 18:55:00,1900-01-01 21:55:00,3.0,17,16
51611,303,Medium,1900-01-01 08:15:00,1900-01-01 17:05:00,8.833333333333334,38,37
51612,303,Medium,1900-01-01 10:00:00,1900-01-01 18:50:00,8.833333333333334,38,37
51671,434,Medium,1900-01-01 04:25:00,1900-01-01 14:10:00,9.75,44,43
51672,434,Medium,1900-01-01 11:10:00,1900-01-01 21:20:00,10.166666666666666,44,43
51673,434,Medium,1900-01-01 04:00:00,1900-01-01 12:40:00,8.666666666666666,40,39
51674,434,Medium,1900-01-01 13:30:00,1900-01-01 00:20:00,10.833333333333334,40,39
51675,316,Medium,1900-01-01 21:15:00,1900-01-01 06:20:00,9.083333333333334,34,33
51676,316,Medium,1900-01-01 21:00:00,1900-01-01 07:20:00,10.333333333333334,34,33
51678,81,Short,1900-01-01 14:00:00,1900-01-01 16:50:00,2.8333333333333335,11,10
51679,316,Medium,1900-01-01 10:15:00,1900-01-01 20:10:00,9.916666666666666,36,35
51680,316,Medium,1900-01-01 07:25:00,1900-01-01 17:05:00,9.666666666666666,36,35
51685,32,Short,1900-01-01 13:15:00,1900-01-01 14:05:00,0.8333333333333334,5,4
51686,33,Short,1900-01-01 09:45:00,1900-01-01 10:40:00,0.9166666666666666,5,4
51687,32,Short,1900-01-01 18:10:00,1900-01-01 19:05:00,0.9166666666666666,5,4
51688,33,Short,1900-01-01 15:15:00,1900-01-01 16:10:00,0.9166666666666666,5,4
51701,238,Medium,1900-01-01 07:20:00,1900-01-01 13:40:00,6.333333333333333,26,25
51702,238,Medium,1900-01-01 14:20:00,1900-01-01 20:30:00,6.166666666666667,26,25
51703,124,Short,1900-01-01 05:40:00,1900-01-01 09:40:00,4.0,18,17
51704,121,Short,1900-01-01 06:00:00,1900-01-01 09:35:00,3.5833333333333335,17,16
51705,121,Short,1900-01-01 10:55:00,1900-01-01 14:50:00,3.9166666666666665,17,16
51706,121,Short,1900-01-01 13:45:00,1900-01-01 17:30:00,3.75,17,16
51708,124,Short,1900-01-01 18:30:00,1900-01-01 22:40:00,4.166666666666667,18,17
51753,401,Medium,1900-01-01 18:00:00,1900-01-01 05:30:00,11.5,30,29
51754,403,Medium,1900-01-01 15:00:00,1900-01-01 04:40:00,13.666666666666666,30,29
51755,86,Short,1900-01-01 06:15:00,1900-01-01 09:10:00,2.9166666666666665,11,10
51756,86,Short,1900-01-01 11:00:00,1900-01-01 14:15:00,3.25,11,10
51763,77,Short,1900-01-01 06:00:00,1900-01-01 08:05:00,2.0833333333333335,10,9
51764,77,Short,1900-01-01 08:25:00,1900-01-01 11:10:00,2.75,10,9
51765,77,Short,1900-01-01 16:10:00,1900-01-01 19:15:00,3.0833333333333335,10,9
51766,77,Short,1900-01-01 19:40:00,1900-01-01 21:40:00,2.0,10,9
51803,221,Medium,1900-01-01 08:20:00,1900-01-01 14:35:00,6.25,26,25
51804,221,Medium,1900-01-01 06:10:00,1900-01-01 12:30:00,6.333333333333333,26,25
51805,291,Medium,1900-01-01 17:25:00,1900-01-01 00:30:00,7.083333333333333,31,30
51806,291,Medium,1900-01-01 02:20:00,1900-01-01 10:05:00,7.75,31,30
51807,191,Short,1900-01-01 12:30:00,1900-01-01 16:50:00,4.333333333333333,20,19
51811,151,Short,1900-01-01 15:00:00,1900-01-01 18:55:00,3.9166666666666665,20,19
51812,151,Short,1900-01-01 06:50:00,1900-01-01 11:00:00,4.166666666666667,20,19
51813,295,Medium,1900-01-01 02:50:00,1900-01-01 11:25:00,8.583333333333334,38,37
51814,295,Medium,1900-01-01 16:35:00,1900-01-01 00:25:00,7.833333333333333,39,38
51815,204,Medium,1900-01-01 07:30:00,1900-01-01 12:40:00,5.166666666666667,25,24
51816,204,Medium,1900-01-01 14:45:00,1900-01-01 20:15:00,5.5,25,24
51817,254,Medium,1900-01-01 07:10:00,1900-01-01 15:30:00,8.333333333333334,26,25
51818,254,Medium,1900-01-01 07:45:00,1900-01-01 15:00:00,7.25,27,26
51821,63,Short,1900-01-01 10:45:00,1900-01-01 12:00:00,1.25,6,5
51822,63,Short,1900-01-01 12:35:00,1900-01-01 13:50:00,1.25,6,5
51827,381,Medium,1900-01-01 18:10:00,1900-01-01 09:50:00,15.666666666666666,44,43
51828,381,Medium,1900-01-01 18:10:00,1900-01-01 11:20:00,17.166666666666668,44,43
51829,297,Medium,1900-01-01 08:00:00,1900-01-01 17:45:00,9.75,35,34
51830,297,Medium,1900-01-01 12:00:00,1900-01-01 20:35:00,8.583333333333334,30,29
51831,204,Medium,1900-01-01 16:00:00,1900-01-01 23:40:00,7.666666666666667,25,24
51832,204,Medium,1900-01-01 06:20:00,1900-01-01 11:25:00,5.083333333333333,25,24
51861,13,Short,1900-01-01 05:40:00,1900-01-01 06:15:00,0.5833333333333334,2,1
51862,13,Short,1900-01-01 06:35:00,1900-01-01 07:10:00,0.5833333333333334,2,1
51863,13,Short,1900-01-01 07:50:00,1900-01-01 08:25:00,0.5833333333333334,2,1
51864,13,Short,1900-01-01 08:45:00,1900-01-01 09:20:00,0.5833333333333334,2,1
51865,13,Short,1900-01-01 11:10:00,1900-01-01 11:45:00,0.5833333333333334,2,1
51866,13,Short,1900-01-01 14:25:00,1900-01-01 15:00:00,0.5833333333333334,2,1
51867,13,Short,1900-01-01 17:25:00,1900-01-01 18:00:00,0.5833333333333334,2,1
51868,13,Short,1900-01-01 19:50:00,1900-01-01 20:25:00,0.5833333333333334,2,1
51869,13,Short,1900-01-01 22:10:00,1900-01-01 22:45:00,0.5833333333333334,2,1
51870,13,Short,1900-01-01 04:00:00,1900-01-01 04:35:00,0.5833333333333334,2,1
51881,107,Short,1900-01-01 18:10:00,1900-01-01 21:30:00,3.3333333333333335,14,13
51882,107,Short,1900-01-01 07:35:00,1900-01-01 10:15:00,2.6666666666666665,14,13
51883,345,Medium,1900-01-01 12:05:00,1900-01-01 22:35:00,10.5,31,30
51884,345,Medium,1900-01-01 08:30:00,1900-01-01 17:45:00,9.25,31,30
51885,152,Short,1900-01-01 18:00:00,1900-01-01 21:50:00,3.8333333333333335,18,17
51886,154,Short,1900-01-01 05:45:00,1900-01-01 09:20:00,3.5833333333333335,18,17
51901,190,Short,1900-01-01 09:00:00,1900-01-01 16:00:00,7.0,31,30
51902,194,Short,1900-01-01 07:00:00,1900-01-01 13:25:00,6.416666666666667,32,31
51905,93,Short,1900-01-01 18:55:00,1900-01-01 22:15:00,3.3333333333333335,24,23
51906,90,Short,1900-01-01 02:00:00,1900-01-01 04:30:00,2.5,16,15
51907,70,Short,1900-01-01 18:45:00,1900-01-01 20:50:00,2.0833333333333335,13,12
51908,70,Short,1900-01-01 16:20:00,1900-01-01 18:15:00,1.9166666666666667,13,12
51909,163,Short,1900-01-01 05:20:00,1900-01-01 11:00:00,5.666666666666667,36,35
51910,163,Short,1900-01-01 06:55:00,1900-01-01 12:15:00,5.333333333333333,36,35
51911,163,Short,1900-01-01 12:45:00,1900-01-01 17:50:00,5.083333333333333,36,35
51912,163,Short,1900-01-01 18:15:00,1900-01-01 23:50:00,5.583333333333333,36,35
51913,163,Short,1900-01-01 18:05:00,1900-01-01 23:35:00,5.5,32,31
51914,160,Short,1900-01-01 03:15:00,1900-01-01 08:10:00,4.916666666666667,28,27
51915,52,Short,1900-01-01 00:10:00,1900-01-01 01:55:00,1.75,12,11
51916,51,Short,1900-01-01 04:10:00,1900-01-01 06:15:00,2.0833333333333335,12,11
51971,122,Short,1900-01-01 09:55:00,1900-01-01 13:00:00,3.0833333333333335,13,12
51972,123,Short,1900-01-01 13:50:00,1900-01-01 16:35:00,2.75,13,12
51973,273,Medium,1900-01-01 06:45:00,1900-01-01 13:55:00,7.166666666666667,34,33
51974,273,Medium,1900-01-01 14:20:00,1900-01-01 22:10:00,7.833333333333333,34,33
52073,202,Medium,1900-01-01 05:20:00,1900-01-01 11:30:00,6.166666666666667,15,14
52074,202,Medium,1900-01-01 18:50:00,1900-01-01 00:55:00,6.083333333333333,15,14
52075,202,Medium,1900-01-01 14:00:00,1900-01-01 20:00:00,6.0,16,15
52076,202,Medium,1900-01-01 07:00:00,1900-01-01 12:55:00,5.916666666666667,16,15
52171,186,Short,1900-01-01 06:30:00,1900-01-01 17:25:00,10.916666666666666,28,27
52172,186,Short,1900-01-01 06:10:00,1900-01-01 17:10:00,11.0,28,27
52173,92,Short,1900-01-01 15:20:00,1900-01-01 20:30:00,5.166666666666667,15,14
52174,92,Short,1900-01-01 06:15:00,1900-01-01 11:15:00,5.0,15,14
52175,92,Short,1900-01-01 09:30:00,1900-01-01 14:10:00,4.666666666666667,8,7
52176,92,Short,1900-01-01 15:15:00,1900-01-01 19:55:00,4.666666666666667,7,6
52177,103,Short,1900-01-01 06:10:00,1900-01-01 11:50:00,5.666666666666667,14,13
52178,103,Short,1900-01-01 14:05:00,1900-01-01 19:35:00,5.5,14,13
52179,70,Short,1900-01-01 04:00:00,1900-01-01 07:00:00,3.0,9,8
52180,70,Short,1900-01-01 07:20:00,1900-01-01 10:15:00,2.9166666666666665,9,8
52181,58,Short,1900-01-01 10:40:00,1900-01-01 13:05:00,2.4166666666666665,9,8
52182,27,Short,1900-01-01 13:20:00,1900-01-01 14:30:00,1.1666666666666667,5,4
52183,39,Short,1900-01-01 14:45:00,1900-01-01 16:25:00,1.6666666666666667,5,4
52184,70,Short,1900-01-01 16:40:00,1900-01-01 19:35:00,2.9166666666666665,9,8
52205,67,Short,1900-01-01 11:00:00,1900-01-01 13:15:00,2.25,13,12
52206,67,Short,1900-01-01 20:50:00,1900-01-01 23:00:00,2.1666666666666665,8,7
52207,67,Short,1900-01-01 07:40:00,1900-01-01 09:55:00,2.25,13,12
52208,67,Short,1900-01-01 13:30:00,1900-01-01 16:00:00,2.5,13,12
52221,67,Short,1900-01-01 15:00:00,1900-01-01 17:25:00,2.4166666666666665,13,12
52222,67,Short,1900-01-01 10:15:00,1900-01-01 12:40:00,2.4166666666666665,13,12
52223,67,Short,1900-01-01 17:40:00,1900-01-01 20:00:00,2.3333333333333335,13,12
52224,67,Short,1900-01-01 06:20:00,1900-01-01 08:35:00,2.25,13,12
52225,67,Short,1900-01-01 21:00:00,1900-01-01 23:00:00,2.0,8,7
52226,67,Short,1900-01-01 17:50:00,1900-01-01 20:05:00,2.25,13,12
52229,84,Short,1900-01-01 06:30:00,1900-01-01 09:20:00,2.8333333333333335,15,14
52230,84,Short,1900-01-01 09:30:00,1900-01-01 12:45:00,3.25,16,15
52231,84,Short,1900-01-01 07:20:00,1900-01-01 10:00:00,2.6666666666666665,15,14
52232,84,Short,1900-01-01 10:45:00,1900-01-01 13:35:00,2.8333333333333335,15,14
52233,83,Short,1900-01-01 14:00:00,1900-01-01 16:50:00,2.8333333333333335,15,14
52234,84,Short,1900-01-01 13:35:00,1900-01-01 16:50:00,3.25,16,15
52235,83,Short,1900-01-01 17:50:00,1900-01-01 20:55:00,3.0833333333333335,14,13
52236,84,Short,1900-01-01 17:30:00,1900-01-01 20:15:00,2.75,13,12
52239,78,Short,1900-01-01 06:20:00,1900-01-01 09:30:00,3.1666666666666665,6,5
52240,78,Short,1900-01-01 18:30:00,1900-01-01 21:00:00,2.5,6,5
52241,205,Medium,1900-01-01 06:15:00,1900-01-01 13:45:00,7.5,18,17
52242,205,Medium,1900-01-01 15:15:00,1900-01-01 22:15:00,7.0,18,17
52251,205,Medium,1900-01-01 10:45:00,1900-01-01 18:00:00,7.25,18,17
52252,205,Medium,1900-01-01 07:00:00,1900-01-01 14:15:00,7.25,19,18
52253,205,Medium,1900-01-01 13:15:00,1900-01-01 21:15:00,8.0,18,17
52254,205,Medium,1900-01-01 10:25:00,1900-01-01 17:15:00,6.833333333333333,18,17
52255,205,Medium,1900-01-01 18:00:00,1900-01-01 01:15:00,7.25,19,18
52256,205,Medium,1900-01-01 20:30:00,1900-01-01 03:00:00,6.5,18,17
52257,205,Medium,1900-01-01 23:00:00,1900-01-01 05:30:00,6.5,16,15
52258,205,Medium,1900-01-01 03:40:00,1900-01-01 10:00:00,6.333333333333333,16,15
52259,205,Medium,1900-01-01 04:30:00,1900-01-01 11:45:00,7.25,16,15
52260,205,Medium,1900-01-01 00:10:00,1900-01-01 07:00:00,6.833333333333333,16,15
52263,54,Short,1900-01-01 15:00:00,1900-01-01 17:00:00,2.0,6,5
52264,54,Short,1900-01-01 07:00:00,1900-01-01 09:00:00,2.0,6,5
52265,54,Short,1900-01-01 20:45:00,1900-01-01 22:45:00,2.0,6,5
52266,54,Short,1900-01-01 17:45:00,1900-01-01 19:45:00,2.0,6,5
52267,54,Short,1900-01-01 07:45:00,1900-01-01 10:00:00,2.25,6,5
52268,54,Short,1900-01-01 14:00:00,1900-01-01 16:00:00,2.0,6,5
52297,84,Short,1900-01-01 05:00:00,1900-01-01 07:15:00,2.25,6,5
52298,84,Short,1900-01-01 08:05:00,1900-01-01 10:50:00,2.75,6,5
52451,95,Short,1900-01-01 05:20:00,1900-01-01 10:00:00,4.666666666666667,3,2
52452,95,Short,1900-01-01 17:50:00,1900-01-01 22:35:00,4.75,3,2
52453,95,Short,1900-01-01 06:00:00,1900-01-01 11:05:00,5.083333333333333,12,11
52454,95,Short,1900-01-01 18:30:00,1900-01-01 23:30:00,5.0,14,13
52455,95,Short,1900-01-01 12:10:00,1900-01-01 17:30:00,5.333333333333333,11,10
52456,95,Short,1900-01-01 10:25:00,1900-01-01 16:10:00,5.75,10,9
52457,95,Short,1900-01-01 03:30:00,1900-01-01 08:55:00,5.416666666666667,18,17
52458,95,Short,1900-01-01 14:25:00,1900-01-01 20:10:00,5.75,18,17
52461,93,Short,1900-01-01 17:50:00,1900-01-01 21:45:00,3.9166666666666665,17,16
52462,104,Short,1900-01-01 04:45:00,1900-01-01 08:30:00,3.75,17,16
52463,156,Short,1900-01-01 04:00:00,1900-01-01 10:45:00,6.75,28,27
52464,176,Short,1900-01-01 04:00:00,1900-01-01 10:50:00,6.833333333333333,27,26
52465,162,Short,1900-01-01 06:45:00,1900-01-01 14:00:00,7.25,30,29
52466,185,Short,1900-01-01 07:20:00,1900-01-01 14:20:00,7.0,30,29
52467,162,Short,1900-01-01 13:20:00,1900-01-01 20:55:00,7.583333333333333,30,29
52468,185,Short,1900-01-01 14:10:00,1900-01-01 20:25:00,6.25,30,29
52469,164,Short,1900-01-01 15:50:00,1900-01-01 22:30:00,6.666666666666667,25,24
52470,169,Short,1900-01-01 17:35:00,1900-01-01 23:55:00,6.333333333333333,23,22
52471,192,Short,1900-01-01 02:15:00,1900-01-01 11:25:00,9.166666666666666,30,29
52472,215,Medium,1900-01-01 07:20:00,1900-01-01 17:30:00,10.166666666666666,34,33
52473,191,Short,1900-01-01 10:00:00,1900-01-01 19:45:00,9.75,34,33
52474,213,Medium,1900-01-01 12:20:00,1900-01-01 22:35:00,10.25,33,32
52540,87,Short,1900-01-01 08:00:00,1900-01-01 15:10:00,7.166666666666667,12,11
52541,87,Short,1900-01-01 08:30:00,1900-01-01 15:35:00,7.083333333333333,12,11
52570,30,Short,1900-01-01 09:15:00,1900-01-01 12:30:00,3.25,5,4
52571,30,Short,1900-01-01 14:00:00,1900-01-01 17:45:00,3.75,5,4
52587,30,Short,1900-01-01 06:30:00,1900-01-01 09:05:00,2.5833333333333335,5,4
52588,30,Short,1900-01-01 16:00:00,1900-01-01 18:30:00,2.5,5,4
52591,12,Short,1900-01-01 07:40:00,1900-01-01 09:25:00,1.75,3,2
52592,12,Short,1900-01-01 09:30:00,1900-01-01 11:35:00,2.0833333333333335,3,2
52593,12,Short,1900-01-01 09:40:00,1900-01-01 11:40:00,2.0,3,2
52594,12,Short,1900-01-01 10:00:00,1900-01-01 12:00:00,2.0,3,2
52595,12,Short,1900-01-01 12:10:00,1900-01-01 14:10:00,2.0,3,2
52596,12,Short,1900-01-01 12:20:00,1900-01-01 14:20:00,2.0,3,2
52597,12,Short,1900-01-01 12:45:00,1900-01-01 14:30:00,1.75,3,2
52598,12,Short,1900-01-01 16:05:00,1900-01-01 18:05:00,2.0,3,2
52599,12,Short,1900-01-01 16:20:00,1900-01-01 18:20:00,2.0,3,2
52911,134,Short,1900-01-01 05:30:00,1900-01-01 09:55:00,4.416666666666667,14,13
52912,134,Short,1900-01-01 17:35:00,1900-01-01 21:30:00,3.9166666666666665,14,13
52913,134,Short,1900-01-01 12:25:00,1900-01-01 17:15:00,4.833333333333333,14,13
52914,134,Short,1900-01-01 07:40:00,1900-01-01 11:55:00,4.25,14,13
52929,189,Short,1900-01-01 09:45:00,1900-01-01 16:45:00,7.0,17,16
52930,189,Short,1900-01-01 12:05:00,1900-01-01 18:00:00,5.916666666666667,17,16
52931,104,Short,1900-01-01 07:45:00,1900-01-01 10:20:00,2.5833333333333335,11,10
52932,104,Short,1900-01-01 17:30:00,1900-01-01 19:55:00,2.4166666666666665,11,10
52933,189,Short,1900-01-01 13:55:00,1900-01-01 20:15:00,6.333333333333333,17,16
52934,154,Short,1900-01-01 04:55:00,1900-01-01 09:40:00,4.75,21,20
52935,154,Short,1900-01-01 15:50:00,1900-01-01 20:15:00,4.416666666666667,20,19
52938,175,Short,1900-01-01 16:55:00,1900-01-01 21:55:00,5.0,14,13
52939,175,Short,1900-01-01 06:05:00,1900-01-01 11:15:00,5.166666666666667,14,13
52940,154,Short,1900-01-01 14:00:00,1900-01-01 18:45:00,4.75,20,19
52941,154,Short,1900-01-01 08:45:00,1900-01-01 13:10:00,4.416666666666667,20,19
52942,154,Short,1900-01-01 07:10:00,1900-01-01 10:50:00,3.6666666666666665,12,11
52943,154,Short,1900-01-01 17:55:00,1900-01-01 21:10:00,3.25,12,11
52944,154,Short,1900-01-01 04:30:00,1900-01-01 08:25:00,3.9166666666666665,17,16
52945,154,Short,1900-01-01 19:10:00,1900-01-01 22:55:00,3.75,17,16
52946,189,Short,1900-01-01 07:30:00,1900-01-01 13:15:00,5.75,17,16
52947,104,Short,1900-01-01 20:15:00,1900-01-01 22:35:00,2.3333333333333335,11,10
52948,104,Short,1900-01-01 07:05:00,1900-01-01 09:20:00,2.25,11,10
52949,95,Short,1900-01-01 16:20:00,1900-01-01 19:55:00,3.5833333333333335,12,11
52950,95,Short,1900-01-01 08:05:00,1900-01-01 11:20:00,3.25,12,11
52951,159,Short,1900-01-01 14:25:00,1900-01-01 20:35:00,6.166666666666667,19,18
52952,159,Short,1900-01-01 07:15:00,1900-01-01 13:20:00,6.083333333333333,19,18
52953,70,Short,1900-01-01 14:55:00,1900-01-01 18:40:00,3.75,7,6
52954,70,Short,1900-01-01 11:55:00,1900-01-01 14:30:00,2.5833333333333335,7,6
52955,133,Short,1900-01-01 06:10:00,1900-01-01 10:20:00,4.166666666666667,12,11
52956,133,Short,1900-01-01 18:00:00,1900-01-01 21:50:00,3.8333333333333335,12,11
52963,63,Short,1900-01-01 06:45:00,1900-01-01 09:05:00,2.3333333333333335,8,7
52964,63,Short,1900-01-01 14:00:00,1900-01-01 16:30:00,2.5,8,7
52973,63,Short,1900-01-01 19:30:00,1900-01-01 22:00:00,2.5,8,7
52974,63,Short,1900-01-01 06:05:00,1900-01-01 08:35:00,2.5,8,7
52975,63,Short,1900-01-01 14:00:00,1900-01-01 16:30:00,2.5,8,7
52976,63,Short,1900-01-01 18:45:00,1900-01-01 21:15:00,2.5,8,7
52987,63,Short,1900-01-01 19:30:00,1900-01-01 22:00:00,2.5,8,7
52988,63,Short,1900-01-01 06:05:00,1900-01-01 08:35:00,2.5,8,7
53001,209,Medium,1900-01-01 16:00:00,1900-01-01 22:00:00,6.0,42,41
53002,216,Medium,1900-01-01 21:05:00,1900-01-01 03:50:00,6.75,36,35
53005,65,Short,1900-01-01 08:05:00,1900-01-01 10:20:00,2.25,17,16
53006,72,Short,1900-01-01 03:30:00,1900-01-01 05:20:00,1.8333333333333333,16,15
53007,131,Short,1900-01-01 09:00:00,1900-01-01 13:30:00,4.5,28,27
53008,131,Short,1900-01-01 09:00:00,1900-01-01 14:30:00,5.5,29,28
53009,65,Short,1900-01-01 11:55:00,1900-01-01 14:00:00,2.0833333333333335,18,17
53010,72,Short,1900-01-01 04:40:00,1900-01-01 06:50:00,2.1666666666666665,19,18
53011,65,Short,1900-01-01 13:50:00,1900-01-01 15:50:00,2.0,15,14
53012,72,Short,1900-01-01 07:20:00,1900-01-01 09:35:00,2.25,20,19
53013,72,Short,1900-01-01 16:00:00,1900-01-01 18:00:00,2.0,17,16
53014,72,Short,1900-01-01 08:55:00,1900-01-01 10:55:00,2.0,17,16
53015,65,Short,1900-01-01 18:45:00,1900-01-01 20:45:00,2.0,16,15
53016,72,Short,1900-01-01 13:05:00,1900-01-01 15:25:00,2.3333333333333335,16,15
53017,72,Short,1900-01-01 19:20:00,1900-01-01 21:35:00,2.25,17,16
53018,72,Short,1900-01-01 15:15:00,1900-01-01 17:28:00,2.216666666666667,20,19
53019,65,Short,1900-01-01 21:55:00,1900-01-01 23:45:00,1.8333333333333333,13,12
53020,65,Short,1900-01-01 16:40:00,1900-01-01 18:42:00,2.033333333333333,15,14
53021,142,Short,1900-01-01 03:15:00,1900-01-01 08:25:00,5.166666666666667,25,24
53022,142,Short,1900-01-01 14:15:00,1900-01-01 19:30:00,5.25,25,24
53023,59,Short,1900-01-01 05:40:00,1900-01-01 07:35:00,1.9166666666666667,11,10
53024,59,Short,1900-01-01 22:25:00,1900-01-01 00:05:00,1.6666666666666667,10,9
53025,59,Short,1900-01-01 09:15:00,1900-01-01 11:05:00,1.8333333333333333,11,10
53026,59,Short,1900-01-01 17:50:00,1900-01-01 20:00:00,2.1666666666666665,11,10
53027,112,Short,1900-01-01 16:05:00,1900-01-01 19:45:00,3.6666666666666665,22,21
53028,112,Short,1900-01-01 07:10:00,1900-01-01 11:00:00,3.8333333333333335,22,21
53029,217,Medium,1900-01-01 16:25:00,1900-01-01 01:20:00,8.916666666666666,42,41
53030,217,Medium,1900-01-01 04:45:00,1900-01-01 12:55:00,8.166666666666666,41,40
53031,59,Short,1900-01-01 18:25:00,1900-01-01 20:25:00,2.0,11,10
53034,59,Short,1900-01-01 15:45:00,1900-01-01 17:30:00,1.75,11,10
53035,87,Short,1900-01-01 21:20:00,1900-01-01 01:35:00,4.25,18,17
53036,87,Short,1900-01-01 03:45:00,1900-01-01 06:30:00,2.75,20,19
53037,74,Short,1900-01-01 08:45:00,1900-01-01 11:05:00,2.3333333333333335,14,13
53038,74,Short,1900-01-01 11:40:00,1900-01-01 14:05:00,2.4166666666666665,14,13
53041,718,Long,1900-01-01 07:15:00,1900-01-01 12:35:00,5.333333333333333,118,117
53042,718,Long,1900-01-01 20:10:00,1900-01-01 23:00:00,2.8333333333333335,107,106
53043,653,Long,1900-01-01 11:10:00,1900-01-01 10:55:00,23.75,83,82
53044,653,Long,1900-01-01 12:30:00,1900-01-01 12:10:00,23.666666666666668,73,72
53045,286,Medium,1900-01-01 16:25:00,1900-01-01 22:15:00,5.833333333333333,21,20
53046,287,Medium,1900-01-01 05:30:00,1900-01-01 11:35:00,6.083333333333333,20,19
53047,218,Medium,1900-01-01 16:40:00,1900-01-01 21:25:00,4.75,23,22
53048,218,Medium,1900-01-01 05:10:00,1900-01-01 10:10:00,5.0,23,22
53049,453,Medium,1900-01-01 23:10:00,1900-01-01 11:10:00,12.0,53,52
53050,454,Medium,1900-01-01 12:10:00,1900-01-01 03:00:00,14.833333333333334,50,49
53061,348,Medium,1900-01-01 06:15:00,1900-01-01 18:10:00,11.916666666666666,50,49
53062,346,Medium,1900-01-01 07:55:00,1900-01-01 20:50:00,12.916666666666666,50,49
53063,194,Short,1900-01-01 06:30:00,1900-01-01 11:30:00,5.0,31,30
53064,194,Short,1900-01-01 14:45:00,1900-01-01 20:40:00,5.916666666666667,31,30
53068,111,Short,1900-01-01 09:35:00,1900-01-01 12:10:00,2.5833333333333335,19,18
53069,111,Short,1900-01-01 20:15:00,1900-01-01 22:55:00,2.6666666666666665,19,18
53073,137,Short,1900-01-01 20:45:00,1900-01-01 00:20:00,3.5833333333333335,22,21
53074,137,Short,1900-01-01 04:45:00,1900-01-01 08:20:00,3.5833333333333335,22,21
53075,82,Short,1900-01-01 23:00:00,1900-01-01 00:55:00,1.9166666666666667,13,12
53076,82,Short,1900-01-01 02:10:00,1900-01-01 04:20:00,2.1666666666666665,13,12
53081,64,Short,1900-01-01 11:30:00,1900-01-01 13:10:00,1.6666666666666667,8,7
53131,571,Long,1900-01-01 05:50:00,1900-01-01 00:15:00,18.416666666666668,70,69
53132,572,Long,1900-01-01 07:40:00,1900-01-01 03:25:00,19.75,70,69
53137,82,Short,1900-01-01 04:40:00,1900-01-01 06:35:00,1.9166666666666667,13,12
53138,82,Short,1900-01-01 09:50:00,1900-01-01 12:00:00,2.1666666666666665,13,12
53139,324,Medium,1900-01-01 22:25:00,1900-01-01 05:50:00,7.416666666666667,18,17
53140,325,Medium,1900-01-01 07:00:00,1900-01-01 13:35:00,6.583333333333333,18,17
53171,231,Medium,1900-01-01 03:45:00,1900-01-01 09:35:00,5.833333333333333,40,39
53172,229,Medium,1900-01-01 22:00:00,1900-01-01 04:30:00,6.5,38,37
53175,231,Medium,1900-01-01 12:40:00,1900-01-01 18:30:00,5.833333333333333,35,34
53176,229,Medium,1900-01-01 06:50:00,1900-01-01 12:37:00,5.783333333333333,36,35
53177,230,Medium,1900-01-01 16:40:00,1900-01-01 22:00:00,5.333333333333333,29,28
53178,229,Medium,1900-01-01 09:00:00,1900-01-01 15:10:00,6.166666666666667,36,35
53179,223,Medium,1900-01-01 14:00:00,1900-01-01 19:35:00,5.583333333333333,35,34
53180,222,Medium,1900-01-01 14:15:00,1900-01-01 20:20:00,6.083333333333333,39,38
53181,230,Medium,1900-01-01 23:30:00,1900-01-01 05:10:00,5.666666666666667,34,33
53186,229,Medium,1900-01-01 07:20:00,1900-01-01 12:45:00,5.416666666666667,33,32
53207,42,Short,1900-01-01 14:00:00,1900-01-01 16:20:00,2.3333333333333335,5,4
53208,42,Short,1900-01-01 11:30:00,1900-01-01 13:05:00,1.5833333333333333,5,4
53209,71,Short,1900-01-01 07:00:00,1900-01-01 10:30:00,3.5,8,7
53210,71,Short,1900-01-01 17:20:00,1900-01-01 21:10:00,3.8333333333333335,8,7
53211,146,Short,1900-01-01 15:10:00,1900-01-01 19:40:00,4.5,13,12
53212,146,Short,1900-01-01 05:30:00,1900-01-01 11:20:00,5.833333333333333,13,12
53213,94,Short,1900-01-01 14:00:00,1900-01-01 17:05:00,3.0833333333333335,26,25
53214,88,Short,1900-01-01 18:00:00,1900-01-01 21:10:00,3.1666666666666665,25,24
53221,53,Short,1900-01-01 21:40:00,1900-01-01 00:10:00,2.5,8,7
53222,53,Short,1900-01-01 16:00:00,1900-01-01 18:30:00,2.5,8,7
53223,53,Short,1900-01-01 09:30:00,1900-01-01 12:30:00,3.0,8,7
53224,53,Short,1900-01-01 05:45:00,1900-01-01 08:45:00,3.0,7,6
53225,140,Short,1900-01-01 14:05:00,1900-01-01 19:35:00,5.5,13,12
53226,140,Short,1900-01-01 08:07:00,1900-01-01 14:00:00,5.883333333333334,13,12
53229,108,Short,1900-01-01 05:00:00,1900-01-01 10:00:00,5.0,19,18
53230,108,Short,1900-01-01 18:20:00,1900-01-01 23:15:00,4.916666666666667,18,17
53231,154,Short,1900-01-01 15:30:00,1900-01-01 00:05:00,8.583333333333334,20,19
53232,154,Short,1900-01-01 08:35:00,1900-01-01 15:00:00,6.416666666666667,20,19
53323,27,Short,1900-01-01 08:30:00,1900-01-01 09:50:00,1.3333333333333333,7,6
53324,27,Short,1900-01-01 06:10:00,1900-01-01 07:35:00,1.4166666666666667,7,6
53327,56,Short,1900-01-01 13:40:00,1900-01-01 15:45:00,2.0833333333333335,12,11
53328,56,Short,1900-01-01 16:15:00,1900-01-01 18:30:00,2.25,12,11
53333,27,Short,1900-01-01 19:35:00,1900-01-01 21:05:00,1.5,6,5
53334,27,Short,1900-01-01 12:00:00,1900-01-01 13:10:00,1.1666666666666667,6,5
53343,460,Medium,1900-01-01 05:40:00,1900-01-01 19:00:00,13.333333333333334,59,58
53344,460,Medium,1900-01-01 06:35:00,1900-01-01 19:45:00,13.166666666666666,58,57
53345,223,Medium,1900-01-01 04:20:00,1900-01-01 12:55:00,8.583333333333334,23,22
53346,223,Medium,1900-01-01 14:50:00,1900-01-01 22:45:00,7.916666666666667,23,22
53347,258,Medium,1900-01-01 09:50:00,1900-01-01 16:50:00,7.0,36,35
53348,258,Medium,1900-01-01 05:50:00,1900-01-01 13:55:00,8.083333333333334,35,34
53349,159,Short,1900-01-01 17:20:00,1900-01-01 21:35:00,4.25,24,23
53350,159,Short,1900-01-01 05:35:00,1900-01-01 10:10:00,4.583333333333333,24,23
53351,304,Medium,1900-01-01 03:00:00,1900-01-01 11:55:00,8.916666666666666,31,30
53352,304,Medium,1900-01-01 14:00:00,1900-01-01 23:20:00,9.333333333333334,31,30
53357,316,Medium,1900-01-01 06:50:00,1900-01-01 15:00:00,8.166666666666666,43,42
53358,316,Medium,1900-01-01 15:40:00,1900-01-01 23:55:00,8.25,42,41
53363,85,Short,1900-01-01 10:10:00,1900-01-01 12:15:00,2.0833333333333335,14,13
53364,85,Short,1900-01-01 13:20:00,1900-01-01 15:30:00,2.1666666666666665,14,13
53365,87,Short,1900-01-01 09:30:00,1900-01-01 12:00:00,2.5,9,8
53366,87,Short,1900-01-01 06:00:00,1900-01-01 08:30:00,2.5,9,8
53369,87,Short,1900-01-01 18:15:00,1900-01-01 20:45:00,2.5,9,8
53370,87,Short,1900-01-01 14:45:00,1900-01-01 17:15:00,2.5,9,8
53371,139,Short,1900-01-01 06:00:00,1900-01-01 10:30:00,4.5,16,15
53372,139,Short,1900-01-01 06:00:00,1900-01-01 10:20:00,4.333333333333333,16,15
53373,139,Short,1900-01-01 12:50:00,1900-01-01 17:00:00,4.166666666666667,16,15
53374,139,Short,1900-01-01 18:00:00,1900-01-01 22:20:00,4.333333333333333,16,15
53401,103,Short,1900-01-01 06:00:00,1900-01-01 09:15:00,3.25,19,18
53402,103,Short,1900-01-01 16:20:00,1900-01-01 19:25:00,3.0833333333333335,19,18
53403,433,Medium,1900-01-01 05:40:00,1900-01-01 00:02:00,18.366666666666667,66,65
53404,174,Short,1900-01-01 06:20:00,1900-01-01 12:50:00,6.5,21,20
53405,137,Short,1900-01-01 07:45:00,1900-01-01 11:11:00,3.433333333333333,22,21
53406,137,Short,1900-01-01 19:25:00,1900-01-01 23:30:00,4.083333333333333,22,21
53408,259,Medium,1900-01-01 13:05:00,1900-01-01 21:50:00,8.75,46,45
53411,54,Short,1900-01-01 12:30:00,1900-01-01 14:00:00,1.5,10,9
53412,54,Short,1900-01-01 12:10:00,1900-01-01 13:40:00,1.5,10,9
53415,127,Short,1900-01-01 15:25:00,1900-01-01 19:55:00,4.5,31,30
53416,127,Short,1900-01-01 07:30:00,1900-01-01 11:35:00,4.083333333333333,31,30
53417,233,Medium,1900-01-01 05:00:00,1900-01-01 11:00:00,6.0,39,38
53418,233,Medium,1900-01-01 15:00:00,1900-01-01 21:40:00,6.666666666666667,39,38
53423,45,Short,1900-01-01 12:00:00,1900-01-01 13:15:00,1.25,13,12
53424,44,Short,1900-01-01 13:45:00,1900-01-01 15:10:00,1.4166666666666667,13,12
53431,127,Short,1900-01-01 07:05:00,1900-01-01 11:55:00,4.833333333333333,31,30
53432,127,Short,1900-01-01 15:30:00,1900-01-01 19:25:00,3.9166666666666665,31,30
53433,87,Short,1900-01-01 08:40:00,1900-01-01 11:55:00,3.25,19,18
53434,87,Short,1900-01-01 14:20:00,1900-01-01 17:05:00,2.75,19,18
53435,65,Short,1900-01-01 06:00:00,1900-01-01 08:20:00,2.3333333333333335,19,18
53436,65,Short,1900-01-01 18:40:00,1900-01-01 21:05:00,2.4166666666666665,18,17
53441,71,Short,1900-01-01 10:40:00,1900-01-01 13:35:00,2.9166666666666665,16,15
53442,72,Short,1900-01-01 04:00:00,1900-01-01 06:55:00,2.9166666666666665,16,15
53443,71,Short,1900-01-01 15:30:00,1900-01-01 18:15:00,2.75,16,15
53444,73,Short,1900-01-01 12:05:00,1900-01-01 15:05:00,3.0,18,17
53445,71,Short,1900-01-01 22:00:00,1900-01-01 01:00:00,3.0,16,15
53446,72,Short,1900-01-01 18:45:00,1900-01-01 21:40:00,2.9166666666666665,16,15
53447,50,Short,1900-01-01 19:40:00,1900-01-01 21:55:00,2.25,15,14
53448,51,Short,1900-01-01 16:45:00,1900-01-01 19:05:00,2.3333333333333335,15,14
53449,50,Short,1900-01-01 09:25:00,1900-01-01 11:40:00,2.25,15,14
53450,51,Short,1900-01-01 06:40:00,1900-01-01 09:00:00,2.3333333333333335,15,14
53451,41,Short,1900-01-01 09:15:00,1900-01-01 10:35:00,1.3333333333333333,6,5
53452,41,Short,1900-01-01 07:00:00,1900-01-01 08:25:00,1.4166666666666667,6,5
53479,45,Short,1900-01-01 05:20:00,1900-01-01 06:40:00,1.3333333333333333,13,12
53480,44,Short,1900-01-01 07:40:00,1900-01-01 09:05:00,1.4166666666666667,13,12
53481,11,Short,1900-01-01 03:50:00,1900-01-01 04:15:00,0.4166666666666667,2,1
53482,11,Short,1900-01-01 02:00:00,1900-01-01 02:25:00,0.4166666666666667,2,1
53483,11,Short,1900-01-01 05:45:00,1900-01-01 06:10:00,0.4166666666666667,2,1
53484,11,Short,1900-01-01 04:35:00,1900-01-01 05:00:00,0.4166666666666667,2,1
53485,11,Short,1900-01-01 09:50:00,1900-01-01 10:18:00,0.4666666666666667,2,1
53486,11,Short,1900-01-01 06:30:00,1900-01-01 06:55:00,0.4166666666666667,2,1
53487,11,Short,1900-01-01 13:47:00,1900-01-01 14:15:00,0.4666666666666667,2,1
53488,11,Short,1900-01-01 12:00:00,1900-01-01 12:25:00,0.4166666666666667,2,1
53489,11,Short,1900-01-01 16:20:00,1900-01-01 16:45:00,0.4166666666666667,2,1
53490,11,Short,1900-01-01 14:55:00,1900-01-01 15:20:00,0.4166666666666667,2,1
53491,11,Short,1900-01-01 19:10:00,1900-01-01 19:35:00,0.4166666666666667,2,1
53492,11,Short,1900-01-01 17:10:00,1900-01-01 17:38:00,0.4666666666666667,2,1
53493,11,Short,1900-01-01 21:30:00,1900-01-01 21:55:00,0.4166666666666667,2,1
53494,11,Short,1900-01-01 20:00:00,1900-01-01 20:25:00,0.4166666666666667,2,1
53495,11,Short,1900-01-01 23:30:00,1900-01-01 23:55:00,0.4166666666666667,2,1
53496,11,Short,1900-01-01 22:20:00,1900-01-01 22:45:00,0.4166666666666667,2,1
53497,52,Short,1900-01-01 21:25:00,1900-01-01 23:05:00,1.6666666666666667,18,17
53498,52,Short,1900-01-01 18:58:00,1900-01-01 21:05:00,2.1166666666666667,18,17
53511,38,Short,1900-01-01 03:20:00,1900-01-01 04:20:00,1.0,7,6
53512,37,Short,1900-01-01 04:50:00,1900-01-01 05:45:00,0.9166666666666666,7,6
53513,38,Short,1900-01-01 08:00:00,1900-01-01 09:00:00,1.0,7,6
53514,37,Short,1900-01-01 09:20:00,1900-01-01 10:20:00,1.0,7,6
53515,38,Short,1900-01-01 12:15:00,1900-01-01 13:15:00,1.0,7,6
53516,37,Short,1900-01-01 13:35:00,1900-01-01 14:35:00,1.0,7,6
53517,38,Short,1900-01-01 16:20:00,1900-01-01 17:20:00,1.0,7,6
53518,37,Short,1900-01-01 17:40:00,1900-01-01 18:35:00,0.9166666666666666,7,6
53519,38,Short,1900-01-01 21:35:00,1900-01-01 22:30:00,0.9166666666666666,7,6
53520,37,Short,1900-01-01 22:50:00,1900-01-01 23:45:00,0.9166666666666666,7,6
53523,188,Short,1900-01-01 16:30:00,1900-01-01 22:45:00,6.25,35,34
53524,188,Short,1900-01-01 03:00:00,1900-01-01 09:50:00,6.833333333333333,35,34
53525,453,Medium,1900-01-01 04:00:00,1900-01-01 17:40:00,13.666666666666666,63,62
53526,453,Medium,1900-01-01 07:00:00,1900-01-01 20:30:00,13.5,62,61
53551,70,Short,1900-01-01 09:25:00,1900-01-01 11:05:00,1.6666666666666667,9,8
53552,70,Short,1900-01-01 07:25:00,1900-01-01 09:05:00,1.6666666666666667,9,8
53553,70,Short,1900-01-01 13:25:00,1900-01-01 15:05:00,1.6666666666666667,9,8
53554,70,Short,1900-01-01 11:25:00,1900-01-01 13:05:00,1.6666666666666667,9,8
53555,70,Short,1900-01-01 18:00:00,1900-01-01 19:45:00,1.75,9,8
53556,70,Short,1900-01-01 15:50:00,1900-01-01 17:35:00,1.75,9,8
53611,159,Short,1900-01-01 05:30:00,1900-01-01 10:05:00,4.583333333333333,24,23
53612,159,Short,1900-01-01 19:05:00,1900-01-01 23:50:00,4.75,24,23
53615,174,Short,1900-01-01 08:15:00,1900-01-01 14:20:00,6.083333333333333,19,18
53616,174,Short,1900-01-01 15:00:00,1900-01-01 20:20:00,5.333333333333333,19,18
53623,183,Short,1900-01-01 14:00:00,1900-01-01 20:25:00,6.416666666666667,20,19
53624,183,Short,1900-01-01 05:05:00,1900-01-01 13:00:00,7.916666666666667,21,20
53625,129,Short,1900-01-01 04:55:00,1900-01-01 10:10:00,5.25,13,12
53626,129,Short,1900-01-01 07:20:00,1900-01-01 12:10:00,4.833333333333333,13,12
53627,129,Short,1900-01-01 06:10:00,1900-01-01 11:35:00,5.416666666666667,12,11
53628,129,Short,1900-01-01 11:15:00,1900-01-01 17:00:00,5.75,12,11
53629,129,Short,1900-01-01 13:15:00,1900-01-01 18:00:00,4.75,12,11
53630,129,Short,1900-01-01 19:00:00,1900-01-01 23:45:00,4.75,13,12
53631,129,Short,1900-01-01 18:00:00,1900-01-01 22:05:00,4.083333333333333,12,11
53632,129,Short,1900-01-01 20:55:00,1900-01-01 01:30:00,4.583333333333333,12,11
53641,53,Short,1900-01-01 19:20:00,1900-01-01 21:45:00,2.4166666666666665,9,8
53642,53,Short,1900-01-01 06:35:00,1900-01-01 08:05:00,1.5,9,8
53643,18,Short,1900-01-01 08:15:00,1900-01-01 09:15:00,1.0,4,3
53644,18,Short,1900-01-01 09:45:00,1900-01-01 10:45:00,1.0,4,3
53645,18,Short,1900-01-01 12:10:00,1900-01-01 13:10:00,1.0,4,3
53646,18,Short,1900-01-01 13:40:00,1900-01-01 14:40:00,1.0,4,3
53647,18,Short,1900-01-01 16:30:00,1900-01-01 17:30:00,1.0,4,3
53648,18,Short,1900-01-01 18:00:00,1900-01-01 19:00:00,1.0,4,3
54001,73,Short,1900-01-01 18:35:00,1900-01-01 21:15:00,2.6666666666666665,20,19
54002,73,Short,1900-01-01 06:15:00,1900-01-01 08:43:00,2.466666666666667,20,19
54005,119,Short,1900-01-01 04:15:00,1900-01-01 08:10:00,3.9166666666666665,23,22
54006,141,Short,1900-01-01 04:35:00,1900-01-01 09:10:00,4.583333333333333,25,24
54007,141,Short,1900-01-01 09:30:00,1900-01-01 13:50:00,4.333333333333333,25,24
54008,141,Short,1900-01-01 10:00:00,1900-01-01 14:10:00,4.166666666666667,25,24
54009,141,Short,1900-01-01 17:50:00,1900-01-01 22:30:00,4.666666666666667,25,24
54010,33,Short,1900-01-01 22:50:00,1900-01-01 23:35:00,0.75,5,4
54011,227,Medium,1900-01-01 17:45:00,1900-01-01 00:25:00,6.666666666666667,39,38
54012,227,Medium,1900-01-01 02:40:00,1900-01-01 09:08:00,6.466666666666667,39,38
54013,49,Short,1900-01-01 14:05:00,1900-01-01 15:10:00,1.0833333333333333,7,6
54014,49,Short,1900-01-01 07:25:00,1900-01-01 09:00:00,1.5833333333333333,7,6
54015,49,Short,1900-01-01 17:45:00,1900-01-01 19:20:00,1.5833333333333333,7,6
54016,49,Short,1900-01-01 09:50:00,1900-01-01 11:05:00,1.25,7,6
54018,49,Short,1900-01-01 15:55:00,1900-01-01 17:20:00,1.4166666666666667,7,6
54019,81,Short,1900-01-01 05:05:00,1900-01-01 06:45:00,1.6666666666666667,8,7
54023,57,Short,1900-01-01 07:00:00,1900-01-01 08:20:00,1.3333333333333333,9,8
54024,127,Short,1900-01-01 17:40:00,1900-01-01 22:15:00,4.583333333333333,25,24
54025,60,Short,1900-01-01 11:15:00,1900-01-01 14:00:00,2.75,6,5
54026,71,Short,1900-01-01 14:50:00,1900-01-01 16:35:00,1.75,6,5
54031,127,Short,1900-01-01 11:45:00,1900-01-01 15:20:00,3.5833333333333335,25,24
54032,127,Short,1900-01-01 07:20:00,1900-01-01 11:00:00,3.6666666666666665,25,24
54033,160,Short,1900-01-01 17:25:00,1900-01-01 22:25:00,5.0,29,28
54034,127,Short,1900-01-01 15:50:00,1900-01-01 19:45:00,3.9166666666666665,25,24
54035,199,Short,1900-01-01 15:40:00,1900-01-01 21:40:00,6.0,35,34
54036,199,Short,1900-01-01 04:45:00,1900-01-01 10:20:00,5.583333333333333,35,34
54037,120,Short,1900-01-01 07:45:00,1900-01-01 11:10:00,3.4166666666666665,17,16
54038,119,Short,1900-01-01 04:15:00,1900-01-01 07:15:00,3.0,17,16
54039,120,Short,1900-01-01 12:25:00,1900-01-01 15:40:00,3.25,17,16
54040,119,Short,1900-01-01 08:25:00,1900-01-01 11:30:00,3.0833333333333335,17,16
54041,120,Short,1900-01-01 18:20:00,1900-01-01 21:25:00,3.0833333333333335,17,16
54042,119,Short,1900-01-01 13:05:00,1900-01-01 16:15:00,3.1666666666666665,17,16
54043,327,Medium,1900-01-01 16:40:00,1900-01-01 00:40:00,8.0,40,39
54044,327,Medium,1900-01-01 05:00:00,1900-01-01 14:50:00,9.833333333333334,40,39
54045,257,Medium,1900-01-01 03:25:00,1900-01-01 12:35:00,9.166666666666666,34,33
54046,257,Medium,1900-01-01 14:40:00,1900-01-01 22:00:00,7.333333333333333,36,35
54047,120,Short,1900-01-01 21:50:00,1900-01-01 00:45:00,2.9166666666666665,10,9
54048,119,Short,1900-01-01 17:45:00,1900-01-01 21:05:00,3.3333333333333335,17,16
54049,141,Short,1900-01-01 04:05:00,1900-01-01 08:25:00,4.333333333333333,25,24
54050,141,Short,1900-01-01 16:05:00,1900-01-01 20:20:00,4.25,25,24
54051,123,Short,1900-01-01 10:05:00,1900-01-01 13:10:00,3.0833333333333335,14,13
54052,123,Short,1900-01-01 14:00:00,1900-01-01 16:50:00,2.8333333333333335,14,13
54053,128,Short,1900-01-01 05:20:00,1900-01-01 08:35:00,3.25,19,18
54054,128,Short,1900-01-01 18:50:00,1900-01-01 22:25:00,3.5833333333333335,19,18
54055,160,Short,1900-01-01 16:15:00,1900-01-01 22:10:00,5.916666666666667,26,25
54056,160,Short,1900-01-01 10:00:00,1900-01-01 15:35:00,5.583333333333333,26,25
54057,93,Short,1900-01-01 21:00:00,1900-01-01 00:40:00,3.6666666666666665,24,23
54058,93,Short,1900-01-01 03:15:00,1900-01-01 06:55:00,3.6666666666666665,24,23
54059,90,Short,1900-01-01 23:05:00,1900-01-01 01:35:00,2.5,16,15
54060,93,Short,1900-01-01 06:30:00,1900-01-01 10:10:00,3.6666666666666665,24,23
54075,408,Medium,1900-01-01 14:25:00,1900-01-01 03:40:00,13.25,40,39
54076,408,Medium,1900-01-01 23:50:00,1900-01-01 13:35:00,13.75,44,43
54077,110,Short,1900-01-01 17:55:00,1900-01-01 22:20:00,4.416666666666667,18,17
54078,110,Short,1900-01-01 04:45:00,1900-01-01 09:35:00,4.833333333333333,19,18
54085,82,Short,1900-01-01 06:55:00,1900-01-01 09:35:00,2.6666666666666665,18,17
54086,82,Short,1900-01-01 10:25:00,1900-01-01 13:35:00,3.1666666666666665,18,17
54091,24,Short,1900-01-01 20:05:00,1900-01-01 20:55:00,0.8333333333333334,3,2
54092,24,Short,1900-01-01 07:00:00,1900-01-01 07:50:00,0.8333333333333334,3,2
54101,208,Medium,1900-01-01 16:55:00,1900-01-01 23:10:00,6.25,34,33
54102,208,Medium,1900-01-01 02:55:00,1900-01-01 09:00:00,6.083333333333333,34,33
54103,120,Short,1900-01-01 06:10:00,1900-01-01 09:15:00,3.0833333333333335,16,15
54104,120,Short,1900-01-01 18:30:00,1900-01-01 21:40:00,3.1666666666666665,16,15
54107,113,Short,1900-01-01 17:00:00,1900-01-01 22:10:00,5.166666666666667,19,18
54108,113,Short,1900-01-01 05:35:00,1900-01-01 10:10:00,4.583333333333333,19,18
54109,214,Medium,1900-01-01 16:25:00,1900-01-01 23:20:00,6.916666666666667,33,32
54110,214,Medium,1900-01-01 03:20:00,1900-01-01 10:25:00,7.083333333333333,33,32
54152,77,Short,1900-01-01 18:05:00,1900-01-01 20:50:00,2.75,13,12
54153,167,Short,1900-01-01 02:50:00,1900-01-01 08:40:00,5.833333333333333,27,26
54154,167,Short,1900-01-01 16:32:00,1900-01-01 22:10:00,5.633333333333334,27,26
54155,138,Short,1900-01-01 12:40:00,1900-01-01 17:05:00,4.416666666666667,27,26
54156,139,Short,1900-01-01 10:10:00,1900-01-01 14:20:00,4.166666666666667,27,26
54158,136,Short,1900-01-01 20:55:00,1900-01-01 00:35:00,3.6666666666666665,26,25
54159,397,Medium,1900-01-01 07:10:00,1900-01-01 18:45:00,11.583333333333334,44,43
54161,261,Medium,1900-01-01 04:05:00,1900-01-01 10:40:00,6.583333333333333,27,26
54162,261,Medium,1900-01-01 16:20:00,1900-01-01 23:00:00,6.666666666666667,28,27
54201,37,Short,1900-01-01 13:30:00,1900-01-01 14:35:00,1.0833333333333333,7,6
54211,128,Short,1900-01-01 06:15:00,1900-01-01 10:35:00,4.333333333333333,23,22
54212,128,Short,1900-01-01 14:20:00,1900-01-01 19:00:00,4.666666666666667,23,22
54221,57,Short,1900-01-01 05:05:00,1900-01-01 06:55:00,1.8333333333333333,10,9
54222,57,Short,1900-01-01 07:25:00,1900-01-01 09:40:00,2.25,10,9
54223,57,Short,1900-01-01 17:30:00,1900-01-01 19:55:00,2.4166666666666665,10,9
54224,57,Short,1900-01-01 20:40:00,1900-01-01 22:40:00,2.0,10,9
54225,37,Short,1900-01-01 09:55:00,1900-01-01 10:45:00,0.8333333333333334,5,4
54226,37,Short,1900-01-01 08:35:00,1900-01-01 09:25:00,0.8333333333333334,5,4
54227,37,Short,1900-01-01 17:15:00,1900-01-01 18:30:00,1.25,5,4
54228,37,Short,1900-01-01 15:45:00,1900-01-01 16:35:00,0.8333333333333334,5,4
54231,127,Short,1900-01-01 05:40:00,1900-01-01 09:20:00,3.6666666666666665,18,17
54232,127,Short,1900-01-01 04:40:00,1900-01-01 08:55:00,4.25,18,17
54233,127,Short,1900-01-01 16:00:00,1900-01-01 19:10:00,3.1666666666666665,18,17
54234,127,Short,1900-01-01 17:05:00,1900-01-01 21:25:00,4.333333333333333,18,17
54237,46,Short,1900-01-01 20:20:00,1900-01-01 21:50:00,1.5,7,6
54238,45,Short,1900-01-01 04:45:00,1900-01-01 06:15:00,1.5,7,6
54239,38,Short,1900-01-01 08:25:00,1900-01-01 09:25:00,1.0,5,4
54240,38,Short,1900-01-01 09:55:00,1900-01-01 10:50:00,0.9166666666666666,5,4
54243,38,Short,1900-01-01 17:10:00,1900-01-01 18:10:00,1.0,5,4
54244,38,Short,1900-01-01 18:45:00,1900-01-01 19:50:00,1.0833333333333333,5,4
54251,508,Long,1900-01-01 20:00:00,1900-01-01 18:50:00,22.833333333333332,74,73
54252,518,Long,1900-01-01 08:15:00,1900-01-01 04:05:00,19.833333333333332,75,74
54253,225,Medium,1900-01-01 15:05:00,1900-01-01 00:15:00,9.166666666666666,32,31
54254,225,Medium,1900-01-01 04:50:00,1900-01-01 12:10:00,7.333333333333333,32,31
54255,301,Medium,1900-01-01 06:00:00,1900-01-01 14:55:00,8.916666666666666,43,42
54256,301,Medium,1900-01-01 11:10:00,1900-01-01 21:20:00,10.166666666666666,42,41
54261,75,Short,1900-01-01 19:30:00,1900-01-01 22:30:00,3.0,14,13
54262,57,Short,1900-01-01 03:15:00,1900-01-01 05:15:00,2.0,11,10
54263,143,Short,1900-01-01 07:00:00,1900-01-01 10:30:00,3.5,21,20
54264,143,Short,1900-01-01 06:35:00,1900-01-01 10:15:00,3.6666666666666665,21,20
54265,143,Short,1900-01-01 16:15:00,1900-01-01 20:10:00,3.9166666666666665,21,20
54266,143,Short,1900-01-01 18:30:00,1900-01-01 22:45:00,4.25,21,20
54267,18,Short,1900-01-01 08:55:00,1900-01-01 09:45:00,0.8333333333333334,4,3
54268,18,Short,1900-01-01 07:40:00,1900-01-01 08:30:00,0.8333333333333334,4,3
54270,18,Short,1900-01-01 18:25:00,1900-01-01 19:12:00,0.7833333333333333,4,3
54271,198,Short,1900-01-01 12:00:00,1900-01-01 19:10:00,7.166666666666667,31,30
54272,198,Short,1900-01-01 19:22:00,1900-01-01 01:10:00,5.8,31,30
54273,97,Short,1900-01-01 03:10:00,1900-01-01 06:35:00,3.4166666666666665,17,16
54274,97,Short,1900-01-01 07:00:00,1900-01-01 11:20:00,4.333333333333333,17,16
54281,139,Short,1900-01-01 05:30:00,1900-01-01 09:35:00,4.083333333333333,19,18
54282,139,Short,1900-01-01 06:05:00,1900-01-01 10:20:00,4.25,18,17
54283,139,Short,1900-01-01 19:30:00,1900-01-01 00:40:00,5.166666666666667,18,17
54284,139,Short,1900-01-01 18:55:00,1900-01-01 22:45:00,3.8333333333333335,18,17
54291,128,Short,1900-01-01 17:15:00,1900-01-01 20:55:00,3.6666666666666665,18,17
54292,128,Short,1900-01-01 05:05:00,1900-01-01 09:20:00,4.25,18,17
54293,172,Short,1900-01-01 06:35:00,1900-01-01 12:10:00,5.583333333333333,25,24
54294,172,Short,1900-01-01 13:50:00,1900-01-01 20:25:00,6.583333333333333,27,26
54303,266,Medium,1900-01-01 15:20:00,1900-01-01 23:50:00,8.5,41,40
54304,331,Medium,1900-01-01 07:05:00,1900-01-01 19:40:00,12.583333333333334,47,46
54307,160,Short,1900-01-01 17:00:00,1900-01-01 23:10:00,6.166666666666667,23,22
54308,160,Short,1900-01-01 01:40:00,1900-01-01 08:00:00,6.333333333333333,23,22
54309,82,Short,1900-01-01 05:20:00,1900-01-01 08:10:00,2.8333333333333335,18,17
54310,82,Short,1900-01-01 09:30:00,1900-01-01 12:20:00,2.8333333333333335,18,17
54311,110,Short,1900-01-01 12:20:00,1900-01-01 15:50:00,3.5,20,19
54312,110,Short,1900-01-01 07:50:00,1900-01-01 11:35:00,3.75,20,19
54313,43,Short,1900-01-01 18:55:00,1900-01-01 20:50:00,1.9166666666666667,9,8
54314,43,Short,1900-01-01 16:30:00,1900-01-01 18:15:00,1.75,9,8
54321,64,Short,1900-01-01 07:40:00,1900-01-01 12:33:00,4.883333333333334,13,12
54322,64,Short,1900-01-01 18:15:00,1900-01-01 21:05:00,2.8333333333333335,13,12
54323,98,Short,1900-01-01 15:40:00,1900-01-01 18:05:00,2.4166666666666665,11,10
54324,97,Short,1900-01-01 12:40:00,1900-01-01 15:00:00,2.3333333333333335,14,13
54325,176,Short,1900-01-01 11:00:00,1900-01-01 20:05:00,9.083333333333334,30,29
54326,176,Short,1900-01-01 05:15:00,1900-01-01 14:15:00,9.0,30,29
54327,86,Short,1900-01-01 17:40:00,1900-01-01 20:30:00,2.8333333333333335,11,10
54328,86,Short,1900-01-01 07:05:00,1900-01-01 09:25:00,2.3333333333333335,11,10
54329,95,Short,1900-01-01 17:50:00,1900-01-01 21:15:00,3.4166666666666665,16,15
54330,95,Short,1900-01-01 08:20:00,1900-01-01 11:35:00,3.25,16,15
54331,68,Short,1900-01-01 17:05:00,1900-01-01 19:30:00,2.4166666666666665,11,10
54332,68,Short,1900-01-01 07:20:00,1900-01-01 09:45:00,2.4166666666666665,10,9
54333,323,Medium,1900-01-01 03:45:00,1900-01-01 16:15:00,12.5,46,45
54334,323,Medium,1900-01-01 11:00:00,1900-01-01 21:40:00,10.666666666666666,46,45
54335,117,Short,1900-01-01 07:00:00,1900-01-01 10:50:00,3.8333333333333335,20,19
54336,117,Short,1900-01-01 14:40:00,1900-01-01 18:35:00,3.9166666666666665,20,19
54341,131,Short,1900-01-01 14:10:00,1900-01-01 20:35:00,6.416666666666667,21,20
54342,131,Short,1900-01-01 07:45:00,1900-01-01 13:05:00,5.333333333333333,21,20
54351,164,Short,1900-01-01 11:30:00,1900-01-01 17:40:00,6.166666666666667,27,26
54352,164,Short,1900-01-01 04:30:00,1900-01-01 10:15:00,5.75,27,26
54353,164,Short,1900-01-01 17:45:00,1900-01-01 23:35:00,5.833333333333333,22,21
54354,164,Short,1900-01-01 09:00:00,1900-01-01 14:50:00,5.833333333333333,27,26
54355,78,Short,1900-01-01 06:05:00,1900-01-01 08:20:00,2.25,13,12
54356,78,Short,1900-01-01 18:40:00,1900-01-01 21:50:00,3.1666666666666665,13,12
54371,150,Short,1900-01-01 04:00:00,1900-01-01 10:45:00,6.75,21,20
54372,150,Short,1900-01-01 13:20:00,1900-01-01 18:30:00,5.166666666666667,21,20
54373,150,Short,1900-01-01 07:45:00,1900-01-01 12:40:00,4.916666666666667,21,20
54374,150,Short,1900-01-01 17:45:00,1900-01-01 23:15:00,5.5,21,20
54375,107,Short,1900-01-01 06:50:00,1900-01-01 10:55:00,4.083333333333333,18,17
54376,107,Short,1900-01-01 17:00:00,1900-01-01 20:55:00,3.9166666666666665,18,17
54377,429,Medium,1900-01-01 00:55:00,1900-01-01 15:25:00,14.5,62,61
54378,429,Medium,1900-01-01 08:05:00,1900-01-01 23:35:00,15.5,62,61
54381,106,Short,1900-01-01 07:55:00,1900-01-01 11:40:00,3.75,17,16
54382,106,Short,1900-01-01 08:15:00,1900-01-01 12:50:00,4.583333333333333,18,17
54383,106,Short,1900-01-01 14:45:00,1900-01-01 18:45:00,4.0,18,17
54384,106,Short,1900-01-01 17:05:00,1900-01-01 20:55:00,3.8333333333333335,17,16
54385,24,Short,1900-01-01 08:55:00,1900-01-01 09:45:00,0.8333333333333334,3,2
54386,24,Short,1900-01-01 10:10:00,1900-01-01 11:00:00,0.8333333333333334,3,2
54387,24,Short,1900-01-01 11:25:00,1900-01-01 12:15:00,0.8333333333333334,3,2
54388,24,Short,1900-01-01 12:40:00,1900-01-01 13:30:00,0.8333333333333334,3,2
54389,24,Short,1900-01-01 17:15:00,1900-01-01 18:05:00,0.8333333333333334,3,2
54390,24,Short,1900-01-01 18:30:00,1900-01-01 19:20:00,0.8333333333333334,3,2
54391,142,Short,1900-01-01 04:55:00,1900-01-01 09:30:00,4.583333333333333,24,23
54392,142,Short,1900-01-01 17:20:00,1900-01-01 22:05:00,4.75,24,23
54393,53,Short,1900-01-01 10:00:00,1900-01-01 12:10:00,2.1666666666666665,9,8
54394,53,Short,1900-01-01 14:15:00,1900-01-01 16:35:00,2.3333333333333335,9,8
54395,159,Short,1900-01-01 19:10:00,1900-01-01 01:25:00,6.25,23,22
54396,159,Short,1900-01-01 03:35:00,1900-01-01 09:05:00,5.5,23,22
54397,47,Short,1900-01-01 16:05:00,1900-01-01 18:45:00,2.6666666666666665,9,8
54398,47,Short,1900-01-01 13:20:00,1900-01-01 15:40:00,2.3333333333333335,9,8
54401,92,Short,1900-01-01 06:00:00,1900-01-01 09:35:00,3.5833333333333335,14,13
54402,92,Short,1900-01-01 05:40:00,1900-01-01 10:00:00,4.333333333333333,14,13
54403,92,Short,1900-01-01 12:55:00,1900-01-01 16:05:00,3.1666666666666665,14,13
54404,92,Short,1900-01-01 10:45:00,1900-01-01 13:40:00,2.9166666666666665,14,13
54405,92,Short,1900-01-01 17:40:00,1900-01-01 21:10:00,3.5,14,13
54406,92,Short,1900-01-01 17:55:00,1900-01-01 20:50:00,2.9166666666666665,13,12
54411,160,Short,1900-01-01 14:55:00,1900-01-01 20:40:00,5.75,37,36
54412,160,Short,1900-01-01 06:45:00,1900-01-01 12:10:00,5.416666666666667,37,36
54413,82,Short,1900-01-01 03:15:00,1900-01-01 05:45:00,2.5,18,17
54414,82,Short,1900-01-01 07:05:00,1900-01-01 09:40:00,2.5833333333333335,18,17
54416,82,Short,1900-01-01 13:10:00,1900-01-01 15:40:00,2.5,18,17
54417,82,Short,1900-01-01 16:10:00,1900-01-01 18:45:00,2.5833333333333335,18,17
54420,82,Short,1900-01-01 19:25:00,1900-01-01 22:20:00,2.9166666666666665,18,17
54421,82,Short,1900-01-01 11:15:00,1900-01-01 14:25:00,3.1666666666666665,18,17
54423,119,Short,1900-01-01 17:00:00,1900-01-01 20:35:00,3.5833333333333335,23,22
54424,119,Short,1900-01-01 05:00:00,1900-01-01 08:40:00,3.6666666666666665,23,22
54461,415,Medium,1900-01-01 14:50:00,1900-01-01 06:30:00,15.666666666666666,55,54
54462,416,Medium,1900-01-01 21:15:00,1900-01-01 12:00:00,14.75,56,55
54463,233,Medium,1900-01-01 04:20:00,1900-01-01 14:00:00,9.666666666666666,38,37
54464,233,Medium,1900-01-01 11:45:00,1900-01-01 22:55:00,11.166666666666666,36,35
54465,142,Short,1900-01-01 15:45:00,1900-01-01 19:55:00,4.166666666666667,21,20
54466,142,Short,1900-01-01 05:45:00,1900-01-01 10:20:00,4.583333333333333,21,20
54467,73,Short,1900-01-01 05:40:00,1900-01-01 08:00:00,2.3333333333333335,10,9
54468,73,Short,1900-01-01 08:30:00,1900-01-01 10:10:00,1.6666666666666667,10,9
54469,73,Short,1900-01-01 10:50:00,1900-01-01 12:40:00,1.8333333333333333,10,9
54470,73,Short,1900-01-01 16:00:00,1900-01-01 17:50:00,1.8333333333333333,10,9
54471,283,Medium,1900-01-01 17:35:00,1900-01-01 04:40:00,11.083333333333334,45,44
54472,283,Medium,1900-01-01 05:55:00,1900-01-01 17:50:00,11.916666666666666,46,45
54473,189,Short,1900-01-01 18:15:00,1900-01-01 00:10:00,5.916666666666667,33,32
54474,189,Short,1900-01-01 03:55:00,1900-01-01 09:00:00,5.083333333333333,28,27
54475,243,Medium,1900-01-01 09:50:00,1900-01-01 21:50:00,12.0,50,49
54476,243,Medium,1900-01-01 04:20:00,1900-01-01 16:10:00,11.833333333333334,50,49
54481,22,Short,1900-01-01 04:10:00,1900-01-01 05:15:00,1.0833333333333333,5,4
54482,22,Short,1900-01-01 07:00:00,1900-01-01 08:00:00,1.0,5,4
54483,22,Short,1900-01-01 10:15:00,1900-01-01 11:15:00,1.0,5,4
54484,22,Short,1900-01-01 14:35:00,1900-01-01 15:45:00,1.1666666666666667,5,4
54485,22,Short,1900-01-01 16:50:00,1900-01-01 18:00:00,1.1666666666666667,5,4
54486,22,Short,1900-01-01 18:30:00,1900-01-01 19:25:00,0.9166666666666666,5,4
54531,69,Short,1900-01-01 18:30:00,1900-01-01 20:20:00,1.8333333333333333,8,7
54532,69,Short,1900-01-01 13:05:00,1900-01-01 14:45:00,1.6666666666666667,8,7
54539,272,Medium,1900-01-01 03:00:00,1900-01-01 14:15:00,11.25,42,41
54540,272,Medium,1900-01-01 14:35:00,1900-01-01 01:00:00,10.416666666666666,40,39
54541,194,Short,1900-01-01 05:15:00,1900-01-01 11:10:00,5.916666666666667,28,27
54542,194,Short,1900-01-01 16:25:00,1900-01-01 23:30:00,7.083333333333333,28,27
54551,201,Medium,1900-01-01 11:00:00,1900-01-01 16:05:00,5.083333333333333,26,25
54552,201,Medium,1900-01-01 07:30:00,1900-01-01 12:45:00,5.25,26,25
54553,106,Short,1900-01-01 15:55:00,1900-01-01 18:25:00,2.5,14,13
54555,95,Short,1900-01-01 06:15:00,1900-01-01 08:35:00,2.3333333333333335,13,12
54556,201,Medium,1900-01-01 17:50:00,1900-01-01 23:10:00,5.333333333333333,24,23
54557,53,Short,1900-01-01 07:40:00,1900-01-01 09:00:00,1.3333333333333333,7,6
54558,53,Short,1900-01-01 17:15:00,1900-01-01 18:35:00,1.3333333333333333,7,6
54559,116,Short,1900-01-01 09:25:00,1900-01-01 12:25:00,3.0,12,11
54560,116,Short,1900-01-01 12:45:00,1900-01-01 15:50:00,3.0833333333333335,12,11
54561,87,Short,1900-01-01 06:50:00,1900-01-01 08:55:00,2.0833333333333335,13,12
54562,87,Short,1900-01-01 06:35:00,1900-01-01 09:00:00,2.4166666666666665,13,12
54563,87,Short,1900-01-01 14:10:00,1900-01-01 16:20:00,2.1666666666666665,13,12
54564,87,Short,1900-01-01 17:40:00,1900-01-01 20:00:00,2.3333333333333335,13,12
54571,123,Short,1900-01-01 17:20:00,1900-01-01 20:45:00,3.4166666666666665,20,19
54572,123,Short,1900-01-01 11:00:00,1900-01-01 14:50:00,3.8333333333333335,20,19
54575,77,Short,1900-01-01 19:10:00,1900-01-01 21:35:00,2.4166666666666665,15,14
54576,77,Short,1900-01-01 05:50:00,1900-01-01 08:20:00,2.5,15,14
54581,43,Short,1900-01-01 18:00:00,1900-01-01 19:10:00,1.1666666666666667,7,6
54582,43,Short,1900-01-01 09:15:00,1900-01-01 10:30:00,1.25,7,6
54601,345,Medium,1900-01-01 00:40:00,1900-01-01 10:00:00,9.333333333333334,38,37
54602,415,Medium,1900-01-01 16:30:00,1900-01-01 05:00:00,12.5,39,38
54603,209,Medium,1900-01-01 04:30:00,1900-01-01 10:15:00,5.75,29,28
54604,209,Medium,1900-01-01 14:35:00,1900-01-01 20:10:00,5.583333333333333,29,28
54605,279,Medium,1900-01-01 06:30:00,1900-01-01 14:15:00,7.75,35,34
54606,209,Medium,1900-01-01 17:15:00,1900-01-01 23:00:00,5.75,29,28
54611,106,Short,1900-01-01 04:40:00,1900-01-01 07:35:00,2.9166666666666665,16,15
54612,106,Short,1900-01-01 05:15:00,1900-01-01 08:10:00,2.9166666666666665,17,16
54613,106,Short,1900-01-01 06:45:00,1900-01-01 09:45:00,3.0,17,16
54614,106,Short,1900-01-01 08:00:00,1900-01-01 11:00:00,3.0,17,16
54615,106,Short,1900-01-01 17:35:00,1900-01-01 20:55:00,3.3333333333333335,17,16
54616,106,Short,1900-01-01 17:15:00,1900-01-01 20:20:00,3.0833333333333335,17,16
54621,115,Short,1900-01-01 17:30:00,1900-01-01 20:30:00,3.0,18,17
54622,115,Short,1900-01-01 08:25:00,1900-01-01 11:45:00,3.3333333333333335,18,17
54625,87,Short,1900-01-01 05:00:00,1900-01-01 08:15:00,3.25,17,16
54626,87,Short,1900-01-01 17:10:00,1900-01-01 20:30:00,3.3333333333333335,17,16
54631,207,Medium,1900-01-01 16:05:00,1900-01-01 21:35:00,5.5,24,23
54632,229,Medium,1900-01-01 05:00:00,1900-01-01 11:15:00,6.25,27,26
54633,291,Medium,1900-01-01 11:40:00,1900-01-01 18:45:00,7.083333333333333,36,35
54634,269,Medium,1900-01-01 05:30:00,1900-01-01 13:45:00,8.25,34,33
54635,209,Medium,1900-01-01 16:00:00,1900-01-01 22:05:00,6.083333333333333,28,27
54636,209,Medium,1900-01-01 09:35:00,1900-01-01 15:10:00,5.583333333333333,29,28
54637,42,Short,1900-01-01 12:00:00,1900-01-01 13:30:00,1.5,7,6
54638,42,Short,1900-01-01 10:25:00,1900-01-01 11:35:00,1.1666666666666667,7,6
54641,384,Medium,1900-01-01 07:10:00,1900-01-01 19:35:00,12.416666666666666,60,59
54642,384,Medium,1900-01-01 11:30:00,1900-01-01 22:50:00,11.333333333333334,59,58
54643,117,Short,1900-01-01 14:50:00,1900-01-01 18:20:00,3.5,18,17
54644,117,Short,1900-01-01 06:25:00,1900-01-01 09:50:00,3.4166666666666665,18,17
54645,123,Short,1900-01-01 20:25:00,1900-01-01 23:15:00,2.8333333333333335,14,13
54646,123,Short,1900-01-01 05:10:00,1900-01-01 08:35:00,3.4166666666666665,20,19
54651,53,Short,1900-01-01 10:55:00,1900-01-01 12:15:00,1.3333333333333333,6,5
54654,53,Short,1900-01-01 18:25:00,1900-01-01 19:55:00,1.5,6,5
54701,319,Medium,1900-01-01 10:45:00,1900-01-01 18:15:00,7.5,31,30
54702,394,Medium,1900-01-01 08:30:00,1900-01-01 18:40:00,10.166666666666666,39,38
54703,661,Long,1900-01-01 19:10:00,1900-01-01 13:30:00,18.333333333333332,60,59
54704,601,Long,1900-01-01 14:35:00,1900-01-01 05:25:00,14.833333333333334,56,55
54751,413,Medium,1900-01-01 13:25:00,1900-01-01 01:00:00,11.583333333333334,48,47
54752,412,Medium,1900-01-01 01:25:00,1900-01-01 12:10:00,10.75,48,47
54753,126,Short,1900-01-01 10:40:00,1900-01-01 13:50:00,3.1666666666666665,18,17
54754,126,Short,1900-01-01 06:15:00,1900-01-01 09:20:00,3.0833333333333335,18,17
54755,126,Short,1900-01-01 07:15:00,1900-01-01 10:20:00,3.0833333333333335,18,17
54756,126,Short,1900-01-01 16:10:00,1900-01-01 19:20:00,3.1666666666666665,18,17
54757,327,Medium,1900-01-01 06:25:00,1900-01-01 15:55:00,9.5,43,42
54758,327,Medium,1900-01-01 10:55:00,1900-01-01 19:35:00,8.666666666666666,43,42
54759,137,Short,1900-01-01 09:00:00,1900-01-01 12:00:00,3.0,17,16
54760,125,Short,1900-01-01 12:30:00,1900-01-01 15:25:00,2.9166666666666665,16,15
54761,125,Short,1900-01-01 16:30:00,1900-01-01 19:30:00,3.0,16,15
54762,125,Short,1900-01-01 07:45:00,1900-01-01 10:45:00,3.0,16,15
54763,190,Short,1900-01-01 11:25:00,1900-01-01 17:35:00,6.166666666666667,31,30
54764,190,Short,1900-01-01 05:00:00,1900-01-01 10:45:00,5.75,26,25
54765,95,Short,1900-01-01 03:45:00,1900-01-01 06:00:00,2.25,11,10
54766,95,Short,1900-01-01 19:40:00,1900-01-01 22:20:00,2.6666666666666665,11,10
54781,300,Medium,1900-01-01 17:30:00,1900-01-01 01:50:00,8.333333333333334,38,37
54782,300,Medium,1900-01-01 09:10:00,1900-01-01 16:50:00,7.666666666666667,42,41
54783,422,Medium,1900-01-01 08:35:00,1900-01-01 20:50:00,12.25,60,59
54784,423,Medium,1900-01-01 04:40:00,1900-01-01 16:05:00,11.416666666666666,60,59
54785,88,Short,1900-01-01 05:35:00,1900-01-01 08:10:00,2.5833333333333335,14,13
54786,88,Short,1900-01-01 17:20:00,1900-01-01 19:45:00,2.4166666666666665,14,13
54787,82,Short,1900-01-01 06:40:00,1900-01-01 08:40:00,2.0,13,12
54788,82,Short,1900-01-01 21:45:00,1900-01-01 23:35:00,1.8333333333333333,10,9
54789,384,Medium,1900-01-01 04:45:00,1900-01-01 13:25:00,8.666666666666666,45,44
54790,384,Medium,1900-01-01 14:10:00,1900-01-01 22:55:00,8.75,45,44
54791,279,Medium,1900-01-01 13:30:00,1900-01-01 21:00:00,7.5,32,31
54792,279,Medium,1900-01-01 04:35:00,1900-01-01 12:40:00,8.083333333333334,34,33
54793,212,Medium,1900-01-01 05:05:00,1900-01-01 11:10:00,6.083333333333333,22,21
54794,212,Medium,1900-01-01 14:00:00,1900-01-01 19:45:00,5.75,23,22
54803,457,Medium,1900-01-01 08:45:00,1900-01-01 21:35:00,12.833333333333334,58,57
54804,455,Medium,1900-01-01 06:15:00,1900-01-01 20:25:00,14.166666666666666,58,57
54805,618,Long,1900-01-01 23:30:00,1900-01-01 22:50:00,23.333333333333332,86,85
54806,621,Long,1900-01-01 05:35:00,1900-01-01 03:45:00,22.166666666666668,81,80
54809,542,Long,1900-01-01 12:55:00,1900-01-01 01:50:00,12.916666666666666,64,63
54810,543,Long,1900-01-01 01:10:00,1900-01-01 14:45:00,13.583333333333334,64,63
54813,208,Medium,1900-01-01 09:00:00,1900-01-01 13:50:00,4.833333333333333,24,23
54819,300,Medium,1900-01-01 15:00:00,1900-01-01 22:00:00,7.0,22,21
54820,300,Medium,1900-01-01 07:00:00,1900-01-01 14:30:00,7.5,22,21
54822,21,Short,1900-01-01 09:15:00,1900-01-01 10:15:00,1.0,2,1
54825,88,Short,1900-01-01 18:00:00,1900-01-01 21:15:00,3.25,12,11
54826,87,Short,1900-01-01 05:00:00,1900-01-01 08:45:00,3.75,12,11
54833,367,Medium,1900-01-01 18:25:00,1900-01-01 04:05:00,9.666666666666666,41,40
54834,367,Medium,1900-01-01 23:35:00,1900-01-01 09:15:00,9.666666666666666,41,40
54835,142,Short,1900-01-01 06:30:00,1900-01-01 10:10:00,3.6666666666666665,21,20
54836,143,Short,1900-01-01 17:45:00,1900-01-01 21:30:00,3.75,21,20
54881,118,Short,1900-01-01 07:30:00,1900-01-01 09:40:00,2.1666666666666665,8,7
54882,118,Short,1900-01-01 10:30:00,1900-01-01 12:45:00,2.25,8,7
55001,164,Short,1900-01-01 07:40:00,1900-01-01 13:15:00,5.583333333333333,26,25
55002,164,Short,1900-01-01 13:45:00,1900-01-01 18:55:00,5.166666666666667,24,23
55007,290,Medium,1900-01-01 17:45:00,1900-01-01 04:30:00,10.75,50,49
55008,290,Medium,1900-01-01 01:20:00,1900-01-01 10:47:00,9.45,50,49
55009,108,Short,1900-01-01 17:45:00,1900-01-01 20:35:00,2.8333333333333335,17,16
55010,109,Short,1900-01-01 06:10:00,1900-01-01 09:55:00,3.75,17,16
55011,118,Short,1900-01-01 05:30:00,1900-01-01 09:15:00,3.75,18,17
55012,119,Short,1900-01-01 18:30:00,1900-01-01 22:20:00,3.8333333333333335,18,17
55013,200,Medium,1900-01-01 13:25:00,1900-01-01 21:35:00,8.166666666666666,33,32
55014,201,Medium,1900-01-01 04:50:00,1900-01-01 13:00:00,8.166666666666666,33,32
55017,132,Short,1900-01-01 17:25:00,1900-01-01 21:40:00,4.25,23,22
55018,134,Short,1900-01-01 04:59:00,1900-01-01 09:40:00,4.683333333333334,23,22
55019,178,Short,1900-01-01 11:20:00,1900-01-01 17:05:00,5.75,27,26
55020,179,Short,1900-01-01 08:30:00,1900-01-01 14:20:00,5.833333333333333,27,26
55021,225,Medium,1900-01-01 16:00:00,1900-01-01 23:20:00,7.333333333333333,40,39
55022,225,Medium,1900-01-01 04:00:00,1900-01-01 12:00:00,8.0,40,39
55025,152,Short,1900-01-01 05:20:00,1900-01-01 10:00:00,4.666666666666667,25,24
55026,153,Short,1900-01-01 04:15:00,1900-01-01 09:25:00,5.166666666666667,25,24
55027,152,Short,1900-01-01 18:15:00,1900-01-01 23:45:00,5.5,25,24
55028,153,Short,1900-01-01 17:20:00,1900-01-01 21:20:00,4.0,25,24
55029,150,Short,1900-01-01 19:15:00,1900-01-01 00:05:00,4.833333333333333,21,20
55030,150,Short,1900-01-01 18:05:00,1900-01-01 23:35:00,5.5,21,20
55031,339,Medium,1900-01-01 07:45:00,1900-01-01 21:20:00,13.583333333333334,58,57
55032,332,Medium,1900-01-01 17:25:00,1900-01-01 05:15:00,11.833333333333334,55,54
55033,160,Short,1900-01-01 11:20:00,1900-01-01 15:10:00,3.8333333333333335,24,23
55034,163,Short,1900-01-01 06:15:00,1900-01-01 11:25:00,5.166666666666667,25,24
55035,159,Short,1900-01-01 04:50:00,1900-01-01 09:05:00,4.25,22,21
55036,158,Short,1900-01-01 18:10:00,1900-01-01 22:30:00,4.333333333333333,22,21
55037,103,Short,1900-01-01 19:00:00,1900-01-01 21:55:00,2.9166666666666665,16,15
55038,97,Short,1900-01-01 15:35:00,1900-01-01 17:55:00,2.3333333333333335,14,13
55041,150,Short,1900-01-01 01:50:00,1900-01-01 06:05:00,4.25,16,15
55042,189,Short,1900-01-01 02:40:00,1900-01-01 08:15:00,5.583333333333333,26,25
55043,81,Short,1900-01-01 18:20:00,1900-01-01 21:35:00,3.25,19,18
55044,81,Short,1900-01-01 06:15:00,1900-01-01 09:35:00,3.3333333333333335,19,18
55045,90,Short,1900-01-01 09:15:00,1900-01-01 13:10:00,3.9166666666666665,14,13
55046,90,Short,1900-01-01 14:45:00,1900-01-01 18:00:00,3.25,13,12
55049,332,Medium,1900-01-01 22:45:00,1900-01-01 09:20:00,10.583333333333334,55,54
55050,340,Medium,1900-01-01 05:15:00,1900-01-01 18:00:00,12.75,58,57
55051,81,Short,1900-01-01 15:15:00,1900-01-01 18:25:00,3.1666666666666665,19,18
55052,81,Short,1900-01-01 19:55:00,1900-01-01 23:00:00,3.0833333333333335,19,18
55055,39,Short,1900-01-01 12:15:00,1900-01-01 14:30:00,2.25,6,5
55056,38,Short,1900-01-01 09:45:00,1900-01-01 10:45:00,1.0,6,5
55071,150,Short,1900-01-01 15:30:00,1900-01-01 20:30:00,5.0,21,20
55072,150,Short,1900-01-01 07:10:00,1900-01-01 12:05:00,4.916666666666667,21,20
55073,150,Short,1900-01-01 04:30:00,1900-01-01 09:30:00,5.0,21,20
55074,150,Short,1900-01-01 23:00:00,1900-01-01 03:30:00,4.5,14,13
55075,166,Short,1900-01-01 03:30:00,1900-01-01 10:00:00,6.5,28,27
55076,166,Short,1900-01-01 19:15:00,1900-01-01 01:20:00,6.083333333333333,28,27
55077,112,Short,1900-01-01 10:35:00,1900-01-01 14:30:00,3.9166666666666665,22,21
55078,112,Short,1900-01-01 15:20:00,1900-01-01 18:50:00,3.5,22,21
55079,189,Short,1900-01-01 08:45:00,1900-01-01 15:00:00,6.25,28,27
55080,150,Short,1900-01-01 12:30:00,1900-01-01 17:15:00,4.75,21,20
55081,150,Short,1900-01-01 23:00:00,1900-01-01 05:10:00,6.166666666666667,16,15
55082,150,Short,1900-01-01 17:25:00,1900-01-01 22:15:00,4.833333333333333,21,20
55101,30,Short,1900-01-01 05:10:00,1900-01-01 06:20:00,1.1666666666666667,7,6
55102,30,Short,1900-01-01 10:50:00,1900-01-01 12:25:00,1.5833333333333333,7,6
55103,30,Short,1900-01-01 15:30:00,1900-01-01 16:50:00,1.3333333333333333,7,6
55104,30,Short,1900-01-01 20:00:00,1900-01-01 21:15:00,1.25,7,6
55105,20,Short,1900-01-01 09:00:00,1900-01-01 09:55:00,0.9166666666666666,5,4
55106,20,Short,1900-01-01 06:50:00,1900-01-01 07:45:00,0.9166666666666666,5,4
55107,28,Short,1900-01-01 06:25:00,1900-01-01 07:15:00,0.8333333333333334,5,4
55108,28,Short,1900-01-01 08:00:00,1900-01-01 08:50:00,0.8333333333333334,5,4
55109,28,Short,1900-01-01 09:30:00,1900-01-01 10:30:00,1.0,5,4
55110,28,Short,1900-01-01 13:30:00,1900-01-01 14:25:00,0.9166666666666666,5,4
55111,28,Short,1900-01-01 15:40:00,1900-01-01 16:30:00,0.8333333333333334,5,4
55112,28,Short,1900-01-01 17:20:00,1900-01-01 18:10:00,0.8333333333333334,5,4
55113,28,Short,1900-01-01 18:55:00,1900-01-01 19:50:00,0.9166666666666666,5,4
55114,28,Short,1900-01-01 20:35:00,1900-01-01 21:30:00,0.9166666666666666,5,4
55115,108,Short,1900-01-01 07:40:00,1900-01-01 11:50:00,4.166666666666667,17,16
55116,109,Short,1900-01-01 17:30:00,1900-01-01 20:45:00,3.25,17,16
55119,227,Medium,1900-01-01 15:10:00,1900-01-01 23:30:00,8.333333333333334,34,33
55120,227,Medium,1900-01-01 11:25:00,1900-01-01 21:25:00,10.0,34,33
55122,164,Short,1900-01-01 06:30:00,1900-01-01 12:00:00,5.5,26,25
55123,156,Short,1900-01-01 14:05:00,1900-01-01 19:30:00,5.416666666666667,24,23
55125,118,Short,1900-01-01 06:05:00,1900-01-01 10:05:00,4.0,22,21
55126,118,Short,1900-01-01 06:35:00,1900-01-01 10:40:00,4.083333333333333,22,21
55127,118,Short,1900-01-01 12:10:00,1900-01-01 16:15:00,4.083333333333333,22,21
55128,118,Short,1900-01-01 12:20:00,1900-01-01 16:20:00,4.0,22,21
55129,118,Short,1900-01-01 17:50:00,1900-01-01 21:10:00,3.3333333333333335,22,21
55130,118,Short,1900-01-01 18:00:00,1900-01-01 22:10:00,4.166666666666667,22,21
55131,200,Medium,1900-01-01 07:30:00,1900-01-01 15:30:00,8.0,33,32
55132,201,Medium,1900-01-01 12:45:00,1900-01-01 20:10:00,7.416666666666667,33,32
55133,136,Short,1900-01-01 05:45:00,1900-01-01 09:25:00,3.6666666666666665,22,21
55134,136,Short,1900-01-01 16:10:00,1900-01-01 20:45:00,4.583333333333333,22,21
55135,131,Short,1900-01-01 05:00:00,1900-01-01 09:55:00,4.916666666666667,20,19
55136,131,Short,1900-01-01 18:10:00,1900-01-01 22:50:00,4.666666666666667,20,19
55137,167,Short,1900-01-01 05:25:00,1900-01-01 11:15:00,5.833333333333333,26,25
55138,168,Short,1900-01-01 06:10:00,1900-01-01 10:55:00,4.75,26,25
55139,167,Short,1900-01-01 17:10:00,1900-01-01 22:15:00,5.083333333333333,26,25
55140,168,Short,1900-01-01 15:20:00,1900-01-01 22:30:00,7.166666666666667,26,25
55141,81,Short,1900-01-01 08:00:00,1900-01-01 11:10:00,3.1666666666666665,19,18
55142,81,Short,1900-01-01 11:45:00,1900-01-01 14:30:00,2.75,19,18
55143,56,Short,1900-01-01 07:30:00,1900-01-01 09:15:00,1.75,9,8
55144,58,Short,1900-01-01 18:30:00,1900-01-01 20:00:00,1.5,9,8
55145,20,Short,1900-01-01 18:40:00,1900-01-01 19:30:00,0.8333333333333334,5,4
55146,20,Short,1900-01-01 17:20:00,1900-01-01 18:15:00,0.9166666666666666,5,4
55149,227,Medium,1900-01-01 23:20:00,1900-01-01 06:25:00,7.083333333333333,27,26
55150,227,Medium,1900-01-01 23:55:00,1900-01-01 07:25:00,7.5,28,27
55159,56,Short,1900-01-01 15:25:00,1900-01-01 17:10:00,1.75,9,8
55160,58,Short,1900-01-01 09:45:00,1900-01-01 11:15:00,1.5,9,8
55163,157,Short,1900-01-01 23:45:00,1900-01-01 05:40:00,5.916666666666667,24,23
55164,157,Short,1900-01-01 22:50:00,1900-01-01 04:45:00,5.916666666666667,24,23
55165,43,Short,1900-01-01 05:45:00,1900-01-01 06:55:00,1.1666666666666667,8,7
55166,43,Short,1900-01-01 20:20:00,1900-01-01 22:00:00,1.6666666666666667,8,7
55167,17,Short,1900-01-01 09:40:00,1900-01-01 10:05:00,0.4166666666666667,3,2
55168,17,Short,1900-01-01 10:40:00,1900-01-01 11:05:00,0.4166666666666667,3,2
55169,17,Short,1900-01-01 16:55:00,1900-01-01 17:25:00,0.5,3,2
55170,17,Short,1900-01-01 18:15:00,1900-01-01 18:35:00,0.3333333333333333,3,2
55171,6,Short,1900-01-01 07:35:00,1900-01-01 08:00:00,0.4166666666666667,2,1
55172,6,Short,1900-01-01 08:30:00,1900-01-01 08:55:00,0.4166666666666667,2,1
55173,6,Short,1900-01-01 11:25:00,1900-01-01 11:50:00,0.4166666666666667,2,1
55174,6,Short,1900-01-01 12:20:00,1900-01-01 12:45:00,0.4166666666666667,2,1
55175,6,Short,1900-01-01 13:15:00,1900-01-01 13:40:00,0.4166666666666667,2,1
55176,6,Short,1900-01-01 14:10:00,1900-01-01 14:35:00,0.4166666666666667,2,1
55177,6,Short,1900-01-01 15:05:00,1900-01-01 15:30:00,0.4166666666666667,2,1
55178,6,Short,1900-01-01 16:00:00,1900-01-01 16:25:00,0.4166666666666667,2,1
55179,6,Short,1900-01-01 18:45:00,1900-01-01 19:05:00,0.3333333333333333,2,1
55180,6,Short,1900-01-01 19:30:00,1900-01-01 19:55:00,0.4166666666666667,2,1
55181,106,Short,1900-01-01 09:15:00,1900-01-01 12:50:00,3.5833333333333335,27,26
55182,106,Short,1900-01-01 05:00:00,1900-01-01 08:35:00,3.5833333333333335,27,26
55183,106,Short,1900-01-01 18:30:00,1900-01-01 22:10:00,3.6666666666666665,27,26
55184,106,Short,1900-01-01 14:10:00,1900-01-01 17:50:00,3.6666666666666665,27,26
55207,159,Short,1900-01-01 02:10:00,1900-01-01 06:27:00,4.283333333333333,19,18
55208,159,Short,1900-01-01 20:00:00,1900-01-01 01:05:00,5.083333333333333,24,23
55209,159,Short,1900-01-01 15:30:00,1900-01-01 21:30:00,6.0,18,17
55211,129,Short,1900-01-01 08:35:00,1900-01-01 13:15:00,4.666666666666667,22,21
55212,129,Short,1900-01-01 14:15:00,1900-01-01 19:00:00,4.75,15,14
55213,159,Short,1900-01-01 12:50:00,1900-01-01 19:00:00,6.166666666666667,19,18
55214,159,Short,1900-01-01 22:45:00,1900-01-01 04:00:00,5.25,19,18
55215,74,Short,1900-01-01 07:55:00,1900-01-01 10:30:00,2.5833333333333335,15,14
55216,74,Short,1900-01-01 18:20:00,1900-01-01 21:30:00,3.1666666666666665,15,14
55217,74,Short,1900-01-01 15:00:00,1900-01-01 17:40:00,2.6666666666666665,14,13
55218,74,Short,1900-01-01 11:15:00,1900-01-01 14:25:00,3.1666666666666665,14,13
55220,159,Short,1900-01-01 08:25:00,1900-01-01 14:30:00,6.083333333333333,19,18
55221,179,Short,1900-01-01 17:35:00,1900-01-01 22:15:00,4.666666666666667,24,23
55222,179,Short,1900-01-01 03:25:00,1900-01-01 09:10:00,5.75,25,24
55223,267,Medium,1900-01-01 12:15:00,1900-01-01 21:57:00,9.7,41,40
55224,267,Medium,1900-01-01 03:15:00,1900-01-01 13:42:00,10.45,41,40
55225,129,Short,1900-01-01 18:30:00,1900-01-01 22:45:00,4.25,21,20
55226,129,Short,1900-01-01 05:55:00,1900-01-01 10:45:00,4.833333333333333,20,19
55227,51,Short,1900-01-01 06:32:00,1900-01-01 07:50:00,1.3,10,9
55228,51,Short,1900-01-01 21:35:00,1900-01-01 23:15:00,1.6666666666666667,9,8
55229,108,Short,1900-01-01 06:15:00,1900-01-01 10:10:00,3.9166666666666665,22,21
55230,108,Short,1900-01-01 17:05:00,1900-01-01 21:35:00,4.5,22,21
55231,12,Short,1900-01-01 11:30:00,1900-01-01 13:00:00,1.5,4,3
55232,12,Short,1900-01-01 15:50:00,1900-01-01 16:50:00,1.0,4,3
55237,50,Short,1900-01-01 06:50:00,1900-01-01 08:40:00,1.8333333333333333,9,8
55238,50,Short,1900-01-01 20:30:00,1900-01-01 22:00:00,1.5,9,8
55239,51,Short,1900-01-01 14:15:00,1900-01-01 16:25:00,2.1666666666666665,9,8
55240,51,Short,1900-01-01 17:55:00,1900-01-01 19:55:00,2.0,10,9
55301,116,Short,1900-01-01 14:15:00,1900-01-01 18:20:00,4.083333333333333,13,12
55302,116,Short,1900-01-01 07:20:00,1900-01-01 12:35:00,5.25,13,12
55303,125,Short,1900-01-01 06:30:00,1900-01-01 12:05:00,5.583333333333333,14,13
55304,125,Short,1900-01-01 16:35:00,1900-01-01 22:15:00,5.666666666666667,13,12
55305,76,Short,1900-01-01 04:30:00,1900-01-01 06:30:00,2.0,7,6
55306,85,Short,1900-01-01 07:20:00,1900-01-01 09:50:00,2.5,12,11
55307,76,Short,1900-01-01 10:25:00,1900-01-01 12:40:00,2.25,8,7
55308,85,Short,1900-01-01 11:15:00,1900-01-01 13:35:00,2.3333333333333335,12,11
55309,85,Short,1900-01-01 17:30:00,1900-01-01 20:00:00,2.5,12,11
55310,76,Short,1900-01-01 13:55:00,1900-01-01 16:05:00,2.1666666666666665,8,7
55311,58,Short,1900-01-01 13:40:00,1900-01-01 15:15:00,1.5833333333333333,9,8
55312,58,Short,1900-01-01 17:50:00,1900-01-01 19:30:00,1.6666666666666667,9,8
55313,27,Short,1900-01-01 15:35:00,1900-01-01 16:10:00,0.5833333333333334,4,3
55314,27,Short,1900-01-01 17:00:00,1900-01-01 17:35:00,0.5833333333333334,4,3
55315,54,Short,1900-01-01 08:45:00,1900-01-01 10:05:00,1.3333333333333333,7,6
55316,54,Short,1900-01-01 05:45:00,1900-01-01 07:05:00,1.3333333333333333,7,6
55317,54,Short,1900-01-01 14:00:00,1900-01-01 15:20:00,1.3333333333333333,7,6
55318,54,Short,1900-01-01 12:05:00,1900-01-01 13:20:00,1.25,7,6
55319,54,Short,1900-01-01 20:45:00,1900-01-01 22:00:00,1.25,6,5
55320,54,Short,1900-01-01 18:20:00,1900-01-01 19:50:00,1.5,6,5
55321,85,Short,1900-01-01 07:20:00,1900-01-01 09:35:00,2.25,12,11
55322,76,Short,1900-01-01 20:55:00,1900-01-01 23:20:00,2.4166666666666665,7,6
55323,76,Short,1900-01-01 20:45:00,1900-01-01 23:00:00,2.25,6,5
55324,76,Short,1900-01-01 03:45:00,1900-01-01 05:45:00,2.0,6,5
55325,319,Medium,1900-01-01 04:30:00,1900-01-01 14:45:00,10.25,55,54
55326,320,Medium,1900-01-01 15:05:00,1900-01-01 01:00:00,9.916666666666666,55,54
55327,138,Short,1900-01-01 19:00:00,1900-01-01 22:55:00,3.9166666666666665,27,26
55328,139,Short,1900-01-01 05:25:00,1900-01-01 09:30:00,4.083333333333333,27,26
55329,213,Medium,1900-01-01 16:00:00,1900-01-01 23:35:00,7.583333333333333,33,32
55330,214,Medium,1900-01-01 05:00:00,1900-01-01 10:50:00,5.833333333333333,33,32
55331,107,Short,1900-01-01 05:00:00,1900-01-01 07:35:00,2.5833333333333335,17,16
55332,107,Short,1900-01-01 17:35:00,1900-01-01 20:25:00,2.8333333333333335,17,16
55333,166,Short,1900-01-01 07:45:00,1900-01-01 12:30:00,4.75,22,21
55334,166,Short,1900-01-01 15:35:00,1900-01-01 20:40:00,5.083333333333333,22,21
55335,81,Short,1900-01-01 06:20:00,1900-01-01 08:35:00,2.25,10,9
55336,81,Short,1900-01-01 20:30:00,1900-01-01 22:45:00,2.25,10,9
55337,139,Short,1900-01-01 05:10:00,1900-01-01 09:10:00,4.0,18,17
55338,139,Short,1900-01-01 10:40:00,1900-01-01 14:40:00,4.0,18,17
55339,105,Short,1900-01-01 12:10:00,1900-01-01 14:45:00,2.5833333333333335,14,13
55340,105,Short,1900-01-01 21:05:00,1900-01-01 23:30:00,2.4166666666666665,7,6
55341,167,Short,1900-01-01 17:35:00,1900-01-01 23:00:00,5.416666666666667,22,21
55342,167,Short,1900-01-01 05:35:00,1900-01-01 11:10:00,5.583333333333333,22,21
55343,141,Short,1900-01-01 06:00:00,1900-01-01 09:30:00,3.5,19,18
55344,141,Short,1900-01-01 07:30:00,1900-01-01 11:00:00,3.5,19,18
55345,141,Short,1900-01-01 09:35:00,1900-01-01 13:05:00,3.5,19,18
55346,141,Short,1900-01-01 10:00:00,1900-01-01 13:40:00,3.6666666666666665,19,18
55347,81,Short,1900-01-01 10:30:00,1900-01-01 13:00:00,2.5,10,9
55348,81,Short,1900-01-01 07:30:00,1900-01-01 09:45:00,2.25,10,9
55349,81,Short,1900-01-01 17:25:00,1900-01-01 19:55:00,2.5,10,9
55350,81,Short,1900-01-01 13:50:00,1900-01-01 16:15:00,2.4166666666666665,10,9
55351,81,Short,1900-01-01 14:05:00,1900-01-01 16:30:00,2.4166666666666665,10,9
55352,81,Short,1900-01-01 10:15:00,1900-01-01 12:45:00,2.5,10,9
55353,105,Short,1900-01-01 21:15:00,1900-01-01 23:30:00,2.25,7,6
55354,105,Short,1900-01-01 06:00:00,1900-01-01 08:30:00,2.5,14,13
55355,141,Short,1900-01-01 12:55:00,1900-01-01 16:30:00,3.5833333333333335,19,18
55356,141,Short,1900-01-01 13:30:00,1900-01-01 16:50:00,3.3333333333333335,19,18
55357,141,Short,1900-01-01 17:10:00,1900-01-01 20:30:00,3.3333333333333335,19,18
55358,141,Short,1900-01-01 17:10:00,1900-01-01 20:55:00,3.75,19,18
55359,119,Short,1900-01-01 21:45:00,1900-01-01 00:30:00,2.75,8,7
55360,119,Short,1900-01-01 20:45:00,1900-01-01 23:45:00,3.0,8,7
55361,55,Short,1900-01-01 07:10:00,1900-01-01 09:10:00,2.0,9,8
55362,55,Short,1900-01-01 07:20:00,1900-01-01 09:15:00,1.9166666666666667,9,8
55363,55,Short,1900-01-01 11:05:00,1900-01-01 13:05:00,2.0,9,8
55364,55,Short,1900-01-01 10:00:00,1900-01-01 11:55:00,1.9166666666666667,9,8
55365,55,Short,1900-01-01 14:45:00,1900-01-01 16:45:00,2.0,9,8
55366,55,Short,1900-01-01 13:45:00,1900-01-01 15:40:00,1.9166666666666667,9,8
55367,55,Short,1900-01-01 18:00:00,1900-01-01 20:00:00,2.0,9,8
55368,55,Short,1900-01-01 18:15:00,1900-01-01 20:15:00,2.0,9,8
55369,55,Short,1900-01-01 21:30:00,1900-01-01 23:10:00,1.6666666666666667,7,6
55370,55,Short,1900-01-01 21:35:00,1900-01-01 23:25:00,1.8333333333333333,7,6
55371,25,Short,1900-01-01 07:15:00,1900-01-01 08:00:00,0.75,3,2
55372,25,Short,1900-01-01 08:30:00,1900-01-01 09:15:00,0.75,3,2
55373,25,Short,1900-01-01 10:30:00,1900-01-01 11:15:00,0.75,3,2
55374,25,Short,1900-01-01 12:40:00,1900-01-01 13:25:00,0.75,3,2
55375,25,Short,1900-01-01 17:15:00,1900-01-01 18:00:00,0.75,3,2
55376,25,Short,1900-01-01 18:45:00,1900-01-01 19:30:00,0.75,3,2
55421,106,Short,1900-01-01 07:15:00,1900-01-01 10:10:00,2.9166666666666665,14,13
55422,106,Short,1900-01-01 17:15:00,1900-01-01 20:20:00,3.0833333333333335,14,13
55465,72,Short,1900-01-01 06:15:00,1900-01-01 08:50:00,2.5833333333333335,14,13
55466,72,Short,1900-01-01 16:00:00,1900-01-01 18:45:00,2.75,14,13
55467,233,Medium,1900-01-01 07:15:00,1900-01-01 15:30:00,8.25,34,33
55468,233,Medium,1900-01-01 09:20:00,1900-01-01 18:10:00,8.833333333333334,34,33
55513,105,Short,1900-01-01 18:15:00,1900-01-01 22:15:00,4.0,16,15
55514,105,Short,1900-01-01 07:35:00,1900-01-01 11:35:00,4.0,23,22
55517,68,Short,1900-01-01 17:30:00,1900-01-01 21:00:00,3.5,9,8
55518,68,Short,1900-01-01 12:55:00,1900-01-01 15:55:00,3.0,9,8
55519,105,Short,1900-01-01 06:05:00,1900-01-01 10:00:00,3.9166666666666665,16,15
55520,105,Short,1900-01-01 17:15:00,1900-01-01 21:00:00,3.75,16,15
55525,50,Short,1900-01-01 07:55:00,1900-01-01 09:35:00,1.6666666666666667,10,9
55526,50,Short,1900-01-01 18:35:00,1900-01-01 20:35:00,2.0,10,9
55527,266,Medium,1900-01-01 03:15:00,1900-01-01 14:15:00,11.0,37,36
55528,266,Medium,1900-01-01 15:30:00,1900-01-01 01:50:00,10.333333333333334,37,36
55533,138,Short,1900-01-01 07:30:00,1900-01-01 12:15:00,4.75,23,22
55534,139,Short,1900-01-01 22:00:00,1900-01-01 02:45:00,4.75,23,22
55537,230,Medium,1900-01-01 08:30:00,1900-01-01 16:00:00,7.5,34,33
55538,230,Medium,1900-01-01 12:45:00,1900-01-01 20:15:00,7.5,35,34
55539,267,Medium,1900-01-01 04:00:00,1900-01-01 15:25:00,11.416666666666666,44,43
55540,267,Medium,1900-01-01 14:10:00,1900-01-01 00:05:00,9.916666666666666,43,42
55541,159,Short,1900-01-01 15:35:00,1900-01-01 22:00:00,6.416666666666667,28,27
55542,159,Short,1900-01-01 06:15:00,1900-01-01 13:53:00,7.633333333333334,28,27
55549,87,Short,1900-01-01 22:30:00,1900-01-01 03:30:00,5.0,17,16
55550,87,Short,1900-01-01 04:15:00,1900-01-01 07:20:00,3.0833333333333335,18,17
55553,138,Short,1900-01-01 21:55:00,1900-01-01 03:15:00,5.333333333333333,23,22
55554,139,Short,1900-01-01 13:35:00,1900-01-01 18:00:00,4.416666666666667,23,22
55555,139,Short,1900-01-01 05:30:00,1900-01-01 09:35:00,4.083333333333333,20,19
55556,139,Short,1900-01-01 15:30:00,1900-01-01 21:15:00,5.75,23,22
55559,139,Short,1900-01-01 13:45:00,1900-01-01 19:15:00,5.5,19,18
55560,139,Short,1900-01-01 08:30:00,1900-01-01 13:10:00,4.666666666666667,23,22
55563,100,Short,1900-01-01 06:00:00,1900-01-01 09:45:00,3.75,13,12
55564,100,Short,1900-01-01 01:15:00,1900-01-01 04:45:00,3.5,13,12
55565,139,Short,1900-01-01 18:15:00,1900-01-01 23:00:00,4.75,19,18
55566,139,Short,1900-01-01 04:30:00,1900-01-01 09:35:00,5.083333333333333,19,18
55567,139,Short,1900-01-01 10:25:00,1900-01-01 16:00:00,5.583333333333333,19,18
55568,139,Short,1900-01-01 18:15:00,1900-01-01 23:45:00,5.5,19,18
55569,21,Short,1900-01-01 11:05:00,1900-01-01 11:50:00,0.75,3,2
55570,21,Short,1900-01-01 10:00:00,1900-01-01 10:40:00,0.6666666666666666,3,2
55571,100,Short,1900-01-01 10:15:00,1900-01-01 14:10:00,3.9166666666666665,13,12
55572,100,Short,1900-01-01 05:45:00,1900-01-01 09:30:00,3.75,13,12
55575,54,Short,1900-01-01 08:15:00,1900-01-01 10:45:00,2.5,5,4
55576,54,Short,1900-01-01 18:45:00,1900-01-01 21:45:00,3.0,5,4
55577,54,Short,1900-01-01 16:00:00,1900-01-01 18:20:00,2.3333333333333335,5,4
55578,54,Short,1900-01-01 12:00:00,1900-01-01 14:45:00,2.75,5,4
55583,100,Short,1900-01-01 19:15:00,1900-01-01 22:35:00,3.3333333333333335,13,12
55584,100,Short,1900-01-01 14:45:00,1900-01-01 18:00:00,3.25,13,12
55601,181,Short,1900-01-01 06:20:00,1900-01-01 12:15:00,5.916666666666667,26,25
55602,180,Short,1900-01-01 14:25:00,1900-01-01 21:10:00,6.75,26,25
55603,160,Short,1900-01-01 18:10:00,1900-01-01 23:10:00,5.0,29,28
55604,160,Short,1900-01-01 04:35:00,1900-01-01 09:35:00,5.0,29,28
55615,380,Medium,1900-01-01 23:55:00,1900-01-01 14:00:00,14.083333333333334,33,32
55616,379,Medium,1900-01-01 07:00:00,1900-01-01 20:15:00,13.25,33,32
55661,60,Short,1900-01-01 18:45:00,1900-01-01 21:35:00,2.8333333333333335,12,11
55662,60,Short,1900-01-01 06:00:00,1900-01-01 08:25:00,2.4166666666666665,12,11
55663,256,Medium,1900-01-01 10:45:00,1900-01-01 20:00:00,9.25,35,34
55664,255,Medium,1900-01-01 08:30:00,1900-01-01 17:00:00,8.5,35,34
55665,67,Short,1900-01-01 11:00:00,1900-01-01 13:30:00,2.5,10,9
55666,56,Short,1900-01-01 13:55:00,1900-01-01 16:15:00,2.3333333333333335,9,8
55667,103,Short,1900-01-01 16:45:00,1900-01-01 20:50:00,4.083333333333333,14,13
55668,103,Short,1900-01-01 05:30:00,1900-01-01 09:20:00,3.8333333333333335,14,13
55675,140,Short,1900-01-01 17:45:00,1900-01-01 21:45:00,4.0,14,13
55676,140,Short,1900-01-01 05:45:00,1900-01-01 09:45:00,4.0,14,13
55677,115,Short,1900-01-01 17:30:00,1900-01-01 22:45:00,5.25,22,21
55678,115,Short,1900-01-01 05:30:00,1900-01-01 10:20:00,4.833333333333333,22,21
55679,140,Short,1900-01-01 06:15:00,1900-01-01 10:00:00,3.75,14,13
55680,140,Short,1900-01-01 15:45:00,1900-01-01 20:00:00,4.25,14,13
55681,42,Short,1900-01-01 08:45:00,1900-01-01 10:00:00,1.25,5,4
55682,42,Short,1900-01-01 06:30:00,1900-01-01 07:40:00,1.1666666666666667,5,4
55683,42,Short,1900-01-01 20:00:00,1900-01-01 21:15:00,1.25,5,4
55684,42,Short,1900-01-01 17:45:00,1900-01-01 18:50:00,1.0833333333333333,5,4
55685,60,Short,1900-01-01 09:00:00,1900-01-01 11:55:00,2.9166666666666665,12,11
55686,60,Short,1900-01-01 15:25:00,1900-01-01 18:05:00,2.6666666666666665,12,11
55687,101,Short,1900-01-01 17:25:00,1900-01-01 22:05:00,4.666666666666667,10,9
55688,101,Short,1900-01-01 05:00:00,1900-01-01 08:45:00,3.75,10,9
55689,71,Short,1900-01-01 09:10:00,1900-01-01 12:55:00,3.75,15,14
55690,71,Short,1900-01-01 13:45:00,1900-01-01 16:45:00,3.0,15,14
55701,90,Short,1900-01-01 07:00:00,1900-01-01 10:45:00,3.75,20,19
55702,90,Short,1900-01-01 14:30:00,1900-01-01 17:30:00,3.0,20,19
55703,90,Short,1900-01-01 14:00:00,1900-01-01 17:14:00,3.2333333333333334,20,19
55704,90,Short,1900-01-01 08:15:00,1900-01-01 11:35:00,3.3333333333333335,20,19
55707,109,Short,1900-01-01 05:00:00,1900-01-01 08:45:00,3.75,24,23
55708,109,Short,1900-01-01 18:35:00,1900-01-01 22:20:00,3.75,24,23
55709,24,Short,1900-01-01 08:30:00,1900-01-01 09:40:00,1.1666666666666667,4,3
55710,24,Short,1900-01-01 06:15:00,1900-01-01 07:20:00,1.0833333333333333,4,3
55711,232,Medium,1900-01-01 15:30:00,1900-01-01 23:00:00,7.5,41,40
55712,232,Medium,1900-01-01 06:00:00,1900-01-01 14:00:00,8.0,41,40
55713,363,Medium,1900-01-01 07:20:00,1900-01-01 22:20:00,15.0,45,44
55714,363,Medium,1900-01-01 03:35:00,1900-01-01 16:00:00,12.416666666666666,45,44
55719,49,Short,1900-01-01 11:00:00,1900-01-01 13:10:00,2.1666666666666665,8,7
55720,49,Short,1900-01-01 13:50:00,1900-01-01 16:00:00,2.1666666666666665,8,7
55721,95,Short,1900-01-01 06:00:00,1900-01-01 10:30:00,4.5,18,17
55722,94,Short,1900-01-01 16:45:00,1900-01-01 21:15:00,4.5,18,17
55725,168,Short,1900-01-01 17:40:00,1900-01-01 23:15:00,5.583333333333333,23,22
55726,168,Short,1900-01-01 05:00:00,1900-01-01 10:05:00,5.083333333333333,23,22
55727,93,Short,1900-01-01 06:15:00,1900-01-01 09:15:00,3.0,20,19
55728,94,Short,1900-01-01 10:15:00,1900-01-01 13:10:00,2.9166666666666665,20,19
55729,93,Short,1900-01-01 14:00:00,1900-01-01 17:00:00,3.0,20,19
55730,94,Short,1900-01-01 18:30:00,1900-01-01 21:50:00,3.3333333333333335,20,19
55733,108,Short,1900-01-01 03:00:00,1900-01-01 05:50:00,2.8333333333333335,15,14
55734,108,Short,1900-01-01 06:30:00,1900-01-01 09:35:00,3.0833333333333335,19,18
55735,107,Short,1900-01-01 07:00:00,1900-01-01 09:55:00,2.9166666666666665,19,18
55736,108,Short,1900-01-01 10:35:00,1900-01-01 13:35:00,3.0,19,18
55740,108,Short,1900-01-01 15:20:00,1900-01-01 18:20:00,3.0,19,18
55741,108,Short,1900-01-01 14:30:00,1900-01-01 17:15:00,2.75,15,14
55742,108,Short,1900-01-01 18:00:00,1900-01-01 21:00:00,3.0,15,14
55743,107,Short,1900-01-01 17:45:00,1900-01-01 20:45:00,3.0,19,18
55744,108,Short,1900-01-01 04:30:00,1900-01-01 07:25:00,2.9166666666666665,15,14
55749,56,Short,1900-01-01 09:00:00,1900-01-01 10:45:00,1.75,10,9
55750,56,Short,1900-01-01 11:55:00,1900-01-01 13:45:00,1.8333333333333333,10,9
55751,56,Short,1900-01-01 14:45:00,1900-01-01 16:25:00,1.6666666666666667,10,9
55752,56,Short,1900-01-01 17:10:00,1900-01-01 18:45:00,1.5833333333333333,10,9
55753,268,Medium,1900-01-01 02:45:00,1900-01-01 11:25:00,8.666666666666666,34,33
55754,268,Medium,1900-01-01 14:20:00,1900-01-01 22:10:00,7.833333333333333,34,33
55755,107,Short,1900-01-01 09:00:00,1900-01-01 12:05:00,3.0833333333333335,19,18
55756,108,Short,1900-01-01 03:00:00,1900-01-01 06:05:00,3.0833333333333335,19,18
55763,107,Short,1900-01-01 20:30:00,1900-01-01 23:30:00,3.0,19,18
55764,108,Short,1900-01-01 12:45:00,1900-01-01 15:45:00,3.0,15,14
55769,90,Short,1900-01-01 16:45:00,1900-01-01 20:30:00,3.75,20,19
55770,90,Short,1900-01-01 06:05:00,1900-01-01 09:25:00,3.3333333333333335,20,19
55771,61,Short,1900-01-01 10:30:00,1900-01-01 12:15:00,1.75,9,8
55772,60,Short,1900-01-01 14:15:00,1900-01-01 16:00:00,1.75,9,8
55801,156,Short,1900-01-01 04:50:00,1900-01-01 09:15:00,4.416666666666667,22,21
55802,156,Short,1900-01-01 17:30:00,1900-01-01 22:00:00,4.5,22,21
55803,208,Medium,1900-01-01 17:05:00,1900-01-01 21:40:00,4.583333333333333,19,18
55804,208,Medium,1900-01-01 07:20:00,1900-01-01 12:00:00,4.666666666666667,19,18
55809,156,Short,1900-01-01 16:40:00,1900-01-01 21:20:00,4.666666666666667,22,21
55810,156,Short,1900-01-01 05:00:00,1900-01-01 10:05:00,5.083333333333333,22,21
55811,309,Medium,1900-01-01 07:00:00,1900-01-01 15:10:00,8.166666666666666,21,20
55812,309,Medium,1900-01-01 22:00:00,1900-01-01 06:20:00,8.333333333333334,21,20
55813,343,Medium,1900-01-01 04:05:00,1900-01-01 13:45:00,9.666666666666666,42,41
55814,343,Medium,1900-01-01 14:45:00,1900-01-01 00:25:00,9.666666666666666,42,41
55817,156,Short,1900-01-01 14:30:00,1900-01-01 20:15:00,5.75,17,16
55818,156,Short,1900-01-01 08:30:00,1900-01-01 13:25:00,4.916666666666667,17,16
55819,126,Short,1900-01-01 07:00:00,1900-01-01 11:40:00,4.666666666666667,14,13
55820,126,Short,1900-01-01 16:20:00,1900-01-01 20:10:00,3.8333333333333335,14,13
55823,6,Short,1900-01-01 06:00:00,1900-01-01 06:40:00,0.6666666666666666,4,3
55824,6,Short,1900-01-01 22:00:00,1900-01-01 22:40:00,0.6666666666666666,4,3
55861,95,Short,1900-01-01 12:30:00,1900-01-01 16:40:00,4.166666666666667,18,17
55862,94,Short,1900-01-01 07:15:00,1900-01-01 11:45:00,4.5,18,17
55893,89,Short,1900-01-01 18:20:00,1900-01-01 21:25:00,3.0833333333333335,15,14
55894,88,Short,1900-01-01 05:00:00,1900-01-01 07:45:00,2.75,15,14
55895,426,Medium,1900-01-01 08:15:00,1900-01-01 20:20:00,12.083333333333334,53,52
55896,425,Medium,1900-01-01 06:00:00,1900-01-01 17:45:00,11.75,53,52
55901,336,Medium,1900-01-01 06:30:00,1900-01-01 20:00:00,13.5,49,48
55902,335,Medium,1900-01-01 07:50:00,1900-01-01 21:30:00,13.666666666666666,49,48
55903,155,Short,1900-01-01 14:40:00,1900-01-01 20:40:00,6.0,23,22
55904,155,Short,1900-01-01 06:30:00,1900-01-01 12:30:00,6.0,23,22
55909,102,Short,1900-01-01 06:35:00,1900-01-01 09:15:00,2.6666666666666665,13,12
55910,102,Short,1900-01-01 16:30:00,1900-01-01 19:10:00,2.6666666666666665,13,12
55913,176,Short,1900-01-01 05:30:00,1900-01-01 11:55:00,6.416666666666667,27,26
55914,176,Short,1900-01-01 14:40:00,1900-01-01 20:45:00,6.083333333333333,27,26
56001,68,Short,1900-01-01 13:10:00,1900-01-01 14:40:00,1.5,6,5
56002,68,Short,1900-01-01 22:15:00,1900-01-01 23:50:00,1.5833333333333333,5,4
56003,62,Short,1900-01-01 05:50:00,1900-01-01 07:15:00,1.4166666666666667,6,5
56004,62,Short,1900-01-01 20:25:00,1900-01-01 22:00:00,1.5833333333333333,3,2
56005,62,Short,1900-01-01 17:30:00,1900-01-01 19:10:00,1.6666666666666667,6,5
56006,62,Short,1900-01-01 08:20:00,1900-01-01 09:55:00,1.5833333333333333,6,5
56007,60,Short,1900-01-01 21:00:00,1900-01-01 22:45:00,1.75,8,7
56008,60,Short,1900-01-01 04:35:00,1900-01-01 06:25:00,1.8333333333333333,10,9
56009,70,Short,1900-01-01 07:10:00,1900-01-01 09:05:00,1.9166666666666667,13,12
56010,70,Short,1900-01-01 16:35:00,1900-01-01 18:45:00,2.1666666666666665,13,12
56011,193,Short,1900-01-01 07:05:00,1900-01-01 12:40:00,5.583333333333333,27,26
56012,193,Short,1900-01-01 14:45:00,1900-01-01 20:55:00,6.166666666666667,27,26
56013,70,Short,1900-01-01 13:05:00,1900-01-01 15:25:00,2.3333333333333335,14,13
56014,70,Short,1900-01-01 09:40:00,1900-01-01 11:55:00,2.25,14,13
56033,76,Short,1900-01-01 16:40:00,1900-01-01 18:55:00,2.25,11,10
56034,76,Short,1900-01-01 08:30:00,1900-01-01 11:00:00,2.5,11,10
56035,61,Short,1900-01-01 09:15:00,1900-01-01 11:00:00,1.75,12,11
56036,61,Short,1900-01-01 16:00:00,1900-01-01 17:40:00,1.6666666666666667,12,11
56037,196,Short,1900-01-01 06:35:00,1900-01-01 10:55:00,4.333333333333333,18,17
56038,196,Short,1900-01-01 15:35:00,1900-01-01 20:10:00,4.583333333333333,17,16
56041,279,Medium,1900-01-01 04:25:00,1900-01-01 14:10:00,9.75,33,32
56042,284,Medium,1900-01-01 13:20:00,1900-01-01 22:45:00,9.416666666666666,31,30
56043,22,Short,1900-01-01 17:10:00,1900-01-01 17:40:00,0.5,3,2
56044,22,Short,1900-01-01 18:55:00,1900-01-01 19:30:00,0.5833333333333334,3,2
56100,99,Short,1900-01-01 05:00:00,1900-01-01 08:25:00,3.4166666666666665,11,10
56101,99,Short,1900-01-01 19:00:00,1900-01-01 22:05:00,3.0833333333333335,11,10
56102,40,Short,1900-01-01 17:30:00,1900-01-01 18:35:00,1.0833333333333333,4,3
56103,40,Short,1900-01-01 08:50:00,1900-01-01 09:55:00,1.0833333333333333,4,3
56105,84,Short,1900-01-01 06:05:00,1900-01-01 08:15:00,2.1666666666666665,9,8
56106,85,Short,1900-01-01 08:35:00,1900-01-01 10:45:00,2.1666666666666665,7,6
56107,85,Short,1900-01-01 17:30:00,1900-01-01 19:30:00,2.0,7,6
56108,85,Short,1900-01-01 19:50:00,1900-01-01 21:50:00,2.0,7,6
56109,141,Short,1900-01-01 16:10:00,1900-01-01 20:00:00,3.8333333333333335,25,24
56110,141,Short,1900-01-01 07:50:00,1900-01-01 11:50:00,4.0,22,21
56111,178,Short,1900-01-01 15:10:00,1900-01-01 19:45:00,4.583333333333333,23,22
56112,180,Short,1900-01-01 06:25:00,1900-01-01 12:25:00,6.0,23,22
56113,120,Short,1900-01-01 06:15:00,1900-01-01 09:40:00,3.4166666666666665,26,25
56114,120,Short,1900-01-01 18:05:00,1900-01-01 21:20:00,3.25,26,25
56115,70,Short,1900-01-01 07:15:00,1900-01-01 09:15:00,2.0,17,16
56116,70,Short,1900-01-01 18:15:00,1900-01-01 20:30:00,2.25,17,16
56136,45,Short,1900-01-01 07:10:00,1900-01-01 12:00:00,4.833333333333333,7,6
56137,45,Short,1900-01-01 14:00:00,1900-01-01 17:35:00,3.5833333333333335,7,6
56138,18,Short,1900-01-01 16:00:00,1900-01-01 17:15:00,1.25,6,5
56139,18,Short,1900-01-01 09:15:00,1900-01-01 10:25:00,1.1666666666666667,6,5
56140,18,Short,1900-01-01 17:30:00,1900-01-01 18:40:00,1.1666666666666667,6,5
56141,18,Short,1900-01-01 07:45:00,1900-01-01 09:05:00,1.3333333333333333,6,5
56142,18,Short,1900-01-01 12:15:00,1900-01-01 13:20:00,1.0833333333333333,6,5
56143,18,Short,1900-01-01 12:35:00,1900-01-01 13:50:00,1.25,6,5
56144,35,Short,1900-01-01 17:55:00,1900-01-01 18:45:00,0.8333333333333334,4,3
56145,35,Short,1900-01-01 08:15:00,1900-01-01 09:05:00,0.8333333333333334,4,3
56146,35,Short,1900-01-01 09:30:00,1900-01-01 10:20:00,0.8333333333333334,4,3
56147,35,Short,1900-01-01 10:40:00,1900-01-01 11:30:00,0.8333333333333334,4,3
56148,35,Short,1900-01-01 11:50:00,1900-01-01 12:40:00,0.8333333333333334,4,3
56149,35,Short,1900-01-01 13:00:00,1900-01-01 13:55:00,0.9166666666666666,4,3
56150,35,Short,1900-01-01 15:15:00,1900-01-01 16:05:00,0.8333333333333334,4,3
56151,35,Short,1900-01-01 16:30:00,1900-01-01 17:20:00,0.8333333333333334,4,3
56201,60,Short,1900-01-01 20:50:00,1900-01-01 22:30:00,1.6666666666666667,13,12
56202,60,Short,1900-01-01 05:00:00,1900-01-01 06:40:00,1.6666666666666667,13,12
56203,60,Short,1900-01-01 10:40:00,1900-01-01 12:25:00,1.75,13,12
56204,60,Short,1900-01-01 07:20:00,1900-01-01 09:10:00,1.8333333333333333,13,12
56205,25,Short,1900-01-01 10:15:00,1900-01-01 11:10:00,0.9166666666666666,7,6
56206,25,Short,1900-01-01 09:00:00,1900-01-01 09:50:00,0.8333333333333334,7,6
56207,60,Short,1900-01-01 16:55:00,1900-01-01 18:35:00,1.6666666666666667,13,12
56208,60,Short,1900-01-01 14:50:00,1900-01-01 16:40:00,1.8333333333333333,13,12
56209,60,Short,1900-01-01 18:00:00,1900-01-01 19:50:00,1.8333333333333333,13,12
56210,60,Short,1900-01-01 12:30:00,1900-01-01 14:15:00,1.75,13,12
56215,294,Medium,1900-01-01 12:45:00,1900-01-01 20:00:00,7.25,34,33
56216,294,Medium,1900-01-01 08:30:00,1900-01-01 15:45:00,7.25,34,33
56217,96,Short,1900-01-01 10:00:00,1900-01-01 12:30:00,2.5,7,6
56218,96,Short,1900-01-01 13:40:00,1900-01-01 16:30:00,2.8333333333333335,7,6
56221,69,Short,1900-01-01 09:20:00,1900-01-01 11:05:00,1.75,14,13
56222,69,Short,1900-01-01 11:35:00,1900-01-01 13:20:00,1.75,14,13
56223,165,Short,1900-01-01 18:20:00,1900-01-01 22:50:00,4.5,29,28
56224,165,Short,1900-01-01 05:00:00,1900-01-01 09:10:00,4.166666666666667,29,28
56225,69,Short,1900-01-01 13:50:00,1900-01-01 15:55:00,2.0833333333333335,14,13
56226,69,Short,1900-01-01 16:25:00,1900-01-01 18:15:00,1.8333333333333333,14,13
56227,273,Medium,1900-01-01 16:30:00,1900-01-01 23:35:00,7.083333333333333,41,40
56228,273,Medium,1900-01-01 04:00:00,1900-01-01 11:20:00,7.333333333333333,41,40
56231,138,Short,1900-01-01 05:50:00,1900-01-01 09:15:00,3.4166666666666665,20,19
56232,138,Short,1900-01-01 09:20:00,1900-01-01 12:35:00,3.25,22,21
56237,138,Short,1900-01-01 14:45:00,1900-01-01 18:05:00,3.3333333333333335,22,21
56238,138,Short,1900-01-01 19:00:00,1900-01-01 22:20:00,3.3333333333333335,21,20
56241,220,Medium,1900-01-01 05:20:00,1900-01-01 10:45:00,5.416666666666667,22,21
56242,219,Medium,1900-01-01 16:05:00,1900-01-01 21:40:00,5.583333333333333,22,21
56261,290,Medium,1900-01-01 08:00:00,1900-01-01 18:45:00,10.75,43,42
56262,290,Medium,1900-01-01 09:15:00,1900-01-01 17:45:00,8.5,41,40
56263,138,Short,1900-01-01 23:55:00,1900-01-01 04:15:00,4.333333333333333,17,16
56264,138,Short,1900-01-01 23:55:00,1900-01-01 04:00:00,4.083333333333333,17,16
56265,167,Short,1900-01-01 17:30:00,1900-01-01 21:25:00,3.9166666666666665,21,20
56266,167,Short,1900-01-01 07:15:00,1900-01-01 11:10:00,3.9166666666666665,21,20
56267,167,Short,1900-01-01 05:00:00,1900-01-01 09:25:00,4.416666666666667,21,20
56268,167,Short,1900-01-01 18:20:00,1900-01-01 22:30:00,4.166666666666667,21,20
56269,275,Medium,1900-01-01 10:20:00,1900-01-01 16:30:00,6.166666666666667,16,15
56270,275,Medium,1900-01-01 10:20:00,1900-01-01 16:40:00,6.333333333333333,16,15
56271,114,Short,1900-01-01 18:15:00,1900-01-01 21:25:00,3.1666666666666665,11,10
56272,114,Short,1900-01-01 06:40:00,1900-01-01 09:30:00,2.8333333333333335,11,10
56273,305,Medium,1900-01-01 04:50:00,1900-01-01 13:05:00,8.25,36,35
56274,303,Medium,1900-01-01 15:25:00,1900-01-01 22:40:00,7.25,36,35
56275,372,Medium,1900-01-01 05:15:00,1900-01-01 14:30:00,9.25,32,31
56276,372,Medium,1900-01-01 13:10:00,1900-01-01 22:15:00,9.083333333333334,31,30
56277,244,Medium,1900-01-01 07:40:00,1900-01-01 14:15:00,6.583333333333333,20,19
56278,244,Medium,1900-01-01 15:30:00,1900-01-01 22:15:00,6.75,20,19
56281,198,Short,1900-01-01 07:00:00,1900-01-01 12:15:00,5.25,27,26
56282,198,Short,1900-01-01 15:30:00,1900-01-01 20:35:00,5.083333333333333,27,26
56300,84,Short,1900-01-01 03:30:00,1900-01-01 05:40:00,2.1666666666666665,14,13
56301,85,Short,1900-01-01 17:20:00,1900-01-01 19:20:00,2.0,14,13
56302,56,Short,1900-01-01 07:20:00,1900-01-01 08:55:00,1.5833333333333333,12,11
56303,56,Short,1900-01-01 15:40:00,1900-01-01 17:15:00,1.5833333333333333,12,11
56304,231,Medium,1900-01-01 12:20:00,1900-01-01 19:50:00,7.5,44,43
56305,96,Short,1900-01-01 05:35:00,1900-01-01 08:15:00,2.6666666666666665,14,13
56307,64,Short,1900-01-01 06:55:00,1900-01-01 09:00:00,2.0833333333333335,18,17
56308,64,Short,1900-01-01 18:00:00,1900-01-01 20:00:00,2.0,18,17
56309,64,Short,1900-01-01 15:15:00,1900-01-01 17:05:00,1.8333333333333333,18,17
56310,71,Short,1900-01-01 06:30:00,1900-01-01 08:30:00,2.0,14,13
56311,72,Short,1900-01-01 06:50:00,1900-01-01 08:50:00,2.0,14,13
56313,72,Short,1900-01-01 18:05:00,1900-01-01 19:55:00,1.8333333333333333,14,13
56315,72,Short,1900-01-01 17:15:00,1900-01-01 19:15:00,2.0,14,13
56316,71,Short,1900-01-01 18:20:00,1900-01-01 20:15:00,1.9166666666666667,14,13
56317,78,Short,1900-01-01 13:10:00,1900-01-01 15:55:00,2.75,16,15
56318,77,Short,1900-01-01 07:55:00,1900-01-01 10:20:00,2.4166666666666665,16,15
56319,531,Long,1900-01-01 07:10:00,1900-01-01 20:50:00,13.666666666666666,39,38
56320,532,Long,1900-01-01 07:20:00,1900-01-01 20:20:00,13.0,46,45
56323,404,Medium,1900-01-01 07:30:00,1900-01-01 18:50:00,11.333333333333334,54,53
56324,404,Medium,1900-01-01 07:35:00,1900-01-01 19:35:00,12.0,54,53
56331,44,Short,1900-01-01 08:15:00,1900-01-01 09:35:00,1.3333333333333333,10,9
56332,44,Short,1900-01-01 06:30:00,1900-01-01 07:55:00,1.4166666666666667,10,9
56333,52,Short,1900-01-01 11:00:00,1900-01-01 13:00:00,2.0,11,10
56334,52,Short,1900-01-01 08:40:00,1900-01-01 10:30:00,1.8333333333333333,11,10
56335,52,Short,1900-01-01 13:45:00,1900-01-01 15:40:00,1.9166666666666667,11,10
56336,52,Short,1900-01-01 11:20:00,1900-01-01 13:05:00,1.75,11,10
56337,44,Short,1900-01-01 19:10:00,1900-01-01 20:35:00,1.4166666666666667,10,9
56338,44,Short,1900-01-01 17:25:00,1900-01-01 18:50:00,1.4166666666666667,10,9
56361,107,Short,1900-01-01 04:20:00,1900-01-01 07:30:00,3.1666666666666665,22,21
56362,173,Short,1900-01-01 07:25:00,1900-01-01 13:00:00,5.583333333333333,33,32
56363,173,Short,1900-01-01 14:55:00,1900-01-01 20:05:00,5.166666666666667,33,32
56364,107,Short,1900-01-01 17:35:00,1900-01-01 21:05:00,3.5,22,21
56365,302,Medium,1900-01-01 05:55:00,1900-01-01 15:20:00,9.416666666666666,43,42
56366,302,Medium,1900-01-01 16:35:00,1900-01-01 03:10:00,10.583333333333334,43,42
56370,96,Short,1900-01-01 06:00:00,1900-01-01 08:40:00,2.6666666666666665,18,17
56371,96,Short,1900-01-01 06:45:00,1900-01-01 09:20:00,2.5833333333333335,17,16
56373,22,Short,1900-01-01 09:05:00,1900-01-01 09:35:00,0.5,3,2
56374,22,Short,1900-01-01 10:55:00,1900-01-01 11:30:00,0.5833333333333334,3,2
56375,96,Short,1900-01-01 13:05:00,1900-01-01 16:00:00,2.9166666666666665,18,17
56376,96,Short,1900-01-01 19:40:00,1900-01-01 22:25:00,2.75,17,16
56377,43,Short,1900-01-01 07:05:00,1900-01-01 08:10:00,1.0833333333333333,8,7
56378,43,Short,1900-01-01 22:20:00,1900-01-01 23:25:00,1.0833333333333333,6,5
56379,56,Short,1900-01-01 07:45:00,1900-01-01 09:30:00,1.75,12,11
56380,100,Short,1900-01-01 08:35:00,1900-01-01 11:10:00,2.5833333333333335,19,18
56381,100,Short,1900-01-01 10:05:00,1900-01-01 12:30:00,2.4166666666666665,11,10
56382,100,Short,1900-01-01 13:10:00,1900-01-01 15:35:00,2.4166666666666665,12,11
56383,100,Short,1900-01-01 18:05:00,1900-01-01 21:00:00,2.9166666666666665,19,18
56384,56,Short,1900-01-01 17:55:00,1900-01-01 19:30:00,1.5833333333333333,12,11
56385,58,Short,1900-01-01 07:15:00,1900-01-01 09:00:00,1.75,12,11
56386,59,Short,1900-01-01 05:05:00,1900-01-01 06:50:00,1.75,9,8
56387,114,Short,1900-01-01 12:00:00,1900-01-01 14:55:00,2.9166666666666665,14,13
56388,114,Short,1900-01-01 17:10:00,1900-01-01 20:05:00,2.9166666666666665,17,16
56389,58,Short,1900-01-01 20:40:00,1900-01-01 22:30:00,1.8333333333333333,10,9
56390,59,Short,1900-01-01 17:10:00,1900-01-01 19:00:00,1.8333333333333333,9,8
56391,155,Short,1900-01-01 18:30:00,1900-01-01 22:50:00,4.333333333333333,25,24
56392,155,Short,1900-01-01 04:00:00,1900-01-01 08:35:00,4.583333333333333,25,24
56393,96,Short,1900-01-01 17:50:00,1900-01-01 20:25:00,2.5833333333333335,14,13
56394,95,Short,1900-01-01 08:35:00,1900-01-01 11:05:00,2.5,14,13
56501,693,Long,1900-01-01 07:10:00,1900-01-01 05:35:00,22.416666666666668,66,65
56502,691,Long,1900-01-01 23:30:00,1900-01-01 19:10:00,19.666666666666668,68,67
56503,747,Long,1900-01-01 07:20:00,1900-01-01 05:55:00,22.583333333333332,78,77
56504,749,Long,1900-01-01 20:40:00,1900-01-01 17:10:00,20.5,79,78
56505,17,Short,1900-01-01 13:00:00,1900-01-01 13:35:00,0.5833333333333334,6,5
56506,16,Short,1900-01-01 09:50:00,1900-01-01 10:25:00,0.5833333333333334,6,5
56507,84,Short,1900-01-01 06:20:00,1900-01-01 09:25:00,3.0833333333333335,17,16
56508,85,Short,1900-01-01 18:00:00,1900-01-01 20:35:00,2.5833333333333335,17,16
56509,84,Short,1900-01-01 14:00:00,1900-01-01 17:00:00,3.0,17,16
56510,85,Short,1900-01-01 07:00:00,1900-01-01 09:30:00,2.5,17,16
56511,17,Short,1900-01-01 05:30:00,1900-01-01 06:05:00,0.5833333333333334,6,5
56512,16,Short,1900-01-01 20:50:00,1900-01-01 21:25:00,0.5833333333333334,6,5
56513,568,Long,1900-01-01 03:40:00,1900-01-01 19:00:00,15.333333333333334,57,56
56514,567,Long,1900-01-01 07:15:00,1900-01-01 22:30:00,15.25,58,57
56515,470,Medium,1900-01-01 07:45:00,1900-01-01 20:45:00,13.0,63,62
56516,469,Medium,1900-01-01 07:00:00,1900-01-01 20:10:00,13.166666666666666,63,62
56517,93,Short,1900-01-01 18:10:00,1900-01-01 20:40:00,2.5,13,12
56518,93,Short,1900-01-01 07:10:00,1900-01-01 09:45:00,2.5833333333333335,12,11
56519,33,Short,1900-01-01 15:30:00,1900-01-01 16:45:00,1.25,5,4
56520,33,Short,1900-01-01 11:00:00,1900-01-01 12:00:00,1.0,5,4
56600,85,Short,1900-01-01 05:05:00,1900-01-01 07:25:00,2.3333333333333335,16,15
56601,85,Short,1900-01-01 17:45:00,1900-01-01 20:00:00,2.25,16,15
56602,175,Short,1900-01-01 14:45:00,1900-01-01 20:40:00,5.916666666666667,35,34
56603,207,Medium,1900-01-01 05:55:00,1900-01-01 12:15:00,6.333333333333333,41,40
56604,98,Short,1900-01-01 08:00:00,1900-01-01 10:50:00,2.8333333333333335,14,13
56605,131,Short,1900-01-01 16:40:00,1900-01-01 20:45:00,4.083333333333333,20,19
56610,110,Short,1900-01-01 17:05:00,1900-01-01 20:45:00,3.6666666666666665,19,18
56611,109,Short,1900-01-01 05:55:00,1900-01-01 08:40:00,2.75,19,18
56612,66,Short,1900-01-01 06:50:00,1900-01-01 08:30:00,1.6666666666666667,12,11
56613,66,Short,1900-01-01 09:20:00,1900-01-01 10:55:00,1.5833333333333333,12,11
56614,66,Short,1900-01-01 09:10:00,1900-01-01 10:45:00,1.5833333333333333,12,11
56616,66,Short,1900-01-01 11:15:00,1900-01-01 12:55:00,1.6666666666666667,12,11
56617,66,Short,1900-01-01 15:05:00,1900-01-01 16:40:00,1.5833333333333333,12,11
56619,66,Short,1900-01-01 17:10:00,1900-01-01 18:45:00,1.5833333333333333,12,11
56620,66,Short,1900-01-01 19:10:00,1900-01-01 20:50:00,1.6666666666666667,12,11
56621,66,Short,1900-01-01 19:30:00,1900-01-01 21:10:00,1.6666666666666667,12,11
56640,326,Medium,1900-01-01 05:50:00,1900-01-01 12:40:00,6.833333333333333,30,29
56641,324,Medium,1900-01-01 13:00:00,1900-01-01 20:55:00,7.916666666666667,30,29
56642,49,Short,1900-01-01 07:55:00,1900-01-01 09:25:00,1.5,5,4
56643,48,Short,1900-01-01 06:05:00,1900-01-01 07:30:00,1.4166666666666667,5,4
56644,49,Short,1900-01-01 20:10:00,1900-01-01 21:40:00,1.5,4,3
56645,48,Short,1900-01-01 18:20:00,1900-01-01 19:40:00,1.3333333333333333,4,3
56646,91,Short,1900-01-01 13:25:00,1900-01-01 16:05:00,2.6666666666666665,11,10
56647,90,Short,1900-01-01 10:05:00,1900-01-01 12:25:00,2.3333333333333335,11,10
56650,273,Medium,1900-01-01 05:40:00,1900-01-01 13:25:00,7.75,40,39
56651,273,Medium,1900-01-01 14:10:00,1900-01-01 21:35:00,7.416666666666667,40,39
56652,89,Short,1900-01-01 17:20:00,1900-01-01 20:05:00,2.75,20,19
56653,89,Short,1900-01-01 06:40:00,1900-01-01 09:05:00,2.4166666666666665,20,19
56654,220,Medium,1900-01-01 05:35:00,1900-01-01 11:35:00,6.0,40,39
56655,131,Short,1900-01-01 07:15:00,1900-01-01 10:35:00,3.3333333333333335,22,21
56656,131,Short,1900-01-01 16:30:00,1900-01-01 19:55:00,3.4166666666666665,23,22
56657,89,Short,1900-01-01 14:05:00,1900-01-01 16:20:00,2.25,20,19
56659,48,Short,1900-01-01 17:10:00,1900-01-01 18:20:00,1.1666666666666667,11,10
56661,83,Short,1900-01-01 06:20:00,1900-01-01 08:30:00,2.1666666666666665,13,12
56663,118,Short,1900-01-01 17:35:00,1900-01-01 21:25:00,3.8333333333333335,22,21
56664,119,Short,1900-01-01 07:20:00,1900-01-01 10:45:00,3.4166666666666665,22,21
56665,182,Short,1900-01-01 06:35:00,1900-01-01 11:50:00,5.25,20,19
56666,179,Short,1900-01-01 13:05:00,1900-01-01 18:10:00,5.083333333333333,20,19
56700,410,Medium,1900-01-01 23:15:00,1900-01-01 11:05:00,11.833333333333334,46,45
56701,409,Medium,1900-01-01 15:50:00,1900-01-01 06:45:00,14.916666666666666,49,48
56703,93,Short,1900-01-01 18:25:00,1900-01-01 20:50:00,2.4166666666666665,12,11
56704,94,Short,1900-01-01 06:15:00,1900-01-01 08:30:00,2.25,11,10
56705,333,Medium,1900-01-01 15:30:00,1900-01-01 00:40:00,9.166666666666666,43,42
56706,334,Medium,1900-01-01 03:00:00,1900-01-01 11:25:00,8.416666666666666,42,41
56707,62,Short,1900-01-01 07:55:00,1900-01-01 09:15:00,1.3333333333333333,8,7
56708,62,Short,1900-01-01 18:20:00,1900-01-01 19:50:00,1.5,8,7
56709,120,Short,1900-01-01 16:45:00,1900-01-01 20:10:00,3.4166666666666665,12,11
56710,120,Short,1900-01-01 07:45:00,1900-01-01 10:40:00,2.9166666666666665,12,11
56711,145,Short,1900-01-01 12:30:00,1900-01-01 17:30:00,5.0,26,25
56714,145,Short,1900-01-01 06:10:00,1900-01-01 11:15:00,5.083333333333333,18,17
56715,196,Short,1900-01-01 06:15:00,1900-01-01 12:05:00,5.833333333333333,19,18
56716,188,Short,1900-01-01 14:35:00,1900-01-01 20:10:00,5.583333333333333,19,18
56717,88,Short,1900-01-01 18:15:00,1900-01-01 20:40:00,2.4166666666666665,9,8
56718,73,Short,1900-01-01 06:55:00,1900-01-01 08:50:00,1.9166666666666667,8,7
56719,15,Short,1900-01-01 13:25:00,1900-01-01 13:45:00,0.3333333333333333,2,1
56721,161,Short,1900-01-01 12:40:00,1900-01-01 16:35:00,3.9166666666666665,17,16
56722,161,Short,1900-01-01 11:20:00,1900-01-01 15:10:00,3.8333333333333335,17,16
56723,161,Short,1900-01-01 06:50:00,1900-01-01 10:30:00,3.6666666666666665,17,16
56724,161,Short,1900-01-01 05:30:00,1900-01-01 09:20:00,3.8333333333333335,17,16
56725,161,Short,1900-01-01 18:10:00,1900-01-01 22:40:00,4.5,17,16
56726,161,Short,1900-01-01 18:00:00,1900-01-01 22:00:00,4.0,17,16
56731,173,Short,1900-01-01 07:15:00,1900-01-01 10:45:00,3.5,14,13
56732,173,Short,1900-01-01 07:00:00,1900-01-01 10:45:00,3.75,14,13
56733,173,Short,1900-01-01 11:30:00,1900-01-01 15:10:00,3.6666666666666665,14,13
56734,173,Short,1900-01-01 12:00:00,1900-01-01 15:45:00,3.75,14,13
56735,173,Short,1900-01-01 17:00:00,1900-01-01 21:10:00,4.166666666666667,14,13
56736,173,Short,1900-01-01 15:40:00,1900-01-01 19:35:00,3.9166666666666665,14,13
56741,59,Short,1900-01-01 17:50:00,1900-01-01 20:40:00,2.8333333333333335,10,9
56742,60,Short,1900-01-01 07:30:00,1900-01-01 09:35:00,2.0833333333333335,10,9
56761,61,Short,1900-01-01 07:10:00,1900-01-01 08:55:00,1.75,12,11
56762,61,Short,1900-01-01 07:20:00,1900-01-01 09:05:00,1.75,12,11
56763,61,Short,1900-01-01 09:30:00,1900-01-01 11:00:00,1.5,12,11
56764,61,Short,1900-01-01 16:20:00,1900-01-01 17:55:00,1.5833333333333333,12,11
56765,61,Short,1900-01-01 18:35:00,1900-01-01 20:30:00,1.9166666666666667,12,11
56766,61,Short,1900-01-01 17:55:00,1900-01-01 19:40:00,1.75,12,11
56767,121,Short,1900-01-01 08:45:00,1900-01-01 13:10:00,4.416666666666667,20,19
56768,121,Short,1900-01-01 14:20:00,1900-01-01 18:30:00,4.166666666666667,20,19
56769,459,Medium,1900-01-01 04:30:00,1900-01-01 16:00:00,11.5,43,42
56770,458,Medium,1900-01-01 11:10:00,1900-01-01 22:30:00,11.333333333333334,43,42
56796,72,Short,1900-01-01 06:35:00,1900-01-01 08:40:00,2.0833333333333335,17,16
56797,78,Short,1900-01-01 09:15:00,1900-01-01 11:50:00,2.5833333333333335,18,17
56798,78,Short,1900-01-01 14:45:00,1900-01-01 17:45:00,3.0,18,17
56799,72,Short,1900-01-01 18:25:00,1900-01-01 20:40:00,2.25,17,16
56800,72,Short,1900-01-01 10:15:00,1900-01-01 12:30:00,2.25,17,16
56801,72,Short,1900-01-01 07:25:00,1900-01-01 09:45:00,2.3333333333333335,17,16
56802,72,Short,1900-01-01 17:55:00,1900-01-01 20:10:00,2.25,17,16
56803,72,Short,1900-01-01 13:50:00,1900-01-01 16:30:00,2.6666666666666665,17,16
56811,120,Short,1900-01-01 06:15:00,1900-01-01 09:45:00,3.5,25,24
56812,120,Short,1900-01-01 18:05:00,1900-01-01 21:20:00,3.25,25,24
56819,39,Short,1900-01-01 08:05:00,1900-01-01 09:15:00,1.1666666666666667,10,9
56820,39,Short,1900-01-01 18:10:00,1900-01-01 19:30:00,1.3333333333333333,10,9
56821,214,Medium,1900-01-01 11:25:00,1900-01-01 16:20:00,4.916666666666667,20,19
56822,214,Medium,1900-01-01 12:05:00,1900-01-01 17:15:00,5.166666666666667,20,19
56823,120,Short,1900-01-01 20:00:00,1900-01-01 23:40:00,3.6666666666666665,24,23
56824,120,Short,1900-01-01 07:10:00,1900-01-01 10:45:00,3.5833333333333335,24,23
56825,358,Medium,1900-01-01 13:05:00,1900-01-01 22:40:00,9.583333333333334,28,27
56826,358,Medium,1900-01-01 05:30:00,1900-01-01 14:40:00,9.166666666666666,28,27
56829,263,Medium,1900-01-01 06:40:00,1900-01-01 12:45:00,6.083333333333333,25,24
56830,264,Medium,1900-01-01 13:55:00,1900-01-01 20:25:00,6.5,25,24
56839,178,Short,1900-01-01 15:20:00,1900-01-01 19:45:00,4.416666666666667,23,22
56840,180,Short,1900-01-01 06:25:00,1900-01-01 12:30:00,6.083333333333333,23,22
56841,141,Short,1900-01-01 06:50:00,1900-01-01 11:10:00,4.333333333333333,25,24
56842,141,Short,1900-01-01 16:35:00,1900-01-01 20:15:00,3.6666666666666665,25,24
56843,141,Short,1900-01-01 16:10:00,1900-01-01 20:00:00,3.8333333333333335,22,21
56844,141,Short,1900-01-01 07:50:00,1900-01-01 11:35:00,3.75,22,21
56845,178,Short,1900-01-01 05:30:00,1900-01-01 10:35:00,5.083333333333333,23,22
56846,180,Short,1900-01-01 16:10:00,1900-01-01 21:20:00,5.166666666666667,23,22
56859,133,Short,1900-01-01 18:10:00,1900-01-01 21:10:00,3.0,11,10
56860,133,Short,1900-01-01 05:25:00,1900-01-01 08:30:00,3.0833333333333335,11,10
56861,37,Short,1900-01-01 06:55:00,1900-01-01 07:45:00,0.8333333333333334,5,4
56862,37,Short,1900-01-01 08:10:00,1900-01-01 08:55:00,0.75,5,4
56863,37,Short,1900-01-01 14:15:00,1900-01-01 15:05:00,0.8333333333333334,5,4
56864,37,Short,1900-01-01 16:00:00,1900-01-01 16:55:00,0.9166666666666666,5,4
56865,37,Short,1900-01-01 17:45:00,1900-01-01 18:30:00,0.75,5,4
56866,37,Short,1900-01-01 19:35:00,1900-01-01 20:25:00,0.8333333333333334,5,4
56871,38,Short,1900-01-01 06:20:00,1900-01-01 07:25:00,1.0833333333333333,6,5
56872,38,Short,1900-01-01 08:10:00,1900-01-01 09:15:00,1.0833333333333333,6,5
56873,121,Short,1900-01-01 05:55:00,1900-01-01 09:10:00,3.25,22,21
56874,121,Short,1900-01-01 05:40:00,1900-01-01 09:10:00,3.5,22,21
56875,121,Short,1900-01-01 14:30:00,1900-01-01 17:40:00,3.1666666666666665,22,21
56876,121,Short,1900-01-01 15:45:00,1900-01-01 18:45:00,3.0,22,21
56877,121,Short,1900-01-01 17:40:00,1900-01-01 20:55:00,3.25,22,21
56878,121,Short,1900-01-01 17:45:00,1900-01-01 20:50:00,3.0833333333333335,22,21
56879,38,Short,1900-01-01 18:10:00,1900-01-01 19:10:00,1.0,6,5
56880,38,Short,1900-01-01 19:45:00,1900-01-01 20:45:00,1.0,6,5
56881,160,Short,1900-01-01 04:55:00,1900-01-01 09:15:00,4.333333333333333,14,13
56882,264,Medium,1900-01-01 04:50:00,1900-01-01 12:40:00,7.833333333333333,30,29
56883,160,Short,1900-01-01 06:40:00,1900-01-01 11:10:00,4.5,14,13
56884,264,Medium,1900-01-01 16:35:00,1900-01-01 23:40:00,7.083333333333333,27,26
56885,264,Medium,1900-01-01 13:50:00,1900-01-01 21:00:00,7.166666666666667,27,26
56886,160,Short,1900-01-01 18:50:00,1900-01-01 23:00:00,4.166666666666667,15,14
56889,104,Short,1900-01-01 02:45:00,1900-01-01 05:30:00,2.75,13,12
56902,20,Short,1900-01-01 08:40:00,1900-01-01 09:30:00,0.8333333333333334,5,4
56903,378,Medium,1900-01-01 00:40:00,1900-01-01 10:10:00,9.5,33,32
56904,377,Medium,1900-01-01 17:40:00,1900-01-01 03:30:00,9.833333333333334,34,33
56905,357,Medium,1900-01-01 04:45:00,1900-01-01 14:00:00,9.25,40,39
56906,356,Medium,1900-01-01 13:00:00,1900-01-01 22:40:00,9.666666666666666,40,39
56907,20,Short,1900-01-01 18:55:00,1900-01-01 19:35:00,0.6666666666666666,5,4
56909,516,Long,1900-01-01 22:15:00,1900-01-01 11:40:00,13.416666666666666,36,35
56910,516,Long,1900-01-01 14:00:00,1900-01-01 05:15:00,15.25,35,34
56911,191,Short,1900-01-01 05:25:00,1900-01-01 10:15:00,4.833333333333333,19,18
56912,189,Short,1900-01-01 17:30:00,1900-01-01 22:40:00,5.166666666666667,19,18
56913,470,Medium,1900-01-01 06:30:00,1900-01-01 18:45:00,12.25,44,43
56914,468,Medium,1900-01-01 09:15:00,1900-01-01 21:15:00,12.0,44,43
56915,191,Short,1900-01-01 04:15:00,1900-01-01 09:10:00,4.916666666666667,22,21
56916,189,Short,1900-01-01 18:50:00,1900-01-01 23:50:00,5.0,22,21
56917,62,Short,1900-01-01 11:40:00,1900-01-01 13:05:00,1.4166666666666667,5,4
56918,62,Short,1900-01-01 14:00:00,1900-01-01 15:18:00,1.3,5,4
56921,141,Short,1900-01-01 18:00:00,1900-01-01 21:30:00,3.5,12,11
56922,141,Short,1900-01-01 06:00:00,1900-01-01 09:40:00,3.6666666666666665,10,9
56925,69,Short,1900-01-01 05:30:00,1900-01-01 06:50:00,1.3333333333333333,7,6
56926,69,Short,1900-01-01 08:15:00,1900-01-01 09:55:00,1.6666666666666667,6,5
56961,61,Short,1900-01-01 06:30:00,1900-01-01 08:20:00,1.8333333333333333,11,10
56962,58,Short,1900-01-01 07:35:00,1900-01-01 09:05:00,1.5,11,10
56963,61,Short,1900-01-01 12:20:00,1900-01-01 14:05:00,1.75,12,11
56964,58,Short,1900-01-01 13:10:00,1900-01-01 15:00:00,1.8333333333333333,12,11
56965,61,Short,1900-01-01 17:15:00,1900-01-01 19:00:00,1.75,12,11
56966,58,Short,1900-01-01 17:30:00,1900-01-01 19:10:00,1.6666666666666667,12,11
57121,243,Medium,1900-01-01 05:00:00,1900-01-01 10:30:00,5.5,26,25
57122,191,Short,1900-01-01 15:15:00,1900-01-01 20:00:00,4.75,21,20
57123,332,Medium,1900-01-01 05:45:00,1900-01-01 14:45:00,9.0,39,38
57124,381,Medium,1900-01-01 11:00:00,1900-01-01 21:15:00,10.25,44,43
57129,455,Medium,1900-01-01 18:30:00,1900-01-01 08:45:00,14.25,63,62
57130,445,Medium,1900-01-01 19:45:00,1900-01-01 11:10:00,15.416666666666666,53,52
57131,22,Short,1900-01-01 09:05:00,1900-01-01 10:15:00,1.1666666666666667,12,11
57133,366,Medium,1900-01-01 12:25:00,1900-01-01 22:10:00,9.75,42,41
57134,366,Medium,1900-01-01 07:00:00,1900-01-01 17:30:00,10.5,38,37
57135,450,Medium,1900-01-01 21:20:00,1900-01-01 09:50:00,12.5,47,46
57136,453,Medium,1900-01-01 21:15:00,1900-01-01 11:25:00,14.166666666666666,48,47
57145,56,Short,1900-01-01 08:50:00,1900-01-01 10:10:00,1.3333333333333333,8,7
57146,56,Short,1900-01-01 17:30:00,1900-01-01 18:50:00,1.3333333333333333,8,7
57155,223,Medium,1900-01-01 03:45:00,1900-01-01 10:50:00,7.083333333333333,29,28
57156,223,Medium,1900-01-01 17:25:00,1900-01-01 23:10:00,5.75,29,28
57225,350,Medium,1900-01-01 08:25:00,1900-01-01 19:00:00,10.583333333333334,58,57
57226,350,Medium,1900-01-01 09:40:00,1900-01-01 18:55:00,9.25,55,54
57229,372,Medium,1900-01-01 21:10:00,1900-01-01 08:50:00,11.666666666666666,35,34
57230,371,Medium,1900-01-01 20:05:00,1900-01-01 08:15:00,12.166666666666666,36,35
57231,217,Medium,1900-01-01 17:25:00,1900-01-01 22:30:00,5.083333333333333,27,26
57232,217,Medium,1900-01-01 04:45:00,1900-01-01 10:30:00,5.75,27,26
57237,225,Medium,1900-01-01 04:00:00,1900-01-01 09:15:00,5.25,28,27
57238,226,Medium,1900-01-01 13:00:00,1900-01-01 19:05:00,6.083333333333333,29,28
57239,137,Short,1900-01-01 16:00:00,1900-01-01 22:20:00,6.333333333333333,21,20
57240,209,Medium,1900-01-01 05:15:00,1900-01-01 12:35:00,7.333333333333333,31,30
57241,220,Medium,1900-01-01 04:00:00,1900-01-01 09:15:00,5.25,35,34
57242,220,Medium,1900-01-01 15:15:00,1900-01-01 20:45:00,5.5,35,34
57255,168,Short,1900-01-01 04:30:00,1900-01-01 09:45:00,5.25,23,22
57256,168,Short,1900-01-01 17:10:00,1900-01-01 21:40:00,4.5,23,22
57257,602,Long,1900-01-01 01:05:00,1900-01-01 20:45:00,19.666666666666668,92,91
57258,603,Long,1900-01-01 07:00:00,1900-01-01 02:45:00,19.75,90,89
57264,29,Short,1900-01-01 23:05:00,1900-01-01 00:10:00,1.0833333333333333,7,6
57265,29,Short,1900-01-01 03:50:00,1900-01-01 05:05:00,1.25,7,6
57271,535,Long,1900-01-01 21:00:00,1900-01-01 14:25:00,17.416666666666668,68,67
57272,535,Long,1900-01-01 15:15:00,1900-01-01 09:00:00,17.75,71,70
57273,578,Long,1900-01-01 06:00:00,1900-01-01 21:45:00,15.75,59,58
57274,577,Long,1900-01-01 06:05:00,1900-01-01 21:15:00,15.166666666666666,60,59
57277,292,Medium,1900-01-01 06:10:00,1900-01-01 12:55:00,6.75,45,44
57278,220,Medium,1900-01-01 18:15:00,1900-01-01 23:30:00,5.25,34,33
57305,622,Long,1900-01-01 14:40:00,1900-01-01 08:45:00,18.083333333333332,78,77
57306,622,Long,1900-01-01 17:30:00,1900-01-01 09:45:00,16.25,56,55
57307,32,Short,1900-01-01 10:05:00,1900-01-01 11:30:00,1.4166666666666667,18,17
57308,32,Short,1900-01-01 12:40:00,1900-01-01 14:10:00,1.5,18,17
57317,130,Short,1900-01-01 08:00:00,1900-01-01 11:45:00,3.75,17,16
57320,130,Short,1900-01-01 16:30:00,1900-01-01 19:45:00,3.25,17,16
57323,35,Short,1900-01-01 15:00:00,1900-01-01 16:00:00,1.0,4,3
57324,35,Short,1900-01-01 13:05:00,1900-01-01 14:05:00,1.0,4,3
57325,622,Long,1900-01-01 05:10:00,1900-01-01 22:30:00,17.333333333333332,77,76
57326,622,Long,1900-01-01 05:15:00,1900-01-01 23:15:00,18.0,79,78
57327,333,Medium,1900-01-01 06:30:00,1900-01-01 15:20:00,8.833333333333334,36,35
57328,333,Medium,1900-01-01 12:10:00,1900-01-01 21:25:00,9.25,36,35
57329,379,Medium,1900-01-01 15:00:00,1900-01-01 03:00:00,12.0,49,48
57330,380,Medium,1900-01-01 01:00:00,1900-01-01 11:50:00,10.833333333333334,49,48
57381,171,Short,1900-01-01 16:35:00,1900-01-01 22:40:00,6.083333333333333,31,30
57382,171,Short,1900-01-01 06:05:00,1900-01-01 11:40:00,5.583333333333333,26,25
57401,104,Short,1900-01-01 06:45:00,1900-01-01 09:30:00,2.75,13,12
57402,104,Short,1900-01-01 14:40:00,1900-01-01 18:15:00,3.5833333333333335,13,12
57403,104,Short,1900-01-01 19:30:00,1900-01-01 22:20:00,2.8333333333333335,14,13
57404,104,Short,1900-01-01 06:15:00,1900-01-01 09:10:00,2.9166666666666665,14,13
57405,104,Short,1900-01-01 11:00:00,1900-01-01 14:00:00,3.0,13,12
57406,104,Short,1900-01-01 18:15:00,1900-01-01 22:10:00,3.9166666666666665,13,12
57411,83,Short,1900-01-01 13:45:00,1900-01-01 16:00:00,2.25,7,6
57412,83,Short,1900-01-01 10:55:00,1900-01-01 12:30:00,1.5833333333333333,7,6
57425,358,Medium,1900-01-01 09:40:00,1900-01-01 19:20:00,9.666666666666666,50,49
57426,356,Medium,1900-01-01 05:45:00,1900-01-01 15:50:00,10.083333333333334,49,48
57429,92,Short,1900-01-01 06:30:00,1900-01-01 09:10:00,2.6666666666666665,12,11
57430,93,Short,1900-01-01 17:30:00,1900-01-01 19:50:00,2.3333333333333335,12,11
57435,236,Medium,1900-01-01 17:35:00,1900-01-01 23:40:00,6.083333333333333,24,23
57436,236,Medium,1900-01-01 07:00:00,1900-01-01 12:50:00,5.833333333333333,41,40
57447,105,Short,1900-01-01 13:10:00,1900-01-01 15:45:00,2.5833333333333335,15,14
57448,182,Short,1900-01-01 16:10:00,1900-01-01 22:15:00,6.083333333333333,43,42
57451,234,Medium,1900-01-01 14:30:00,1900-01-01 21:45:00,7.25,22,21
57452,234,Medium,1900-01-01 07:05:00,1900-01-01 13:10:00,6.083333333333333,22,21
57456,105,Short,1900-01-01 14:10:00,1900-01-01 16:35:00,2.4166666666666665,20,19
57473,191,Short,1900-01-01 16:10:00,1900-01-01 22:55:00,6.75,40,39
57474,297,Medium,1900-01-01 04:45:00,1900-01-01 13:35:00,8.833333333333334,62,61
57475,370,Medium,1900-01-01 08:15:00,1900-01-01 20:15:00,12.0,39,38
57476,370,Medium,1900-01-01 07:10:00,1900-01-01 17:15:00,10.083333333333334,40,39
57477,473,Medium,1900-01-01 22:30:00,1900-01-01 12:00:00,13.5,42,41
57478,474,Medium,1900-01-01 14:25:00,1900-01-01 06:20:00,15.916666666666666,42,41
57486,77,Short,1900-01-01 05:50:00,1900-01-01 08:40:00,2.8333333333333335,27,26
57501,26,Short,1900-01-01 06:35:00,1900-01-01 07:35:00,1.0,5,4
57502,114,Short,1900-01-01 07:55:00,1900-01-01 11:25:00,3.5,16,15
57503,114,Short,1900-01-01 15:30:00,1900-01-01 19:00:00,3.5,16,15
57504,26,Short,1900-01-01 19:40:00,1900-01-01 20:45:00,1.0833333333333333,5,4
57512,58,Short,1900-01-01 09:40:00,1900-01-01 11:45:00,2.0833333333333335,8,7
57515,581,Long,1900-01-01 13:00:00,1900-01-01 04:25:00,15.416666666666666,57,56
57516,581,Long,1900-01-01 20:50:00,1900-01-01 11:55:00,15.083333333333334,58,57
57517,115,Short,1900-01-01 12:15:00,1900-01-01 15:00:00,2.75,15,14
57518,114,Short,1900-01-01 16:15:00,1900-01-01 19:10:00,2.9166666666666665,15,14
57521,92,Short,1900-01-01 20:45:00,1900-01-01 23:30:00,2.75,11,10
57522,92,Short,1900-01-01 16:15:00,1900-01-01 19:00:00,2.75,11,10
57539,298,Medium,1900-01-01 14:15:00,1900-01-01 22:40:00,8.416666666666666,36,35
57540,299,Medium,1900-01-01 13:15:00,1900-01-01 21:10:00,7.916666666666667,36,35
57541,325,Medium,1900-01-01 05:20:00,1900-01-01 15:20:00,10.0,34,33
57542,347,Medium,1900-01-01 18:45:00,1900-01-01 04:40:00,9.916666666666666,36,35
57547,435,Medium,1900-01-01 07:55:00,1900-01-01 21:05:00,13.166666666666666,48,47
57548,435,Medium,1900-01-01 07:30:00,1900-01-01 20:05:00,12.583333333333334,47,46
57549,583,Long,1900-01-01 21:35:00,1900-01-01 14:15:00,16.666666666666668,59,58
57550,583,Long,1900-01-01 15:35:00,1900-01-01 07:05:00,15.5,57,56
57551,223,Medium,1900-01-01 18:25:00,1900-01-01 23:50:00,5.416666666666667,30,29
57552,225,Medium,1900-01-01 15:15:00,1900-01-01 20:45:00,5.5,30,29
57553,316,Medium,1900-01-01 04:30:00,1900-01-01 12:55:00,8.416666666666666,41,40
57554,317,Medium,1900-01-01 03:30:00,1900-01-01 12:45:00,9.25,41,40
57557,110,Short,1900-01-01 06:05:00,1900-01-01 09:55:00,3.8333333333333335,16,15
57558,110,Short,1900-01-01 18:15:00,1900-01-01 21:05:00,2.8333333333333335,16,15
57561,623,Long,1900-01-01 04:50:00,1900-01-01 23:00:00,18.166666666666668,88,87
57562,620,Long,1900-01-01 05:20:00,1900-01-01 22:45:00,17.416666666666668,87,86
57563,340,Medium,1900-01-01 22:40:00,1900-01-01 09:15:00,10.583333333333334,45,44
57564,279,Medium,1900-01-01 23:30:00,1900-01-01 07:45:00,8.25,29,28
57581,206,Medium,1900-01-01 06:30:00,1900-01-01 11:20:00,4.833333333333333,26,25
57582,206,Medium,1900-01-01 07:00:00,1900-01-01 12:30:00,5.5,26,25
57583,206,Medium,1900-01-01 22:15:00,1900-01-01 04:30:00,6.25,26,25
57584,206,Medium,1900-01-01 22:00:00,1900-01-01 03:00:00,5.0,26,25
57590,19,Short,1900-01-01 23:15:00,1900-01-01 00:20:00,1.0833333333333333,3,2
57593,243,Medium,1900-01-01 15:10:00,1900-01-01 22:20:00,7.166666666666667,36,35
57594,243,Medium,1900-01-01 04:55:00,1900-01-01 12:10:00,7.25,36,35
57601,165,Short,1900-01-01 06:00:00,1900-01-01 10:35:00,4.583333333333333,23,22
57602,165,Short,1900-01-01 18:50:00,1900-01-01 23:00:00,4.166666666666667,21,20
57605,72,Short,1900-01-01 08:10:00,1900-01-01 10:20:00,2.1666666666666665,11,10
57606,79,Short,1900-01-01 10:55:00,1900-01-01 13:45:00,2.8333333333333335,12,11
57625,341,Medium,1900-01-01 18:40:00,1900-01-01 04:30:00,9.833333333333334,37,36
57626,341,Medium,1900-01-01 23:45:00,1900-01-01 09:25:00,9.666666666666666,37,36
57628,112,Short,1900-01-01 16:10:00,1900-01-01 19:30:00,3.3333333333333335,15,14
57631,377,Medium,1900-01-01 03:50:00,1900-01-01 13:00:00,9.166666666666666,37,36
57632,265,Medium,1900-01-01 15:30:00,1900-01-01 21:40:00,6.166666666666667,31,30
57641,299,Medium,1900-01-01 11:50:00,1900-01-01 19:40:00,7.833333333333333,37,36
57642,299,Medium,1900-01-01 02:00:00,1900-01-01 09:30:00,7.5,25,24
57649,36,Short,1900-01-01 22:55:00,1900-01-01 23:45:00,0.8333333333333334,5,4
57650,149,Short,1900-01-01 06:45:00,1900-01-01 10:45:00,4.0,19,18
57651,341,Medium,1900-01-01 10:50:00,1900-01-01 20:10:00,9.333333333333334,40,39
57652,341,Medium,1900-01-01 07:00:00,1900-01-01 17:00:00,10.0,40,39
57657,209,Medium,1900-01-01 06:15:00,1900-01-01 11:50:00,5.583333333333333,23,22
57658,209,Medium,1900-01-01 13:05:00,1900-01-01 18:30:00,5.416666666666667,23,22
57659,347,Medium,1900-01-01 10:25:00,1900-01-01 19:45:00,9.333333333333334,52,51
57660,235,Medium,1900-01-01 05:00:00,1900-01-01 12:40:00,7.666666666666667,38,37
57685,108,Short,1900-01-01 20:10:00,1900-01-01 22:50:00,2.6666666666666665,10,9
57686,108,Short,1900-01-01 00:05:00,1900-01-01 02:40:00,2.5833333333333335,8,7
57687,165,Short,1900-01-01 14:25:00,1900-01-01 18:30:00,4.083333333333333,14,13
57688,165,Short,1900-01-01 18:55:00,1900-01-01 23:45:00,4.833333333333333,11,10
57689,165,Short,1900-01-01 05:00:00,1900-01-01 09:25:00,4.416666666666667,12,11
57690,165,Short,1900-01-01 09:50:00,1900-01-01 13:55:00,4.083333333333333,16,15
58001,526,Long,1900-01-01 00:05:00,1900-01-01 15:30:00,15.416666666666666,91,90
58002,518,Long,1900-01-01 09:40:00,1900-01-01 01:40:00,16.0,90,89
58003,299,Medium,1900-01-01 15:25:00,1900-01-01 22:30:00,7.083333333333333,38,37
58004,298,Medium,1900-01-01 04:35:00,1900-01-01 11:30:00,6.916666666666667,39,38
58005,366,Medium,1900-01-01 04:40:00,1900-01-01 12:15:00,7.583333333333333,32,31
58006,366,Medium,1900-01-01 16:20:00,1900-01-01 23:50:00,7.5,32,31
58007,182,Short,1900-01-01 06:35:00,1900-01-01 11:00:00,4.416666666666667,28,27
58008,182,Short,1900-01-01 16:00:00,1900-01-01 20:00:00,4.0,28,27
58009,226,Medium,1900-01-01 15:55:00,1900-01-01 22:15:00,6.333333333333333,36,35
58010,226,Medium,1900-01-01 05:45:00,1900-01-01 11:10:00,5.416666666666667,36,35
58011,442,Medium,1900-01-01 23:05:00,1900-01-01 09:20:00,10.25,45,44
58012,441,Medium,1900-01-01 17:10:00,1900-01-01 04:20:00,11.166666666666666,45,44
58013,82,Short,1900-01-01 06:05:00,1900-01-01 09:00:00,2.9166666666666665,12,11
58014,82,Short,1900-01-01 19:15:00,1900-01-01 21:40:00,2.4166666666666665,12,11
58015,284,Medium,1900-01-01 17:45:00,1900-01-01 23:20:00,5.583333333333333,28,27
58016,284,Medium,1900-01-01 04:30:00,1900-01-01 10:10:00,5.666666666666667,28,27
58017,209,Medium,1900-01-01 05:30:00,1900-01-01 11:20:00,5.833333333333333,31,30
58018,210,Medium,1900-01-01 17:05:00,1900-01-01 22:25:00,5.333333333333333,31,30
58019,41,Short,1900-01-01 14:30:00,1900-01-01 15:55:00,1.4166666666666667,9,8
58020,41,Short,1900-01-01 12:10:00,1900-01-01 13:25:00,1.25,9,8
58021,137,Short,1900-01-01 09:15:00,1900-01-01 13:10:00,3.9166666666666665,18,17
58022,137,Short,1900-01-01 18:20:00,1900-01-01 21:10:00,2.8333333333333335,19,18
58023,161,Short,1900-01-01 15:00:00,1900-01-01 21:00:00,6.0,26,25
58024,162,Short,1900-01-01 04:30:00,1900-01-01 10:30:00,6.0,26,25
58025,339,Medium,1900-01-01 08:40:00,1900-01-01 19:30:00,10.833333333333334,44,43
58026,336,Medium,1900-01-01 09:00:00,1900-01-01 17:55:00,8.916666666666666,44,43
58029,62,Short,1900-01-01 13:40:00,1900-01-01 15:35:00,1.9166666666666667,10,9
58030,62,Short,1900-01-01 11:45:00,1900-01-01 13:10:00,1.4166666666666667,10,9
58031,69,Short,1900-01-01 13:40:00,1900-01-01 15:10:00,1.5,9,8
58032,69,Short,1900-01-01 11:20:00,1900-01-01 12:45:00,1.4166666666666667,9,8
58033,117,Short,1900-01-01 09:10:00,1900-01-01 12:30:00,3.3333333333333335,15,14
58034,114,Short,1900-01-01 15:45:00,1900-01-01 18:55:00,3.1666666666666665,15,14
58103,148,Short,1900-01-01 17:00:00,1900-01-01 21:10:00,4.166666666666667,18,17
58104,148,Short,1900-01-01 05:20:00,1900-01-01 09:55:00,4.583333333333333,18,17
58109,147,Short,1900-01-01 07:30:00,1900-01-01 11:30:00,4.0,19,18
58110,147,Short,1900-01-01 13:30:00,1900-01-01 19:15:00,5.75,19,18
58111,885,Long,1900-01-01 06:30:00,1900-01-01 06:35:00,0.08333333333333333,102,101
58112,883,Long,1900-01-01 21:15:00,1900-01-01 00:05:00,2.8333333333333335,109,108
58113,470,Medium,1900-01-01 17:45:00,1900-01-01 06:55:00,13.166666666666666,60,59
58114,469,Medium,1900-01-01 19:20:00,1900-01-01 09:50:00,14.5,61,60
58117,503,Long,1900-01-01 07:15:00,1900-01-01 21:20:00,14.083333333333334,65,64
58118,496,Medium,1900-01-01 05:05:00,1900-01-01 19:00:00,13.916666666666666,64,63
58131,520,Long,1900-01-01 08:00:00,1900-01-01 23:30:00,15.5,78,77
58132,526,Long,1900-01-01 04:25:00,1900-01-01 20:25:00,16.0,78,77
58133,101,Short,1900-01-01 14:50:00,1900-01-01 17:10:00,2.3333333333333335,15,14
58134,101,Short,1900-01-01 09:10:00,1900-01-01 12:15:00,3.0833333333333335,15,14
58135,48,Short,1900-01-01 04:38:00,1900-01-01 05:55:00,1.2833333333333334,9,8
58136,48,Short,1900-01-01 07:30:00,1900-01-01 09:00:00,1.5,9,8
58137,48,Short,1900-01-01 17:23:00,1900-01-01 18:45:00,1.3666666666666667,9,8
58138,48,Short,1900-01-01 19:15:00,1900-01-01 20:35:00,1.3333333333333333,9,8
58143,175,Short,1900-01-01 05:30:00,1900-01-01 11:30:00,6.0,26,25
58151,96,Short,1900-01-01 07:15:00,1900-01-01 10:30:00,3.25,12,11
58152,96,Short,1900-01-01 14:35:00,1900-01-01 17:50:00,3.25,12,11
58161,261,Medium,1900-01-01 11:45:00,1900-01-01 19:20:00,7.583333333333333,35,34
58162,261,Medium,1900-01-01 06:20:00,1900-01-01 14:00:00,7.666666666666667,34,33
58163,272,Medium,1900-01-01 05:45:00,1900-01-01 13:00:00,7.25,23,22
58164,269,Medium,1900-01-01 15:22:00,1900-01-01 21:20:00,5.966666666666667,23,22
58201,112,Short,1900-01-01 07:05:00,1900-01-01 09:45:00,2.6666666666666665,15,14
58202,111,Short,1900-01-01 19:25:00,1900-01-01 22:30:00,3.0833333333333335,15,14
58203,209,Medium,1900-01-01 07:55:00,1900-01-01 13:00:00,5.083333333333333,29,28
58204,209,Medium,1900-01-01 18:20:00,1900-01-01 23:55:00,5.583333333333333,29,28
58205,310,Medium,1900-01-01 13:30:00,1900-01-01 21:05:00,7.583333333333333,42,41
58206,302,Medium,1900-01-01 07:30:00,1900-01-01 17:30:00,10.0,43,42
58207,305,Medium,1900-01-01 15:15:00,1900-01-01 23:25:00,8.166666666666666,30,29
58208,305,Medium,1900-01-01 01:55:00,1900-01-01 10:15:00,8.333333333333334,30,29
58209,96,Short,1900-01-01 11:15:00,1900-01-01 13:50:00,2.5833333333333335,12,11
58210,97,Short,1900-01-01 07:35:00,1900-01-01 10:25:00,2.8333333333333335,15,14
58212,97,Short,1900-01-01 14:20:00,1900-01-01 17:00:00,2.6666666666666665,15,14
58213,431,Medium,1900-01-01 08:30:00,1900-01-01 21:50:00,13.333333333333334,48,47
58214,433,Medium,1900-01-01 06:50:00,1900-01-01 18:50:00,12.0,48,47
58217,204,Medium,1900-01-01 19:30:00,1900-01-01 00:30:00,5.0,13,12
58218,204,Medium,1900-01-01 02:00:00,1900-01-01 07:25:00,5.416666666666667,14,13
58219,237,Medium,1900-01-01 23:00:00,1900-01-01 07:50:00,8.833333333333334,29,28
58220,237,Medium,1900-01-01 20:30:00,1900-01-01 05:30:00,9.0,29,28
58221,214,Medium,1900-01-01 08:30:00,1900-01-01 13:55:00,5.416666666666667,20,19
58222,213,Medium,1900-01-01 14:15:00,1900-01-01 19:40:00,5.416666666666667,20,19
58223,143,Short,1900-01-01 07:25:00,1900-01-01 12:00:00,4.583333333333333,15,14
58224,174,Short,1900-01-01 12:30:00,1900-01-01 17:00:00,4.5,20,19
58227,64,Short,1900-01-01 17:45:00,1900-01-01 20:00:00,2.25,9,8
58301,494,Medium,1900-01-01 07:15:00,1900-01-01 22:30:00,15.25,41,40
58302,494,Medium,1900-01-01 03:00:00,1900-01-01 18:00:00,15.0,41,40
58303,54,Short,1900-01-01 13:00:00,1900-01-01 15:05:00,2.0833333333333335,6,5
58304,54,Short,1900-01-01 09:45:00,1900-01-01 11:15:00,1.5,6,5
58401,82,Short,1900-01-01 19:00:00,1900-01-01 20:50:00,1.8333333333333333,14,13
58402,82,Short,1900-01-01 06:30:00,1900-01-01 08:20:00,1.8333333333333333,14,13
58403,43,Short,1900-01-01 07:00:00,1900-01-01 08:30:00,1.5,11,10
58404,43,Short,1900-01-01 17:45:00,1900-01-01 19:00:00,1.25,11,10
58405,82,Short,1900-01-01 15:00:00,1900-01-01 16:35:00,1.5833333333333333,11,10
58406,82,Short,1900-01-01 10:45:00,1900-01-01 12:30:00,1.75,11,10
58408,142,Short,1900-01-01 17:50:00,1900-01-01 21:25:00,3.5833333333333335,30,29
58409,43,Short,1900-01-01 12:30:00,1900-01-01 13:45:00,1.25,11,10
58410,43,Short,1900-01-01 23:00:00,1900-01-01 00:15:00,1.25,11,10
58411,165,Short,1900-01-01 09:55:00,1900-01-01 14:15:00,4.333333333333333,27,26
58412,165,Short,1900-01-01 14:45:00,1900-01-01 18:35:00,3.8333333333333335,27,26
58413,202,Medium,1900-01-01 05:30:00,1900-01-01 11:40:00,6.166666666666667,42,41
58414,202,Medium,1900-01-01 16:30:00,1900-01-01 22:15:00,5.75,43,42
58415,90,Short,1900-01-01 16:50:00,1900-01-01 19:40:00,2.8333333333333335,21,20
58416,90,Short,1900-01-01 08:00:00,1900-01-01 11:05:00,3.0833333333333335,21,20
58417,380,Medium,1900-01-01 07:35:00,1900-01-01 20:15:00,12.666666666666666,59,58
58418,380,Medium,1900-01-01 06:25:00,1900-01-01 17:45:00,11.333333333333334,59,58
58419,239,Medium,1900-01-01 19:00:00,1900-01-01 01:20:00,6.333333333333333,36,35
58420,239,Medium,1900-01-01 05:45:00,1900-01-01 11:25:00,5.666666666666667,36,35
58421,196,Short,1900-01-01 05:15:00,1900-01-01 10:55:00,5.666666666666667,30,29
58422,196,Short,1900-01-01 16:15:00,1900-01-01 21:40:00,5.416666666666667,30,29
58423,115,Short,1900-01-01 13:45:00,1900-01-01 17:00:00,3.25,23,22
58424,115,Short,1900-01-01 09:05:00,1900-01-01 12:30:00,3.4166666666666665,23,22
58425,214,Medium,1900-01-01 06:30:00,1900-01-01 11:40:00,5.166666666666667,22,21
58426,214,Medium,1900-01-01 16:00:00,1900-01-01 21:05:00,5.083333333333333,22,21
58427,88,Short,1900-01-01 03:00:00,1900-01-01 05:55:00,2.9166666666666665,9,8
58428,88,Short,1900-01-01 20:45:00,1900-01-01 00:35:00,3.8333333333333335,8,7
58429,65,Short,1900-01-01 19:30:00,1900-01-01 21:15:00,1.75,7,6
58430,65,Short,1900-01-01 05:00:00,1900-01-01 06:45:00,1.75,7,6
58431,65,Short,1900-01-01 07:15:00,1900-01-01 08:50:00,1.5833333333333333,7,6
58432,65,Short,1900-01-01 09:20:00,1900-01-01 11:05:00,1.75,7,6
58433,192,Short,1900-01-01 17:30:00,1900-01-01 21:25:00,3.9166666666666665,18,17
58434,192,Short,1900-01-01 07:30:00,1900-01-01 11:15:00,3.75,17,16
58435,115,Short,1900-01-01 15:30:00,1900-01-01 18:30:00,3.0,23,22
58436,115,Short,1900-01-01 11:35:00,1900-01-01 15:10:00,3.5833333333333335,23,22
58501,471,Medium,1900-01-01 06:50:00,1900-01-01 20:45:00,13.916666666666666,53,52
58502,471,Medium,1900-01-01 06:15:00,1900-01-01 20:10:00,13.916666666666666,53,52
58503,184,Short,1900-01-01 05:00:00,1900-01-01 09:20:00,4.333333333333333,25,24
58504,184,Short,1900-01-01 16:55:00,1900-01-01 21:00:00,4.083333333333333,25,24
58505,267,Medium,1900-01-01 12:35:00,1900-01-01 21:20:00,8.75,28,27
58506,267,Medium,1900-01-01 05:20:00,1900-01-01 12:05:00,6.75,28,27
58525,202,Medium,1900-01-01 08:50:00,1900-01-01 14:45:00,5.916666666666667,27,26
58526,202,Medium,1900-01-01 11:35:00,1900-01-01 17:15:00,5.666666666666667,26,25
58527,528,Long,1900-01-01 05:30:00,1900-01-01 21:35:00,16.083333333333332,56,55
58528,528,Long,1900-01-01 02:55:00,1900-01-01 19:30:00,16.583333333333332,56,55
58529,570,Long,1900-01-01 18:30:00,1900-01-01 11:55:00,17.416666666666668,64,63
58530,571,Long,1900-01-01 21:40:00,1900-01-01 13:25:00,15.75,64,63
58531,202,Medium,1900-01-01 05:25:00,1900-01-01 10:00:00,4.583333333333333,27,26
58532,202,Medium,1900-01-01 18:35:00,1900-01-01 23:30:00,4.916666666666667,27,26
58533,266,Medium,1900-01-01 16:15:00,1900-01-01 23:40:00,7.416666666666667,43,42
58534,266,Medium,1900-01-01 04:25:00,1900-01-01 10:50:00,6.416666666666667,43,42
58535,82,Short,1900-01-01 11:15:00,1900-01-01 13:05:00,1.8333333333333333,14,13
58536,82,Short,1900-01-01 13:30:00,1900-01-01 15:20:00,1.8333333333333333,14,13
58537,357,Medium,1900-01-01 05:50:00,1900-01-01 15:45:00,9.916666666666666,39,38
58538,357,Medium,1900-01-01 07:05:00,1900-01-01 16:20:00,9.25,39,38
58601,168,Short,1900-01-01 17:20:00,1900-01-01 21:10:00,3.8333333333333335,22,21
58602,168,Short,1900-01-01 05:35:00,1900-01-01 10:30:00,4.916666666666667,22,21
58603,248,Medium,1900-01-01 14:15:00,1900-01-01 22:00:00,7.75,40,39
58604,249,Medium,1900-01-01 06:40:00,1900-01-01 14:00:00,7.333333333333333,40,39
58621,157,Short,1900-01-01 04:45:00,1900-01-01 10:00:00,5.25,22,21
58622,157,Short,1900-01-01 14:15:00,1900-01-01 20:40:00,6.416666666666667,22,21
58651,66,Short,1900-01-01 05:00:00,1900-01-01 06:30:00,1.5,10,9
58652,67,Short,1900-01-01 07:00:00,1900-01-01 08:30:00,1.5,10,9
58653,110,Short,1900-01-01 08:55:00,1900-01-01 11:30:00,2.5833333333333335,12,11
58654,111,Short,1900-01-01 12:00:00,1900-01-01 14:35:00,2.5833333333333335,12,11
58655,66,Short,1900-01-01 15:00:00,1900-01-01 16:30:00,1.5,10,9
58656,67,Short,1900-01-01 17:00:00,1900-01-01 18:30:00,1.5,10,9
58657,66,Short,1900-01-01 18:55:00,1900-01-01 20:25:00,1.5,10,9
58658,67,Short,1900-01-01 20:55:00,1900-01-01 22:15:00,1.3333333333333333,7,6
58659,160,Short,1900-01-01 16:40:00,1900-01-01 22:10:00,5.5,21,20
58660,160,Short,1900-01-01 04:40:00,1900-01-01 10:40:00,6.0,21,20
58661,222,Medium,1900-01-01 11:30:00,1900-01-01 17:45:00,6.25,29,28
58662,219,Medium,1900-01-01 04:20:00,1900-01-01 10:40:00,6.333333333333333,29,28
58701,215,Medium,1900-01-01 14:25:00,1900-01-01 20:10:00,5.75,24,23
58702,215,Medium,1900-01-01 08:25:00,1900-01-01 14:05:00,5.666666666666667,24,23
58711,51,Short,1900-01-01 07:50:00,1900-01-01 10:10:00,2.3333333333333335,8,7
58712,50,Short,1900-01-01 06:30:00,1900-01-01 08:40:00,2.1666666666666665,8,7
58713,51,Short,1900-01-01 13:30:00,1900-01-01 15:55:00,2.4166666666666665,8,7
58714,50,Short,1900-01-01 12:15:00,1900-01-01 14:25:00,2.1666666666666665,8,7
58715,51,Short,1900-01-01 19:25:00,1900-01-01 21:50:00,2.4166666666666665,8,7
58716,50,Short,1900-01-01 18:10:00,1900-01-01 20:20:00,2.1666666666666665,8,7
58717,22,Short,1900-01-01 17:05:00,1900-01-01 18:20:00,1.25,4,3
58718,22,Short,1900-01-01 09:35:00,1900-01-01 10:45:00,1.1666666666666667,4,3
58719,17,Short,1900-01-01 08:30:00,1900-01-01 09:20:00,0.8333333333333334,3,2
58720,16,Short,1900-01-01 06:55:00,1900-01-01 07:45:00,0.8333333333333334,3,2
58721,17,Short,1900-01-01 20:15:00,1900-01-01 21:05:00,0.8333333333333334,3,2
58722,16,Short,1900-01-01 18:35:00,1900-01-01 19:25:00,0.8333333333333334,3,2
58801,249,Medium,1900-01-01 14:15:00,1900-01-01 20:30:00,6.25,28,27
58802,249,Medium,1900-01-01 07:00:00,1900-01-01 13:45:00,6.75,28,27
58803,249,Medium,1900-01-01 05:45:00,1900-01-01 12:05:00,6.333333333333333,28,27
58804,249,Medium,1900-01-01 17:15:00,1900-01-01 23:00:00,5.75,28,27
58805,238,Medium,1900-01-01 10:20:00,1900-01-01 16:25:00,6.083333333333333,27,26
58806,103,Short,1900-01-01 19:10:00,1900-01-01 21:40:00,2.5,14,13
58808,135,Short,1900-01-01 07:20:00,1900-01-01 09:55:00,2.5833333333333335,14,13
58809,38,Short,1900-01-01 07:30:00,1900-01-01 08:45:00,1.25,7,6
58810,42,Short,1900-01-01 05:40:00,1900-01-01 07:10:00,1.5,8,7
58811,43,Short,1900-01-01 21:25:00,1900-01-01 23:10:00,1.75,8,7
58812,38,Short,1900-01-01 19:10:00,1900-01-01 20:30:00,1.3333333333333333,7,6
58813,38,Short,1900-01-01 14:00:00,1900-01-01 15:40:00,1.6666666666666667,7,6
58814,38,Short,1900-01-01 12:00:00,1900-01-01 13:15:00,1.25,7,6
58815,123,Short,1900-01-01 13:10:00,1900-01-01 17:10:00,4.0,20,19
58816,124,Short,1900-01-01 08:05:00,1900-01-01 11:35:00,3.5,20,19
58817,47,Short,1900-01-01 05:45:00,1900-01-01 07:20:00,1.5833333333333333,9,8
58818,46,Short,1900-01-01 17:35:00,1900-01-01 18:55:00,1.3333333333333333,9,8
58843,104,Short,1900-01-01 06:10:00,1900-01-01 10:50:00,4.666666666666667,17,16
58844,104,Short,1900-01-01 06:15:00,1900-01-01 10:30:00,4.25,17,16
58845,104,Short,1900-01-01 10:40:00,1900-01-01 15:10:00,4.5,17,16
58846,104,Short,1900-01-01 12:30:00,1900-01-01 17:00:00,4.5,17,16
58847,104,Short,1900-01-01 18:10:00,1900-01-01 22:35:00,4.416666666666667,17,16
58848,104,Short,1900-01-01 16:45:00,1900-01-01 21:00:00,4.25,17,16
58877,104,Short,1900-01-01 14:00:00,1900-01-01 19:20:00,5.333333333333333,17,16
58878,104,Short,1900-01-01 08:00:00,1900-01-01 13:15:00,5.25,17,16
59013,334,Medium,1900-01-01 23:35:00,1900-01-01 09:15:00,9.666666666666666,31,30
59014,335,Medium,1900-01-01 18:25:00,1900-01-01 04:10:00,9.75,31,30
59023,193,Short,1900-01-01 18:10:00,1900-01-01 22:55:00,4.75,20,19
59024,193,Short,1900-01-01 04:50:00,1900-01-01 09:15:00,4.416666666666667,21,20
59037,206,Medium,1900-01-01 17:10:00,1900-01-01 23:50:00,6.666666666666667,30,29
59038,206,Medium,1900-01-01 04:15:00,1900-01-01 09:55:00,5.666666666666667,31,30
59039,138,Short,1900-01-01 11:25:00,1900-01-01 14:30:00,3.0833333333333335,18,17
59040,114,Short,1900-01-01 13:55:00,1900-01-01 16:15:00,2.3333333333333335,14,13
59045,158,Short,1900-01-01 09:25:00,1900-01-01 13:15:00,3.8333333333333335,20,19
59046,182,Short,1900-01-01 16:30:00,1900-01-01 21:10:00,4.666666666666667,23,22
59048,68,Short,1900-01-01 18:20:00,1900-01-01 20:05:00,1.75,13,12
59049,362,Medium,1900-01-01 06:05:00,1900-01-01 20:10:00,14.083333333333334,62,61
59050,362,Medium,1900-01-01 07:50:00,1900-01-01 20:45:00,12.916666666666666,62,61
59075,334,Medium,1900-01-01 07:20:00,1900-01-01 19:20:00,12.0,44,43
59076,335,Medium,1900-01-01 08:45:00,1900-01-01 19:45:00,11.0,44,43
59077,334,Medium,1900-01-01 16:45:00,1900-01-01 01:50:00,9.083333333333334,30,29
59078,335,Medium,1900-01-01 21:15:00,1900-01-01 07:35:00,10.333333333333334,31,30
59101,62,Short,1900-01-01 15:55:00,1900-01-01 19:25:00,3.5,11,10
59102,62,Short,1900-01-01 05:10:00,1900-01-01 08:35:00,3.4166666666666665,11,10
59103,62,Short,1900-01-01 09:15:00,1900-01-01 12:50:00,3.5833333333333335,11,10
59104,62,Short,1900-01-01 14:00:00,1900-01-01 17:25:00,3.4166666666666665,11,10
59117,99,Short,1900-01-01 07:20:00,1900-01-01 09:50:00,2.5,18,17
59118,105,Short,1900-01-01 06:15:00,1900-01-01 09:05:00,2.8333333333333335,19,18
59119,105,Short,1900-01-01 17:50:00,1900-01-01 20:40:00,2.8333333333333335,19,18
59120,99,Short,1900-01-01 17:05:00,1900-01-01 19:35:00,2.5,18,17
59121,105,Short,1900-01-01 09:50:00,1900-01-01 12:40:00,2.8333333333333335,19,18
59122,105,Short,1900-01-01 10:45:00,1900-01-01 13:40:00,2.9166666666666665,19,18
59151,104,Short,1900-01-01 18:25:00,1900-01-01 21:45:00,3.3333333333333335,10,9
59152,104,Short,1900-01-01 06:00:00,1900-01-01 09:20:00,3.3333333333333335,10,9
59153,104,Short,1900-01-01 10:00:00,1900-01-01 13:30:00,3.5,10,9
59154,104,Short,1900-01-01 14:15:00,1900-01-01 17:45:00,3.5,10,9
59161,105,Short,1900-01-01 05:45:00,1900-01-01 09:00:00,3.25,20,19
59162,105,Short,1900-01-01 17:45:00,1900-01-01 21:00:00,3.25,20,19
59163,13,Short,1900-01-01 12:15:00,1900-01-01 13:15:00,1.0,3,2
59164,13,Short,1900-01-01 10:00:00,1900-01-01 11:05:00,1.0833333333333333,3,2
59167,62,Short,1900-01-01 16:30:00,1900-01-01 19:15:00,2.75,14,13
59168,62,Short,1900-01-01 06:15:00,1900-01-01 09:00:00,2.75,14,13
59169,13,Short,1900-01-01 07:30:00,1900-01-01 08:30:00,1.0,3,2
59170,13,Short,1900-01-01 16:05:00,1900-01-01 17:10:00,1.0833333333333333,3,2
59201,47,Short,1900-01-01 11:40:00,1900-01-01 13:00:00,1.3333333333333333,8,7
59202,47,Short,1900-01-01 09:55:00,1900-01-01 11:20:00,1.4166666666666667,8,7
59203,169,Short,1900-01-01 17:05:00,1900-01-01 21:00:00,3.9166666666666665,22,21
59204,169,Short,1900-01-01 11:35:00,1900-01-01 15:30:00,3.9166666666666665,22,21
59205,114,Short,1900-01-01 14:15:00,1900-01-01 16:50:00,2.5833333333333335,11,10
59206,108,Short,1900-01-01 10:10:00,1900-01-01 12:25:00,2.25,11,10
59207,535,Long,1900-01-01 21:35:00,1900-01-01 13:05:00,15.5,60,59
59208,535,Long,1900-01-01 14:45:00,1900-01-01 05:40:00,14.916666666666666,59,58
59211,222,Medium,1900-01-01 14:10:00,1900-01-01 20:00:00,5.833333333333333,21,20
59212,216,Medium,1900-01-01 07:00:00,1900-01-01 13:35:00,6.583333333333333,21,20
59213,52,Short,1900-01-01 08:40:00,1900-01-01 09:50:00,1.1666666666666667,8,7
59214,52,Short,1900-01-01 06:20:00,1900-01-01 07:40:00,1.3333333333333333,7,6
59215,52,Short,1900-01-01 21:15:00,1900-01-01 22:35:00,1.3333333333333333,7,6
59216,52,Short,1900-01-01 19:05:00,1900-01-01 20:25:00,1.3333333333333333,8,7
59225,201,Medium,1900-01-01 09:10:00,1900-01-01 14:10:00,5.0,25,24
59226,201,Medium,1900-01-01 14:20:00,1900-01-01 19:25:00,5.083333333333333,25,24
59227,91,Short,1900-01-01 21:20:00,1900-01-01 23:25:00,2.0833333333333335,12,11
59228,91,Short,1900-01-01 05:00:00,1900-01-01 07:05:00,2.0833333333333335,12,11
59229,206,Medium,1900-01-01 03:40:00,1900-01-01 09:00:00,5.333333333333333,23,22
59230,206,Medium,1900-01-01 18:55:00,1900-01-01 00:05:00,5.166666666666667,24,23
59231,78,Short,1900-01-01 18:50:00,1900-01-01 20:35:00,1.75,10,9
59232,78,Short,1900-01-01 07:15:00,1900-01-01 09:10:00,1.9166666666666667,10,9
59233,169,Short,1900-01-01 09:35:00,1900-01-01 13:55:00,4.333333333333333,20,19
59234,169,Short,1900-01-01 14:25:00,1900-01-01 18:15:00,3.8333333333333335,20,19
59235,152,Short,1900-01-01 06:25:00,1900-01-01 09:50:00,3.4166666666666665,22,21
59236,152,Short,1900-01-01 17:20:00,1900-01-01 20:55:00,3.5833333333333335,22,21
59243,38,Short,1900-01-01 11:40:00,1900-01-01 12:55:00,1.25,7,6
59244,38,Short,1900-01-01 10:10:00,1900-01-01 11:25:00,1.25,7,6
59267,47,Short,1900-01-01 08:10:00,1900-01-01 09:40:00,1.5,8,7
59268,47,Short,1900-01-01 06:30:00,1900-01-01 07:50:00,1.3333333333333333,8,7
59269,47,Short,1900-01-01 18:50:00,1900-01-01 20:10:00,1.3333333333333333,8,7
59270,47,Short,1900-01-01 17:05:00,1900-01-01 18:25:00,1.3333333333333333,8,7
59271,169,Short,1900-01-01 13:35:00,1900-01-01 17:55:00,4.333333333333333,18,17
59272,169,Short,1900-01-01 08:20:00,1900-01-01 12:25:00,4.083333333333333,18,17
59295,47,Short,1900-01-01 15:20:00,1900-01-01 16:40:00,1.3333333333333333,8,7
59296,47,Short,1900-01-01 13:30:00,1900-01-01 14:50:00,1.3333333333333333,8,7
59297,236,Medium,1900-01-01 06:00:00,1900-01-01 11:45:00,5.75,23,22
59298,236,Medium,1900-01-01 14:20:00,1900-01-01 20:55:00,6.583333333333333,23,22
59306,78,Short,1900-01-01 08:05:00,1900-01-01 10:20:00,2.25,10,9
59307,78,Short,1900-01-01 18:00:00,1900-01-01 20:05:00,2.0833333333333335,10,9
59317,54,Short,1900-01-01 18:00:00,1900-01-01 19:35:00,1.5833333333333333,8,7
59318,54,Short,1900-01-01 07:00:00,1900-01-01 08:30:00,1.5,8,7
59319,183,Short,1900-01-01 17:05:00,1900-01-01 22:15:00,5.166666666666667,25,24
59320,183,Short,1900-01-01 06:40:00,1900-01-01 11:05:00,4.416666666666667,25,24
59341,428,Medium,1900-01-01 11:35:00,1900-01-01 23:25:00,11.833333333333334,44,43
59342,428,Medium,1900-01-01 04:00:00,1900-01-01 15:00:00,11.0,44,43
59345,44,Short,1900-01-01 10:20:00,1900-01-01 11:20:00,1.0,6,5
59346,44,Short,1900-01-01 08:50:00,1900-01-01 09:45:00,0.9166666666666666,6,5
59353,54,Short,1900-01-01 23:30:00,1900-01-01 01:00:00,1.5,8,7
59354,54,Short,1900-01-01 20:40:00,1900-01-01 22:15:00,1.5833333333333333,8,7
59355,585,Long,1900-01-01 07:00:00,1900-01-01 23:45:00,16.75,65,64
59356,585,Long,1900-01-01 05:00:00,1900-01-01 21:15:00,16.25,65,64
59357,86,Short,1900-01-01 09:10:00,1900-01-01 12:05:00,2.9166666666666665,16,15
59358,86,Short,1900-01-01 13:45:00,1900-01-01 17:00:00,3.25,16,15
59359,75,Short,1900-01-01 17:20:00,1900-01-01 19:15:00,1.9166666666666667,9,8
59360,75,Short,1900-01-01 06:40:00,1900-01-01 08:40:00,2.0,9,8
59379,74,Short,1900-01-01 05:20:00,1900-01-01 07:25:00,2.0833333333333335,7,6
59380,74,Short,1900-01-01 10:30:00,1900-01-01 12:20:00,1.8333333333333333,7,6
59385,553,Long,1900-01-01 13:00:00,1900-01-01 04:30:00,15.5,49,48
59386,553,Long,1900-01-01 21:05:00,1900-01-01 13:15:00,16.166666666666668,48,47
59387,133,Short,1900-01-01 15:15:00,1900-01-01 19:30:00,4.25,17,16
59388,133,Short,1900-01-01 08:05:00,1900-01-01 12:45:00,4.666666666666667,17,16
59393,397,Medium,1900-01-01 05:40:00,1900-01-01 15:50:00,10.166666666666666,50,49
59394,398,Medium,1900-01-01 12:10:00,1900-01-01 23:00:00,10.833333333333334,50,49
59395,133,Short,1900-01-01 13:35:00,1900-01-01 20:00:00,6.416666666666667,13,12
59396,137,Short,1900-01-01 08:00:00,1900-01-01 13:05:00,5.083333333333333,15,14
59421,184,Short,1900-01-01 07:50:00,1900-01-01 12:30:00,4.666666666666667,21,20
59422,189,Short,1900-01-01 04:20:00,1900-01-01 09:30:00,5.166666666666667,22,21
59423,189,Short,1900-01-01 18:15:00,1900-01-01 23:40:00,5.416666666666667,22,21
59424,184,Short,1900-01-01 17:25:00,1900-01-01 22:05:00,4.666666666666667,21,20
59425,358,Medium,1900-01-01 06:25:00,1900-01-01 15:25:00,9.0,38,37
59426,358,Medium,1900-01-01 13:30:00,1900-01-01 22:10:00,8.666666666666666,38,37
59439,490,Medium,1900-01-01 12:15:00,1900-01-01 04:00:00,15.75,72,71
59440,490,Medium,1900-01-01 23:10:00,1900-01-01 15:00:00,15.833333333333334,66,65
59441,490,Medium,1900-01-01 22:40:00,1900-01-01 14:55:00,16.25,74,73
59442,490,Medium,1900-01-01 12:40:00,1900-01-01 04:35:00,15.916666666666666,74,73
59473,111,Short,1900-01-01 03:30:00,1900-01-01 07:10:00,3.6666666666666665,15,14
59474,111,Short,1900-01-01 20:00:00,1900-01-01 23:55:00,3.9166666666666665,15,14
59475,40,Short,1900-01-01 09:45:00,1900-01-01 10:40:00,0.9166666666666666,6,5
59476,40,Short,1900-01-01 12:05:00,1900-01-01 13:10:00,1.0833333333333333,6,5
59477,40,Short,1900-01-01 15:20:00,1900-01-01 16:15:00,0.9166666666666666,6,5
59478,40,Short,1900-01-01 17:05:00,1900-01-01 18:00:00,0.9166666666666666,6,5
59481,40,Short,1900-01-01 18:30:00,1900-01-01 19:25:00,0.9166666666666666,6,5
59482,40,Short,1900-01-01 07:30:00,1900-01-01 08:25:00,0.9166666666666666,6,5
59483,40,Short,1900-01-01 06:05:00,1900-01-01 07:10:00,1.0833333333333333,6,5
59484,40,Short,1900-01-01 20:00:00,1900-01-01 20:55:00,0.9166666666666666,6,5
59503,429,Medium,1900-01-01 12:40:00,1900-01-01 00:50:00,12.166666666666666,48,47
59504,429,Medium,1900-01-01 02:45:00,1900-01-01 16:45:00,14.0,48,47
59507,189,Short,1900-01-01 05:10:00,1900-01-01 10:05:00,4.916666666666667,18,17
59508,189,Short,1900-01-01 11:00:00,1900-01-01 16:00:00,5.0,18,17
59509,64,Short,1900-01-01 08:30:00,1900-01-01 10:10:00,1.6666666666666667,8,7
59510,64,Short,1900-01-01 06:00:00,1900-01-01 07:35:00,1.5833333333333333,8,7
59511,64,Short,1900-01-01 20:00:00,1900-01-01 21:35:00,1.5833333333333333,8,7
59512,64,Short,1900-01-01 17:35:00,1900-01-01 19:15:00,1.6666666666666667,8,7
59547,495,Medium,1900-01-01 12:00:00,1900-01-01 05:30:00,17.5,49,48
59548,495,Medium,1900-01-01 22:10:00,1900-01-01 14:10:00,16.0,45,44
59549,99,Short,1900-01-01 08:20:00,1900-01-01 10:40:00,2.3333333333333335,8,7
59550,99,Short,1900-01-01 15:10:00,1900-01-01 17:30:00,2.3333333333333335,8,7
59601,139,Short,1900-01-01 05:10:00,1900-01-01 09:00:00,3.8333333333333335,19,18
59602,139,Short,1900-01-01 18:20:00,1900-01-01 21:50:00,3.5,19,18
59603,306,Medium,1900-01-01 07:00:00,1900-01-01 17:10:00,10.166666666666666,39,38
59604,306,Medium,1900-01-01 09:30:00,1900-01-01 18:50:00,9.333333333333334,39,38
59605,114,Short,1900-01-01 05:45:00,1900-01-01 08:35:00,2.8333333333333335,13,12
59606,114,Short,1900-01-01 19:30:00,1900-01-01 22:35:00,3.0833333333333335,13,12
59607,31,Short,1900-01-01 09:50:00,1900-01-01 10:50:00,1.0,5,4
59608,31,Short,1900-01-01 16:20:00,1900-01-01 17:20:00,1.0,5,4
59705,563,Long,1900-01-01 06:00:00,1900-01-01 21:00:00,15.0,55,54
59706,562,Long,1900-01-01 05:00:00,1900-01-01 18:10:00,13.166666666666666,55,54
59707,77,Short,1900-01-01 10:30:00,1900-01-01 12:25:00,1.9166666666666667,10,9
59708,66,Short,1900-01-01 08:25:00,1900-01-01 10:10:00,1.75,9,8
59709,66,Short,1900-01-01 16:50:00,1900-01-01 18:55:00,2.0833333333333335,10,9
59710,77,Short,1900-01-01 14:30:00,1900-01-01 16:30:00,2.0,11,10
59711,142,Short,1900-01-01 14:15:00,1900-01-01 17:55:00,3.6666666666666665,17,16
59712,143,Short,1900-01-01 08:50:00,1900-01-01 12:30:00,3.6666666666666665,17,16
59713,54,Short,1900-01-01 07:00:00,1900-01-01 08:15:00,1.25,10,9
59714,54,Short,1900-01-01 18:45:00,1900-01-01 20:20:00,1.5833333333333333,10,9
59715,215,Medium,1900-01-01 03:30:00,1900-01-01 08:30:00,5.0,28,27
59716,215,Medium,1900-01-01 05:30:00,1900-01-01 10:45:00,5.25,28,27
59717,215,Medium,1900-01-01 17:25:00,1900-01-01 22:40:00,5.25,28,27
59718,215,Medium,1900-01-01 19:40:00,1900-01-01 00:55:00,5.25,28,27
59719,215,Medium,1900-01-01 11:30:00,1900-01-01 16:30:00,5.0,28,27
59720,215,Medium,1900-01-01 09:05:00,1900-01-01 14:25:00,5.333333333333333,28,27
59721,367,Medium,1900-01-01 05:15:00,1900-01-01 13:35:00,8.333333333333334,42,41
59722,367,Medium,1900-01-01 14:05:00,1900-01-01 22:35:00,8.5,42,41
59727,213,Medium,1900-01-01 07:40:00,1900-01-01 13:35:00,5.916666666666667,25,24
59728,213,Medium,1900-01-01 23:40:00,1900-01-01 04:40:00,5.0,17,16
59729,213,Medium,1900-01-01 20:25:00,1900-01-01 02:00:00,5.583333333333333,17,16
59730,213,Medium,1900-01-01 14:50:00,1900-01-01 20:00:00,5.166666666666667,25,24
59731,66,Short,1900-01-01 06:30:00,1900-01-01 08:20:00,1.8333333333333333,10,9
59732,66,Short,1900-01-01 04:25:00,1900-01-01 06:10:00,1.75,10,9
59733,66,Short,1900-01-01 20:30:00,1900-01-01 22:15:00,1.75,9,8
59734,66,Short,1900-01-01 18:20:00,1900-01-01 20:10:00,1.8333333333333333,9,8
59735,47,Short,1900-01-01 06:20:00,1900-01-01 07:20:00,1.0,4,3
59736,47,Short,1900-01-01 05:00:00,1900-01-01 06:00:00,1.0,4,3
59803,265,Medium,1900-01-01 13:20:00,1900-01-01 19:45:00,6.416666666666667,24,23
59804,265,Medium,1900-01-01 05:55:00,1900-01-01 12:55:00,7.0,24,23
59805,268,Medium,1900-01-01 06:40:00,1900-01-01 12:55:00,6.25,23,22
59806,268,Medium,1900-01-01 13:35:00,1900-01-01 20:00:00,6.416666666666667,22,21
59811,688,Long,1900-01-01 08:35:00,1900-01-01 06:00:00,21.416666666666668,71,70
59812,691,Long,1900-01-01 18:40:00,1900-01-01 15:35:00,20.916666666666668,71,70
59813,330,Medium,1900-01-01 07:15:00,1900-01-01 17:35:00,10.333333333333334,42,41
59814,328,Medium,1900-01-01 07:45:00,1900-01-01 17:15:00,9.5,41,40
59821,499,Medium,1900-01-01 22:05:00,1900-01-01 14:40:00,16.583333333333332,42,41
59822,499,Medium,1900-01-01 18:10:00,1900-01-01 09:45:00,15.583333333333334,47,46
59823,87,Short,1900-01-01 06:20:00,1900-01-01 08:50:00,2.5,14,13
59824,87,Short,1900-01-01 09:55:00,1900-01-01 12:25:00,2.5,14,13
59825,87,Short,1900-01-01 14:30:00,1900-01-01 16:55:00,2.4166666666666665,14,13
59826,87,Short,1900-01-01 18:50:00,1900-01-01 21:25:00,2.5833333333333335,14,13
59827,36,Short,1900-01-01 15:00:00,1900-01-01 16:05:00,1.0833333333333333,3,2
59828,36,Short,1900-01-01 17:30:00,1900-01-01 18:30:00,1.0,3,2
59831,527,Long,1900-01-01 07:25:00,1900-01-01 22:30:00,15.083333333333334,64,63
59832,527,Long,1900-01-01 09:45:00,1900-01-01 01:10:00,15.416666666666666,63,62
59833,227,Medium,1900-01-01 22:45:00,1900-01-01 05:55:00,7.166666666666667,15,14
59834,227,Medium,1900-01-01 22:30:00,1900-01-01 04:45:00,6.25,15,14
59835,169,Short,1900-01-01 06:50:00,1900-01-01 11:45:00,4.916666666666667,20,19
59836,169,Short,1900-01-01 14:15:00,1900-01-01 20:05:00,5.833333333333333,20,19
59837,85,Short,1900-01-01 09:45:00,1900-01-01 12:10:00,2.4166666666666665,11,10
59838,85,Short,1900-01-01 07:00:00,1900-01-01 09:20:00,2.3333333333333335,11,10
59839,85,Short,1900-01-01 18:30:00,1900-01-01 20:45:00,2.25,11,10
59840,85,Short,1900-01-01 15:45:00,1900-01-01 18:05:00,2.3333333333333335,11,10
61631,138,Short,1900-01-01 09:00:00,1900-01-01 12:20:00,3.3333333333333335,16,15
61632,138,Short,1900-01-01 17:45:00,1900-01-01 21:05:00,3.3333333333333335,16,15
63105,230,Medium,1900-01-01 20:20:00,1900-01-01 01:05:00,4.75,31,30
63108,229,Medium,1900-01-01 04:30:00,1900-01-01 09:57:00,5.45,34,33
63141,228,Medium,1900-01-01 12:05:00,1900-01-01 18:05:00,6.0,30,29
63142,228,Medium,1900-01-01 14:25:00,1900-01-01 19:50:00,5.416666666666667,36,35
63151,6,Short,1900-01-01 05:40:00,1900-01-01 06:00:00,0.3333333333333333,3,2
63153,6,Short,1900-01-01 08:45:00,1900-01-01 09:05:00,0.3333333333333333,3,2
63154,6,Short,1900-01-01 09:30:00,1900-01-01 09:50:00,0.3333333333333333,3,2
63155,6,Short,1900-01-01 10:00:00,1900-01-01 10:20:00,0.3333333333333333,3,2
63156,6,Short,1900-01-01 10:50:00,1900-01-01 11:10:00,0.3333333333333333,3,2
63157,6,Short,1900-01-01 12:30:00,1900-01-01 12:50:00,0.3333333333333333,3,2
63158,6,Short,1900-01-01 13:05:00,1900-01-01 13:25:00,0.3333333333333333,3,2
63159,6,Short,1900-01-01 14:40:00,1900-01-01 15:00:00,0.3333333333333333,3,2
63160,6,Short,1900-01-01 15:15:00,1900-01-01 15:35:00,0.3333333333333333,3,2
63161,6,Short,1900-01-01 16:40:00,1900-01-01 17:00:00,0.3333333333333333,3,2
63162,6,Short,1900-01-01 17:10:00,1900-01-01 17:30:00,0.3333333333333333,3,2
63163,6,Short,1900-01-01 17:45:00,1900-01-01 18:05:00,0.3333333333333333,3,2
63164,6,Short,1900-01-01 18:25:00,1900-01-01 18:45:00,0.3333333333333333,3,2
63165,6,Short,1900-01-01 19:50:00,1900-01-01 20:10:00,0.3333333333333333,3,2
63166,6,Short,1900-01-01 20:30:00,1900-01-01 20:50:00,0.3333333333333333,3,2
63167,6,Short,1900-01-01 22:50:00,1900-01-01 23:05:00,0.25,2,1
63168,6,Short,1900-01-01 23:30:00,1900-01-01 23:45:00,0.25,2,1
63169,6,Short,1900-01-01 03:35:00,1900-01-01 03:50:00,0.25,3,2
63203,34,Short,1900-01-01 04:10:00,1900-01-01 05:55:00,1.75,8,7
63204,34,Short,1900-01-01 20:50:00,1900-01-01 22:40:00,1.8333333333333333,8,7
63205,123,Short,1900-01-01 02:10:00,1900-01-01 07:00:00,4.833333333333333,25,24
63206,123,Short,1900-01-01 19:50:00,1900-01-01 01:40:00,5.833333333333333,22,21
63207,177,Short,1900-01-01 05:35:00,1900-01-01 12:45:00,7.166666666666667,30,29
63208,221,Medium,1900-01-01 08:40:00,1900-01-01 15:55:00,7.25,34,33
63209,177,Short,1900-01-01 08:10:00,1900-01-01 15:00:00,6.833333333333333,29,28
63210,177,Short,1900-01-01 11:05:00,1900-01-01 17:20:00,6.25,30,29
63211,221,Medium,1900-01-01 16:15:00,1900-01-01 01:05:00,8.833333333333334,34,33
63212,177,Short,1900-01-01 14:30:00,1900-01-01 20:35:00,6.083333333333333,29,28
63213,49,Short,1900-01-01 17:15:00,1900-01-01 18:50:00,1.5833333333333333,11,10
63214,49,Short,1900-01-01 07:05:00,1900-01-01 08:35:00,1.5,13,12
63217,98,Short,1900-01-01 06:05:00,1900-01-01 09:45:00,3.6666666666666665,18,17
63218,98,Short,1900-01-01 17:55:00,1900-01-01 21:30:00,3.5833333333333335,18,17
63219,75,Short,1900-01-01 09:55:00,1900-01-01 12:25:00,2.5,14,13
63220,85,Short,1900-01-01 16:15:00,1900-01-01 19:35:00,3.3333333333333335,17,16
63221,89,Short,1900-01-01 05:30:00,1900-01-01 07:45:00,2.25,7,6
63222,89,Short,1900-01-01 18:10:00,1900-01-01 20:40:00,2.5,7,6
63223,49,Short,1900-01-01 21:50:00,1900-01-01 23:55:00,2.0833333333333335,10,9
63224,49,Short,1900-01-01 03:30:00,1900-01-01 05:00:00,1.5,10,9
63225,207,Medium,1900-01-01 12:05:00,1900-01-01 19:15:00,7.166666666666667,34,33
63226,225,Medium,1900-01-01 13:40:00,1900-01-01 21:05:00,7.416666666666667,39,38
63227,207,Medium,1900-01-01 08:00:00,1900-01-01 15:15:00,7.25,37,36
63228,207,Medium,1900-01-01 15:35:00,1900-01-01 23:30:00,7.916666666666667,31,30
63231,207,Medium,1900-01-01 19:55:00,1900-01-01 03:50:00,7.916666666666667,33,32
63232,117,Short,1900-01-01 06:40:00,1900-01-01 11:00:00,4.333333333333333,18,17
63233,225,Medium,1900-01-01 05:15:00,1900-01-01 13:20:00,8.083333333333334,35,34
63234,207,Medium,1900-01-01 07:30:00,1900-01-01 17:05:00,9.583333333333334,29,28
63235,89,Short,1900-01-01 04:00:00,1900-01-01 06:35:00,2.5833333333333335,11,10
63237,152,Short,1900-01-01 04:30:00,1900-01-01 09:10:00,4.666666666666667,21,20
63238,152,Short,1900-01-01 18:30:00,1900-01-01 23:00:00,4.5,20,19
63240,89,Short,1900-01-01 20:20:00,1900-01-01 00:15:00,3.9166666666666665,11,10
63241,94,Short,1900-01-01 05:00:00,1900-01-01 08:05:00,3.0833333333333335,26,25
63242,91,Short,1900-01-01 05:00:00,1900-01-01 08:00:00,3.0,13,12
63243,94,Short,1900-01-01 06:15:00,1900-01-01 09:15:00,3.0,26,25
63244,94,Short,1900-01-01 05:45:00,1900-01-01 08:45:00,3.0,26,25
63245,91,Short,1900-01-01 08:30:00,1900-01-01 11:30:00,3.0,17,16
63246,91,Short,1900-01-01 08:30:00,1900-01-01 11:30:00,3.0,17,16
63247,91,Short,1900-01-01 09:15:00,1900-01-01 12:15:00,3.0,13,12
63248,94,Short,1900-01-01 09:30:00,1900-01-01 12:20:00,2.8333333333333335,26,25
63249,91,Short,1900-01-01 12:00:00,1900-01-01 14:45:00,2.75,16,15
63250,85,Short,1900-01-01 11:45:00,1900-01-01 14:20:00,2.5833333333333335,14,13
63251,91,Short,1900-01-01 13:00:00,1900-01-01 16:00:00,3.0,18,17
63252,91,Short,1900-01-01 12:45:00,1900-01-01 15:25:00,2.6666666666666665,17,16
63253,91,Short,1900-01-01 15:30:00,1900-01-01 18:30:00,3.0,15,14
63254,94,Short,1900-01-01 15:15:00,1900-01-01 18:00:00,2.75,24,23
63255,91,Short,1900-01-01 18:30:00,1900-01-01 21:30:00,3.0,13,12
63256,91,Short,1900-01-01 16:30:00,1900-01-01 19:30:00,3.0,13,12
63257,94,Short,1900-01-01 20:00:00,1900-01-01 23:00:00,3.0,26,25
63258,94,Short,1900-01-01 19:00:00,1900-01-01 22:00:00,3.0,26,25
63259,91,Short,1900-01-01 22:30:00,1900-01-01 01:35:00,3.0833333333333335,18,17
63260,94,Short,1900-01-01 22:00:00,1900-01-01 01:00:00,3.0,21,20
63261,139,Short,1900-01-01 16:20:00,1900-01-01 23:50:00,7.5,27,26
63262,139,Short,1900-01-01 04:55:00,1900-01-01 10:15:00,5.333333333333333,24,23
63263,117,Short,1900-01-01 14:50:00,1900-01-01 19:05:00,4.25,20,19
63264,207,Medium,1900-01-01 05:10:00,1900-01-01 14:50:00,9.666666666666666,31,30
63271,89,Short,1900-01-01 15:30:00,1900-01-01 19:10:00,3.6666666666666665,15,14
63272,89,Short,1900-01-01 05:05:00,1900-01-01 09:45:00,4.666666666666667,15,14
63273,20,Short,1900-01-01 11:30:00,1900-01-01 12:45:00,1.25,6,5
63274,18,Short,1900-01-01 09:50:00,1900-01-01 11:00:00,1.1666666666666667,7,6
63275,20,Short,1900-01-01 13:00:00,1900-01-01 14:15:00,1.25,6,5
63276,18,Short,1900-01-01 13:00:00,1900-01-01 14:05:00,1.0833333333333333,7,6
63279,93,Short,1900-01-01 17:30:00,1900-01-01 20:25:00,2.9166666666666665,20,19
63280,120,Short,1900-01-01 20:10:00,1900-01-01 02:25:00,6.25,25,24
63283,120,Short,1900-01-01 15:00:00,1900-01-01 19:45:00,4.75,25,24
63284,120,Short,1900-01-01 08:10:00,1900-01-01 12:25:00,4.25,25,24
63285,120,Short,1900-01-01 03:30:00,1900-01-01 08:15:00,4.75,24,23
63286,93,Short,1900-01-01 07:05:00,1900-01-01 10:10:00,3.0833333333333335,20,19
63289,85,Short,1900-01-01 11:55:00,1900-01-01 14:00:00,2.0833333333333335,14,13
63290,85,Short,1900-01-01 15:00:00,1900-01-01 17:05:00,2.0833333333333335,14,13
63291,85,Short,1900-01-01 07:30:00,1900-01-01 09:35:00,2.0833333333333335,14,13
63292,85,Short,1900-01-01 18:16:00,1900-01-01 20:35:00,2.316666666666667,14,13
63293,118,Short,1900-01-01 09:45:00,1900-01-01 12:30:00,2.75,18,17
63294,118,Short,1900-01-01 16:00:00,1900-01-01 18:11:00,2.183333333333333,18,17
63295,203,Medium,1900-01-01 17:55:00,1900-01-01 23:25:00,5.5,28,27
63296,203,Medium,1900-01-01 04:00:00,1900-01-01 10:15:00,6.25,28,27
63501,106,Short,1900-01-01 01:50:00,1900-01-01 03:40:00,1.8333333333333333,3,2
63502,106,Short,1900-01-01 21:58:00,1900-01-01 00:15:00,2.283333333333333,34,33
63505,104,Short,1900-01-01 04:00:00,1900-01-01 05:55:00,1.9166666666666667,14,13
63506,105,Short,1900-01-01 04:55:00,1900-01-01 06:40:00,1.75,14,13
63507,104,Short,1900-01-01 05:15:00,1900-01-01 07:05:00,1.8333333333333333,14,13
63508,105,Short,1900-01-01 05:45:00,1900-01-01 07:35:00,1.8333333333333333,14,13
63509,104,Short,1900-01-01 07:30:00,1900-01-01 09:15:00,1.75,14,13
63510,105,Short,1900-01-01 06:20:00,1900-01-01 08:06:00,1.7666666666666666,14,13
63511,104,Short,1900-01-01 08:40:00,1900-01-01 10:35:00,1.9166666666666667,14,13
63512,105,Short,1900-01-01 07:42:00,1900-01-01 09:38:00,1.9333333333333333,14,13
63513,104,Short,1900-01-01 09:50:00,1900-01-01 11:40:00,1.8333333333333333,14,13
63514,105,Short,1900-01-01 09:00:00,1900-01-01 10:50:00,1.8333333333333333,14,13
63515,104,Short,1900-01-01 12:05:00,1900-01-01 13:55:00,1.8333333333333333,14,13
63516,105,Short,1900-01-01 10:20:00,1900-01-01 12:20:00,2.0,14,13
63517,104,Short,1900-01-01 13:15:00,1900-01-01 15:05:00,1.8333333333333333,14,13
63518,105,Short,1900-01-01 12:40:00,1900-01-01 14:30:00,1.8333333333333333,14,13
63519,104,Short,1900-01-01 15:20:00,1900-01-01 17:15:00,1.9166666666666667,14,13
63520,105,Short,1900-01-01 14:05:00,1900-01-01 16:00:00,1.9166666666666667,14,13
63521,104,Short,1900-01-01 16:05:00,1900-01-01 17:55:00,1.8333333333333333,14,13
63522,105,Short,1900-01-01 16:10:00,1900-01-01 18:05:00,1.9166666666666667,14,13
63523,104,Short,1900-01-01 17:25:00,1900-01-01 19:20:00,1.9166666666666667,14,13
63524,105,Short,1900-01-01 16:55:00,1900-01-01 18:45:00,1.8333333333333333,14,13
63525,104,Short,1900-01-01 20:05:00,1900-01-01 22:00:00,1.9166666666666667,14,13
63526,105,Short,1900-01-01 21:50:00,1900-01-01 23:50:00,2.0,14,13
63527,42,Short,1900-01-01 22:25:00,1900-01-01 23:08:00,0.7166666666666667,6,5
63528,42,Short,1900-01-01 20:25:00,1900-01-01 21:10:00,0.75,6,5
63529,100,Short,1900-01-01 05:40:00,1900-01-01 08:05:00,2.4166666666666665,18,17
63530,101,Short,1900-01-01 08:30:00,1900-01-01 10:55:00,2.4166666666666665,17,16
63531,72,Short,1900-01-01 08:10:00,1900-01-01 10:00:00,1.8333333333333333,14,13
63532,73,Short,1900-01-01 04:00:00,1900-01-01 05:50:00,1.8333333333333333,14,13
63533,72,Short,1900-01-01 14:00:00,1900-01-01 15:50:00,1.8333333333333333,14,13
63534,73,Short,1900-01-01 10:40:00,1900-01-01 12:30:00,1.8333333333333333,14,13
63535,72,Short,1900-01-01 17:10:00,1900-01-01 19:00:00,1.8333333333333333,13,12
63536,73,Short,1900-01-01 16:40:00,1900-01-01 18:30:00,1.8333333333333333,14,13
63537,72,Short,1900-01-01 19:05:00,1900-01-01 20:55:00,1.8333333333333333,14,13
63538,73,Short,1900-01-01 20:00:00,1900-01-01 21:50:00,1.8333333333333333,14,13
63541,88,Short,1900-01-01 05:10:00,1900-01-01 07:10:00,2.0,18,17
63542,88,Short,1900-01-01 07:20:00,1900-01-01 09:20:00,2.0,18,17
63543,88,Short,1900-01-01 18:10:00,1900-01-01 20:15:00,2.0833333333333335,18,17
63544,88,Short,1900-01-01 20:45:00,1900-01-01 23:05:00,2.3333333333333335,17,16
63545,58,Short,1900-01-01 14:00:00,1900-01-01 15:20:00,1.3333333333333333,13,12
63546,58,Short,1900-01-01 09:50:00,1900-01-01 11:10:00,1.3333333333333333,12,11
63547,74,Short,1900-01-01 15:30:00,1900-01-01 17:24:00,1.9,15,14
63548,76,Short,1900-01-01 05:15:00,1900-01-01 07:00:00,1.75,14,13
63549,124,Short,1900-01-01 17:27:00,1900-01-01 20:40:00,3.216666666666667,22,21
63550,122,Short,1900-01-01 07:20:00,1900-01-01 09:45:00,2.4166666666666665,23,22
63551,58,Short,1900-01-01 23:00:00,1900-01-01 00:20:00,1.3333333333333333,13,12
63552,58,Short,1900-01-01 03:12:00,1900-01-01 04:45:00,1.55,13,12
63553,479,Medium,1900-01-01 06:30:00,1900-01-01 21:25:00,14.916666666666666,83,82
63554,479,Medium,1900-01-01 04:15:00,1900-01-01 20:20:00,16.083333333333332,83,82
63561,110,Short,1900-01-01 07:30:00,1900-01-01 09:35:00,2.0833333333333335,16,15
63562,116,Short,1900-01-01 04:00:00,1900-01-01 06:40:00,2.6666666666666665,16,15
63563,110,Short,1900-01-01 20:30:00,1900-01-01 22:40:00,2.1666666666666665,16,15
63564,110,Short,1900-01-01 17:40:00,1900-01-01 19:50:00,2.1666666666666665,16,15
63565,43,Short,1900-01-01 10:00:00,1900-01-01 10:55:00,0.9166666666666666,5,4
63566,43,Short,1900-01-01 11:25:00,1900-01-01 12:25:00,1.0,5,4
63567,154,Short,1900-01-01 09:35:00,1900-01-01 12:55:00,3.3333333333333335,20,19
63568,154,Short,1900-01-01 13:20:00,1900-01-01 16:35:00,3.25,20,19
63569,110,Short,1900-01-01 17:25:00,1900-01-01 19:40:00,2.25,14,13
63570,116,Short,1900-01-01 06:10:00,1900-01-01 08:50:00,2.6666666666666665,16,15
63571,131,Short,1900-01-01 20:10:00,1900-01-01 00:45:00,4.583333333333333,20,19
63572,131,Short,1900-01-01 04:30:00,1900-01-01 08:40:00,4.166666666666667,20,19
63573,97,Short,1900-01-01 11:20:00,1900-01-01 13:30:00,2.1666666666666665,13,12
63574,97,Short,1900-01-01 14:10:00,1900-01-01 16:45:00,2.5833333333333335,13,12
63581,111,Short,1900-01-01 09:10:00,1900-01-01 11:40:00,2.5,19,18
63582,111,Short,1900-01-01 06:20:00,1900-01-01 08:47:00,2.45,19,18
63583,111,Short,1900-01-01 17:40:00,1900-01-01 20:15:00,2.5833333333333335,19,18
63584,111,Short,1900-01-01 13:15:00,1900-01-01 15:45:00,2.5,19,18
63591,137,Short,1900-01-01 15:40:00,1900-01-01 18:50:00,3.1666666666666665,21,20
63592,137,Short,1900-01-01 07:05:00,1900-01-01 11:05:00,4.0,21,20
63593,80,Short,1900-01-01 14:05:00,1900-01-01 16:45:00,2.6666666666666665,15,14
63594,80,Short,1900-01-01 10:52:00,1900-01-01 13:05:00,2.216666666666667,15,14
63595,193,Short,1900-01-01 03:40:00,1900-01-01 08:50:00,5.166666666666667,26,25
63596,193,Short,1900-01-01 18:00:00,1900-01-01 23:10:00,5.166666666666667,26,25
63597,198,Short,1900-01-01 12:30:00,1900-01-01 17:40:00,5.166666666666667,29,28
63598,200,Medium,1900-01-01 05:20:00,1900-01-01 11:40:00,6.333333333333333,29,28
64001,88,Short,1900-01-01 19:25:00,1900-01-01 21:40:00,2.25,18,17
64002,88,Short,1900-01-01 06:20:00,1900-01-01 08:38:00,2.3,18,17
64003,44,Short,1900-01-01 05:00:00,1900-01-01 06:10:00,1.1666666666666667,10,9
64004,56,Short,1900-01-01 06:35:00,1900-01-01 08:30:00,1.9166666666666667,14,13
64011,65,Short,1900-01-01 06:15:00,1900-01-01 08:20:00,2.0833333333333335,16,15
64012,65,Short,1900-01-01 10:05:00,1900-01-01 12:10:00,2.0833333333333335,16,15
64013,65,Short,1900-01-01 12:35:00,1900-01-01 14:40:00,2.0833333333333335,16,15
64014,65,Short,1900-01-01 13:10:00,1900-01-01 15:30:00,2.3333333333333335,16,15
64015,65,Short,1900-01-01 14:35:00,1900-01-01 16:40:00,2.0833333333333335,16,15
64016,65,Short,1900-01-01 14:30:00,1900-01-01 16:55:00,2.4166666666666665,16,15
64017,65,Short,1900-01-01 15:35:00,1900-01-01 17:45:00,2.1666666666666665,16,15
64018,11,Short,1900-01-01 17:15:00,1900-01-01 17:52:00,0.6166666666666667,6,5
64019,65,Short,1900-01-01 22:20:00,1900-01-01 01:00:00,2.6666666666666665,15,14
64031,36,Short,1900-01-01 09:00:00,1900-01-01 10:30:00,1.5,13,12
64032,36,Short,1900-01-01 15:00:00,1900-01-01 16:25:00,1.4166666666666667,12,11
64034,36,Short,1900-01-01 20:25:00,1900-01-01 21:50:00,1.4166666666666667,12,11
64036,36,Short,1900-01-01 22:50:00,1900-01-01 00:15:00,1.4166666666666667,10,9
64051,77,Short,1900-01-01 23:15:00,1900-01-01 01:55:00,2.6666666666666665,16,15
64052,77,Short,1900-01-01 11:30:00,1900-01-01 14:05:00,2.5833333333333335,17,16
64053,79,Short,1900-01-01 06:00:00,1900-01-01 08:20:00,2.3333333333333335,17,16
64055,79,Short,1900-01-01 08:20:00,1900-01-01 11:05:00,2.75,18,17
64057,77,Short,1900-01-01 10:55:00,1900-01-01 13:30:00,2.5833333333333335,17,16
64061,57,Short,1900-01-01 17:30:00,1900-01-01 19:20:00,1.8333333333333333,13,12
64062,57,Short,1900-01-01 05:15:00,1900-01-01 07:10:00,1.9166666666666667,13,12
64064,57,Short,1900-01-01 19:45:00,1900-01-01 21:25:00,1.6666666666666667,13,12
64071,44,Short,1900-01-01 08:10:00,1900-01-01 09:45:00,1.5833333333333333,14,13
64073,94,Short,1900-01-01 19:45:00,1900-01-01 22:10:00,2.4166666666666665,16,15
64074,96,Short,1900-01-01 04:45:00,1900-01-01 06:50:00,2.0833333333333335,16,15
64075,53,Short,1900-01-01 07:15:00,1900-01-01 08:50:00,1.5833333333333333,11,10
64076,53,Short,1900-01-01 00:15:00,1900-01-01 01:35:00,1.3333333333333333,11,10
64077,53,Short,1900-01-01 07:55:00,1900-01-01 09:30:00,1.5833333333333333,11,10
64078,53,Short,1900-01-01 08:45:00,1900-01-01 10:15:00,1.5,11,10
64080,53,Short,1900-01-01 17:05:00,1900-01-01 18:30:00,1.4166666666666667,11,10
64082,53,Short,1900-01-01 18:00:00,1900-01-01 19:30:00,1.5,11,10
64084,53,Short,1900-01-01 21:25:00,1900-01-01 22:45:00,1.3333333333333333,11,10
64087,28,Short,1900-01-01 18:27:00,1900-01-01 19:35:00,1.1333333333333333,17,16
64088,7,Short,1900-01-01 20:38:00,1900-01-01 21:05:00,0.45,4,3
64089,35,Short,1900-01-01 16:45:00,1900-01-01 18:25:00,1.6666666666666667,21,20
64090,35,Short,1900-01-01 09:15:00,1900-01-01 10:55:00,1.6666666666666667,21,20
64091,43,Short,1900-01-01 08:00:00,1900-01-01 09:45:00,1.75,23,22
64092,35,Short,1900-01-01 18:50:00,1900-01-01 20:35:00,1.75,21,20
64093,25,Short,1900-01-01 09:47:00,1900-01-01 10:35:00,0.8,14,13
64094,25,Short,1900-01-01 08:30:00,1900-01-01 09:13:00,0.7166666666666667,14,13
64095,32,Short,1900-01-01 09:50:00,1900-01-01 11:00:00,1.1666666666666667,18,17
64096,25,Short,1900-01-01 10:55:00,1900-01-01 11:45:00,0.8333333333333334,14,13
64097,11,Short,1900-01-01 19:45:00,1900-01-01 20:20:00,0.5833333333333334,6,5
64098,25,Short,1900-01-01 18:00:00,1900-01-01 18:48:00,0.8,14,13
64101,125,Short,1900-01-01 01:55:00,1900-01-01 05:10:00,3.25,21,20
64102,125,Short,1900-01-01 18:15:00,1900-01-01 21:20:00,3.0833333333333335,21,20
64103,125,Short,1900-01-01 06:10:00,1900-01-01 09:10:00,3.0,21,20
64104,54,Short,1900-01-01 05:10:00,1900-01-01 06:45:00,1.5833333333333333,10,9
64105,131,Short,1900-01-01 06:20:00,1900-01-01 09:30:00,3.1666666666666665,24,23
64106,82,Short,1900-01-01 17:25:00,1900-01-01 19:45:00,2.3333333333333335,15,14
64107,54,Short,1900-01-01 15:00:00,1900-01-01 16:35:00,1.5833333333333333,10,9
64108,82,Short,1900-01-01 20:30:00,1900-01-01 23:00:00,2.5,15,14
64109,71,Short,1900-01-01 07:00:00,1900-01-01 09:20:00,2.3333333333333335,18,17
64110,131,Short,1900-01-01 17:40:00,1900-01-01 20:45:00,3.0833333333333335,24,23
64111,92,Short,1900-01-01 06:00:00,1900-01-01 09:00:00,3.0,19,18
64112,64,Short,1900-01-01 11:20:00,1900-01-01 13:50:00,2.5,14,13
64113,99,Short,1900-01-01 19:50:00,1900-01-01 22:35:00,2.75,22,21
64114,131,Short,1900-01-01 18:05:00,1900-01-01 21:05:00,3.0,24,23
64151,125,Short,1900-01-01 14:05:00,1900-01-01 17:00:00,2.9166666666666665,21,20
64152,125,Short,1900-01-01 08:50:00,1900-01-01 12:00:00,3.1666666666666665,21,20
64153,139,Short,1900-01-01 06:35:00,1900-01-01 09:35:00,3.0,16,15
64154,78,Short,1900-01-01 12:30:00,1900-01-01 13:55:00,1.4166666666666667,11,10
64155,86,Short,1900-01-01 10:05:00,1900-01-01 12:20:00,2.25,11,10
64156,139,Short,1900-01-01 16:25:00,1900-01-01 19:25:00,3.0,16,15
64157,114,Short,1900-01-01 05:40:00,1900-01-01 09:20:00,3.6666666666666665,16,15
64158,86,Short,1900-01-01 14:25:00,1900-01-01 15:55:00,1.5,11,10
64159,83,Short,1900-01-01 18:10:00,1900-01-01 19:50:00,1.6666666666666667,10,9
64160,115,Short,1900-01-01 16:20:00,1900-01-01 20:05:00,3.75,18,17
64161,106,Short,1900-01-01 20:20:00,1900-01-01 22:40:00,2.3333333333333335,13,12
64162,83,Short,1900-01-01 08:15:00,1900-01-01 09:55:00,1.6666666666666667,12,11
64163,12,Short,1900-01-01 04:35:00,1900-01-01 05:00:00,0.4166666666666667,3,2
64164,106,Short,1900-01-01 05:50:00,1900-01-01 07:45:00,1.9166666666666667,13,12
64165,78,Short,1900-01-01 09:40:00,1900-01-01 11:40:00,2.0,11,10
64167,185,Short,1900-01-01 03:50:00,1900-01-01 09:55:00,6.083333333333333,32,31
64168,185,Short,1900-01-01 16:40:00,1900-01-01 21:50:00,5.166666666666667,32,31
64201,73,Short,1900-01-01 04:10:00,1900-01-01 05:55:00,1.75,13,12
64202,73,Short,1900-01-01 05:00:00,1900-01-01 07:00:00,2.0,13,12
64203,73,Short,1900-01-01 07:20:00,1900-01-01 09:00:00,1.6666666666666667,13,12
64204,73,Short,1900-01-01 07:20:00,1900-01-01 09:15:00,1.9166666666666667,13,12
64205,73,Short,1900-01-01 09:35:00,1900-01-01 11:15:00,1.6666666666666667,13,12
64206,73,Short,1900-01-01 09:10:00,1900-01-01 10:55:00,1.75,13,12
64207,73,Short,1900-01-01 11:20:00,1900-01-01 13:00:00,1.6666666666666667,13,12
64208,73,Short,1900-01-01 10:50:00,1900-01-01 12:35:00,1.75,13,12
64209,73,Short,1900-01-01 14:00:00,1900-01-01 16:15:00,2.25,14,13
64210,73,Short,1900-01-01 11:55:00,1900-01-01 13:35:00,1.6666666666666667,13,12
64211,73,Short,1900-01-01 16:00:00,1900-01-01 17:40:00,1.6666666666666667,13,12
64212,73,Short,1900-01-01 14:05:00,1900-01-01 15:45:00,1.6666666666666667,13,12
64213,73,Short,1900-01-01 20:20:00,1900-01-01 22:05:00,1.75,13,12
64214,85,Short,1900-01-01 17:45:00,1900-01-01 19:55:00,2.1666666666666665,16,15
64216,85,Short,1900-01-01 21:05:00,1900-01-01 23:25:00,2.3333333333333335,16,15
64221,164,Short,1900-01-01 19:10:00,1900-01-01 00:20:00,5.166666666666667,22,21
64222,164,Short,1900-01-01 06:30:00,1900-01-01 11:15:00,4.75,22,21
64231,28,Short,1900-01-01 10:10:00,1900-01-01 11:10:00,1.0,5,4
64232,28,Short,1900-01-01 11:30:00,1900-01-01 12:35:00,1.0833333333333333,5,4
64234,28,Short,1900-01-01 13:45:00,1900-01-01 14:35:00,0.8333333333333334,5,4
64235,101,Short,1900-01-01 06:50:00,1900-01-01 10:10:00,3.3333333333333335,17,16
64236,101,Short,1900-01-01 18:50:00,1900-01-01 21:25:00,2.5833333333333335,17,16
64251,73,Short,1900-01-01 05:40:00,1900-01-01 07:10:00,1.5,13,12
64252,73,Short,1900-01-01 16:20:00,1900-01-01 18:05:00,1.75,13,12
64253,84,Short,1900-01-01 15:15:00,1900-01-01 17:35:00,2.3333333333333335,16,15
64254,73,Short,1900-01-01 22:15:00,1900-01-01 00:05:00,1.8333333333333333,13,12
64255,84,Short,1900-01-01 18:30:00,1900-01-01 20:55:00,2.4166666666666665,16,15
64257,73,Short,1900-01-01 22:10:00,1900-01-01 23:55:00,1.75,13,12
64260,86,Short,1900-01-01 06:00:00,1900-01-01 08:20:00,2.3333333333333335,15,14
64271,36,Short,1900-01-01 13:20:00,1900-01-01 14:50:00,1.5,10,9
64272,36,Short,1900-01-01 08:30:00,1900-01-01 09:50:00,1.3333333333333333,10,9
64273,36,Short,1900-01-01 16:35:00,1900-01-01 18:10:00,1.5833333333333333,10,9
64274,36,Short,1900-01-01 18:15:00,1900-01-01 19:45:00,1.5,10,9
64275,36,Short,1900-01-01 19:55:00,1900-01-01 21:45:00,1.8333333333333333,10,9
64281,139,Short,1900-01-01 07:30:00,1900-01-01 11:00:00,3.5,18,17
64282,139,Short,1900-01-01 16:45:00,1900-01-01 21:05:00,4.333333333333333,18,17
64401,19,Short,1900-01-01 10:25:00,1900-01-01 11:10:00,0.75,5,4
64402,19,Short,1900-01-01 07:10:00,1900-01-01 08:00:00,0.8333333333333334,5,4
64403,19,Short,1900-01-01 17:15:00,1900-01-01 18:00:00,0.75,5,4
64404,19,Short,1900-01-01 09:40:00,1900-01-01 10:40:00,1.0,5,4
64406,19,Short,1900-01-01 09:20:00,1900-01-01 10:10:00,0.8333333333333334,5,4
64407,19,Short,1900-01-01 18:20:00,1900-01-01 19:05:00,0.75,5,4
64408,19,Short,1900-01-01 10:10:00,1900-01-01 11:00:00,0.8333333333333334,5,4
64409,23,Short,1900-01-01 22:40:00,1900-01-01 23:45:00,1.0833333333333333,7,6
64410,25,Short,1900-01-01 18:25:00,1900-01-01 19:15:00,0.8333333333333334,8,7
64411,21,Short,1900-01-01 09:00:00,1900-01-01 10:00:00,1.0,8,7
64412,19,Short,1900-01-01 20:20:00,1900-01-01 21:05:00,0.75,5,4
64414,19,Short,1900-01-01 08:40:00,1900-01-01 09:30:00,0.8333333333333334,5,4
64415,25,Short,1900-01-01 23:00:00,1900-01-01 23:45:00,0.75,6,5
64417,28,Short,1900-01-01 07:10:00,1900-01-01 08:25:00,1.25,10,9
64418,28,Short,1900-01-01 18:45:00,1900-01-01 20:00:00,1.25,10,9
64419,30,Short,1900-01-01 15:45:00,1900-01-01 17:10:00,1.4166666666666667,10,9
64420,30,Short,1900-01-01 00:10:00,1900-01-01 01:35:00,1.4166666666666667,9,8
64421,25,Short,1900-01-01 04:10:00,1900-01-01 04:55:00,0.75,6,5
64422,25,Short,1900-01-01 00:10:00,1900-01-01 01:00:00,0.8333333333333334,6,5
64423,25,Short,1900-01-01 09:50:00,1900-01-01 10:35:00,0.75,7,6
64424,25,Short,1900-01-01 09:10:00,1900-01-01 09:55:00,0.75,7,6
64425,25,Short,1900-01-01 12:50:00,1900-01-01 13:40:00,0.8333333333333334,8,7
64426,25,Short,1900-01-01 09:50:00,1900-01-01 10:50:00,1.0,8,7
64427,25,Short,1900-01-01 15:10:00,1900-01-01 16:00:00,0.8333333333333334,8,7
64428,25,Short,1900-01-01 09:35:00,1900-01-01 10:30:00,0.9166666666666666,7,6
64429,25,Short,1900-01-01 16:30:00,1900-01-01 17:20:00,0.8333333333333334,8,7
64430,25,Short,1900-01-01 10:50:00,1900-01-01 11:40:00,0.8333333333333334,7,6
64431,25,Short,1900-01-01 16:40:00,1900-01-01 17:30:00,0.8333333333333334,7,6
64432,25,Short,1900-01-01 14:00:00,1900-01-01 14:50:00,0.8333333333333334,7,6
64433,25,Short,1900-01-01 16:50:00,1900-01-01 17:45:00,0.9166666666666666,8,7
64434,28,Short,1900-01-01 11:20:00,1900-01-01 12:30:00,1.1666666666666667,10,9
64437,28,Short,1900-01-01 06:05:00,1900-01-01 07:08:00,1.05,9,8
64439,28,Short,1900-01-01 08:10:00,1900-01-01 09:18:00,1.1333333333333333,9,8
64441,25,Short,1900-01-01 17:20:00,1900-01-01 18:10:00,0.8333333333333334,7,6
64443,28,Short,1900-01-01 18:30:00,1900-01-01 20:00:00,1.5,10,9
64445,19,Short,1900-01-01 19:25:00,1900-01-01 20:05:00,0.6666666666666666,5,4
64449,25,Short,1900-01-01 08:30:00,1900-01-01 09:20:00,0.8333333333333334,8,7
64450,25,Short,1900-01-01 17:50:00,1900-01-01 18:40:00,0.8333333333333334,8,7
64451,88,Short,1900-01-01 16:40:00,1900-01-01 19:15:00,2.5833333333333335,18,17
64452,155,Short,1900-01-01 05:55:00,1900-01-01 09:35:00,3.6666666666666665,28,27
64453,88,Short,1900-01-01 17:40:00,1900-01-01 19:50:00,2.1666666666666665,18,17
64454,155,Short,1900-01-01 12:45:00,1900-01-01 17:10:00,4.416666666666667,28,27
64461,164,Short,1900-01-01 18:10:00,1900-01-01 22:25:00,4.25,32,31
64462,164,Short,1900-01-01 05:35:00,1900-01-01 09:45:00,4.166666666666667,32,31
64463,156,Short,1900-01-01 01:20:00,1900-01-01 04:40:00,3.3333333333333335,18,17
64464,89,Short,1900-01-01 05:10:00,1900-01-01 07:30:00,2.3333333333333335,19,18
64465,156,Short,1900-01-01 08:10:00,1900-01-01 12:05:00,3.9166666666666665,29,28
64466,89,Short,1900-01-01 21:10:00,1900-01-01 00:05:00,2.9166666666666665,19,18
64470,89,Short,1900-01-01 06:40:00,1900-01-01 08:55:00,2.25,19,18
64471,114,Short,1900-01-01 17:05:00,1900-01-01 20:20:00,3.25,26,25
64472,114,Short,1900-01-01 06:00:00,1900-01-01 09:15:00,3.25,26,25
64481,108,Short,1900-01-01 20:00:00,1900-01-01 22:50:00,2.8333333333333335,17,16
64482,41,Short,1900-01-01 04:35:00,1900-01-01 05:30:00,0.9166666666666666,7,6
64483,41,Short,1900-01-01 22:55:00,1900-01-01 00:00:00,1.0833333333333333,7,6
64491,53,Short,1900-01-01 08:25:00,1900-01-01 10:00:00,1.5833333333333333,11,10
64492,53,Short,1900-01-01 17:50:00,1900-01-01 19:20:00,1.5,11,10
64493,46,Short,1900-01-01 16:35:00,1900-01-01 17:40:00,1.0833333333333333,8,7
64494,46,Short,1900-01-01 10:15:00,1900-01-01 11:30:00,1.25,8,7
64496,89,Short,1900-01-01 21:15:00,1900-01-01 23:30:00,2.25,14,13
64501,81,Short,1900-01-01 05:30:00,1900-01-01 07:10:00,1.6666666666666667,13,12
64502,81,Short,1900-01-01 12:10:00,1900-01-01 13:55:00,1.75,13,12
64504,81,Short,1900-01-01 19:30:00,1900-01-01 21:10:00,1.6666666666666667,13,12
64511,238,Medium,1900-01-01 06:40:00,1900-01-01 12:30:00,5.833333333333333,32,31
64512,238,Medium,1900-01-01 14:00:00,1900-01-01 20:00:00,6.0,32,31
64513,238,Medium,1900-01-01 16:40:00,1900-01-01 22:35:00,5.916666666666667,32,31
64514,157,Short,1900-01-01 05:55:00,1900-01-01 09:30:00,3.5833333333333335,20,19
64515,157,Short,1900-01-01 06:10:00,1900-01-01 10:10:00,4.0,20,19
64516,157,Short,1900-01-01 11:30:00,1900-01-01 15:50:00,4.333333333333333,20,19
64517,157,Short,1900-01-01 11:40:00,1900-01-01 15:30:00,3.8333333333333335,20,19
64518,157,Short,1900-01-01 16:50:00,1900-01-01 21:05:00,4.25,20,19
64521,113,Short,1900-01-01 05:50:00,1900-01-01 08:15:00,2.4166666666666665,14,13
64522,113,Short,1900-01-01 16:20:00,1900-01-01 18:45:00,2.4166666666666665,14,13
64523,113,Short,1900-01-01 08:35:00,1900-01-01 11:30:00,2.9166666666666665,14,13
64524,113,Short,1900-01-01 17:50:00,1900-01-01 20:10:00,2.3333333333333335,14,13
64531,88,Short,1900-01-01 05:45:00,1900-01-01 07:55:00,2.1666666666666665,17,16
64532,108,Short,1900-01-01 06:50:00,1900-01-01 09:30:00,2.6666666666666665,17,16
64533,88,Short,1900-01-01 12:50:00,1900-01-01 15:05:00,2.25,18,17
64534,114,Short,1900-01-01 17:30:00,1900-01-01 21:00:00,3.5,26,25
64536,88,Short,1900-01-01 09:55:00,1900-01-01 12:35:00,2.6666666666666665,18,17
64541,108,Short,1900-01-01 05:45:00,1900-01-01 08:20:00,2.5833333333333335,17,16
64542,108,Short,1900-01-01 20:50:00,1900-01-01 23:10:00,2.3333333333333335,17,16
64543,108,Short,1900-01-01 17:50:00,1900-01-01 20:40:00,2.8333333333333335,17,16
64545,41,Short,1900-01-01 10:20:00,1900-01-01 11:35:00,1.25,7,6
64546,41,Short,1900-01-01 07:45:00,1900-01-01 08:55:00,1.1666666666666667,7,6
64547,41,Short,1900-01-01 17:50:00,1900-01-01 19:10:00,1.3333333333333333,7,6
64548,41,Short,1900-01-01 16:10:00,1900-01-01 17:05:00,0.9166666666666666,7,6
64551,135,Short,1900-01-01 08:25:00,1900-01-01 12:10:00,3.75,21,20
64552,135,Short,1900-01-01 13:25:00,1900-01-01 17:40:00,4.25,19,18
64553,153,Short,1900-01-01 05:35:00,1900-01-01 09:40:00,4.083333333333333,24,23
64554,153,Short,1900-01-01 17:45:00,1900-01-01 22:30:00,4.75,24,23
64555,59,Short,1900-01-01 09:55:00,1900-01-01 11:55:00,2.0,11,10
64556,59,Short,1900-01-01 14:15:00,1900-01-01 16:15:00,2.0,11,10
64557,180,Short,1900-01-01 16:45:00,1900-01-01 21:50:00,5.083333333333333,28,27
64558,180,Short,1900-01-01 04:25:00,1900-01-01 08:55:00,4.5,28,27
64559,180,Short,1900-01-01 13:20:00,1900-01-01 19:10:00,5.833333333333333,28,27
64560,180,Short,1900-01-01 04:55:00,1900-01-01 09:30:00,4.583333333333333,28,27
64561,261,Medium,1900-01-01 11:25:00,1900-01-01 19:20:00,7.916666666666667,40,39
64562,261,Medium,1900-01-01 06:00:00,1900-01-01 14:50:00,8.833333333333334,40,39
64563,215,Medium,1900-01-01 07:35:00,1900-01-01 12:40:00,5.083333333333333,23,22
64564,215,Medium,1900-01-01 13:00:00,1900-01-01 19:40:00,6.666666666666667,23,22
64565,192,Short,1900-01-01 17:55:00,1900-01-01 23:10:00,5.25,30,29
64566,192,Short,1900-01-01 04:20:00,1900-01-01 09:35:00,5.25,30,29
64567,103,Short,1900-01-01 05:45:00,1900-01-01 09:23:00,3.6333333333333333,20,19
64568,103,Short,1900-01-01 18:10:00,1900-01-01 21:50:00,3.6666666666666665,20,19
64569,87,Short,1900-01-01 12:55:00,1900-01-01 16:25:00,3.5,13,12
64570,89,Short,1900-01-01 09:30:00,1900-01-01 11:45:00,2.25,13,12
64581,161,Short,1900-01-01 05:55:00,1900-01-01 10:00:00,4.083333333333333,26,25
64582,161,Short,1900-01-01 17:45:00,1900-01-01 21:45:00,4.0,26,25
64583,203,Medium,1900-01-01 06:30:00,1900-01-01 13:00:00,6.5,31,30
64584,203,Medium,1900-01-01 12:55:00,1900-01-01 18:10:00,5.25,32,31
64585,5,Short,1900-01-01 22:00:00,1900-01-01 22:25:00,0.4166666666666667,2,1
64586,5,Short,1900-01-01 05:00:00,1900-01-01 05:25:00,0.4166666666666667,2,1
64587,225,Medium,1900-01-01 14:05:00,1900-01-01 20:25:00,6.333333333333333,29,28
64588,225,Medium,1900-01-01 06:45:00,1900-01-01 13:05:00,6.333333333333333,29,28
64589,78,Short,1900-01-01 19:10:00,1900-01-01 20:55:00,1.75,12,11
64590,78,Short,1900-01-01 06:00:00,1900-01-01 08:05:00,2.0833333333333335,12,11
64591,194,Short,1900-01-01 06:30:00,1900-01-01 11:30:00,5.0,31,30
64592,194,Short,1900-01-01 14:40:00,1900-01-01 19:45:00,5.083333333333333,31,30
64593,77,Short,1900-01-01 07:20:00,1900-01-01 09:25:00,2.0833333333333335,13,12
64594,77,Short,1900-01-01 18:15:00,1900-01-01 20:45:00,2.5,13,12
64595,152,Short,1900-01-01 16:00:00,1900-01-01 20:15:00,4.25,20,19
64596,152,Short,1900-01-01 07:25:00,1900-01-01 11:10:00,3.75,20,19
64901,118,Short,1900-01-01 08:00:00,1900-01-01 12:00:00,4.0,22,21
64902,119,Short,1900-01-01 15:00:00,1900-01-01 18:25:00,3.4166666666666665,22,21
64903,158,Short,1900-01-01 05:45:00,1900-01-01 10:20:00,4.583333333333333,27,26
64904,160,Short,1900-01-01 16:05:00,1900-01-01 20:25:00,4.333333333333333,27,26
64905,134,Short,1900-01-01 05:00:00,1900-01-01 08:20:00,3.3333333333333335,21,20
64906,77,Short,1900-01-01 16:50:00,1900-01-01 19:40:00,2.8333333333333335,17,16
64908,44,Short,1900-01-01 05:50:00,1900-01-01 07:35:00,1.75,14,13
64910,148,Short,1900-01-01 18:20:00,1900-01-01 22:10:00,3.8333333333333335,26,25
64911,71,Short,1900-01-01 09:25:00,1900-01-01 11:30:00,2.0833333333333335,17,16
64912,71,Short,1900-01-01 07:10:00,1900-01-01 09:15:00,2.0833333333333335,17,16
64913,69,Short,1900-01-01 05:00:00,1900-01-01 07:00:00,2.0,17,16
64914,69,Short,1900-01-01 13:30:00,1900-01-01 15:45:00,2.25,17,16
64915,69,Short,1900-01-01 10:10:00,1900-01-01 12:20:00,2.1666666666666665,17,16
64916,69,Short,1900-01-01 21:00:00,1900-01-01 23:10:00,2.1666666666666665,17,16
64931,69,Short,1900-01-01 18:35:00,1900-01-01 20:55:00,2.3333333333333335,17,16
64932,69,Short,1900-01-01 15:50:00,1900-01-01 18:10:00,2.3333333333333335,17,16
64951,83,Short,1900-01-01 14:10:00,1900-01-01 17:20:00,3.1666666666666665,15,14
64952,83,Short,1900-01-01 10:40:00,1900-01-01 13:45:00,3.0833333333333335,15,14
64953,180,Short,1900-01-01 16:15:00,1900-01-01 21:00:00,4.75,26,25
64955,28,Short,1900-01-01 07:45:00,1900-01-01 09:30:00,1.75,8,7
64956,28,Short,1900-01-01 13:30:00,1900-01-01 15:05:00,1.5833333333333333,8,7
64957,133,Short,1900-01-01 18:15:00,1900-01-01 21:30:00,3.25,19,18
64958,137,Short,1900-01-01 04:25:00,1900-01-01 07:15:00,2.8333333333333335,19,18
64959,94,Short,1900-01-01 07:30:00,1900-01-01 10:25:00,2.9166666666666665,14,13
66000,21,Short,1900-01-01 04:40:00,1900-01-01 05:25:00,0.75,7,6
66001,41,Short,1900-01-01 20:40:00,1900-01-01 22:00:00,1.3333333333333333,11,10
66002,21,Short,1900-01-01 06:15:00,1900-01-01 07:00:00,0.75,7,6
66003,20,Short,1900-01-01 21:05:00,1900-01-01 21:50:00,0.75,7,6
66004,21,Short,1900-01-01 06:40:00,1900-01-01 07:25:00,0.75,7,6
66005,20,Short,1900-01-01 21:50:00,1900-01-01 22:35:00,0.75,7,6
66006,21,Short,1900-01-01 18:15:00,1900-01-01 19:00:00,0.75,11,10
66007,20,Short,1900-01-01 23:00:00,1900-01-01 23:45:00,0.75,7,6
66008,68,Short,1900-01-01 10:50:00,1900-01-01 12:55:00,2.0833333333333335,14,13
66009,68,Short,1900-01-01 22:45:00,1900-01-01 00:50:00,2.0833333333333335,14,13
66010,68,Short,1900-01-01 19:55:00,1900-01-01 21:55:00,2.0,14,13
66011,68,Short,1900-01-01 15:50:00,1900-01-01 17:50:00,2.0,14,13
66012,41,Short,1900-01-01 18:30:00,1900-01-01 19:50:00,1.3333333333333333,11,10
66013,68,Short,1900-01-01 17:45:00,1900-01-01 19:20:00,1.5833333333333333,9,8
66014,77,Short,1900-01-01 16:05:00,1900-01-01 18:35:00,2.5,11,10
66015,68,Short,1900-01-01 07:20:00,1900-01-01 09:05:00,1.75,14,13
66016,70,Short,1900-01-01 06:25:00,1900-01-01 08:20:00,1.9166666666666667,12,11
66017,140,Short,1900-01-01 18:00:00,1900-01-01 21:25:00,3.4166666666666665,18,17
66018,140,Short,1900-01-01 06:00:00,1900-01-01 09:35:00,3.5833333333333335,18,17
66019,202,Medium,1900-01-01 06:05:00,1900-01-01 11:15:00,5.166666666666667,27,26
66020,204,Medium,1900-01-01 15:30:00,1900-01-01 20:45:00,5.25,27,26
66021,68,Short,1900-01-01 19:10:00,1900-01-01 20:35:00,1.4166666666666667,6,5
66022,62,Short,1900-01-01 07:20:00,1900-01-01 09:10:00,1.8333333333333333,13,12
66025,82,Short,1900-01-01 05:30:00,1900-01-01 07:45:00,2.25,16,15
66026,82,Short,1900-01-01 12:00:00,1900-01-01 14:00:00,2.0,21,20
66027,82,Short,1900-01-01 13:40:00,1900-01-01 15:50:00,2.1666666666666665,16,15
66028,82,Short,1900-01-01 19:55:00,1900-01-01 21:55:00,2.0,21,20
66029,93,Short,1900-01-01 08:00:00,1900-01-01 09:45:00,1.75,12,11
66030,93,Short,1900-01-01 10:00:00,1900-01-01 11:45:00,1.75,12,11
66031,93,Short,1900-01-01 15:45:00,1900-01-01 17:25:00,1.6666666666666667,12,11
66032,93,Short,1900-01-01 17:50:00,1900-01-01 19:50:00,2.0,12,11
66033,131,Short,1900-01-01 11:30:00,1900-01-01 14:50:00,3.3333333333333335,16,15
66034,131,Short,1900-01-01 12:30:00,1900-01-01 15:55:00,3.4166666666666665,16,15
66035,82,Short,1900-01-01 07:45:00,1900-01-01 09:55:00,2.1666666666666665,16,15
66036,82,Short,1900-01-01 18:35:00,1900-01-01 20:45:00,2.1666666666666665,21,20
66037,93,Short,1900-01-01 10:05:00,1900-01-01 12:00:00,1.9166666666666667,10,9
66038,93,Short,1900-01-01 16:00:00,1900-01-01 18:20:00,2.3333333333333335,12,11
66039,78,Short,1900-01-01 09:15:00,1900-01-01 11:15:00,2.0,12,11
66040,68,Short,1900-01-01 18:40:00,1900-01-01 20:30:00,1.8333333333333333,14,13
66041,108,Short,1900-01-01 09:50:00,1900-01-01 13:05:00,3.25,15,14
66042,108,Short,1900-01-01 13:45:00,1900-01-01 16:40:00,2.9166666666666665,11,10
66043,95,Short,1900-01-01 08:25:00,1900-01-01 11:05:00,2.6666666666666665,11,10
66044,95,Short,1900-01-01 15:30:00,1900-01-01 17:50:00,2.3333333333333335,14,13
66045,67,Short,1900-01-01 11:30:00,1900-01-01 13:05:00,1.5833333333333333,5,4
66046,67,Short,1900-01-01 13:55:00,1900-01-01 15:15:00,1.3333333333333333,5,4
66047,148,Short,1900-01-01 09:50:00,1900-01-01 13:05:00,3.25,14,13
66048,146,Short,1900-01-01 13:30:00,1900-01-01 17:05:00,3.5833333333333335,15,14
66049,78,Short,1900-01-01 20:40:00,1900-01-01 23:25:00,2.75,12,11
66050,77,Short,1900-01-01 05:10:00,1900-01-01 07:10:00,2.0,12,11
66051,20,Short,1900-01-01 14:05:00,1900-01-01 14:45:00,0.6666666666666666,7,6
66052,21,Short,1900-01-01 14:50:00,1900-01-01 15:35:00,0.75,7,6
66053,42,Short,1900-01-01 16:40:00,1900-01-01 18:10:00,1.5,12,11
66054,20,Short,1900-01-01 22:10:00,1900-01-01 22:40:00,0.5,5,4
66300,155,Short,1900-01-01 07:45:00,1900-01-01 12:00:00,4.25,25,24
66301,155,Short,1900-01-01 14:40:00,1900-01-01 18:55:00,4.25,25,24
66302,140,Short,1900-01-01 08:50:00,1900-01-01 12:20:00,3.5,25,24
66303,142,Short,1900-01-01 12:25:00,1900-01-01 15:55:00,3.5,25,24
66304,151,Short,1900-01-01 09:40:00,1900-01-01 14:20:00,4.666666666666667,32,31
66305,151,Short,1900-01-01 16:30:00,1900-01-01 21:40:00,5.166666666666667,32,31
66307,155,Short,1900-01-01 05:50:00,1900-01-01 09:50:00,4.0,25,24
66308,155,Short,1900-01-01 11:10:00,1900-01-01 15:25:00,4.25,25,24
66309,142,Short,1900-01-01 19:40:00,1900-01-01 23:20:00,3.6666666666666665,17,16
66310,140,Short,1900-01-01 20:50:00,1900-01-01 00:25:00,3.5833333333333335,17,16
66511,85,Short,1900-01-01 12:20:00,1900-01-01 15:05:00,2.75,17,16
66512,86,Short,1900-01-01 08:00:00,1900-01-01 10:30:00,2.5,16,15
66513,17,Short,1900-01-01 07:10:00,1900-01-01 07:45:00,0.5833333333333334,6,5
66514,73,Short,1900-01-01 15:15:00,1900-01-01 17:10:00,1.9166666666666667,15,14
66515,74,Short,1900-01-01 17:25:00,1900-01-01 19:15:00,1.8333333333333333,14,13
66516,16,Short,1900-01-01 19:25:00,1900-01-01 19:55:00,0.5,6,5
66517,16,Short,1900-01-01 22:40:00,1900-01-01 23:15:00,0.5833333333333334,6,5
66518,17,Short,1900-01-01 04:00:00,1900-01-01 04:35:00,0.5833333333333334,6,5
66519,86,Short,1900-01-01 04:45:00,1900-01-01 07:40:00,2.9166666666666665,11,10
66520,87,Short,1900-01-01 20:15:00,1900-01-01 22:30:00,2.25,11,10
66523,98,Short,1900-01-01 17:45:00,1900-01-01 20:25:00,2.6666666666666665,16,15
66524,98,Short,1900-01-01 06:30:00,1900-01-01 09:25:00,2.9166666666666665,16,15
66527,34,Short,1900-01-01 21:35:00,1900-01-01 22:20:00,0.75,5,4
66528,34,Short,1900-01-01 05:50:00,1900-01-01 06:35:00,0.75,5,4
66529,102,Short,1900-01-01 06:45:00,1900-01-01 09:40:00,2.9166666666666665,16,15
66530,68,Short,1900-01-01 09:50:00,1900-01-01 11:15:00,1.4166666666666667,12,11
66531,68,Short,1900-01-01 12:40:00,1900-01-01 14:20:00,1.6666666666666667,12,11
66532,85,Short,1900-01-01 14:45:00,1900-01-01 17:10:00,2.4166666666666665,17,16
66533,73,Short,1900-01-01 17:20:00,1900-01-01 19:15:00,1.9166666666666667,14,13
66534,92,Short,1900-01-01 19:30:00,1900-01-01 21:25:00,1.9166666666666667,13,12
66535,44,Short,1900-01-01 05:00:00,1900-01-01 06:05:00,1.0833333333333333,8,7
66536,44,Short,1900-01-01 07:35:00,1900-01-01 08:40:00,1.0833333333333333,9,8
66537,44,Short,1900-01-01 17:25:00,1900-01-01 18:30:00,1.0833333333333333,9,8
66538,44,Short,1900-01-01 18:40:00,1900-01-01 19:45:00,1.0833333333333333,9,8
66539,44,Short,1900-01-01 19:55:00,1900-01-01 21:00:00,1.0833333333333333,9,8
66540,44,Short,1900-01-01 22:35:00,1900-01-01 23:50:00,1.25,9,8
66541,21,Short,1900-01-01 10:30:00,1900-01-01 11:10:00,0.6666666666666666,7,6
66542,21,Short,1900-01-01 08:45:00,1900-01-01 09:40:00,0.9166666666666666,7,6
66543,102,Short,1900-01-01 14:45:00,1900-01-01 17:15:00,2.5,17,16
66544,102,Short,1900-01-01 11:45:00,1900-01-01 14:05:00,2.3333333333333335,16,15
66600,100,Short,1900-01-01 18:25:00,1900-01-01 20:50:00,2.4166666666666665,15,14
66601,100,Short,1900-01-01 06:55:00,1900-01-01 09:40:00,2.75,15,14
66602,159,Short,1900-01-01 09:05:00,1900-01-01 13:00:00,3.9166666666666665,22,21
66603,159,Short,1900-01-01 13:40:00,1900-01-01 17:50:00,4.166666666666667,22,21
66604,98,Short,1900-01-01 14:55:00,1900-01-01 17:40:00,2.75,14,13
66605,98,Short,1900-01-01 09:45:00,1900-01-01 12:30:00,2.75,14,13
66606,58,Short,1900-01-01 07:15:00,1900-01-01 08:50:00,1.5833333333333333,8,7
66607,58,Short,1900-01-01 18:10:00,1900-01-01 19:55:00,1.75,8,7
66608,158,Short,1900-01-01 14:30:00,1900-01-01 19:05:00,4.583333333333333,22,21
66609,159,Short,1900-01-01 07:45:00,1900-01-01 12:25:00,4.666666666666667,22,21
66611,149,Short,1900-01-01 08:20:00,1900-01-01 12:25:00,4.083333333333333,28,27
66612,150,Short,1900-01-01 15:10:00,1900-01-01 19:25:00,4.25,28,27
67247,121,Short,1900-01-01 13:15:00,1900-01-01 16:40:00,3.4166666666666665,17,16
67248,103,Short,1900-01-01 20:45:00,1900-01-01 23:20:00,2.5833333333333335,18,17
67249,113,Short,1900-01-01 06:15:00,1900-01-01 09:10:00,2.9166666666666665,16,15
67250,113,Short,1900-01-01 18:00:00,1900-01-01 21:00:00,3.0,16,15
67251,31,Short,1900-01-01 05:00:00,1900-01-01 05:50:00,0.8333333333333334,7,6
67253,31,Short,1900-01-01 06:10:00,1900-01-01 07:05:00,0.9166666666666666,7,6
67254,32,Short,1900-01-01 08:20:00,1900-01-01 09:20:00,1.0,6,5
67255,25,Short,1900-01-01 09:30:00,1900-01-01 10:15:00,0.75,5,4
67256,106,Short,1900-01-01 11:25:00,1900-01-01 14:00:00,2.5833333333333335,20,19
67257,106,Short,1900-01-01 12:35:00,1900-01-01 15:55:00,3.3333333333333335,20,19
67258,25,Short,1900-01-01 16:50:00,1900-01-01 18:00:00,1.1666666666666667,5,4
67259,32,Short,1900-01-01 18:30:00,1900-01-01 19:35:00,1.0833333333333333,6,5
67260,138,Short,1900-01-01 14:35:00,1900-01-01 18:00:00,3.4166666666666665,27,26
67261,149,Short,1900-01-01 18:20:00,1900-01-01 22:20:00,4.0,26,25
67262,149,Short,1900-01-01 03:45:00,1900-01-01 07:35:00,3.8333333333333335,24,23
67263,138,Short,1900-01-01 08:00:00,1900-01-01 11:40:00,3.6666666666666665,27,26
67264,163,Short,1900-01-01 09:40:00,1900-01-01 13:45:00,4.083333333333333,18,17
67265,163,Short,1900-01-01 05:15:00,1900-01-01 09:10:00,3.9166666666666665,18,17
67266,143,Short,1900-01-01 18:40:00,1900-01-01 22:00:00,3.3333333333333335,17,16
67267,163,Short,1900-01-01 14:00:00,1900-01-01 18:05:00,4.083333333333333,18,17
67269,104,Short,1900-01-01 06:40:00,1900-01-01 08:40:00,2.0,12,11
67270,104,Short,1900-01-01 21:10:00,1900-01-01 23:30:00,2.3333333333333335,12,11
67271,121,Short,1900-01-01 09:00:00,1900-01-01 12:10:00,3.1666666666666665,16,15
67272,122,Short,1900-01-01 18:15:00,1900-01-01 20:55:00,2.6666666666666665,18,17
67273,32,Short,1900-01-01 12:30:00,1900-01-01 13:30:00,1.0,6,5
67274,32,Short,1900-01-01 14:10:00,1900-01-01 15:10:00,1.0,6,5
67275,59,Short,1900-01-01 06:15:00,1900-01-01 08:00:00,1.75,16,15
67276,59,Short,1900-01-01 09:00:00,1900-01-01 10:55:00,1.9166666666666667,16,15
67277,96,Short,1900-01-01 14:10:00,1900-01-01 16:55:00,2.75,21,20
67278,96,Short,1900-01-01 17:10:00,1900-01-01 20:10:00,3.0,21,20
67279,154,Short,1900-01-01 15:05:00,1900-01-01 18:15:00,3.1666666666666665,19,18
67280,154,Short,1900-01-01 09:45:00,1900-01-01 13:10:00,3.4166666666666665,19,18
67282,142,Short,1900-01-01 13:00:00,1900-01-01 15:35:00,2.5833333333333335,18,17
67291,60,Short,1900-01-01 06:15:00,1900-01-01 07:30:00,1.25,10,9
67292,60,Short,1900-01-01 18:05:00,1900-01-01 19:25:00,1.3333333333333333,10,9
67293,60,Short,1900-01-01 16:05:00,1900-01-01 17:40:00,1.5833333333333333,10,9
67294,130,Short,1900-01-01 08:05:00,1900-01-01 10:35:00,2.5,18,17
67295,79,Short,1900-01-01 11:15:00,1900-01-01 13:00:00,1.75,15,14
67296,97,Short,1900-01-01 18:20:00,1900-01-01 20:17:00,1.95,11,10
67297,138,Short,1900-01-01 18:35:00,1900-01-01 22:20:00,3.75,25,24
67298,138,Short,1900-01-01 05:10:00,1900-01-01 09:10:00,4.0,25,24
67299,149,Short,1900-01-01 17:15:00,1900-01-01 22:05:00,4.833333333333333,27,26
67300,149,Short,1900-01-01 04:30:00,1900-01-01 08:55:00,4.416666666666667,28,27
68001,148,Short,1900-01-01 06:45:00,1900-01-01 09:35:00,2.8333333333333335,14,13
68003,215,Medium,1900-01-01 10:00:00,1900-01-01 13:50:00,3.8333333333333335,23,22
68004,214,Medium,1900-01-01 14:05:00,1900-01-01 18:22:00,4.283333333333333,23,22
68005,137,Short,1900-01-01 15:20:00,1900-01-01 18:35:00,3.25,18,17
68006,137,Short,1900-01-01 08:50:00,1900-01-01 11:50:00,3.0,19,18
68007,188,Short,1900-01-01 17:00:00,1900-01-01 21:45:00,4.75,43,42
68008,147,Short,1900-01-01 09:50:00,1900-01-01 12:27:00,2.6166666666666667,14,13
68009,62,Short,1900-01-01 18:45:00,1900-01-01 20:00:00,1.25,9,8
68010,62,Short,1900-01-01 06:00:00,1900-01-01 07:40:00,1.6666666666666667,9,8
68011,137,Short,1900-01-01 18:20:00,1900-01-01 21:00:00,2.6666666666666665,18,17
68012,137,Short,1900-01-01 03:15:00,1900-01-01 05:50:00,2.5833333333333335,18,17
68013,137,Short,1900-01-01 05:40:00,1900-01-01 08:20:00,2.6666666666666665,19,18
68014,137,Short,1900-01-01 14:00:00,1900-01-01 17:10:00,3.1666666666666665,18,17
68015,137,Short,1900-01-01 21:05:00,1900-01-01 23:35:00,2.5,18,17
68016,137,Short,1900-01-01 04:20:00,1900-01-01 07:00:00,2.6666666666666665,18,17
68017,238,Medium,1900-01-01 14:50:00,1900-01-01 22:25:00,7.583333333333333,39,38
68018,238,Medium,1900-01-01 05:20:00,1900-01-01 13:00:00,7.666666666666667,39,38
68019,284,Medium,1900-01-01 06:05:00,1900-01-01 13:10:00,7.083333333333333,40,39
68020,284,Medium,1900-01-01 15:20:00,1900-01-01 21:25:00,6.083333333333333,41,40
68021,120,Short,1900-01-01 09:25:00,1900-01-01 12:05:00,2.6666666666666665,18,17
68022,120,Short,1900-01-01 12:30:00,1900-01-01 15:10:00,2.6666666666666665,18,17
68023,188,Short,1900-01-01 04:40:00,1900-01-01 09:20:00,4.666666666666667,27,26
68024,189,Short,1900-01-01 09:50:00,1900-01-01 13:55:00,4.083333333333333,27,26
68047,40,Short,1900-01-01 21:30:00,1900-01-01 22:20:00,0.8333333333333334,6,5
68048,40,Short,1900-01-01 06:10:00,1900-01-01 07:05:00,0.9166666666666666,6,5
68053,71,Short,1900-01-01 15:05:00,1900-01-01 16:35:00,1.5,11,10
68054,70,Short,1900-01-01 16:45:00,1900-01-01 18:10:00,1.4166666666666667,11,10
68055,171,Short,1900-01-01 08:25:00,1900-01-01 13:30:00,5.083333333333333,29,28
68056,170,Short,1900-01-01 08:45:00,1900-01-01 13:20:00,4.583333333333333,29,28
68057,39,Short,1900-01-01 05:45:00,1900-01-01 06:35:00,0.8333333333333334,7,6
68058,39,Short,1900-01-01 07:15:00,1900-01-01 08:10:00,0.9166666666666666,7,6
68059,112,Short,1900-01-01 18:45:00,1900-01-01 21:40:00,2.9166666666666665,19,18
68060,112,Short,1900-01-01 15:05:00,1900-01-01 18:25:00,3.3333333333333335,19,18
68063,41,Short,1900-01-01 05:05:00,1900-01-01 06:10:00,1.0833333333333333,9,8
68069,41,Short,1900-01-01 18:40:00,1900-01-01 19:45:00,1.0833333333333333,9,8
68070,41,Short,1900-01-01 22:35:00,1900-01-01 23:35:00,1.0,9,8
68071,70,Short,1900-01-01 07:15:00,1900-01-01 09:35:00,2.3333333333333335,16,15
68072,40,Short,1900-01-01 18:10:00,1900-01-01 19:15:00,1.0833333333333333,9,8
68073,11,Short,1900-01-01 16:30:00,1900-01-01 16:55:00,0.4166666666666667,5,4
68074,40,Short,1900-01-01 09:45:00,1900-01-01 11:15:00,1.5,12,11
68075,29,Short,1900-01-01 22:30:00,1900-01-01 23:05:00,0.5833333333333334,5,4
68076,29,Short,1900-01-01 03:40:00,1900-01-01 04:20:00,0.6666666666666666,5,4
68077,40,Short,1900-01-01 13:35:00,1900-01-01 14:50:00,1.25,9,8
68078,40,Short,1900-01-01 15:00:00,1900-01-01 16:05:00,1.0833333333333333,9,8
68079,37,Short,1900-01-01 11:35:00,1900-01-01 13:05:00,1.5,7,6
68080,37,Short,1900-01-01 14:35:00,1900-01-01 16:20:00,1.75,7,6
68081,53,Short,1900-01-01 04:00:00,1900-01-01 04:55:00,0.9166666666666666,8,7
68082,84,Short,1900-01-01 21:15:00,1900-01-01 22:50:00,1.5833333333333333,13,12
68088,121,Short,1900-01-01 14:00:00,1900-01-01 17:50:00,3.8333333333333335,19,18
68089,155,Short,1900-01-01 11:40:00,1900-01-01 14:20:00,2.6666666666666665,20,19
68090,155,Short,1900-01-01 08:20:00,1900-01-01 11:20:00,3.0,20,19
68091,51,Short,1900-01-01 16:37:00,1900-01-01 18:00:00,1.3833333333333333,9,8
68092,51,Short,1900-01-01 06:55:00,1900-01-01 08:15:00,1.3333333333333333,7,6
68093,51,Short,1900-01-01 03:00:00,1900-01-01 04:30:00,1.5,10,9
68094,51,Short,1900-01-01 14:10:00,1900-01-01 15:45:00,1.5833333333333333,10,9
68097,108,Short,1900-01-01 20:15:00,1900-01-01 22:05:00,1.8333333333333333,15,14
68098,108,Short,1900-01-01 17:35:00,1900-01-01 19:30:00,1.9166666666666667,15,14
68643,8,Short,1900-01-01 06:05:00,1900-01-01 06:20:00,0.25,2,1
68644,8,Short,1900-01-01 06:30:00,1900-01-01 06:45:00,0.25,2,1
68645,8,Short,1900-01-01 17:05:00,1900-01-01 17:17:00,0.2,2,1
68646,8,Short,1900-01-01 17:35:00,1900-01-01 17:50:00,0.25,2,1
68685,130,Short,1900-01-01 07:48:00,1900-01-01 10:55:00,3.1166666666666667,22,21
68686,117,Short,1900-01-01 05:40:00,1900-01-01 08:05:00,2.4166666666666665,18,17
68688,117,Short,1900-01-01 06:45:00,1900-01-01 09:20:00,2.5833333333333335,18,17
68689,117,Short,1900-01-01 19:32:00,1900-01-01 22:05:00,2.55,18,17
68690,130,Short,1900-01-01 11:15:00,1900-01-01 14:08:00,2.8833333333333333,22,21
68701,48,Short,1900-01-01 04:50:00,1900-01-01 05:45:00,0.9166666666666666,10,9
68702,41,Short,1900-01-01 06:25:00,1900-01-01 07:20:00,0.9166666666666666,11,10
68703,48,Short,1900-01-01 07:35:00,1900-01-01 08:30:00,0.9166666666666666,10,9
68704,41,Short,1900-01-01 09:20:00,1900-01-01 10:20:00,1.0,11,10
68705,109,Short,1900-01-01 08:30:00,1900-01-01 10:40:00,2.1666666666666665,18,17
68706,214,Medium,1900-01-01 11:40:00,1900-01-01 18:15:00,6.583333333333333,33,32
68707,48,Short,1900-01-01 12:35:00,1900-01-01 13:35:00,1.0,10,9
68708,34,Short,1900-01-01 17:00:00,1900-01-01 18:00:00,1.0,11,10
68709,109,Short,1900-01-01 17:20:00,1900-01-01 19:35:00,2.25,18,17
68710,102,Short,1900-01-01 05:40:00,1900-01-01 07:55:00,2.25,19,18
68711,73,Short,1900-01-01 05:05:00,1900-01-01 06:35:00,1.5,9,8
68712,73,Short,1900-01-01 22:15:00,1900-01-01 23:40:00,1.4166666666666667,9,8
68713,127,Short,1900-01-01 06:45:00,1900-01-01 09:25:00,2.6666666666666665,17,16
68714,126,Short,1900-01-01 10:35:00,1900-01-01 13:50:00,3.25,17,16
68715,127,Short,1900-01-01 15:10:00,1900-01-01 17:40:00,2.5,17,16
68716,126,Short,1900-01-01 18:30:00,1900-01-01 21:15:00,2.75,17,16
68717,48,Short,1900-01-01 18:25:00,1900-01-01 19:20:00,0.9166666666666666,10,9
68718,41,Short,1900-01-01 19:50:00,1900-01-01 20:40:00,0.8333333333333334,7,6
68719,112,Short,1900-01-01 16:45:00,1900-01-01 19:05:00,2.3333333333333335,15,14
68721,109,Short,1900-01-01 19:10:00,1900-01-01 21:30:00,2.3333333333333335,18,17
68723,73,Short,1900-01-01 21:40:00,1900-01-01 23:25:00,1.75,9,8
68724,175,Short,1900-01-01 07:00:00,1900-01-01 11:20:00,4.333333333333333,27,26
68725,48,Short,1900-01-01 20:50:00,1900-01-01 21:50:00,1.0,10,9
68726,41,Short,1900-01-01 22:05:00,1900-01-01 23:10:00,1.0833333333333333,10,9
68727,112,Short,1900-01-01 19:05:00,1900-01-01 21:30:00,2.4166666666666665,15,14
68728,111,Short,1900-01-01 07:15:00,1900-01-01 09:25:00,2.1666666666666665,15,14
68729,109,Short,1900-01-01 21:50:00,1900-01-01 23:55:00,2.0833333333333335,18,17
68730,102,Short,1900-01-01 04:00:00,1900-01-01 06:30:00,2.5,19,18
68731,97,Short,1900-01-01 21:00:00,1900-01-01 23:15:00,2.25,15,14
68732,97,Short,1900-01-01 18:30:00,1900-01-01 20:45:00,2.25,15,14
68733,97,Short,1900-01-01 13:20:00,1900-01-01 15:40:00,2.3333333333333335,15,14
68734,97,Short,1900-01-01 10:20:00,1900-01-01 12:35:00,2.25,15,14
68735,135,Short,1900-01-01 07:30:00,1900-01-01 10:00:00,2.5,18,17
68736,135,Short,1900-01-01 20:50:00,1900-01-01 23:20:00,2.5,17,16
68737,135,Short,1900-01-01 15:25:00,1900-01-01 18:20:00,2.9166666666666665,18,17
68738,133,Short,1900-01-01 10:40:00,1900-01-01 13:05:00,2.4166666666666665,15,14
68739,100,Short,1900-01-01 11:15:00,1900-01-01 13:55:00,2.6666666666666665,13,12
68740,100,Short,1900-01-01 07:30:00,1900-01-01 10:25:00,2.9166666666666665,13,12
68741,133,Short,1900-01-01 06:45:00,1900-01-01 09:35:00,2.8333333333333335,17,16
68742,133,Short,1900-01-01 17:40:00,1900-01-01 20:40:00,3.0,17,16
68743,127,Short,1900-01-01 09:40:00,1900-01-01 12:30:00,2.8333333333333335,17,16
68744,126,Short,1900-01-01 14:25:00,1900-01-01 17:20:00,2.9166666666666665,17,16
68745,209,Medium,1900-01-01 05:50:00,1900-01-01 11:05:00,5.25,29,28
68746,209,Medium,1900-01-01 13:10:00,1900-01-01 18:00:00,4.833333333333333,28,27
68747,320,Medium,1900-01-01 06:00:00,1900-01-01 14:20:00,8.333333333333334,37,36
68748,318,Medium,1900-01-01 14:50:00,1900-01-01 22:45:00,7.916666666666667,37,36
68749,215,Medium,1900-01-01 09:30:00,1900-01-01 15:10:00,5.666666666666667,25,24
68750,215,Medium,1900-01-01 16:15:00,1900-01-01 22:00:00,5.75,25,24
69101,99,Short,1900-01-01 05:55:00,1900-01-01 08:50:00,2.9166666666666665,20,19
69102,99,Short,1900-01-01 16:50:00,1900-01-01 20:05:00,3.25,20,19
69104,35,Short,1900-01-01 04:00:00,1900-01-01 05:30:00,1.5,9,8
69105,63,Short,1900-01-01 03:05:00,1900-01-01 05:10:00,2.0833333333333335,13,12
69106,63,Short,1900-01-01 00:45:00,1900-01-01 02:20:00,1.5833333333333333,13,12
69107,99,Short,1900-01-01 20:20:00,1900-01-01 23:30:00,3.1666666666666665,20,19
69108,99,Short,1900-01-01 08:10:00,1900-01-01 10:55:00,2.75,20,19
69109,128,Short,1900-01-01 16:10:00,1900-01-01 19:40:00,3.5,23,22
69110,128,Short,1900-01-01 11:30:00,1900-01-01 14:40:00,3.1666666666666665,24,23
69111,128,Short,1900-01-01 17:45:00,1900-01-01 20:55:00,3.1666666666666665,23,22
69112,128,Short,1900-01-01 05:45:00,1900-01-01 09:05:00,3.3333333333333335,23,22
69113,99,Short,1900-01-01 19:50:00,1900-01-01 22:50:00,3.0,20,19
69114,99,Short,1900-01-01 05:20:00,1900-01-01 08:20:00,3.0,20,19
69115,99,Short,1900-01-01 08:45:00,1900-01-01 11:35:00,2.8333333333333335,20,19
69116,63,Short,1900-01-01 02:25:00,1900-01-01 03:45:00,1.3333333333333333,7,6
69117,146,Short,1900-01-01 11:10:00,1900-01-01 14:55:00,3.75,21,20
69118,147,Short,1900-01-01 16:20:00,1900-01-01 19:30:00,3.1666666666666665,21,20
69119,146,Short,1900-01-01 18:20:00,1900-01-01 22:10:00,3.8333333333333335,21,20
69120,147,Short,1900-01-01 06:15:00,1900-01-01 09:40:00,3.4166666666666665,21,20
69121,72,Short,1900-01-01 20:00:00,1900-01-01 21:55:00,1.9166666666666667,11,10
69122,72,Short,1900-01-01 05:55:00,1900-01-01 07:50:00,1.9166666666666667,11,10
69123,78,Short,1900-01-01 10:00:00,1900-01-01 12:10:00,2.1666666666666665,13,12
69124,78,Short,1900-01-01 04:15:00,1900-01-01 06:30:00,2.25,13,12
69125,78,Short,1900-01-01 19:10:00,1900-01-01 21:20:00,2.1666666666666665,13,12
69126,78,Short,1900-01-01 13:00:00,1900-01-01 15:20:00,2.3333333333333335,13,12
69127,63,Short,1900-01-01 17:00:00,1900-01-01 18:45:00,1.75,13,12
69128,63,Short,1900-01-01 13:40:00,1900-01-01 15:20:00,1.6666666666666667,13,12
69129,63,Short,1900-01-01 05:40:00,1900-01-01 07:35:00,1.9166666666666667,13,12
69130,63,Short,1900-01-01 19:10:00,1900-01-01 20:50:00,1.6666666666666667,13,12
69131,31,Short,1900-01-01 12:10:00,1900-01-01 13:15:00,1.0833333333333333,5,4
69132,31,Short,1900-01-01 15:00:00,1900-01-01 16:05:00,1.0833333333333333,5,4
69133,29,Short,1900-01-01 07:30:00,1900-01-01 08:20:00,0.8333333333333334,6,5
69134,29,Short,1900-01-01 08:35:00,1900-01-01 09:25:00,0.8333333333333334,6,5
69135,29,Short,1900-01-01 16:40:00,1900-01-01 17:30:00,0.8333333333333334,6,5
69136,29,Short,1900-01-01 17:45:00,1900-01-01 18:35:00,0.8333333333333334,6,5
69137,35,Short,1900-01-01 22:55:00,1900-01-01 00:10:00,1.25,8,7
69138,35,Short,1900-01-01 21:15:00,1900-01-01 22:25:00,1.1666666666666667,8,7
69139,232,Medium,1900-01-01 06:50:00,1900-01-01 13:00:00,6.166666666666667,34,33
69140,206,Medium,1900-01-01 18:20:00,1900-01-01 23:10:00,4.833333333333333,30,29
69141,117,Short,1900-01-01 06:45:00,1900-01-01 09:45:00,3.0,22,21
69142,117,Short,1900-01-01 17:25:00,1900-01-01 20:25:00,3.0,22,21
69143,89,Short,1900-01-01 04:40:00,1900-01-01 06:30:00,1.8333333333333333,12,11
69144,89,Short,1900-01-01 20:40:00,1900-01-01 22:30:00,1.8333333333333333,12,11
69145,78,Short,1900-01-01 05:00:00,1900-01-01 07:10:00,2.1666666666666665,13,12
69146,78,Short,1900-01-01 08:30:00,1900-01-01 10:45:00,2.25,13,12
69147,78,Short,1900-01-01 14:20:00,1900-01-01 16:40:00,2.3333333333333335,13,12
69149,265,Medium,1900-01-01 04:00:00,1900-01-01 11:10:00,7.166666666666667,41,40
69150,265,Medium,1900-01-01 14:05:00,1900-01-01 21:30:00,7.416666666666667,42,41
69151,68,Short,1900-01-01 15:25:00,1900-01-01 17:15:00,1.8333333333333333,13,12
69152,68,Short,1900-01-01 09:20:00,1900-01-01 11:25:00,2.0833333333333335,13,12
69153,54,Short,1900-01-01 13:50:00,1900-01-01 15:15:00,1.4166666666666667,9,8
69154,54,Short,1900-01-01 11:40:00,1900-01-01 12:55:00,1.25,9,8
69161,137,Short,1900-01-01 18:50:00,1900-01-01 22:25:00,3.5833333333333335,20,19
69164,137,Short,1900-01-01 05:30:00,1900-01-01 08:55:00,3.4166666666666665,19,18
69165,65,Short,1900-01-01 09:20:00,1900-01-01 11:05:00,1.75,11,10
69166,65,Short,1900-01-01 16:45:00,1900-01-01 18:25:00,1.6666666666666667,11,10
69167,65,Short,1900-01-01 14:35:00,1900-01-01 16:10:00,1.5833333333333333,9,8
69168,65,Short,1900-01-01 12:10:00,1900-01-01 13:45:00,1.5833333333333333,11,10
69169,160,Short,1900-01-01 18:30:00,1900-01-01 22:55:00,4.416666666666667,23,22
69171,58,Short,1900-01-01 18:30:00,1900-01-01 20:05:00,1.5833333333333333,11,10
69172,58,Short,1900-01-01 06:35:00,1900-01-01 08:25:00,1.8333333333333333,12,11
69173,63,Short,1900-01-01 22:55:00,1900-01-01 00:11:00,1.2666666666666666,8,7
69174,89,Short,1900-01-01 04:55:00,1900-01-01 06:35:00,1.6666666666666667,10,9
69181,114,Short,1900-01-01 16:35:00,1900-01-01 18:45:00,2.1666666666666665,14,13
69182,114,Short,1900-01-01 08:25:00,1900-01-01 10:50:00,2.4166666666666665,14,13
69183,44,Short,1900-01-01 18:55:00,1900-01-01 19:50:00,0.9166666666666666,6,5
69184,44,Short,1900-01-01 07:10:00,1900-01-01 08:10:00,1.0,6,5
69185,54,Short,1900-01-01 20:05:00,1900-01-01 21:30:00,1.4166666666666667,8,7
69186,54,Short,1900-01-01 05:30:00,1900-01-01 06:55:00,1.4166666666666667,8,7
69187,114,Short,1900-01-01 22:20:00,1900-01-01 01:25:00,3.0833333333333335,14,13
69188,114,Short,1900-01-01 01:35:00,1900-01-01 04:25:00,2.8333333333333335,14,13
69189,152,Short,1900-01-01 11:30:00,1900-01-01 15:35:00,4.083333333333333,23,22
69190,153,Short,1900-01-01 13:00:00,1900-01-01 17:25:00,4.416666666666667,23,22
69191,95,Short,1900-01-01 18:10:00,1900-01-01 21:25:00,3.25,17,16
69192,95,Short,1900-01-01 07:30:00,1900-01-01 10:25:00,2.9166666666666665,17,16
69195,61,Short,1900-01-01 06:35:00,1900-01-01 08:10:00,1.5833333333333333,6,5
69196,61,Short,1900-01-01 18:00:00,1900-01-01 19:35:00,1.5833333333333333,6,5
70101,115,Short,1900-01-01 17:35:00,1900-01-01 20:25:00,2.8333333333333335,12,11
70102,119,Short,1900-01-01 06:00:00,1900-01-01 08:15:00,2.25,12,11
70103,115,Short,1900-01-01 09:30:00,1900-01-01 12:50:00,3.3333333333333335,12,11
70104,119,Short,1900-01-01 14:25:00,1900-01-01 17:10:00,2.75,12,11
70105,324,Medium,1900-01-01 05:00:00,1900-01-01 12:05:00,7.083333333333333,30,29
70106,326,Medium,1900-01-01 15:00:00,1900-01-01 22:00:00,7.0,30,29
71081,41,Short,1900-01-01 12:50:00,1900-01-01 13:50:00,1.0,6,5
71082,86,Short,1900-01-01 05:44:00,1900-01-01 08:10:00,2.433333333333333,13,12
71083,41,Short,1900-01-01 15:35:00,1900-01-01 16:35:00,1.0,6,5
71084,41,Short,1900-01-01 14:33:00,1900-01-01 15:25:00,0.8666666666666667,6,5
71085,41,Short,1900-01-01 19:15:00,1900-01-01 20:07:00,0.8666666666666667,6,5
71086,41,Short,1900-01-01 17:55:00,1900-01-01 18:55:00,1.0,6,5
71088,51,Short,1900-01-01 08:35:00,1900-01-01 09:45:00,1.1666666666666667,8,7
71089,105,Short,1900-01-01 09:10:00,1900-01-01 12:15:00,3.0833333333333335,13,12
71092,105,Short,1900-01-01 05:15:00,1900-01-01 07:55:00,2.6666666666666665,17,16
71093,41,Short,1900-01-01 09:50:00,1900-01-01 10:50:00,1.0,6,5
71094,41,Short,1900-01-01 11:30:00,1900-01-01 12:30:00,1.0,6,5
71095,105,Short,1900-01-01 20:00:00,1900-01-01 22:35:00,2.5833333333333335,13,12
71096,105,Short,1900-01-01 15:40:00,1900-01-01 18:45:00,3.0833333333333335,13,12
71401,43,Short,1900-01-01 05:25:00,1900-01-01 06:45:00,1.3333333333333333,6,5
71402,121,Short,1900-01-01 07:05:00,1900-01-01 10:15:00,3.1666666666666665,16,15
71403,77,Short,1900-01-01 09:40:00,1900-01-01 11:30:00,1.8333333333333333,11,10
71404,121,Short,1900-01-01 16:20:00,1900-01-01 19:40:00,3.3333333333333335,16,15
71405,43,Short,1900-01-01 14:35:00,1900-01-01 15:55:00,1.3333333333333333,6,5
71407,77,Short,1900-01-01 10:32:00,1900-01-01 12:35:00,2.05,11,10
71408,77,Short,1900-01-01 12:45:00,1900-01-01 14:23:00,1.6333333333333333,11,10
71409,77,Short,1900-01-01 14:40:00,1900-01-01 16:58:00,2.3,11,10
71410,77,Short,1900-01-01 17:10:00,1900-01-01 18:50:00,1.6666666666666667,11,10
71411,77,Short,1900-01-01 20:05:00,1900-01-01 21:53:00,1.8,11,10
71413,265,Medium,1900-01-01 22:50:00,1900-01-01 08:05:00,9.25,32,31
71414,265,Medium,1900-01-01 11:40:00,1900-01-01 20:15:00,8.583333333333334,33,32
71415,265,Medium,1900-01-01 08:15:00,1900-01-01 15:50:00,7.583333333333333,33,32
71416,265,Medium,1900-01-01 23:00:00,1900-01-01 06:35:00,7.583333333333333,31,30
71901,51,Short,1900-01-01 05:50:00,1900-01-01 06:55:00,1.0833333333333333,8,7
71902,51,Short,1900-01-01 07:30:00,1900-01-01 08:45:00,1.25,8,7
71903,148,Short,1900-01-01 09:25:00,1900-01-01 13:05:00,3.6666666666666665,22,21
71904,148,Short,1900-01-01 13:50:00,1900-01-01 17:05:00,3.25,22,21
71905,51,Short,1900-01-01 20:05:00,1900-01-01 21:45:00,1.6666666666666667,8,7
71906,51,Short,1900-01-01 22:15:00,1900-01-01 23:35:00,1.3333333333333333,8,7
71907,148,Short,1900-01-01 17:10:00,1900-01-01 21:00:00,3.8333333333333335,22,21
71908,148,Short,1900-01-01 06:05:00,1900-01-01 09:20:00,3.25,22,21
71909,136,Short,1900-01-01 17:10:00,1900-01-01 20:35:00,3.4166666666666665,15,14
71910,136,Short,1900-01-01 06:10:00,1900-01-01 09:55:00,3.75,15,14
72171,18,Short,1900-01-01 06:35:00,1900-01-01 07:10:00,0.5833333333333334,4,3
72172,18,Short,1900-01-01 07:25:00,1900-01-01 08:00:00,0.5833333333333334,4,3
72173,18,Short,1900-01-01 08:55:00,1900-01-01 09:30:00,0.5833333333333334,4,3
72174,18,Short,1900-01-01 09:40:00,1900-01-01 10:15:00,0.5833333333333334,4,3
72175,18,Short,1900-01-01 15:20:00,1900-01-01 15:55:00,0.5833333333333334,4,3
72176,18,Short,1900-01-01 16:10:00,1900-01-01 16:45:00,0.5833333333333334,4,3
72177,18,Short,1900-01-01 16:55:00,1900-01-01 17:30:00,0.5833333333333334,4,3
72178,18,Short,1900-01-01 17:40:00,1900-01-01 18:15:00,0.5833333333333334,4,3
72179,18,Short,1900-01-01 19:25:00,1900-01-01 20:00:00,0.5833333333333334,4,3
72180,18,Short,1900-01-01 20:30:00,1900-01-01 21:05:00,0.5833333333333334,4,3
72203,34,Short,1900-01-01 06:15:00,1900-01-01 07:40:00,1.4166666666666667,6,5
72204,35,Short,1900-01-01 07:50:00,1900-01-01 09:15:00,1.4166666666666667,6,5
72205,34,Short,1900-01-01 10:10:00,1900-01-01 11:40:00,1.5,6,5
72206,35,Short,1900-01-01 11:50:00,1900-01-01 13:20:00,1.5,6,5
72207,34,Short,1900-01-01 14:30:00,1900-01-01 16:00:00,1.5,6,5
72208,35,Short,1900-01-01 16:15:00,1900-01-01 17:40:00,1.4166666666666667,6,5
72209,34,Short,1900-01-01 18:45:00,1900-01-01 20:05:00,1.3333333333333333,6,5
72210,35,Short,1900-01-01 20:15:00,1900-01-01 21:35:00,1.3333333333333333,6,5
72451,95,Short,1900-01-01 05:00:00,1900-01-01 09:20:00,4.333333333333333,3,2
72452,95,Short,1900-01-01 16:55:00,1900-01-01 21:25:00,4.5,3,2
73011,111,Short,1900-01-01 16:15:00,1900-01-01 18:45:00,2.5,19,18
73012,111,Short,1900-01-01 07:25:00,1900-01-01 09:55:00,2.5,19,18
73021,59,Short,1900-01-01 05:25:00,1900-01-01 07:15:00,1.8333333333333333,11,10
73022,59,Short,1900-01-01 19:30:00,1900-01-01 21:10:00,1.6666666666666667,11,10
73031,65,Short,1900-01-01 14:45:00,1900-01-01 16:35:00,1.8333333333333333,13,12
73032,65,Short,1900-01-01 10:40:00,1900-01-01 12:40:00,2.0,13,12
73033,44,Short,1900-01-01 22:30:00,1900-01-01 23:45:00,1.25,9,8
73034,44,Short,1900-01-01 05:24:00,1900-01-01 06:50:00,1.4333333333333333,9,8
73035,127,Short,1900-01-01 13:00:00,1900-01-01 16:40:00,3.6666666666666665,23,22
73036,127,Short,1900-01-01 04:30:00,1900-01-01 08:04:00,3.566666666666667,23,22
73037,54,Short,1900-01-01 03:00:00,1900-01-01 04:10:00,1.1666666666666667,10,9
73038,54,Short,1900-01-01 18:15:00,1900-01-01 19:45:00,1.5,10,9
73151,261,Medium,1900-01-01 05:35:00,1900-01-01 12:35:00,7.0,48,47
73152,261,Medium,1900-01-01 13:30:00,1900-01-01 20:20:00,6.833333333333333,48,47
73211,10,Short,1900-01-01 21:50:00,1900-01-01 22:55:00,1.0833333333333333,5,4
73212,10,Short,1900-01-01 04:55:00,1900-01-01 05:50:00,0.9166666666666666,5,4
73213,19,Short,1900-01-01 06:35:00,1900-01-01 08:30:00,1.9166666666666667,12,11
73214,19,Short,1900-01-01 19:20:00,1900-01-01 21:45:00,2.4166666666666665,12,11
73215,6,Short,1900-01-01 11:30:00,1900-01-01 12:20:00,0.8333333333333334,7,6
73216,6,Short,1900-01-01 15:00:00,1900-01-01 15:45:00,0.75,7,6
73261,64,Short,1900-01-01 06:30:00,1900-01-01 09:30:00,3.0,12,11
73262,64,Short,1900-01-01 12:10:00,1900-01-01 15:40:00,3.5,12,11
73263,64,Short,1900-01-01 16:45:00,1900-01-01 19:20:00,2.5833333333333335,12,11
73264,64,Short,1900-01-01 19:40:00,1900-01-01 23:05:00,3.4166666666666665,12,11
73421,45,Short,1900-01-01 07:30:00,1900-01-01 08:52:00,1.3666666666666667,13,12
73422,44,Short,1900-01-01 09:15:00,1900-01-01 10:30:00,1.25,13,12
73425,45,Short,1900-01-01 20:00:00,1900-01-01 21:25:00,1.4166666666666667,10,9
73426,45,Short,1900-01-01 22:05:00,1900-01-01 23:15:00,1.1666666666666667,10,9
73427,45,Short,1900-01-01 03:10:00,1900-01-01 04:40:00,1.5,11,10
73428,45,Short,1900-01-01 05:30:00,1900-01-01 06:48:00,1.3,11,10
73429,47,Short,1900-01-01 12:25:00,1900-01-01 13:50:00,1.4166666666666667,13,12
73430,47,Short,1900-01-01 10:38:00,1900-01-01 12:05:00,1.45,14,13
73451,56,Short,1900-01-01 07:05:00,1900-01-01 08:50:00,1.75,10,9
73452,56,Short,1900-01-01 05:00:00,1900-01-01 06:45:00,1.75,10,9
73453,56,Short,1900-01-01 15:12:00,1900-01-01 16:45:00,1.55,10,9
73454,56,Short,1900-01-01 13:00:00,1900-01-01 14:45:00,1.75,10,9
73461,28,Short,1900-01-01 10:35:00,1900-01-01 11:35:00,1.0,5,4
73462,28,Short,1900-01-01 09:15:00,1900-01-01 10:15:00,1.0,5,4
73463,28,Short,1900-01-01 18:30:00,1900-01-01 19:30:00,1.0,5,4
73464,28,Short,1900-01-01 17:10:00,1900-01-01 18:10:00,1.0,5,4
73538,132,Short,1900-01-01 14:25:00,1900-01-01 18:10:00,3.75,18,17
73539,132,Short,1900-01-01 06:35:00,1900-01-01 10:15:00,3.6666666666666665,18,17
73581,61,Short,1900-01-01 10:25:00,1900-01-01 12:15:00,1.8333333333333333,9,8
73582,61,Short,1900-01-01 12:25:00,1900-01-01 14:15:00,1.8333333333333333,9,8
73901,39,Short,1900-01-01 03:40:00,1900-01-01 04:50:00,1.1666666666666667,2,1
73902,39,Short,1900-01-01 05:10:00,1900-01-01 06:30:00,1.3333333333333333,2,1
73903,39,Short,1900-01-01 16:20:00,1900-01-01 17:25:00,1.0833333333333333,2,1
73904,39,Short,1900-01-01 18:10:00,1900-01-01 19:25:00,1.25,2,1
73905,39,Short,1900-01-01 12:15:00,1900-01-01 13:10:00,0.9166666666666666,2,1
73911,28,Short,1900-01-01 05:15:00,1900-01-01 06:25:00,1.1666666666666667,6,5
73912,28,Short,1900-01-01 03:44:00,1900-01-01 04:58:00,1.2333333333333334,2,1
73913,28,Short,1900-01-01 18:05:00,1900-01-01 19:25:00,1.3333333333333333,2,1
73914,28,Short,1900-01-01 16:20:00,1900-01-01 17:30:00,1.1666666666666667,6,5
73916,28,Short,1900-01-01 12:33:00,1900-01-01 13:45:00,1.2,2,1
74001,82,Short,1900-01-01 20:05:00,1900-01-01 22:35:00,2.5,18,17
74002,82,Short,1900-01-01 17:00:00,1900-01-01 19:35:00,2.5833333333333335,18,17
74003,82,Short,1900-01-01 13:50:00,1900-01-01 16:30:00,2.6666666666666665,18,17
74004,82,Short,1900-01-01 05:30:00,1900-01-01 08:15:00,2.75,18,17
74011,69,Short,1900-01-01 20:20:00,1900-01-01 22:35:00,2.25,17,16
74012,69,Short,1900-01-01 04:15:00,1900-01-01 06:50:00,2.5833333333333335,17,16
74013,246,Medium,1900-01-01 16:35:00,1900-01-01 23:20:00,6.75,41,40
74014,247,Medium,1900-01-01 04:30:00,1900-01-01 11:20:00,6.833333333333333,41,40
74015,138,Short,1900-01-01 07:10:00,1900-01-01 10:10:00,3.0,16,15
74016,138,Short,1900-01-01 16:15:00,1900-01-01 19:20:00,3.0833333333333335,16,15
74017,81,Short,1900-01-01 19:50:00,1900-01-01 21:35:00,1.75,8,7
74018,81,Short,1900-01-01 05:05:00,1900-01-01 06:50:00,1.75,8,7
74019,89,Short,1900-01-01 13:30:00,1900-01-01 16:00:00,2.5,14,13
74020,89,Short,1900-01-01 10:30:00,1900-01-01 13:05:00,2.5833333333333335,14,13
74021,163,Short,1900-01-01 07:35:00,1900-01-01 12:45:00,5.166666666666667,36,35
74022,93,Short,1900-01-01 05:40:00,1900-01-01 09:20:00,3.6666666666666665,24,23
74023,93,Short,1900-01-01 20:00:00,1900-01-01 23:00:00,3.0,24,23
74024,163,Short,1900-01-01 13:15:00,1900-01-01 18:30:00,5.25,36,35
74025,93,Short,1900-01-01 04:05:00,1900-01-01 07:35:00,3.5,24,23
74026,93,Short,1900-01-01 10:00:00,1900-01-01 13:25:00,3.4166666666666665,24,23
74027,54,Short,1900-01-01 15:30:00,1900-01-01 17:45:00,2.25,15,14
74028,54,Short,1900-01-01 18:55:00,1900-01-01 21:20:00,2.4166666666666665,15,14
74029,89,Short,1900-01-01 10:45:00,1900-01-01 13:30:00,2.75,14,13
74030,89,Short,1900-01-01 06:30:00,1900-01-01 09:05:00,2.5833333333333335,14,13
74031,11,Short,1900-01-01 06:20:00,1900-01-01 06:45:00,0.4166666666666667,3,2
74032,47,Short,1900-01-01 07:00:00,1900-01-01 08:40:00,1.6666666666666667,11,10
74033,47,Short,1900-01-01 08:50:00,1900-01-01 10:25:00,1.5833333333333333,11,10
74034,11,Short,1900-01-01 10:40:00,1900-01-01 11:05:00,0.4166666666666667,3,2
74035,11,Short,1900-01-01 15:15:00,1900-01-01 15:40:00,0.4166666666666667,3,2
74036,47,Short,1900-01-01 16:15:00,1900-01-01 17:50:00,1.5833333333333333,11,10
74037,47,Short,1900-01-01 18:00:00,1900-01-01 19:35:00,1.5833333333333333,11,10
74038,11,Short,1900-01-01 19:50:00,1900-01-01 20:15:00,0.4166666666666667,3,2
74201,172,Short,1900-01-01 05:00:00,1900-01-01 10:45:00,5.75,25,24
74202,172,Short,1900-01-01 16:30:00,1900-01-01 21:25:00,4.916666666666667,25,24
74301,47,Short,1900-01-01 08:15:00,1900-01-01 10:30:00,2.25,9,8
74302,47,Short,1900-01-01 05:35:00,1900-01-01 07:35:00,2.0,8,7
74303,47,Short,1900-01-01 13:20:00,1900-01-01 15:20:00,2.0,9,8
74304,47,Short,1900-01-01 11:00:00,1900-01-01 13:00:00,2.0,9,8
74305,47,Short,1900-01-01 19:20:00,1900-01-01 21:35:00,2.25,9,8
74306,47,Short,1900-01-01 16:00:00,1900-01-01 18:30:00,2.5,9,8
74601,49,Short,1900-01-01 06:10:00,1900-01-01 07:45:00,1.5833333333333333,6,5
74602,49,Short,1900-01-01 07:55:00,1900-01-01 09:30:00,1.5833333333333333,6,5
74603,49,Short,1900-01-01 09:40:00,1900-01-01 11:15:00,1.5833333333333333,6,5
74604,49,Short,1900-01-01 11:30:00,1900-01-01 13:05:00,1.5833333333333333,6,5
74605,49,Short,1900-01-01 13:15:00,1900-01-01 14:50:00,1.5833333333333333,6,5
74606,49,Short,1900-01-01 15:05:00,1900-01-01 16:40:00,1.5833333333333333,6,5
74607,49,Short,1900-01-01 16:50:00,1900-01-01 18:25:00,1.5833333333333333,6,5
74608,49,Short,1900-01-01 18:35:00,1900-01-01 20:10:00,1.5833333333333333,6,5
74611,89,Short,1900-01-01 19:00:00,1900-01-01 21:00:00,2.0,12,11
74612,89,Short,1900-01-01 16:20:00,1900-01-01 18:20:00,2.0,12,11
74613,45,Short,1900-01-01 07:20:00,1900-01-01 08:20:00,1.0,6,5
74614,134,Short,1900-01-01 08:30:00,1900-01-01 11:35:00,3.0833333333333335,17,16
74615,134,Short,1900-01-01 11:45:00,1900-01-01 15:05:00,3.3333333333333335,17,16
74616,45,Short,1900-01-01 15:15:00,1900-01-01 16:10:00,0.9166666666666666,6,5
74617,45,Short,1900-01-01 15:15:00,1900-01-01 16:20:00,1.0833333333333333,6,5
74618,45,Short,1900-01-01 10:30:00,1900-01-01 11:30:00,1.0,6,5
74619,134,Short,1900-01-01 07:25:00,1900-01-01 10:20:00,2.9166666666666665,9,8
74620,134,Short,1900-01-01 16:35:00,1900-01-01 18:55:00,2.3333333333333335,9,8
74621,45,Short,1900-01-01 18:15:00,1900-01-01 19:15:00,1.0,6,5
74622,45,Short,1900-01-01 17:55:00,1900-01-01 18:50:00,0.9166666666666666,6,5
74623,45,Short,1900-01-01 10:40:00,1900-01-01 11:35:00,0.9166666666666666,6,5
74624,45,Short,1900-01-01 19:35:00,1900-01-01 20:40:00,1.0833333333333333,6,5
74625,134,Short,1900-01-01 06:30:00,1900-01-01 09:20:00,2.8333333333333335,17,16
74626,134,Short,1900-01-01 07:20:00,1900-01-01 10:40:00,3.3333333333333335,17,16
74627,134,Short,1900-01-01 14:45:00,1900-01-01 17:45:00,3.0,17,16
74628,134,Short,1900-01-01 09:30:00,1900-01-01 12:40:00,3.1666666666666665,17,16
74629,134,Short,1900-01-01 17:25:00,1900-01-01 20:25:00,3.0,17,16
74630,134,Short,1900-01-01 11:45:00,1900-01-01 14:35:00,2.8333333333333335,17,16
74631,89,Short,1900-01-01 10:50:00,1900-01-01 13:10:00,2.3333333333333335,12,11
74632,89,Short,1900-01-01 15:05:00,1900-01-01 17:15:00,2.1666666666666665,12,11
74633,89,Short,1900-01-01 12:55:00,1900-01-01 15:00:00,2.0833333333333335,12,11
74634,89,Short,1900-01-01 19:00:00,1900-01-01 21:05:00,2.0833333333333335,12,11
74635,89,Short,1900-01-01 08:15:00,1900-01-01 10:15:00,2.0,12,11
74636,89,Short,1900-01-01 06:00:00,1900-01-01 08:05:00,2.0833333333333335,12,11
74637,89,Short,1900-01-01 09:35:00,1900-01-01 11:55:00,2.3333333333333335,12,11
74638,89,Short,1900-01-01 07:05:00,1900-01-01 09:25:00,2.3333333333333335,12,11
74639,89,Short,1900-01-01 16:05:00,1900-01-01 18:10:00,2.0833333333333335,12,11
74640,89,Short,1900-01-01 13:50:00,1900-01-01 15:55:00,2.0833333333333335,12,11
74641,68,Short,1900-01-01 09:20:00,1900-01-01 10:55:00,1.5833333333333333,10,9
74642,78,Short,1900-01-01 19:20:00,1900-01-01 21:20:00,2.0,12,11
74643,78,Short,1900-01-01 17:10:00,1900-01-01 19:00:00,1.8333333333333333,12,11
74644,78,Short,1900-01-01 21:45:00,1900-01-01 23:55:00,2.1666666666666665,11,10
74645,170,Short,1900-01-01 14:40:00,1900-01-01 19:10:00,4.5,22,21
74646,170,Short,1900-01-01 05:00:00,1900-01-01 10:15:00,5.25,21,20
74647,56,Short,1900-01-01 20:55:00,1900-01-01 22:20:00,1.4166666666666667,8,7
74648,77,Short,1900-01-01 19:40:00,1900-01-01 22:25:00,2.75,10,9
74651,53,Short,1900-01-01 04:20:00,1900-01-01 05:50:00,1.5,9,8
74652,45,Short,1900-01-01 06:05:00,1900-01-01 07:30:00,1.4166666666666667,8,7
74653,45,Short,1900-01-01 09:57:00,1900-01-01 11:15:00,1.3,8,7
74654,45,Short,1900-01-01 11:20:00,1900-01-01 12:45:00,1.4166666666666667,8,7
74655,45,Short,1900-01-01 13:43:00,1900-01-01 15:05:00,1.3666666666666667,8,7
74656,45,Short,1900-01-01 15:20:00,1900-01-01 16:45:00,1.4166666666666667,8,7
74657,45,Short,1900-01-01 17:32:00,1900-01-01 18:50:00,1.3,8,7
74658,53,Short,1900-01-01 19:15:00,1900-01-01 21:05:00,1.8333333333333333,9,8
74661,25,Short,1900-01-01 07:30:00,1900-01-01 08:10:00,0.6666666666666666,4,3
74662,25,Short,1900-01-01 08:20:00,1900-01-01 09:05:00,0.75,4,3
74663,25,Short,1900-01-01 18:20:00,1900-01-01 19:00:00,0.6666666666666666,4,3
74664,25,Short,1900-01-01 19:10:00,1900-01-01 20:00:00,0.8333333333333334,4,3
74671,106,Short,1900-01-01 12:15:00,1900-01-01 15:40:00,3.4166666666666665,17,16
74672,106,Short,1900-01-01 04:15:00,1900-01-01 07:20:00,3.0833333333333335,17,16
74673,98,Short,1900-01-01 15:12:00,1900-01-01 18:10:00,2.966666666666667,16,15
74674,98,Short,1900-01-01 12:05:00,1900-01-01 14:35:00,2.5,16,15
74675,106,Short,1900-01-01 20:25:00,1900-01-01 23:10:00,2.75,16,15
74676,106,Short,1900-01-01 18:40:00,1900-01-01 21:35:00,2.9166666666666665,16,15
74681,77,Short,1900-01-01 06:40:00,1900-01-01 08:55:00,2.25,5,4
74682,77,Short,1900-01-01 04:20:00,1900-01-01 06:30:00,2.1666666666666665,5,4
74683,72,Short,1900-01-01 11:20:00,1900-01-01 13:20:00,2.0,4,3
74684,77,Short,1900-01-01 09:10:00,1900-01-01 11:15:00,2.0833333333333335,5,4
74685,72,Short,1900-01-01 15:45:00,1900-01-01 17:50:00,2.0833333333333335,4,3
74686,72,Short,1900-01-01 13:47:00,1900-01-01 15:40:00,1.8833333333333333,4,3
74687,77,Short,1900-01-01 20:15:00,1900-01-01 22:25:00,2.1666666666666665,5,4
74688,72,Short,1900-01-01 18:17:00,1900-01-01 20:10:00,1.8833333333333333,4,3
74691,58,Short,1900-01-01 13:10:00,1900-01-01 15:00:00,1.8333333333333333,6,5
74692,58,Short,1900-01-01 15:35:00,1900-01-01 18:10:00,2.5833333333333335,6,5
74801,14,Short,1900-01-01 05:45:00,1900-01-01 06:20:00,0.5833333333333334,2,1
74802,14,Short,1900-01-01 05:00:00,1900-01-01 05:35:00,0.5833333333333334,2,1
74803,14,Short,1900-01-01 08:20:00,1900-01-01 08:50:00,0.5,2,1
74804,14,Short,1900-01-01 07:40:00,1900-01-01 08:10:00,0.5,2,1
74805,14,Short,1900-01-01 09:45:00,1900-01-01 10:15:00,0.5,2,1
74806,14,Short,1900-01-01 09:10:00,1900-01-01 09:40:00,0.5,2,1
74807,14,Short,1900-01-01 11:40:00,1900-01-01 12:10:00,0.5,2,1
74808,14,Short,1900-01-01 11:00:00,1900-01-01 11:30:00,0.5,2,1
74809,14,Short,1900-01-01 14:55:00,1900-01-01 15:25:00,0.5,2,1
74810,14,Short,1900-01-01 14:15:00,1900-01-01 14:45:00,0.5,2,1
74811,14,Short,1900-01-01 16:45:00,1900-01-01 17:15:00,0.5,2,1
74812,14,Short,1900-01-01 16:10:00,1900-01-01 16:40:00,0.5,2,1
74813,14,Short,1900-01-01 18:45:00,1900-01-01 19:15:00,0.5,2,1
74814,14,Short,1900-01-01 18:05:00,1900-01-01 18:35:00,0.5,2,1
74815,14,Short,1900-01-01 20:30:00,1900-01-01 21:00:00,0.5,2,1
74816,14,Short,1900-01-01 19:50:00,1900-01-01 20:20:00,0.5,2,1
74817,14,Short,1900-01-01 22:25:00,1900-01-01 22:55:00,0.5,2,1
74818,14,Short,1900-01-01 21:45:00,1900-01-01 22:15:00,0.5,2,1
74831,185,Short,1900-01-01 10:00:00,1900-01-01 14:25:00,4.416666666666667,19,18
74832,185,Short,1900-01-01 13:55:00,1900-01-01 17:35:00,3.6666666666666665,19,18
74833,313,Medium,1900-01-01 18:30:00,1900-01-01 01:00:00,6.5,29,28
74834,313,Medium,1900-01-01 02:50:00,1900-01-01 09:10:00,6.333333333333333,29,28
74835,471,Medium,1900-01-01 11:30:00,1900-01-01 22:35:00,11.083333333333334,49,48
74836,471,Medium,1900-01-01 05:15:00,1900-01-01 16:30:00,11.25,49,48
74837,348,Medium,1900-01-01 17:15:00,1900-01-01 03:50:00,10.583333333333334,39,38
74838,348,Medium,1900-01-01 04:15:00,1900-01-01 13:00:00,8.75,39,38
74839,208,Medium,1900-01-01 13:45:00,1900-01-01 18:30:00,4.75,24,23
74840,209,Medium,1900-01-01 00:30:00,1900-01-01 05:15:00,4.75,24,23
74841,302,Medium,1900-01-01 06:20:00,1900-01-01 13:45:00,7.416666666666667,35,34
74842,303,Medium,1900-01-01 14:35:00,1900-01-01 22:00:00,7.416666666666667,35,34
74843,208,Medium,1900-01-01 22:30:00,1900-01-01 03:30:00,5.0,24,23
74844,209,Medium,1900-01-01 04:15:00,1900-01-01 09:05:00,4.833333333333333,24,23
74845,211,Medium,1900-01-01 07:30:00,1900-01-01 12:35:00,5.083333333333333,28,27
74846,211,Medium,1900-01-01 13:50:00,1900-01-01 19:05:00,5.25,28,27
74847,211,Medium,1900-01-01 19:20:00,1900-01-01 00:20:00,5.0,28,27
74848,211,Medium,1900-01-01 01:35:00,1900-01-01 06:55:00,5.333333333333333,28,27
74849,48,Short,1900-01-01 08:45:00,1900-01-01 10:00:00,1.25,8,7
74850,47,Short,1900-01-01 10:15:00,1900-01-01 11:25:00,1.1666666666666667,8,7
74851,48,Short,1900-01-01 13:05:00,1900-01-01 14:20:00,1.25,8,7
74852,47,Short,1900-01-01 14:40:00,1900-01-01 15:50:00,1.1666666666666667,8,7
74853,48,Short,1900-01-01 16:55:00,1900-01-01 18:10:00,1.25,8,7
74854,47,Short,1900-01-01 18:25:00,1900-01-01 19:35:00,1.1666666666666667,8,7
74855,142,Short,1900-01-01 05:40:00,1900-01-01 08:15:00,2.5833333333333335,14,13
74856,142,Short,1900-01-01 19:55:00,1900-01-01 23:00:00,3.0833333333333335,14,13
74857,90,Short,1900-01-01 07:30:00,1900-01-01 09:35:00,2.0833333333333335,9,8
74858,90,Short,1900-01-01 17:40:00,1900-01-01 19:45:00,2.0833333333333335,9,8
74901,115,Short,1900-01-01 08:50:00,1900-01-01 11:45:00,2.9166666666666665,18,17
74902,115,Short,1900-01-01 05:35:00,1900-01-01 08:35:00,3.0,18,17
74903,115,Short,1900-01-01 18:35:00,1900-01-01 21:25:00,2.8333333333333335,18,17
74904,115,Short,1900-01-01 17:25:00,1900-01-01 20:35:00,3.1666666666666665,18,17
74906,53,Short,1900-01-01 08:15:00,1900-01-01 09:45:00,1.5,6,5
74907,53,Short,1900-01-01 17:30:00,1900-01-01 19:05:00,1.5833333333333333,6,5
74909,152,Short,1900-01-01 04:45:00,1900-01-01 09:30:00,4.75,19,18
74910,152,Short,1900-01-01 15:35:00,1900-01-01 19:40:00,4.083333333333333,19,18
74911,42,Short,1900-01-01 04:00:00,1900-01-01 05:20:00,1.3333333333333333,7,6
74912,42,Short,1900-01-01 03:20:00,1900-01-01 04:35:00,1.25,7,6
74913,42,Short,1900-01-01 07:55:00,1900-01-01 09:10:00,1.25,7,6
74914,42,Short,1900-01-01 06:35:00,1900-01-01 07:45:00,1.1666666666666667,7,6
74915,42,Short,1900-01-01 14:45:00,1900-01-01 15:55:00,1.1666666666666667,7,6
74916,42,Short,1900-01-01 16:30:00,1900-01-01 17:30:00,1.0,7,6
74917,42,Short,1900-01-01 17:35:00,1900-01-01 18:40:00,1.0833333333333333,7,6
74918,42,Short,1900-01-01 18:55:00,1900-01-01 20:10:00,1.25,7,6
74919,42,Short,1900-01-01 20:20:00,1900-01-01 21:30:00,1.1666666666666667,7,6
74920,42,Short,1900-01-01 21:20:00,1900-01-01 22:45:00,1.4166666666666667,7,6
74923,121,Short,1900-01-01 04:50:00,1900-01-01 08:35:00,3.75,18,17
74924,111,Short,1900-01-01 11:40:00,1900-01-01 14:35:00,2.9166666666666665,16,15
74931,117,Short,1900-01-01 05:00:00,1900-01-01 08:20:00,3.3333333333333335,18,17
74932,117,Short,1900-01-01 03:05:00,1900-01-01 06:00:00,2.9166666666666665,15,14
74933,117,Short,1900-01-01 06:40:00,1900-01-01 09:45:00,3.0833333333333335,18,17
74934,117,Short,1900-01-01 04:55:00,1900-01-01 08:30:00,3.5833333333333335,18,17
74935,117,Short,1900-01-01 08:55:00,1900-01-01 12:35:00,3.6666666666666665,18,17
74936,117,Short,1900-01-01 13:20:00,1900-01-01 16:40:00,3.3333333333333335,18,17
74937,117,Short,1900-01-01 17:35:00,1900-01-01 20:45:00,3.1666666666666665,18,17
74938,117,Short,1900-01-01 15:10:00,1900-01-01 18:25:00,3.25,18,17
74939,117,Short,1900-01-01 21:40:00,1900-01-01 00:35:00,2.9166666666666665,14,13
74940,117,Short,1900-01-01 17:40:00,1900-01-01 20:40:00,3.0,18,17
74941,31,Short,1900-01-01 07:10:00,1900-01-01 08:10:00,1.0,2,1
74942,31,Short,1900-01-01 06:00:00,1900-01-01 07:00:00,1.0,2,1
74943,31,Short,1900-01-01 10:00:00,1900-01-01 11:00:00,1.0,2,1
74944,31,Short,1900-01-01 08:50:00,1900-01-01 09:50:00,1.0,2,1
74945,31,Short,1900-01-01 16:00:00,1900-01-01 17:00:00,1.0,2,1
74946,31,Short,1900-01-01 14:50:00,1900-01-01 15:50:00,1.0,2,1
74947,31,Short,1900-01-01 18:25:00,1900-01-01 19:25:00,1.0,2,1
74948,31,Short,1900-01-01 17:15:00,1900-01-01 18:15:00,1.0,2,1
74951,87,Short,1900-01-01 10:25:00,1900-01-01 13:45:00,3.3333333333333335,17,16
74952,87,Short,1900-01-01 06:55:00,1900-01-01 10:10:00,3.25,17,16
74953,87,Short,1900-01-01 17:05:00,1900-01-01 20:10:00,3.0833333333333335,17,16
74954,87,Short,1900-01-01 14:00:00,1900-01-01 16:55:00,2.9166666666666665,17,16
74961,123,Short,1900-01-01 05:00:00,1900-01-01 08:20:00,3.3333333333333335,20,19
74962,123,Short,1900-01-01 08:45:00,1900-01-01 12:15:00,3.5,20,19
74963,123,Short,1900-01-01 13:20:00,1900-01-01 16:50:00,3.5,20,19
74964,123,Short,1900-01-01 18:20:00,1900-01-01 21:45:00,3.4166666666666665,20,19
74965,77,Short,1900-01-01 05:25:00,1900-01-01 07:35:00,2.1666666666666665,15,14
74966,77,Short,1900-01-01 08:10:00,1900-01-01 10:10:00,2.0,15,14
74967,77,Short,1900-01-01 10:20:00,1900-01-01 12:30:00,2.1666666666666665,15,14
74968,77,Short,1900-01-01 12:40:00,1900-01-01 14:40:00,2.0,15,14
74969,77,Short,1900-01-01 15:00:00,1900-01-01 17:10:00,2.1666666666666665,15,14
74970,77,Short,1900-01-01 17:20:00,1900-01-01 19:35:00,2.25,15,14
74971,88,Short,1900-01-01 08:40:00,1900-01-01 10:45:00,2.0833333333333335,14,13
74972,88,Short,1900-01-01 06:10:00,1900-01-01 08:30:00,2.3333333333333335,14,13
74973,88,Short,1900-01-01 10:15:00,1900-01-01 12:35:00,2.3333333333333335,14,13
74974,88,Short,1900-01-01 10:55:00,1900-01-01 13:05:00,2.1666666666666665,14,13
74975,88,Short,1900-01-01 13:15:00,1900-01-01 15:55:00,2.6666666666666665,14,13
74976,88,Short,1900-01-01 12:45:00,1900-01-01 14:55:00,2.1666666666666665,14,13
74977,88,Short,1900-01-01 17:40:00,1900-01-01 19:55:00,2.25,14,13
74978,88,Short,1900-01-01 15:00:00,1900-01-01 17:25:00,2.4166666666666665,14,13
74981,80,Short,1900-01-01 04:00:00,1900-01-01 06:00:00,2.0,13,12
74982,80,Short,1900-01-01 10:30:00,1900-01-01 12:30:00,2.0,13,12
74983,80,Short,1900-01-01 12:50:00,1900-01-01 14:45:00,1.9166666666666667,13,12
74984,80,Short,1900-01-01 20:05:00,1900-01-01 22:00:00,1.9166666666666667,13,12
74985,122,Short,1900-01-01 07:10:00,1900-01-01 10:15:00,3.0833333333333335,19,18
74986,122,Short,1900-01-01 03:00:00,1900-01-01 05:45:00,2.75,18,17
74987,122,Short,1900-01-01 21:20:00,1900-01-01 23:55:00,2.5833333333333335,14,13
74988,122,Short,1900-01-01 16:10:00,1900-01-01 19:30:00,3.3333333333333335,19,18
74991,215,Medium,1900-01-01 14:20:00,1900-01-01 19:50:00,5.5,23,22
74992,215,Medium,1900-01-01 06:00:00,1900-01-01 13:10:00,7.166666666666667,23,22
74993,41,Short,1900-01-01 12:25:00,1900-01-01 13:35:00,1.1666666666666667,7,6
74994,41,Short,1900-01-01 10:30:00,1900-01-01 11:25:00,0.9166666666666666,7,6
75002,220,Medium,1900-01-01 02:40:00,1900-01-01 08:55:00,6.25,36,35
75003,112,Short,1900-01-01 09:50:00,1900-01-01 12:55:00,3.0833333333333335,22,21
75004,112,Short,1900-01-01 13:15:00,1900-01-01 16:55:00,3.6666666666666665,22,21
75005,221,Medium,1900-01-01 17:45:00,1900-01-01 00:45:00,7.0,36,35
75007,220,Medium,1900-01-01 16:00:00,1900-01-01 22:00:00,6.0,24,23
75008,220,Medium,1900-01-01 08:20:00,1900-01-01 14:50:00,6.5,24,23
75009,127,Short,1900-01-01 11:00:00,1900-01-01 14:20:00,3.3333333333333335,22,21
75010,98,Short,1900-01-01 14:50:00,1900-01-01 17:10:00,2.3333333333333335,18,17
75011,138,Short,1900-01-01 18:00:00,1900-01-01 22:10:00,4.166666666666667,24,23
75012,166,Short,1900-01-01 05:10:00,1900-01-01 10:15:00,5.083333333333333,27,26
75013,81,Short,1900-01-01 06:15:00,1900-01-01 09:15:00,3.0,19,18
75014,81,Short,1900-01-01 09:45:00,1900-01-01 12:55:00,3.1666666666666665,19,18
75015,81,Short,1900-01-01 13:50:00,1900-01-01 17:15:00,3.4166666666666665,19,18
75016,81,Short,1900-01-01 18:40:00,1900-01-01 21:45:00,3.0833333333333335,19,18
75101,136,Short,1900-01-01 04:45:00,1900-01-01 08:20:00,3.5833333333333335,22,21
75102,136,Short,1900-01-01 17:40:00,1900-01-01 21:30:00,3.8333333333333335,22,21
75103,126,Short,1900-01-01 13:25:00,1900-01-01 16:40:00,3.25,20,19
75104,117,Short,1900-01-01 09:00:00,1900-01-01 13:05:00,4.083333333333333,20,19
75105,214,Medium,1900-01-01 13:25:00,1900-01-01 20:25:00,7.0,37,36
75106,214,Medium,1900-01-01 05:45:00,1900-01-01 12:30:00,6.75,37,36
75107,118,Short,1900-01-01 16:40:00,1900-01-01 20:25:00,3.75,22,21
75109,88,Short,1900-01-01 13:25:00,1900-01-01 15:55:00,2.5,14,13
75111,154,Short,1900-01-01 08:05:00,1900-01-01 13:20:00,5.25,25,24
75112,156,Short,1900-01-01 13:35:00,1900-01-01 19:10:00,5.583333333333333,25,24
75113,156,Short,1900-01-01 05:35:00,1900-01-01 10:25:00,4.833333333333333,24,23
75114,156,Short,1900-01-01 13:50:00,1900-01-01 19:55:00,6.083333333333333,24,23
75115,203,Medium,1900-01-01 04:15:00,1900-01-01 10:20:00,6.083333333333333,30,29
75116,203,Medium,1900-01-01 17:30:00,1900-01-01 00:25:00,6.916666666666667,30,29
75201,53,Short,1900-01-01 07:20:00,1900-01-01 08:55:00,1.5833333333333333,13,12
75202,53,Short,1900-01-01 09:25:00,1900-01-01 11:30:00,2.0833333333333335,12,11
75207,169,Short,1900-01-01 04:45:00,1900-01-01 11:00:00,6.25,23,22
75208,169,Short,1900-01-01 12:00:00,1900-01-01 17:40:00,5.666666666666667,22,21
75209,105,Short,1900-01-01 13:45:00,1900-01-01 18:15:00,4.5,16,15
75210,105,Short,1900-01-01 21:15:00,1900-01-01 01:00:00,3.75,16,15
75211,111,Short,1900-01-01 19:30:00,1900-01-01 23:40:00,4.166666666666667,19,18
75212,111,Short,1900-01-01 03:20:00,1900-01-01 07:55:00,4.583333333333333,19,18
75213,29,Short,1900-01-01 23:55:00,1900-01-01 01:30:00,1.5833333333333333,5,4
75214,29,Short,1900-01-01 02:45:00,1900-01-01 03:45:00,1.0,5,4
75221,53,Short,1900-01-01 15:00:00,1900-01-01 17:45:00,2.75,12,11
75222,53,Short,1900-01-01 18:15:00,1900-01-01 20:20:00,2.0833333333333335,13,12
75225,187,Short,1900-01-01 03:40:00,1900-01-01 10:15:00,6.583333333333333,23,22
75226,187,Short,1900-01-01 17:30:00,1900-01-01 23:30:00,6.0,23,22
75227,187,Short,1900-01-01 17:11:00,1900-01-01 23:30:00,6.316666666666666,29,28
75228,150,Short,1900-01-01 04:05:00,1900-01-01 09:05:00,5.0,16,15
75229,150,Short,1900-01-01 10:15:00,1900-01-01 15:15:00,5.0,16,15
75230,187,Short,1900-01-01 09:30:00,1900-01-01 16:05:00,6.583333333333333,31,30
75231,129,Short,1900-01-01 09:35:00,1900-01-01 13:50:00,4.25,18,17
75232,129,Short,1900-01-01 15:35:00,1900-01-01 21:00:00,5.416666666666667,20,19
75233,82,Short,1900-01-01 10:45:00,1900-01-01 13:15:00,2.5,9,8
75234,82,Short,1900-01-01 13:55:00,1900-01-01 16:30:00,2.5833333333333335,9,8
75235,87,Short,1900-01-01 17:05:00,1900-01-01 19:40:00,2.5833333333333335,13,12
75236,87,Short,1900-01-01 05:40:00,1900-01-01 09:20:00,3.6666666666666665,13,12
75237,159,Short,1900-01-01 21:55:00,1900-01-01 01:45:00,3.8333333333333335,20,19
75238,159,Short,1900-01-01 03:00:00,1900-01-01 07:40:00,4.666666666666667,19,18
75253,37,Short,1900-01-01 08:35:00,1900-01-01 09:50:00,1.25,8,7
75254,37,Short,1900-01-01 08:05:00,1900-01-01 09:40:00,1.5833333333333333,8,7
75255,132,Short,1900-01-01 11:50:00,1900-01-01 16:00:00,4.166666666666667,14,13
75256,132,Short,1900-01-01 16:45:00,1900-01-01 21:00:00,4.25,14,13
75271,97,Short,1900-01-01 07:30:00,1900-01-01 10:30:00,3.0,17,16
75272,97,Short,1900-01-01 11:00:00,1900-01-01 13:45:00,2.75,17,16
75273,97,Short,1900-01-01 14:15:00,1900-01-01 17:15:00,3.0,17,16
75274,97,Short,1900-01-01 17:45:00,1900-01-01 20:45:00,3.0,17,16
75279,54,Short,1900-01-01 22:25:00,1900-01-01 23:45:00,1.3333333333333333,7,6
75280,54,Short,1900-01-01 05:15:00,1900-01-01 07:57:00,2.7,5,4
75707,217,Medium,1900-01-01 06:15:00,1900-01-01 12:05:00,5.833333333333333,28,27
75708,217,Medium,1900-01-01 17:00:00,1900-01-01 22:45:00,5.75,28,27
75713,181,Short,1900-01-01 15:45:00,1900-01-01 20:45:00,5.0,20,19
75714,181,Short,1900-01-01 06:30:00,1900-01-01 11:30:00,5.0,20,19
75715,210,Medium,1900-01-01 05:00:00,1900-01-01 11:15:00,6.25,30,29
75716,210,Medium,1900-01-01 12:30:00,1900-01-01 19:10:00,6.666666666666667,30,29
75717,183,Short,1900-01-01 16:15:00,1900-01-01 22:00:00,5.75,29,28
75718,183,Short,1900-01-01 05:00:00,1900-01-01 11:05:00,6.083333333333333,29,28
75719,251,Medium,1900-01-01 08:45:00,1900-01-01 15:45:00,7.0,45,44
75720,251,Medium,1900-01-01 10:15:00,1900-01-01 17:15:00,7.0,44,43
75721,63,Short,1900-01-01 17:15:00,1900-01-01 19:20:00,2.0833333333333335,12,11
75722,64,Short,1900-01-01 07:45:00,1900-01-01 10:00:00,2.25,12,11
75723,208,Medium,1900-01-01 05:15:00,1900-01-01 09:25:00,4.166666666666667,19,18
75724,208,Medium,1900-01-01 17:00:00,1900-01-01 21:25:00,4.416666666666667,19,18
75727,100,Short,1900-01-01 09:45:00,1900-01-01 12:10:00,2.4166666666666665,8,7
75728,100,Short,1900-01-01 13:20:00,1900-01-01 16:00:00,2.6666666666666665,7,6
75729,167,Short,1900-01-01 16:30:00,1900-01-01 21:00:00,4.5,16,15
75730,166,Short,1900-01-01 06:00:00,1900-01-01 10:25:00,4.416666666666667,16,15
75733,33,Short,1900-01-01 08:20:00,1900-01-01 09:50:00,1.5,8,7
75734,33,Short,1900-01-01 06:30:00,1900-01-01 07:55:00,1.4166666666666667,8,7
75735,33,Short,1900-01-01 12:15:00,1900-01-01 13:45:00,1.5,8,7
75736,33,Short,1900-01-01 10:20:00,1900-01-01 11:50:00,1.5,8,7
75737,33,Short,1900-01-01 16:15:00,1900-01-01 17:45:00,1.5,8,7
75738,33,Short,1900-01-01 14:15:00,1900-01-01 15:45:00,1.5,8,7
75739,33,Short,1900-01-01 20:25:00,1900-01-01 21:55:00,1.5,8,7
75740,33,Short,1900-01-01 18:30:00,1900-01-01 19:55:00,1.4166666666666667,8,7
75743,204,Medium,1900-01-01 18:15:00,1900-01-01 00:10:00,5.916666666666667,33,32
75744,204,Medium,1900-01-01 04:00:00,1900-01-01 10:05:00,6.083333333333333,33,32
75745,107,Short,1900-01-01 11:30:00,1900-01-01 14:25:00,2.9166666666666665,19,18
75746,108,Short,1900-01-01 15:20:00,1900-01-01 18:20:00,3.0,19,18
75747,40,Short,1900-01-01 21:15:00,1900-01-01 22:45:00,1.5,11,10
75748,40,Short,1900-01-01 03:45:00,1900-01-01 05:05:00,1.3333333333333333,11,10
75749,61,Short,1900-01-01 08:20:00,1900-01-01 10:45:00,2.4166666666666665,15,14
75750,61,Short,1900-01-01 15:00:00,1900-01-01 17:10:00,2.1666666666666665,15,14
75901,54,Short,1900-01-01 05:00:00,1900-01-01 06:30:00,1.5,4,3
75902,101,Short,1900-01-01 07:00:00,1900-01-01 10:15:00,3.25,14,13
75903,101,Short,1900-01-01 17:45:00,1900-01-01 21:00:00,3.25,14,13
75904,54,Short,1900-01-01 21:20:00,1900-01-01 22:35:00,1.25,4,3
75905,47,Short,1900-01-01 05:20:00,1900-01-01 06:40:00,1.3333333333333333,4,3
75906,101,Short,1900-01-01 07:05:00,1900-01-01 10:20:00,3.25,14,13
75907,101,Short,1900-01-01 17:45:00,1900-01-01 21:10:00,3.4166666666666665,14,13
75908,47,Short,1900-01-01 21:30:00,1900-01-01 22:45:00,1.25,4,3
75911,40,Short,1900-01-01 06:35:00,1900-01-01 08:00:00,1.4166666666666667,8,7
75912,39,Short,1900-01-01 08:20:00,1900-01-01 09:45:00,1.4166666666666667,8,7
76501,17,Short,1900-01-01 06:35:00,1900-01-01 07:05:00,0.5,2,1
76502,17,Short,1900-01-01 06:00:00,1900-01-01 06:30:00,0.5,2,1
76503,17,Short,1900-01-01 13:10:00,1900-01-01 13:40:00,0.5,2,1
76504,17,Short,1900-01-01 13:45:00,1900-01-01 14:30:00,0.75,2,1
76505,81,Short,1900-01-01 17:55:00,1900-01-01 20:15:00,2.3333333333333335,12,11
76506,81,Short,1900-01-01 07:15:00,1900-01-01 09:40:00,2.4166666666666665,10,9
76507,64,Short,1900-01-01 11:40:00,1900-01-01 13:05:00,1.4166666666666667,10,9
76508,68,Short,1900-01-01 15:30:00,1900-01-01 17:35:00,2.0833333333333335,11,10
76523,62,Short,1900-01-01 14:55:00,1900-01-01 16:30:00,1.5833333333333333,9,8
76524,61,Short,1900-01-01 17:50:00,1900-01-01 19:20:00,1.5,9,8
76525,201,Medium,1900-01-01 16:15:00,1900-01-01 21:00:00,4.75,31,30
76526,201,Medium,1900-01-01 06:00:00,1900-01-01 11:05:00,5.083333333333333,31,30
76551,157,Short,1900-01-01 08:30:00,1900-01-01 13:00:00,4.5,22,21
76552,157,Short,1900-01-01 13:45:00,1900-01-01 18:00:00,4.25,22,21
76553,150,Short,1900-01-01 18:30:00,1900-01-01 21:40:00,3.1666666666666665,15,14
76554,150,Short,1900-01-01 05:00:00,1900-01-01 08:10:00,3.1666666666666665,15,14
76800,26,Short,1900-01-01 11:55:00,1900-01-01 12:50:00,0.9166666666666666,9,8
76803,26,Short,1900-01-01 05:45:00,1900-01-01 06:40:00,0.9166666666666666,9,8
76804,26,Short,1900-01-01 16:50:00,1900-01-01 17:45:00,0.9166666666666666,9,8
76805,93,Short,1900-01-01 06:30:00,1900-01-01 09:10:00,2.6666666666666665,12,11
76806,93,Short,1900-01-01 17:30:00,1900-01-01 20:00:00,2.5,12,11
76807,150,Short,1900-01-01 10:05:00,1900-01-01 13:20:00,3.25,14,13
76808,150,Short,1900-01-01 14:00:00,1900-01-01 17:15:00,3.25,14,13
76812,94,Short,1900-01-01 06:00:00,1900-01-01 09:15:00,3.25,19,18
76813,28,Short,1900-01-01 09:30:00,1900-01-01 10:35:00,1.0833333333333333,4,3
76814,10,Short,1900-01-01 10:50:00,1900-01-01 11:15:00,0.4166666666666667,2,1
76815,94,Short,1900-01-01 17:50:00,1900-01-01 20:50:00,3.0,19,18
76817,10,Short,1900-01-01 11:25:00,1900-01-01 11:50:00,0.4166666666666667,2,1
76818,27,Short,1900-01-01 16:00:00,1900-01-01 17:30:00,1.5,6,5
76820,49,Short,1900-01-01 01:10:00,1900-01-01 02:30:00,1.3333333333333333,8,7
76821,49,Short,1900-01-01 06:40:00,1900-01-01 08:10:00,1.5,9,8
76822,49,Short,1900-01-01 08:30:00,1900-01-01 09:50:00,1.3333333333333333,9,8
76823,49,Short,1900-01-01 05:40:00,1900-01-01 07:05:00,1.4166666666666667,9,8
76824,49,Short,1900-01-01 12:10:00,1900-01-01 13:30:00,1.3333333333333333,9,8
76825,70,Short,1900-01-01 18:00:00,1900-01-01 19:50:00,1.8333333333333333,16,15
76826,70,Short,1900-01-01 11:15:00,1900-01-01 13:10:00,1.9166666666666667,16,15
76827,49,Short,1900-01-01 14:05:00,1900-01-01 15:35:00,1.5,9,8
76828,49,Short,1900-01-01 20:30:00,1900-01-01 21:55:00,1.4166666666666667,9,8
76829,49,Short,1900-01-01 19:55:00,1900-01-01 21:20:00,1.4166666666666667,9,8
76830,89,Short,1900-01-01 06:50:00,1900-01-01 09:10:00,2.3333333333333335,10,9
76831,89,Short,1900-01-01 18:15:00,1900-01-01 20:20:00,2.0833333333333335,10,9
76833,75,Short,1900-01-01 09:35:00,1900-01-01 11:35:00,2.0,15,14
76834,75,Short,1900-01-01 15:30:00,1900-01-01 17:35:00,2.0833333333333335,15,14
76835,75,Short,1900-01-01 18:15:00,1900-01-01 20:25:00,2.1666666666666665,18,17
76836,75,Short,1900-01-01 07:00:00,1900-01-01 09:15:00,2.25,18,17
76837,127,Short,1900-01-01 18:00:00,1900-01-01 21:35:00,3.5833333333333335,11,10
76838,127,Short,1900-01-01 06:40:00,1900-01-01 09:35:00,2.9166666666666665,11,10
76839,89,Short,1900-01-01 15:45:00,1900-01-01 17:55:00,2.1666666666666665,10,9
76840,89,Short,1900-01-01 09:50:00,1900-01-01 11:50:00,2.0,10,9
76841,180,Short,1900-01-01 06:15:00,1900-01-01 11:00:00,4.75,26,25
76842,180,Short,1900-01-01 15:40:00,1900-01-01 20:30:00,4.833333333333333,27,26
76845,122,Short,1900-01-01 06:00:00,1900-01-01 09:00:00,3.0,23,22
76846,122,Short,1900-01-01 18:15:00,1900-01-01 21:40:00,3.4166666666666665,23,22
76847,139,Short,1900-01-01 06:00:00,1900-01-01 09:05:00,3.0833333333333335,17,16
76848,139,Short,1900-01-01 18:40:00,1900-01-01 22:00:00,3.3333333333333335,17,16
76849,139,Short,1900-01-01 13:40:00,1900-01-01 16:50:00,3.1666666666666665,17,16
76850,139,Short,1900-01-01 09:50:00,1900-01-01 12:50:00,3.0,17,16
76851,145,Short,1900-01-01 06:35:00,1900-01-01 11:40:00,5.083333333333333,26,25
76852,145,Short,1900-01-01 16:30:00,1900-01-01 20:50:00,4.333333333333333,25,24
76853,134,Short,1900-01-01 15:10:00,1900-01-01 19:30:00,4.333333333333333,25,24
76854,134,Short,1900-01-01 10:10:00,1900-01-01 14:10:00,4.0,25,24
77201,44,Short,1900-01-01 02:50:00,1900-01-01 03:55:00,1.0833333333333333,4,3
77202,94,Short,1900-01-01 04:30:00,1900-01-01 07:25:00,2.9166666666666665,15,14
77203,94,Short,1900-01-01 07:50:00,1900-01-01 11:15:00,3.4166666666666665,21,20
77204,94,Short,1900-01-01 15:45:00,1900-01-01 18:55:00,3.1666666666666665,21,20
77205,30,Short,1900-01-01 15:55:00,1900-01-01 17:05:00,1.1666666666666667,8,7
77206,109,Short,1900-01-01 21:15:00,1900-01-01 01:15:00,4.0,20,19
77207,81,Short,1900-01-01 03:35:00,1900-01-01 05:55:00,2.3333333333333335,14,13
77208,80,Short,1900-01-01 02:55:00,1900-01-01 05:50:00,2.9166666666666665,12,11
77209,36,Short,1900-01-01 08:50:00,1900-01-01 09:55:00,1.0833333333333333,8,7
77211,36,Short,1900-01-01 12:55:00,1900-01-01 13:50:00,0.9166666666666666,8,7
77212,81,Short,1900-01-01 07:15:00,1900-01-01 09:45:00,2.5,18,17
77213,44,Short,1900-01-01 14:05:00,1900-01-01 15:30:00,1.4166666666666667,11,10
77214,44,Short,1900-01-01 11:25:00,1900-01-01 12:50:00,1.4166666666666667,11,10
77215,81,Short,1900-01-01 16:10:00,1900-01-01 18:40:00,2.5,18,17
77216,36,Short,1900-01-01 14:30:00,1900-01-01 15:35:00,1.0833333333333333,8,7
77218,81,Short,1900-01-01 17:20:00,1900-01-01 20:05:00,2.75,18,17
77219,36,Short,1900-01-01 20:35:00,1900-01-01 22:00:00,1.4166666666666667,8,7
77220,36,Short,1900-01-01 19:20:00,1900-01-01 20:25:00,1.0833333333333333,7,6
77221,32,Short,1900-01-01 06:15:00,1900-01-01 07:15:00,1.0,6,5
77222,59,Short,1900-01-01 07:25:00,1900-01-01 09:05:00,1.6666666666666667,12,11
77223,59,Short,1900-01-01 09:15:00,1900-01-01 10:55:00,1.6666666666666667,12,11
77224,59,Short,1900-01-01 11:05:00,1900-01-01 12:50:00,1.75,12,11
77225,33,Short,1900-01-01 13:00:00,1900-01-01 14:00:00,1.0,8,7
77226,33,Short,1900-01-01 14:15:00,1900-01-01 15:15:00,1.0,8,7
77227,33,Short,1900-01-01 15:25:00,1900-01-01 16:25:00,1.0,8,7
77228,33,Short,1900-01-01 16:35:00,1900-01-01 17:35:00,1.0,8,7
77229,59,Short,1900-01-01 17:45:00,1900-01-01 19:50:00,2.0833333333333335,12,11
77230,32,Short,1900-01-01 20:10:00,1900-01-01 21:35:00,1.4166666666666667,6,5
77231,109,Short,1900-01-01 07:15:00,1900-01-01 10:50:00,3.5833333333333335,24,23
77232,65,Short,1900-01-01 05:25:00,1900-01-01 07:45:00,2.3333333333333335,14,13
77233,29,Short,1900-01-01 11:20:00,1900-01-01 12:20:00,1.0,6,5
77234,36,Short,1900-01-01 10:15:00,1900-01-01 11:20:00,1.0833333333333333,8,7
77235,36,Short,1900-01-01 16:00:00,1900-01-01 17:05:00,1.0833333333333333,8,7
77237,70,Short,1900-01-01 07:30:00,1900-01-01 09:55:00,2.4166666666666665,18,17
77238,68,Short,1900-01-01 12:15:00,1900-01-01 14:35:00,2.3333333333333335,18,17
77239,47,Short,1900-01-01 15:50:00,1900-01-01 17:25:00,1.5833333333333333,10,9
77240,46,Short,1900-01-01 18:25:00,1900-01-01 19:50:00,1.4166666666666667,12,11
77241,99,Short,1900-01-01 19:45:00,1900-01-01 23:05:00,3.3333333333333335,21,20
77242,68,Short,1900-01-01 04:25:00,1900-01-01 07:10:00,2.75,15,14
77243,49,Short,1900-01-01 17:15:00,1900-01-01 19:40:00,2.4166666666666665,12,11
77244,46,Short,1900-01-01 21:45:00,1900-01-01 23:15:00,1.5,9,8
77245,25,Short,1900-01-01 21:10:00,1900-01-01 21:55:00,0.75,5,4
77246,33,Short,1900-01-01 22:40:00,1900-01-01 23:40:00,1.0,7,6
77247,33,Short,1900-01-01 04:00:00,1900-01-01 05:00:00,1.0,6,5
77248,169,Short,1900-01-01 05:10:00,1900-01-01 09:45:00,4.583333333333333,23,22
77249,143,Short,1900-01-01 10:05:00,1900-01-01 13:40:00,3.5833333333333335,19,18
77250,25,Short,1900-01-01 14:00:00,1900-01-01 14:45:00,0.75,5,4
77251,141,Short,1900-01-01 08:00:00,1900-01-01 11:45:00,3.75,14,13
77252,144,Short,1900-01-01 15:15:00,1900-01-01 18:55:00,3.6666666666666665,14,13
77253,145,Short,1900-01-01 12:10:00,1900-01-01 16:45:00,4.583333333333333,13,12
77254,146,Short,1900-01-01 10:00:00,1900-01-01 13:50:00,3.8333333333333335,14,13
77255,142,Short,1900-01-01 08:00:00,1900-01-01 11:10:00,3.1666666666666665,14,13
77256,144,Short,1900-01-01 11:30:00,1900-01-01 14:30:00,3.0,14,13
77257,83,Short,1900-01-01 18:00:00,1900-01-01 22:00:00,4.0,5,4
77258,83,Short,1900-01-01 19:10:00,1900-01-01 22:40:00,3.5,5,4
77259,148,Short,1900-01-01 04:45:00,1900-01-01 07:55:00,3.1666666666666665,8,7
77260,148,Short,1900-01-01 14:35:00,1900-01-01 19:30:00,4.916666666666667,8,7
77261,81,Short,1900-01-01 08:30:00,1900-01-01 11:35:00,3.0833333333333335,18,17
77262,81,Short,1900-01-01 11:50:00,1900-01-01 14:10:00,2.3333333333333335,18,17
77263,44,Short,1900-01-01 17:00:00,1900-01-01 18:25:00,1.4166666666666667,9,8
77264,94,Short,1900-01-01 18:40:00,1900-01-01 22:00:00,3.3333333333333335,19,18
77265,76,Short,1900-01-01 04:20:00,1900-01-01 06:45:00,2.4166666666666665,11,10
77266,46,Short,1900-01-01 07:30:00,1900-01-01 08:50:00,1.3333333333333333,12,11
77267,65,Short,1900-01-01 15:40:00,1900-01-01 17:35:00,1.9166666666666667,13,12
77268,44,Short,1900-01-01 19:00:00,1900-01-01 20:30:00,1.5,9,8
77269,81,Short,1900-01-01 21:40:00,1900-01-01 00:10:00,2.5,18,17
77270,81,Short,1900-01-01 04:30:00,1900-01-01 07:15:00,2.75,18,17
77271,44,Short,1900-01-01 09:30:00,1900-01-01 11:30:00,2.0,12,11
77272,44,Short,1900-01-01 12:00:00,1900-01-01 14:00:00,2.0,12,11
77273,47,Short,1900-01-01 06:45:00,1900-01-01 07:55:00,1.1666666666666667,3,2
77274,47,Short,1900-01-01 14:35:00,1900-01-01 16:30:00,1.9166666666666667,3,2
77281,31,Short,1900-01-01 09:45:00,1900-01-01 10:35:00,0.8333333333333334,8,7
77282,25,Short,1900-01-01 10:40:00,1900-01-01 11:50:00,1.1666666666666667,5,4
77283,32,Short,1900-01-01 12:10:00,1900-01-01 13:15:00,1.0833333333333333,6,5
77284,32,Short,1900-01-01 15:50:00,1900-01-01 16:50:00,1.0,6,5
77285,25,Short,1900-01-01 17:00:00,1900-01-01 17:55:00,0.9166666666666666,5,4
77286,31,Short,1900-01-01 18:00:00,1900-01-01 19:00:00,1.0,8,7
77287,31,Short,1900-01-01 19:25:00,1900-01-01 20:15:00,0.8333333333333334,8,7
77288,25,Short,1900-01-01 20:20:00,1900-01-01 21:00:00,0.6666666666666666,5,4
77289,32,Short,1900-01-01 21:10:00,1900-01-01 22:15:00,1.0833333333333333,6,5
77290,25,Short,1900-01-01 15:15:00,1900-01-01 16:00:00,0.75,5,4
77291,177,Short,1900-01-01 13:45:00,1900-01-01 18:55:00,5.166666666666667,23,22
77292,178,Short,1900-01-01 08:00:00,1900-01-01 12:50:00,4.833333333333333,25,24
77293,70,Short,1900-01-01 14:45:00,1900-01-01 17:10:00,2.4166666666666665,17,16
77294,98,Short,1900-01-01 08:00:00,1900-01-01 11:45:00,3.75,25,24
77295,171,Short,1900-01-01 12:40:00,1900-01-01 19:15:00,6.583333333333333,36,35
77297,130,Short,1900-01-01 17:50:00,1900-01-01 21:45:00,3.9166666666666665,17,16
77298,272,Medium,1900-01-01 05:30:00,1900-01-01 14:40:00,9.166666666666666,45,44
77401,161,Short,1900-01-01 06:00:00,1900-01-01 10:00:00,4.0,12,11
77402,161,Short,1900-01-01 12:00:00,1900-01-01 15:50:00,3.8333333333333335,12,11
77403,161,Short,1900-01-01 16:00:00,1900-01-01 19:55:00,3.9166666666666665,12,11
77404,161,Short,1900-01-01 20:05:00,1900-01-01 23:50:00,3.75,12,11
77405,14,Short,1900-01-01 10:10:00,1900-01-01 10:55:00,0.75,3,2
77406,14,Short,1900-01-01 11:05:00,1900-01-01 11:50:00,0.75,3,2
77414,121,Short,1900-01-01 04:40:00,1900-01-01 07:30:00,2.8333333333333335,13,12
77415,122,Short,1900-01-01 08:10:00,1900-01-01 11:00:00,2.8333333333333335,15,14
77416,49,Short,1900-01-01 12:00:00,1900-01-01 13:25:00,1.4166666666666667,9,8
77417,50,Short,1900-01-01 14:05:00,1900-01-01 15:25:00,1.3333333333333333,9,8
77418,197,Short,1900-01-01 15:45:00,1900-01-01 21:00:00,5.25,22,21
77419,197,Short,1900-01-01 06:30:00,1900-01-01 11:35:00,5.083333333333333,21,20
77601,26,Short,1900-01-01 04:05:00,1900-01-01 05:25:00,1.3333333333333333,14,13
77602,39,Short,1900-01-01 05:35:00,1900-01-01 07:25:00,1.8333333333333333,23,22
77603,40,Short,1900-01-01 06:10:00,1900-01-01 07:35:00,1.4166666666666667,17,16
77604,25,Short,1900-01-01 07:55:00,1900-01-01 08:55:00,1.0,20,19
77605,27,Short,1900-01-01 06:30:00,1900-01-01 07:40:00,1.1666666666666667,21,20
77606,40,Short,1900-01-01 08:45:00,1900-01-01 10:00:00,1.25,17,16
77607,26,Short,1900-01-01 10:10:00,1900-01-01 11:15:00,1.0833333333333333,14,13
77608,26,Short,1900-01-01 11:35:00,1900-01-01 12:35:00,1.0,14,13
77609,53,Short,1900-01-01 10:10:00,1900-01-01 12:25:00,2.25,26,25
77610,40,Short,1900-01-01 13:15:00,1900-01-01 14:40:00,1.4166666666666667,17,16
77611,13,Short,1900-01-01 12:50:00,1900-01-01 13:25:00,0.5833333333333334,11,10
77612,13,Short,1900-01-01 15:30:00,1900-01-01 16:15:00,0.75,11,10
77613,40,Short,1900-01-01 14:50:00,1900-01-01 16:00:00,1.1666666666666667,17,16
77614,40,Short,1900-01-01 16:55:00,1900-01-01 18:17:00,1.3666666666666667,17,16
77615,26,Short,1900-01-01 16:45:00,1900-01-01 17:55:00,1.1666666666666667,14,13
77616,26,Short,1900-01-01 18:50:00,1900-01-01 20:25:00,1.5833333333333333,14,13
77617,40,Short,1900-01-01 18:22:00,1900-01-01 19:35:00,1.2166666666666666,17,16
77618,40,Short,1900-01-01 19:55:00,1900-01-01 21:20:00,1.4166666666666667,17,16
77619,26,Short,1900-01-01 20:45:00,1900-01-01 21:55:00,1.1666666666666667,14,13
77622,52,Short,1900-01-01 00:40:00,1900-01-01 02:00:00,1.3333333333333333,7,6
77623,52,Short,1900-01-01 05:00:00,1900-01-01 06:25:00,1.4166666666666667,7,6
77630,27,Short,1900-01-01 04:10:00,1900-01-01 05:10:00,1.0,14,13
77631,13,Short,1900-01-01 09:00:00,1900-01-01 09:25:00,0.4166666666666667,4,3
77632,13,Short,1900-01-01 12:10:00,1900-01-01 12:35:00,0.4166666666666667,4,3
77633,13,Short,1900-01-01 14:40:00,1900-01-01 14:58:00,0.3,4,3
77634,13,Short,1900-01-01 16:55:00,1900-01-01 17:15:00,0.3333333333333333,4,3
77635,13,Short,1900-01-01 18:45:00,1900-01-01 19:20:00,0.5833333333333334,4,3
77638,13,Short,1900-01-01 20:45:00,1900-01-01 21:05:00,0.3333333333333333,4,3
77640,13,Short,1900-01-01 06:07:00,1900-01-01 06:26:00,0.31666666666666665,4,3
77641,13,Short,1900-01-01 09:30:00,1900-01-01 09:48:00,0.3,4,3
77642,13,Short,1900-01-01 13:55:00,1900-01-01 14:15:00,0.3333333333333333,4,3
77643,13,Short,1900-01-01 15:25:00,1900-01-01 15:45:00,0.3333333333333333,4,3
77645,27,Short,1900-01-01 17:20:00,1900-01-01 18:17:00,0.95,14,13
77647,13,Short,1900-01-01 20:00:00,1900-01-01 20:40:00,0.6666666666666666,4,3
77649,27,Short,1900-01-01 23:20:00,1900-01-01 00:10:00,0.8333333333333334,14,13
77651,108,Short,1900-01-01 06:15:00,1900-01-01 10:00:00,3.75,8,7
77652,108,Short,1900-01-01 10:30:00,1900-01-01 14:15:00,3.75,8,7
77653,52,Short,1900-01-01 13:30:00,1900-01-01 15:00:00,1.5,4,3
77654,52,Short,1900-01-01 15:15:00,1900-01-01 16:45:00,1.5,4,3
77655,108,Short,1900-01-01 14:45:00,1900-01-01 18:30:00,3.75,8,7
77656,108,Short,1900-01-01 19:00:00,1900-01-01 22:45:00,3.75,8,7
77657,253,Medium,1900-01-01 05:45:00,1900-01-01 12:30:00,6.75,19,18
77658,253,Medium,1900-01-01 13:40:00,1900-01-01 21:00:00,7.333333333333333,19,18
77671,105,Short,1900-01-01 21:50:00,1900-01-01 00:10:00,2.3333333333333335,17,16
77672,105,Short,1900-01-01 06:45:00,1900-01-01 09:10:00,2.4166666666666665,21,20
77673,154,Short,1900-01-01 17:00:00,1900-01-01 21:15:00,4.25,18,17
77674,154,Short,1900-01-01 09:20:00,1900-01-01 13:25:00,4.083333333333333,18,17
77675,154,Short,1900-01-01 19:15:00,1900-01-01 22:55:00,3.6666666666666665,17,16
77676,59,Short,1900-01-01 23:25:00,1900-01-01 02:50:00,3.4166666666666665,6,5
77677,59,Short,1900-01-01 04:15:00,1900-01-01 05:30:00,1.25,6,5
77678,154,Short,1900-01-01 05:40:00,1900-01-01 09:20:00,3.6666666666666665,17,16
77679,39,Short,1900-01-01 08:35:00,1900-01-01 10:25:00,1.8333333333333333,23,22
77680,39,Short,1900-01-01 10:35:00,1900-01-01 11:50:00,1.25,23,22
77681,39,Short,1900-01-01 13:15:00,1900-01-01 14:45:00,1.5,23,22
77682,39,Short,1900-01-01 16:50:00,1900-01-01 18:05:00,1.25,23,22
77683,151,Short,1900-01-01 05:45:00,1900-01-01 09:30:00,3.75,14,13
77684,151,Short,1900-01-01 17:45:00,1900-01-01 21:00:00,3.25,14,13
77689,57,Short,1900-01-01 14:50:00,1900-01-01 16:30:00,1.6666666666666667,5,4
77690,57,Short,1900-01-01 12:55:00,1900-01-01 14:30:00,1.5833333333333333,5,4
77691,151,Short,1900-01-01 14:35:00,1900-01-01 17:15:00,2.6666666666666665,14,13
77693,237,Medium,1900-01-01 06:20:00,1900-01-01 12:25:00,6.083333333333333,22,21
77694,237,Medium,1900-01-01 17:00:00,1900-01-01 23:00:00,6.0,21,20
77695,129,Short,1900-01-01 06:15:00,1900-01-01 10:15:00,4.0,14,13
77696,129,Short,1900-01-01 17:40:00,1900-01-01 22:10:00,4.5,14,13
78009,55,Short,1900-01-01 22:15:00,1900-01-01 23:40:00,1.4166666666666667,8,7
78010,55,Short,1900-01-01 03:15:00,1900-01-01 04:40:00,1.4166666666666667,8,7
78011,55,Short,1900-01-01 06:35:00,1900-01-01 07:55:00,1.3333333333333333,8,7
78012,72,Short,1900-01-01 08:05:00,1900-01-01 09:55:00,1.8333333333333333,11,10
78013,69,Short,1900-01-01 10:10:00,1900-01-01 11:45:00,1.5833333333333333,10,9
78014,17,Short,1900-01-01 12:45:00,1900-01-01 13:32:00,0.7833333333333333,5,4
78015,17,Short,1900-01-01 11:47:00,1900-01-01 12:35:00,0.8,5,4
78016,69,Short,1900-01-01 13:34:00,1900-01-01 15:10:00,1.6,10,9
78017,69,Short,1900-01-01 15:20:00,1900-01-01 17:00:00,1.6666666666666667,10,9
78018,17,Short,1900-01-01 18:05:00,1900-01-01 19:00:00,0.9166666666666666,5,4
78019,17,Short,1900-01-01 17:02:00,1900-01-01 17:55:00,0.8833333333333333,5,4
78020,51,Short,1900-01-01 19:03:00,1900-01-01 20:20:00,1.2833333333333334,7,6
78031,116,Short,1900-01-01 06:00:00,1900-01-01 10:25:00,4.416666666666667,9,8
78032,116,Short,1900-01-01 10:40:00,1900-01-01 15:05:00,4.416666666666667,9,8
78033,147,Short,1900-01-01 15:15:00,1900-01-01 18:45:00,3.5,19,18
78034,147,Short,1900-01-01 19:00:00,1900-01-01 22:40:00,3.6666666666666665,19,18
78051,113,Short,1900-01-01 04:04:00,1900-01-01 06:55:00,2.85,26,25
78052,113,Short,1900-01-01 05:00:00,1900-01-01 07:45:00,2.75,26,25
78053,113,Short,1900-01-01 08:04:00,1900-01-01 10:50:00,2.7666666666666666,26,25
78054,113,Short,1900-01-01 08:50:00,1900-01-01 11:40:00,2.8333333333333335,26,25
78055,113,Short,1900-01-01 12:24:00,1900-01-01 15:15:00,2.85,26,25
78056,113,Short,1900-01-01 13:20:00,1900-01-01 16:05:00,2.75,26,25
78057,40,Short,1900-01-01 16:50:00,1900-01-01 17:50:00,1.0,8,7
78058,40,Short,1900-01-01 15:45:00,1900-01-01 16:40:00,0.9166666666666666,8,7
78059,113,Short,1900-01-01 17:04:00,1900-01-01 19:55:00,2.85,26,25
78060,113,Short,1900-01-01 18:00:00,1900-01-01 20:44:00,2.7333333333333334,26,25
78061,113,Short,1900-01-01 21:04:00,1900-01-01 23:45:00,2.683333333333333,26,25
78101,96,Short,1900-01-01 05:10:00,1900-01-01 07:15:00,2.0833333333333335,15,14
78102,96,Short,1900-01-01 17:15:00,1900-01-01 19:25:00,2.1666666666666665,15,14
78103,150,Short,1900-01-01 07:20:00,1900-01-01 11:15:00,3.9166666666666665,23,22
78104,150,Short,1900-01-01 11:40:00,1900-01-01 16:05:00,4.416666666666667,23,22
78502,27,Short,1900-01-01 09:50:00,1900-01-01 10:50:00,1.0,8,7
78503,165,Short,1900-01-01 17:35:00,1900-01-01 21:50:00,4.25,28,27
78504,165,Short,1900-01-01 05:45:00,1900-01-01 09:25:00,3.6666666666666665,28,27
78505,73,Short,1900-01-01 22:05:00,1900-01-01 23:45:00,1.6666666666666667,10,9
78511,16,Short,1900-01-01 06:05:00,1900-01-01 06:45:00,0.6666666666666666,4,3
78512,16,Short,1900-01-01 06:50:00,1900-01-01 07:30:00,0.6666666666666666,4,3
78513,16,Short,1900-01-01 07:40:00,1900-01-01 08:20:00,0.6666666666666666,4,3
78514,16,Short,1900-01-01 08:25:00,1900-01-01 09:05:00,0.6666666666666666,4,3
78515,16,Short,1900-01-01 10:30:00,1900-01-01 11:10:00,0.6666666666666666,4,3
78516,16,Short,1900-01-01 11:20:00,1900-01-01 12:00:00,0.6666666666666666,4,3
78517,16,Short,1900-01-01 15:30:00,1900-01-01 16:10:00,0.6666666666666666,4,3
78518,16,Short,1900-01-01 16:20:00,1900-01-01 17:00:00,0.6666666666666666,4,3
78519,16,Short,1900-01-01 17:10:00,1900-01-01 17:50:00,0.6666666666666666,4,3
78520,16,Short,1900-01-01 18:00:00,1900-01-01 18:40:00,0.6666666666666666,4,3
78531,60,Short,1900-01-01 08:30:00,1900-01-01 09:55:00,1.4166666666666667,10,9
78534,142,Short,1900-01-01 20:25:00,1900-01-01 23:30:00,3.0833333333333335,18,17
78801,89,Short,1900-01-01 04:30:00,1900-01-01 07:00:00,2.5,16,15
78802,87,Short,1900-01-01 07:50:00,1900-01-01 10:10:00,2.3333333333333335,16,15
78803,89,Short,1900-01-01 09:00:00,1900-01-01 11:35:00,2.5833333333333335,16,15
78804,87,Short,1900-01-01 11:45:00,1900-01-01 14:05:00,2.3333333333333335,16,15
78805,89,Short,1900-01-01 14:45:00,1900-01-01 17:05:00,2.3333333333333335,16,15
78806,87,Short,1900-01-01 17:30:00,1900-01-01 20:05:00,2.5833333333333335,16,15
78807,60,Short,1900-01-01 18:30:00,1900-01-01 20:15:00,1.75,12,11
78808,58,Short,1900-01-01 20:30:00,1900-01-01 22:05:00,1.5833333333333333,12,11
78809,89,Short,1900-01-01 22:30:00,1900-01-01 00:50:00,2.3333333333333335,16,15
78810,87,Short,1900-01-01 05:30:00,1900-01-01 07:50:00,2.3333333333333335,16,15
78811,47,Short,1900-01-01 04:15:00,1900-01-01 05:35:00,1.3333333333333333,9,8
78812,46,Short,1900-01-01 05:55:00,1900-01-01 07:15:00,1.3333333333333333,9,8
78813,47,Short,1900-01-01 10:35:00,1900-01-01 11:55:00,1.3333333333333333,9,8
78814,46,Short,1900-01-01 12:15:00,1900-01-01 13:35:00,1.3333333333333333,9,8
78815,149,Short,1900-01-01 09:20:00,1900-01-01 13:05:00,3.75,19,18
78816,129,Short,1900-01-01 05:50:00,1900-01-01 09:05:00,3.25,18,17
78817,89,Short,1900-01-01 21:00:00,1900-01-01 23:05:00,2.0833333333333335,10,9
78818,104,Short,1900-01-01 13:15:00,1900-01-01 15:50:00,2.5833333333333335,11,10
78819,249,Medium,1900-01-01 16:40:00,1900-01-01 00:20:00,7.666666666666667,28,27
78820,249,Medium,1900-01-01 10:20:00,1900-01-01 16:15:00,5.916666666666667,28,27
78821,89,Short,1900-01-01 12:15:00,1900-01-01 15:00:00,2.75,16,15
78822,87,Short,1900-01-01 15:30:00,1900-01-01 18:05:00,2.5833333333333335,16,15
78824,89,Short,1900-01-01 16:00:00,1900-01-01 18:00:00,2.0,10,9
78825,87,Short,1900-01-01 18:10:00,1900-01-01 20:10:00,2.0,10,9
78826,87,Short,1900-01-01 07:00:00,1900-01-01 09:00:00,2.0,10,9
78827,89,Short,1900-01-01 09:10:00,1900-01-01 11:10:00,2.0,10,9
79301,242,Medium,1900-01-01 18:30:00,1900-01-01 00:55:00,6.416666666666667,26,25
79302,242,Medium,1900-01-01 02:35:00,1900-01-01 09:40:00,7.083333333333333,26,25
79303,188,Short,1900-01-01 09:45:00,1900-01-01 14:00:00,4.25,19,18
79304,188,Short,1900-01-01 14:10:00,1900-01-01 18:10:00,4.0,18,17
79305,139,Short,1900-01-01 07:45:00,1900-01-01 11:35:00,3.8333333333333335,20,19
79306,139,Short,1900-01-01 13:00:00,1900-01-01 16:40:00,3.6666666666666665,20,19
79307,21,Short,1900-01-01 16:50:00,1900-01-01 17:50:00,1.0,6,5
79308,21,Short,1900-01-01 18:00:00,1900-01-01 18:55:00,0.9166666666666666,6,5
79309,139,Short,1900-01-01 19:10:00,1900-01-01 23:10:00,4.0,20,19
79310,139,Short,1900-01-01 06:00:00,1900-01-01 09:50:00,3.8333333333333335,20,19
79311,21,Short,1900-01-01 10:10:00,1900-01-01 11:05:00,0.9166666666666666,6,5
79312,21,Short,1900-01-01 11:15:00,1900-01-01 12:10:00,0.9166666666666666,6,5
79313,139,Short,1900-01-01 14:00:00,1900-01-01 18:05:00,4.083333333333333,20,19
79314,139,Short,1900-01-01 10:00:00,1900-01-01 13:50:00,3.8333333333333335,20,19
79315,21,Short,1900-01-01 21:05:00,1900-01-01 22:00:00,0.9166666666666666,6,5
79316,21,Short,1900-01-01 22:10:00,1900-01-01 23:05:00,0.9166666666666666,6,5
79317,139,Short,1900-01-01 05:30:00,1900-01-01 09:25:00,3.9166666666666665,20,19
79318,139,Short,1900-01-01 18:20:00,1900-01-01 22:00:00,3.6666666666666665,20,19
79319,21,Short,1900-01-01 14:40:00,1900-01-01 15:35:00,0.9166666666666666,6,5
79320,21,Short,1900-01-01 13:20:00,1900-01-01 14:15:00,0.9166666666666666,6,5
79321,21,Short,1900-01-01 18:00:00,1900-01-01 18:55:00,0.9166666666666666,6,5
79322,21,Short,1900-01-01 16:50:00,1900-01-01 17:45:00,0.9166666666666666,6,5
79323,21,Short,1900-01-01 20:20:00,1900-01-01 21:15:00,0.9166666666666666,6,5
79324,21,Short,1900-01-01 19:10:00,1900-01-01 20:05:00,0.9166666666666666,6,5
79325,21,Short,1900-01-01 22:45:00,1900-01-01 23:40:00,0.9166666666666666,6,5
79326,21,Short,1900-01-01 21:35:00,1900-01-01 22:30:00,0.9166666666666666,6,5
79413,51,Short,1900-01-01 13:35:00,1900-01-01 15:20:00,1.75,13,12
79414,51,Short,1900-01-01 13:30:00,1900-01-01 15:00:00,1.5,13,12
79415,51,Short,1900-01-01 11:15:00,1900-01-01 13:00:00,1.75,13,12
79416,51,Short,1900-01-01 11:10:00,1900-01-01 12:40:00,1.5,13,12
79417,51,Short,1900-01-01 07:05:00,1900-01-01 08:45:00,1.6666666666666667,13,12
79418,51,Short,1900-01-01 06:50:00,1900-01-01 08:30:00,1.6666666666666667,13,12
79419,51,Short,1900-01-01 18:00:00,1900-01-01 19:40:00,1.6666666666666667,13,12
79420,51,Short,1900-01-01 17:45:00,1900-01-01 19:25:00,1.6666666666666667,13,12
79421,51,Short,1900-01-01 05:00:00,1900-01-01 06:40:00,1.6666666666666667,13,12
79422,51,Short,1900-01-01 09:05:00,1900-01-01 10:45:00,1.6666666666666667,13,12
79423,51,Short,1900-01-01 15:35:00,1900-01-01 17:20:00,1.75,13,12
79424,51,Short,1900-01-01 19:55:00,1900-01-01 21:35:00,1.6666666666666667,13,12
79425,51,Short,1900-01-01 09:20:00,1900-01-01 11:00:00,1.6666666666666667,13,12
79426,51,Short,1900-01-01 15:30:00,1900-01-01 17:00:00,1.5,13,12
79427,51,Short,1900-01-01 20:10:00,1900-01-01 21:50:00,1.6666666666666667,13,12
79428,51,Short,1900-01-01 04:45:00,1900-01-01 06:25:00,1.6666666666666667,13,12
79429,63,Short,1900-01-01 22:35:00,1900-01-01 00:30:00,1.9166666666666667,5,4
79430,63,Short,1900-01-01 01:50:00,1900-01-01 03:20:00,1.5,5,4
79431,68,Short,1900-01-01 15:15:00,1900-01-01 16:55:00,1.6666666666666667,10,9
79432,68,Short,1900-01-01 07:55:00,1900-01-01 10:10:00,2.25,10,9
79433,109,Short,1900-01-01 18:50:00,1900-01-01 21:55:00,3.0833333333333335,15,14
79434,109,Short,1900-01-01 06:00:00,1900-01-01 08:55:00,2.9166666666666665,15,14
79435,109,Short,1900-01-01 10:25:00,1900-01-01 13:25:00,3.0,15,14
79436,109,Short,1900-01-01 13:50:00,1900-01-01 16:40:00,2.8333333333333335,15,14
79437,118,Short,1900-01-01 17:15:00,1900-01-01 20:30:00,3.25,17,16
79438,117,Short,1900-01-01 05:00:00,1900-01-01 07:50:00,2.8333333333333335,17,16
79441,28,Short,1900-01-01 07:10:00,1900-01-01 07:55:00,0.75,5,4
79442,28,Short,1900-01-01 08:10:00,1900-01-01 08:55:00,0.75,5,4
79443,28,Short,1900-01-01 09:30:00,1900-01-01 10:20:00,0.8333333333333334,5,4
79444,28,Short,1900-01-01 13:05:00,1900-01-01 13:50:00,0.75,5,4
79445,98,Short,1900-01-01 16:35:00,1900-01-01 20:10:00,3.5833333333333335,14,13
79446,28,Short,1900-01-01 17:30:00,1900-01-01 18:15:00,0.75,5,4
79447,28,Short,1900-01-01 19:20:00,1900-01-01 20:05:00,0.75,5,4
79448,28,Short,1900-01-01 20:20:00,1900-01-01 21:05:00,0.75,6,5
79449,47,Short,1900-01-01 10:30:00,1900-01-01 12:00:00,1.5,7,6
79450,47,Short,1900-01-01 12:15:00,1900-01-01 13:45:00,1.5,7,6
79451,28,Short,1900-01-01 22:00:00,1900-01-01 22:45:00,0.75,5,4
79452,28,Short,1900-01-01 06:00:00,1900-01-01 06:45:00,0.75,5,4
79453,28,Short,1900-01-01 12:10:00,1900-01-01 12:55:00,0.75,5,4
79454,98,Short,1900-01-01 07:10:00,1900-01-01 11:10:00,4.0,16,15
79455,105,Short,1900-01-01 11:35:00,1900-01-01 14:25:00,2.8333333333333335,19,18
79456,105,Short,1900-01-01 15:35:00,1900-01-01 18:30:00,2.9166666666666665,19,18
79457,36,Short,1900-01-01 08:20:00,1900-01-01 09:20:00,1.0,2,1
79458,36,Short,1900-01-01 09:30:00,1900-01-01 10:30:00,1.0,2,1
79459,36,Short,1900-01-01 17:45:00,1900-01-01 18:45:00,1.0,2,1
79460,36,Short,1900-01-01 19:00:00,1900-01-01 20:00:00,1.0,2,1
79481,39,Short,1900-01-01 08:20:00,1900-01-01 10:15:00,1.9166666666666667,2,1
79482,39,Short,1900-01-01 10:25:00,1900-01-01 12:10:00,1.75,2,1
79483,39,Short,1900-01-01 16:20:00,1900-01-01 18:05:00,1.75,2,1
79484,39,Short,1900-01-01 18:10:00,1900-01-01 20:00:00,1.8333333333333333,2,1
79485,1,Short,1900-01-01 06:30:00,1900-01-01 08:20:00,1.8333333333333333,2,1
79486,1,Short,1900-01-01 09:35:00,1900-01-01 11:25:00,1.8333333333333333,2,1
79487,1,Short,1900-01-01 12:20:00,1900-01-01 14:10:00,1.8333333333333333,2,1
79488,1,Short,1900-01-01 14:20:00,1900-01-01 16:10:00,1.8333333333333333,2,1
79489,1,Short,1900-01-01 16:20:00,1900-01-01 18:10:00,1.8333333333333333,2,1
79490,1,Short,1900-01-01 18:20:00,1900-01-01 20:10:00,1.8333333333333333,2,1
82355,1712,Long,1900-01-01 13:00:00,1900-01-01 16:05:00,3.0833333333333335,7,6
82601,649,Long,1900-01-01 21:50:00,1900-01-01 10:45:00,12.916666666666666,11,10
82606,649,Long,1900-01-01 15:30:00,1900-01-01 03:30:00,12.0,15,14
82631,695,Long,1900-01-01 20:00:00,1900-01-01 08:45:00,12.75,13,12
82635,849,Long,1900-01-01 22:30:00,1900-01-01 14:30:00,16.0,18,17
82651,3211,Long,1900-01-01 11:30:00,1900-01-01 20:25:00,8.916666666666666,22,21
82652,3212,Long,1900-01-01 05:40:00,1900-01-01 15:00:00,9.333333333333334,22,21
82653,2440,Long,1900-01-01 11:30:00,1900-01-01 06:35:00,19.083333333333332,22,21
82654,2440,Long,1900-01-01 22:15:00,1900-01-01 18:05:00,19.833333333333332,18,17
82665,668,Long,1900-01-01 20:15:00,1900-01-01 02:24:00,6.15,15,14
82666,663,Long,1900-01-01 20:45:00,1900-01-01 02:53:00,6.133333333333334,15,14
90540,60,Short,1900-01-01 12:27:00,1900-01-01 14:10:00,1.7166666666666666,2,1
90981,59,Short,1900-01-01 19:40:00,1900-01-01 21:06:00,1.4333333333333333,2,1
91392,10,Short,1900-01-01 12:08:00,1900-01-01 12:29:00,0.35,2,1
91393,10,Short,1900-01-01 12:35:00,1900-01-01 12:55:00,0.3333333333333333,2,1
91394,10,Short,1900-01-01 13:50:00,1900-01-01 14:10:00,0.3333333333333333,2,1
91395,10,Short,1900-01-01 14:16:00,1900-01-01 14:36:00,0.3333333333333333,2,1
91396,10,Short,1900-01-01 20:18:00,1900-01-01 20:39:00,0.35,2,1
91491,10,Short,1900-01-01 20:45:00,1900-01-01 21:05:00,0.3333333333333333,2,1
93001,63,Short,1900-01-01 05:00:00,1900-01-01 06:15:00,1.25,2,1
93002,101,Short,1900-01-01 05:40:00,1900-01-01 07:34:00,1.9,2,1
93003,63,Short,1900-01-01 05:35:00,1900-01-01 06:53:00,1.3,2,1
93004,63,Short,1900-01-01 07:05:00,1900-01-01 08:25:00,1.3333333333333333,2,1
93005,123,Short,1900-01-01 04:58:00,1900-01-01 07:30:00,2.533333333333333,2,1
93006,123,Short,1900-01-01 07:15:00,1900-01-01 09:59:00,2.7333333333333334,2,1
93007,123,Short,1900-01-01 05:24:00,1900-01-01 08:20:00,2.933333333333333,2,1
93008,89,Short,1900-01-01 08:30:00,1900-01-01 10:23:00,1.8833333333333333,2,1
93009,101,Short,1900-01-01 07:38:00,1900-01-01 09:50:00,2.2,2,1
93010,63,Short,1900-01-01 09:35:00,1900-01-01 10:50:00,1.25,2,1
93011,63,Short,1900-01-01 09:10:00,1900-01-01 10:35:00,1.4166666666666667,2,1
93012,63,Short,1900-01-01 10:05:00,1900-01-01 11:20:00,1.25,2,1
93013,89,Short,1900-01-01 10:31:00,1900-01-01 12:20:00,1.8166666666666667,2,1
93014,63,Short,1900-01-01 11:10:00,1900-01-01 12:25:00,1.25,2,1
93015,123,Short,1900-01-01 10:03:00,1900-01-01 12:55:00,2.8666666666666667,2,1
93016,123,Short,1900-01-01 12:42:00,1900-01-01 15:17:00,2.5833333333333335,2,1
93017,63,Short,1900-01-01 11:55:00,1900-01-01 13:15:00,1.3333333333333333,2,1
93018,63,Short,1900-01-01 13:20:00,1900-01-01 14:35:00,1.25,2,1
93019,63,Short,1900-01-01 12:15:00,1900-01-01 13:35:00,1.3333333333333333,2,1
93020,113,Short,1900-01-01 14:15:00,1900-01-01 16:28:00,2.216666666666667,2,1
93021,63,Short,1900-01-01 13:20:00,1900-01-01 14:40:00,1.3333333333333333,2,1
93022,113,Short,1900-01-01 15:20:00,1900-01-01 17:47:00,2.45,2,1
93023,63,Short,1900-01-01 15:05:00,1900-01-01 16:45:00,1.6666666666666667,2,1
93024,63,Short,1900-01-01 17:20:00,1900-01-01 18:35:00,1.25,2,1
93025,123,Short,1900-01-01 15:22:00,1900-01-01 18:05:00,2.716666666666667,2,1
93026,123,Short,1900-01-01 17:35:00,1900-01-01 20:14:00,2.65,2,1
93027,113,Short,1900-01-01 16:47:00,1900-01-01 19:15:00,2.466666666666667,2,1
93028,123,Short,1900-01-01 18:55:00,1900-01-01 21:41:00,2.7666666666666666,2,1
93029,113,Short,1900-01-01 18:00:00,1900-01-01 20:25:00,2.4166666666666665,2,1
93030,123,Short,1900-01-01 19:45:00,1900-01-01 22:17:00,2.533333333333333,2,1
93031,63,Short,1900-01-01 20:35:00,1900-01-01 21:50:00,1.25,8,7
93032,63,Short,1900-01-01 20:45:00,1900-01-01 22:00:00,1.25,2,1
93033,123,Short,1900-01-01 20:27:00,1900-01-01 23:05:00,2.6333333333333333,2,1
93034,63,Short,1900-01-01 22:35:00,1900-01-01 23:50:00,1.25,9,8
93101,63,Short,1900-01-01 05:35:00,1900-01-01 06:53:00,1.3,9,8
93102,63,Short,1900-01-01 07:05:00,1900-01-01 08:25:00,1.3333333333333333,9,8
93103,123,Short,1900-01-01 04:58:00,1900-01-01 07:30:00,2.533333333333333,17,16
93104,63,Short,1900-01-01 09:35:00,1900-01-01 10:50:00,1.25,9,8
93105,63,Short,1900-01-01 09:10:00,1900-01-01 10:35:00,1.4166666666666667,9,8
93109,63,Short,1900-01-01 13:20:00,1900-01-01 14:40:00,1.3333333333333333,9,8
95001,49,Short,1900-01-01 08:31:00,1900-01-01 09:27:00,0.9333333333333333,10,9
95002,49,Short,1900-01-01 06:34:00,1900-01-01 07:32:00,0.9666666666666667,8,7
95003,49,Short,1900-01-01 13:22:00,1900-01-01 14:20:00,0.9666666666666667,10,9
95004,49,Short,1900-01-01 05:08:00,1900-01-01 06:10:00,1.0333333333333334,8,7
95005,49,Short,1900-01-01 16:24:00,1900-01-01 17:22:00,0.9666666666666667,10,9
95006,49,Short,1900-01-01 08:58:00,1900-01-01 09:56:00,0.9666666666666667,8,7
95007,49,Short,1900-01-01 18:36:00,1900-01-01 19:33:00,0.95,10,9
95008,49,Short,1900-01-01 14:06:00,1900-01-01 15:04:00,0.9666666666666667,8,7
95009,49,Short,1900-01-01 21:48:00,1900-01-01 22:45:00,0.95,10,9
95010,49,Short,1900-01-01 16:46:00,1900-01-01 17:44:00,0.9666666666666667,8,7
95011,49,Short,1900-01-01 23:02:00,1900-01-01 23:58:00,0.9333333333333333,10,9
95012,49,Short,1900-01-01 18:20:00,1900-01-01 19:19:00,0.9833333333333333,8,7
95013,49,Short,1900-01-01 00:18:00,1900-01-01 01:15:00,0.95,8,7
95101,46,Short,1900-01-01 07:13:00,1900-01-01 08:05:00,0.8666666666666667,9,8
95102,46,Short,1900-01-01 04:47:00,1900-01-01 05:37:00,0.8333333333333334,7,6
95103,46,Short,1900-01-01 07:50:00,1900-01-01 08:43:00,0.8833333333333333,9,8
95104,46,Short,1900-01-01 05:53:00,1900-01-01 06:43:00,0.8333333333333334,7,6
95105,46,Short,1900-01-01 09:18:00,1900-01-01 10:09:00,0.85,9,8
95106,46,Short,1900-01-01 06:33:00,1900-01-01 07:24:00,0.85,7,6
95107,46,Short,1900-01-01 10:01:00,1900-01-01 10:51:00,0.8333333333333334,9,8
95108,46,Short,1900-01-01 07:00:00,1900-01-01 07:51:00,0.85,7,6
95109,46,Short,1900-01-01 10:38:00,1900-01-01 11:28:00,0.8333333333333334,9,8
95110,46,Short,1900-01-01 07:19:00,1900-01-01 08:09:00,0.8333333333333334,7,6
95111,46,Short,1900-01-01 11:40:00,1900-01-01 12:30:00,0.8333333333333334,9,8
95112,46,Short,1900-01-01 07:54:00,1900-01-01 08:44:00,0.8333333333333334,7,6
95113,46,Short,1900-01-01 12:15:00,1900-01-01 13:06:00,0.85,9,8
95114,46,Short,1900-01-01 08:27:00,1900-01-01 09:17:00,0.8333333333333334,7,6
95115,46,Short,1900-01-01 14:15:00,1900-01-01 15:05:00,0.8333333333333334,9,8
95116,46,Short,1900-01-01 09:45:00,1900-01-01 10:35:00,0.8333333333333334,7,6
95117,46,Short,1900-01-01 14:40:00,1900-01-01 15:30:00,0.8333333333333334,9,8
95118,46,Short,1900-01-01 10:45:00,1900-01-01 11:36:00,0.85,7,6
95119,46,Short,1900-01-01 15:54:00,1900-01-01 16:44:00,0.8333333333333334,9,8
95120,46,Short,1900-01-01 11:19:00,1900-01-01 12:09:00,0.8333333333333334,7,6
95121,46,Short,1900-01-01 16:53:00,1900-01-01 17:45:00,0.8666666666666667,9,8
95122,46,Short,1900-01-01 12:01:00,1900-01-01 12:51:00,0.8333333333333334,7,6
95123,46,Short,1900-01-01 17:31:00,1900-01-01 18:21:00,0.8333333333333334,9,8
95124,46,Short,1900-01-01 13:00:00,1900-01-01 13:51:00,0.85,7,6
95125,46,Short,1900-01-01 19:22:00,1900-01-01 20:12:00,0.8333333333333334,9,8
95126,46,Short,1900-01-01 13:57:00,1900-01-01 14:47:00,0.8333333333333334,7,6
95127,46,Short,1900-01-01 20:02:00,1900-01-01 20:53:00,0.85,9,8
95128,46,Short,1900-01-01 15:27:00,1900-01-01 16:17:00,0.8333333333333334,7,6
95129,46,Short,1900-01-01 20:53:00,1900-01-01 21:45:00,0.8666666666666667,9,8
95130,46,Short,1900-01-01 16:11:00,1900-01-01 17:01:00,0.8333333333333334,7,6
95131,46,Short,1900-01-01 22:29:00,1900-01-01 23:19:00,0.8333333333333334,9,8
95132,46,Short,1900-01-01 17:33:00,1900-01-01 18:23:00,0.8333333333333334,7,6
95134,46,Short,1900-01-01 17:56:00,1900-01-01 18:47:00,0.85,7,6
95136,46,Short,1900-01-01 18:42:00,1900-01-01 19:32:00,0.8333333333333334,7,6
95138,46,Short,1900-01-01 19:45:00,1900-01-01 20:35:00,0.8333333333333334,7,6
95140,46,Short,1900-01-01 20:40:00,1900-01-01 21:32:00,0.8666666666666667,7,6
95142,46,Short,1900-01-01 21:15:00,1900-01-01 22:05:00,0.8333333333333334,7,6
95144,46,Short,1900-01-01 22:03:00,1900-01-01 22:53:00,0.8333333333333334,7,6
95201,14,Short,1900-01-01 07:26:00,1900-01-01 07:44:00,0.3,5,4
95202,14,Short,1900-01-01 06:55:00,1900-01-01 07:14:00,0.31666666666666665,3,2
95203,14,Short,1900-01-01 08:07:00,1900-01-01 08:29:00,0.36666666666666664,5,4
95204,14,Short,1900-01-01 08:11:00,1900-01-01 08:29:00,0.3,3,2
95205,14,Short,1900-01-01 09:00:00,1900-01-01 09:19:00,0.31666666666666665,5,4
95206,14,Short,1900-01-01 09:29:00,1900-01-01 09:48:00,0.31666666666666665,3,2
95207,14,Short,1900-01-01 09:54:00,1900-01-01 10:14:00,0.3333333333333333,5,4
95208,14,Short,1900-01-01 10:42:00,1900-01-01 11:02:00,0.3333333333333333,3,2
95209,14,Short,1900-01-01 10:16:00,1900-01-01 10:35:00,0.31666666666666665,5,4
95210,14,Short,1900-01-01 18:55:00,1900-01-01 19:14:00,0.31666666666666665,3,2
95211,14,Short,1900-01-01 10:29:00,1900-01-01 10:48:00,0.31666666666666665,5,4
95212,14,Short,1900-01-01 19:35:00,1900-01-01 19:55:00,0.3333333333333333,3,2
95213,14,Short,1900-01-01 10:45:00,1900-01-01 11:04:00,0.31666666666666665,5,4
95214,14,Short,1900-01-01 08:45:00,1900-01-01 09:05:00,0.3333333333333333,3,2
95215,14,Short,1900-01-01 11:06:00,1900-01-01 11:28:00,0.36666666666666664,5,4
95216,14,Short,1900-01-01 13:22:00,1900-01-01 13:42:00,0.3333333333333333,3,2
95217,14,Short,1900-01-01 11:27:00,1900-01-01 11:48:00,0.35,5,4
95218,14,Short,1900-01-01 14:11:00,1900-01-01 14:30:00,0.31666666666666665,3,2
95219,14,Short,1900-01-01 11:48:00,1900-01-01 12:07:00,0.31666666666666665,5,4
95220,14,Short,1900-01-01 15:23:00,1900-01-01 15:42:00,0.31666666666666665,3,2
95221,14,Short,1900-01-01 12:51:00,1900-01-01 13:09:00,0.3,5,4
95222,14,Short,1900-01-01 15:42:00,1900-01-01 16:01:00,0.31666666666666665,3,2
95223,14,Short,1900-01-01 14:54:00,1900-01-01 15:15:00,0.35,5,4
95224,14,Short,1900-01-01 16:21:00,1900-01-01 16:40:00,0.31666666666666665,3,2
95225,14,Short,1900-01-01 15:09:00,1900-01-01 15:29:00,0.3333333333333333,5,4
95226,14,Short,1900-01-01 17:04:00,1900-01-01 17:23:00,0.31666666666666665,3,2
95227,14,Short,1900-01-01 17:01:00,1900-01-01 17:20:00,0.31666666666666665,5,4
95228,14,Short,1900-01-01 17:31:00,1900-01-01 17:50:00,0.31666666666666665,3,2
95229,14,Short,1900-01-01 17:46:00,1900-01-01 18:06:00,0.3333333333333333,5,4
95230,14,Short,1900-01-01 18:15:00,1900-01-01 18:35:00,0.3333333333333333,3,2
95231,14,Short,1900-01-01 18:28:00,1900-01-01 18:48:00,0.3333333333333333,5,4
95232,14,Short,1900-01-01 20:03:00,1900-01-01 20:22:00,0.31666666666666665,3,2
95233,14,Short,1900-01-01 19:02:00,1900-01-01 19:22:00,0.3333333333333333,5,4
95234,14,Short,1900-01-01 20:46:00,1900-01-01 21:07:00,0.35,3,2
95235,14,Short,1900-01-01 19:42:00,1900-01-01 20:01:00,0.31666666666666665,5,4
95236,14,Short,1900-01-01 21:00:00,1900-01-01 21:19:00,0.31666666666666665,3,2
95237,14,Short,1900-01-01 20:13:00,1900-01-01 20:32:00,0.31666666666666665,5,4
95239,14,Short,1900-01-01 20:24:00,1900-01-01 20:45:00,0.35,5,4
95241,14,Short,1900-01-01 23:32:00,1900-01-01 23:53:00,0.35,5,4
95301,6,Short,1900-01-01 09:27:00,1900-01-01 09:39:00,0.2,4,3
95302,6,Short,1900-01-01 07:17:00,1900-01-01 07:29:00,0.2,2,1
95303,6,Short,1900-01-01 09:49:00,1900-01-01 10:02:00,0.21666666666666667,4,3
95304,6,Short,1900-01-01 07:36:00,1900-01-01 07:48:00,0.2,2,1
95305,6,Short,1900-01-01 10:22:00,1900-01-01 10:34:00,0.2,4,3
95306,6,Short,1900-01-01 07:51:00,1900-01-01 08:03:00,0.2,2,1
95307,6,Short,1900-01-01 10:53:00,1900-01-01 11:05:00,0.2,4,3
95308,6,Short,1900-01-01 08:10:00,1900-01-01 08:22:00,0.2,2,1
95309,6,Short,1900-01-01 11:11:00,1900-01-01 11:24:00,0.21666666666666667,4,3
95310,6,Short,1900-01-01 08:27:00,1900-01-01 08:39:00,0.2,2,1
95311,6,Short,1900-01-01 11:32:00,1900-01-01 11:46:00,0.23333333333333334,4,3
95312,6,Short,1900-01-01 08:44:00,1900-01-01 08:56:00,0.2,2,1
95313,6,Short,1900-01-01 11:52:00,1900-01-01 12:04:00,0.2,4,3
95314,6,Short,1900-01-01 09:50:00,1900-01-01 10:02:00,0.2,2,1
95315,6,Short,1900-01-01 12:25:00,1900-01-01 12:37:00,0.2,4,3
95316,6,Short,1900-01-01 10:13:00,1900-01-01 10:25:00,0.2,2,1
95317,6,Short,1900-01-01 17:06:00,1900-01-01 17:17:00,0.18333333333333332,4,3
95318,6,Short,1900-01-01 11:35:00,1900-01-01 11:48:00,0.21666666666666667,2,1
95319,6,Short,1900-01-01 18:09:00,1900-01-01 18:22:00,0.21666666666666667,4,3
95320,6,Short,1900-01-01 19:13:00,1900-01-01 19:25:00,0.2,2,1
95321,6,Short,1900-01-01 18:47:00,1900-01-01 18:58:00,0.18333333333333332,4,3
95322,6,Short,1900-01-01 15:06:00,1900-01-01 15:18:00,0.2,2,1
95323,6,Short,1900-01-01 19:07:00,1900-01-01 19:19:00,0.2,4,3
95324,6,Short,1900-01-01 14:45:00,1900-01-01 14:57:00,0.2,2,1
95325,6,Short,1900-01-01 19:32:00,1900-01-01 19:44:00,0.2,4,3
95326,6,Short,1900-01-01 15:39:00,1900-01-01 15:51:00,0.2,2,1
95327,6,Short,1900-01-01 19:56:00,1900-01-01 20:10:00,0.23333333333333334,4,3
95328,6,Short,1900-01-01 16:24:00,1900-01-01 16:36:00,0.2,2,1
95329,6,Short,1900-01-01 20:28:00,1900-01-01 20:40:00,0.2,4,3
95330,6,Short,1900-01-01 16:45:00,1900-01-01 16:57:00,0.2,2,1
95331,6,Short,1900-01-01 20:45:00,1900-01-01 20:57:00,0.2,4,3
95332,6,Short,1900-01-01 17:25:00,1900-01-01 17:37:00,0.2,2,1
95334,6,Short,1900-01-01 17:50:00,1900-01-01 18:04:00,0.23333333333333334,2,1
95336,6,Short,1900-01-01 20:05:00,1900-01-01 20:18:00,0.21666666666666667,2,1
95338,6,Short,1900-01-01 20:50:00,1900-01-01 21:03:00,0.21666666666666667,2,1
95340,6,Short,1900-01-01 18:04:00,1900-01-01 18:17:00,0.21666666666666667,2,1
95342,6,Short,1900-01-01 18:32:00,1900-01-01 18:44:00,0.2,2,1
95401,67,Short,1900-01-01 07:55:00,1900-01-01 09:11:00,1.2666666666666666,12,11
95402,67,Short,1900-01-01 06:10:00,1900-01-01 07:20:00,1.1666666666666667,10,9
95403,67,Short,1900-01-01 09:35:00,1900-01-01 10:45:00,1.1666666666666667,12,11
95404,67,Short,1900-01-01 06:45:00,1900-01-01 07:56:00,1.1833333333333333,10,9
95405,67,Short,1900-01-01 10:43:00,1900-01-01 11:54:00,1.1833333333333333,12,11
95406,67,Short,1900-01-01 07:22:00,1900-01-01 08:35:00,1.2166666666666666,10,9
95407,67,Short,1900-01-01 11:19:00,1900-01-01 12:32:00,1.2166666666666666,12,11
95408,67,Short,1900-01-01 08:18:00,1900-01-01 09:30:00,1.2,10,9
95409,67,Short,1900-01-01 12:48:00,1900-01-01 13:58:00,1.1666666666666667,12,11
95410,67,Short,1900-01-01 10:10:00,1900-01-01 11:21:00,1.1833333333333333,10,9
95411,67,Short,1900-01-01 13:37:00,1900-01-01 14:47:00,1.1666666666666667,12,11
95412,67,Short,1900-01-01 11:12:00,1900-01-01 12:22:00,1.1666666666666667,10,9
95413,67,Short,1900-01-01 15:24:00,1900-01-01 16:34:00,1.1666666666666667,12,11
95414,67,Short,1900-01-01 12:19:00,1900-01-01 13:30:00,1.1833333333333333,10,9
95415,67,Short,1900-01-01 16:53:00,1900-01-01 18:03:00,1.1666666666666667,12,11
95416,67,Short,1900-01-01 13:31:00,1900-01-01 14:42:00,1.1833333333333333,10,9
95417,67,Short,1900-01-01 18:08:00,1900-01-01 19:18:00,1.1666666666666667,12,11
95418,67,Short,1900-01-01 14:44:00,1900-01-01 15:54:00,1.1666666666666667,10,9
95419,67,Short,1900-01-01 19:28:00,1900-01-01 20:40:00,1.2,12,11
95420,67,Short,1900-01-01 15:37:00,1900-01-01 16:48:00,1.1833333333333333,10,9
95421,67,Short,1900-01-01 20:21:00,1900-01-01 21:32:00,1.1833333333333333,12,11
95422,67,Short,1900-01-01 16:24:00,1900-01-01 17:35:00,1.1833333333333333,10,9
95423,67,Short,1900-01-01 21:54:00,1900-01-01 23:05:00,1.1833333333333333,12,11
95424,67,Short,1900-01-01 17:17:00,1900-01-01 18:27:00,1.1666666666666667,10,9
95425,67,Short,1900-01-01 00:07:00,1900-01-01 01:18:00,1.1833333333333333,12,11
95426,67,Short,1900-01-01 18:18:00,1900-01-01 19:28:00,1.1666666666666667,10,9
95428,67,Short,1900-01-01 20:15:00,1900-01-01 21:25:00,1.1666666666666667,10,9
95430,67,Short,1900-01-01 21:21:00,1900-01-01 22:31:00,1.1666666666666667,10,9
95501,32,Short,1900-01-01 08:34:00,1900-01-01 09:09:00,0.5833333333333334,7,6
95502,32,Short,1900-01-01 07:35:00,1900-01-01 08:11:00,0.6,5,4
95503,32,Short,1900-01-01 10:26:00,1900-01-01 11:05:00,0.65,7,6
95504,32,Short,1900-01-01 08:30:00,1900-01-01 09:07:00,0.6166666666666667,5,4
95505,32,Short,1900-01-01 14:19:00,1900-01-01 14:54:00,0.5833333333333334,7,6
95506,32,Short,1900-01-01 15:02:00,1900-01-01 15:39:00,0.6166666666666667,5,4
95507,32,Short,1900-01-01 15:57:00,1900-01-01 16:32:00,0.5833333333333334,7,6
95508,32,Short,1900-01-01 15:44:00,1900-01-01 16:19:00,0.5833333333333334,5,4
95509,32,Short,1900-01-01 17:31:00,1900-01-01 18:07:00,0.6,7,6
95510,32,Short,1900-01-01 16:44:00,1900-01-01 17:19:00,0.5833333333333334,5,4
95511,32,Short,1900-01-01 18:24:00,1900-01-01 19:00:00,0.6,7,6
95512,32,Short,1900-01-01 17:23:00,1900-01-01 18:03:00,0.6666666666666666,5,4
95513,32,Short,1900-01-01 18:45:00,1900-01-01 19:23:00,0.6333333333333333,7,6
95514,32,Short,1900-01-01 19:10:00,1900-01-01 19:46:00,0.6,5,4
95515,32,Short,1900-01-01 19:40:00,1900-01-01 20:18:00,0.6333333333333333,7,6
95516,32,Short,1900-01-01 20:33:00,1900-01-01 21:10:00,0.6166666666666667,5,4
95517,32,Short,1900-01-01 21:17:00,1900-01-01 21:52:00,0.5833333333333334,7,6
95601,10,Short,1900-01-01 10:11:00,1900-01-01 10:27:00,0.26666666666666666,4,3
95602,10,Short,1900-01-01 07:21:00,1900-01-01 07:36:00,0.25,2,1
95603,10,Short,1900-01-01 10:30:00,1900-01-01 10:47:00,0.2833333333333333,4,3
95604,10,Short,1900-01-01 09:04:00,1900-01-01 09:19:00,0.25,2,1
95605,10,Short,1900-01-01 10:47:00,1900-01-01 11:03:00,0.26666666666666666,4,3
95606,10,Short,1900-01-01 10:37:00,1900-01-01 10:53:00,0.26666666666666666,2,1
95607,10,Short,1900-01-01 11:53:00,1900-01-01 12:08:00,0.25,4,3
95608,10,Short,1900-01-01 15:58:00,1900-01-01 16:13:00,0.25,2,1
95609,10,Short,1900-01-01 12:13:00,1900-01-01 12:29:00,0.26666666666666666,4,3
95610,10,Short,1900-01-01 16:44:00,1900-01-01 16:59:00,0.25,2,1
95611,10,Short,1900-01-01 18:32:00,1900-01-01 18:47:00,0.25,4,3
95612,10,Short,1900-01-01 17:11:00,1900-01-01 17:26:00,0.25,2,1
95613,10,Short,1900-01-01 18:59:00,1900-01-01 19:15:00,0.26666666666666666,4,3
95614,10,Short,1900-01-01 17:30:00,1900-01-01 17:45:00,0.25,2,1
95615,10,Short,1900-01-01 19:46:00,1900-01-01 20:01:00,0.25,4,3
95616,10,Short,1900-01-01 18:24:00,1900-01-01 18:39:00,0.25,2,1
95617,10,Short,1900-01-01 20:35:00,1900-01-01 20:51:00,0.26666666666666666,4,3
95619,10,Short,1900-01-01 20:50:00,1900-01-01 21:05:00,0.25,4,3
95701,53,Short,1900-01-01 06:06:00,1900-01-01 07:06:00,1.0,7,6
95702,53,Short,1900-01-01 05:16:00,1900-01-01 06:36:00,1.3333333333333333,17,16
95703,53,Short,1900-01-01 07:29:00,1900-01-01 08:29:00,1.0,9,8
95704,53,Short,1900-01-01 07:14:00,1900-01-01 08:16:00,1.0333333333333334,9,8
95705,53,Short,1900-01-01 08:25:00,1900-01-01 09:24:00,0.9833333333333333,9,8
95706,44,Short,1900-01-01 07:25:00,1900-01-01 08:24:00,0.9833333333333333,12,11
95707,53,Short,1900-01-01 08:32:00,1900-01-01 09:44:00,1.2,16,15
95708,53,Short,1900-01-01 07:47:00,1900-01-01 09:01:00,1.2333333333333334,13,12
95709,53,Short,1900-01-01 09:00:00,1900-01-01 10:12:00,1.2,16,15
95710,53,Short,1900-01-01 08:13:00,1900-01-01 09:29:00,1.2666666666666666,14,13
95711,53,Short,1900-01-01 10:04:00,1900-01-01 11:17:00,1.2166666666666666,17,16
95712,53,Short,1900-01-01 08:36:00,1900-01-01 09:38:00,1.0333333333333334,9,8
95713,44,Short,1900-01-01 10:44:00,1900-01-01 11:33:00,0.8166666666666667,6,5
95714,53,Short,1900-01-01 08:41:00,1900-01-01 09:57:00,1.2666666666666666,14,13
95715,53,Short,1900-01-01 11:43:00,1900-01-01 12:56:00,1.2166666666666666,14,13
95716,53,Short,1900-01-01 08:47:00,1900-01-01 10:03:00,1.2666666666666666,13,12
95717,53,Short,1900-01-01 12:55:00,1900-01-01 13:57:00,1.0333333333333334,8,7
95718,53,Short,1900-01-01 09:00:00,1900-01-01 10:15:00,1.25,14,13
95719,53,Short,1900-01-01 15:17:00,1900-01-01 16:19:00,1.0333333333333334,8,7
95720,53,Short,1900-01-01 09:43:00,1900-01-01 10:57:00,1.2333333333333334,14,13
95721,53,Short,1900-01-01 15:56:00,1900-01-01 17:08:00,1.2,19,18
95722,44,Short,1900-01-01 09:47:00,1900-01-01 10:37:00,0.8333333333333334,6,5
95723,44,Short,1900-01-01 16:13:00,1900-01-01 17:02:00,0.8166666666666667,7,6
95724,53,Short,1900-01-01 11:44:00,1900-01-01 12:45:00,1.0166666666666666,8,7
95725,44,Short,1900-01-01 17:30:00,1900-01-01 18:17:00,0.7833333333333333,7,6
95726,53,Short,1900-01-01 14:10:00,1900-01-01 15:12:00,1.0333333333333334,8,7
95727,53,Short,1900-01-01 17:22:00,1900-01-01 18:36:00,1.2333333333333334,14,13
95728,53,Short,1900-01-01 16:30:00,1900-01-01 17:45:00,1.25,14,13
95729,44,Short,1900-01-01 18:00:00,1900-01-01 19:00:00,1.0,12,11
95730,44,Short,1900-01-01 16:31:00,1900-01-01 17:20:00,0.8166666666666667,6,5
95731,53,Short,1900-01-01 18:03:00,1900-01-01 19:17:00,1.2333333333333334,13,12
95732,53,Short,1900-01-01 16:58:00,1900-01-01 18:10:00,1.2,13,12
95733,53,Short,1900-01-01 18:33:00,1900-01-01 19:46:00,1.2166666666666666,14,13
95734,44,Short,1900-01-01 17:07:00,1900-01-01 17:52:00,0.75,6,5
95735,44,Short,1900-01-01 19:00:00,1900-01-01 20:00:00,1.0,12,11
95736,53,Short,1900-01-01 17:20:00,1900-01-01 18:33:00,1.2166666666666666,13,12
95737,53,Short,1900-01-01 18:57:00,1900-01-01 20:15:00,1.3,14,13
95738,53,Short,1900-01-01 17:41:00,1900-01-01 18:56:00,1.25,14,13
95739,53,Short,1900-01-01 19:33:00,1900-01-01 20:36:00,1.05,9,8
95740,53,Short,1900-01-01 18:23:00,1900-01-01 19:25:00,1.0333333333333334,2,1
95741,53,Short,1900-01-01 20:42:00,1900-01-01 21:58:00,1.2666666666666666,14,13
95742,53,Short,1900-01-01 18:42:00,1900-01-01 19:55:00,1.2166666666666666,14,13
95743,53,Short,1900-01-01 21:40:00,1900-01-01 23:01:00,1.35,17,16
95744,53,Short,1900-01-01 20:41:00,1900-01-01 21:43:00,1.0333333333333334,8,7
95745,53,Short,1900-01-01 21:54:00,1900-01-01 22:56:00,1.0333333333333334,9,8
95746,53,Short,1900-01-01 23:05:00,1900-01-01 00:05:00,1.0,9,8
95801,48,Short,1900-01-01 17:37:00,1900-01-01 18:42:00,1.0833333333333333,11,10
95802,48,Short,1900-01-01 08:14:00,1900-01-01 09:21:00,1.1166666666666667,12,11
95804,48,Short,1900-01-01 16:28:00,1900-01-01 17:34:00,1.1,11,10
95805,48,Short,1900-01-01 21:42:00,1900-01-01 22:52:00,1.1666666666666667,14,13
95808,48,Short,1900-01-01 17:22:00,1900-01-01 18:29:00,1.1166666666666667,11,10
95901,33,Short,1900-01-01 08:13:00,1900-01-01 08:52:00,0.65,6,5
95902,33,Short,1900-01-01 05:08:00,1900-01-01 05:52:00,0.7333333333333333,7,6
95903,33,Short,1900-01-01 08:54:00,1900-01-01 09:36:00,0.7,7,6
95904,33,Short,1900-01-01 08:02:00,1900-01-01 08:47:00,0.75,7,6
95905,33,Short,1900-01-01 09:04:00,1900-01-01 09:45:00,0.6833333333333333,5,4
95906,33,Short,1900-01-01 08:25:00,1900-01-01 09:08:00,0.7166666666666667,7,6
95907,33,Short,1900-01-01 09:50:00,1900-01-01 10:31:00,0.6833333333333333,6,5
95908,33,Short,1900-01-01 09:00:00,1900-01-01 09:45:00,0.75,7,6
95909,33,Short,1900-01-01 18:10:00,1900-01-01 18:51:00,0.6833333333333333,6,5
95910,33,Short,1900-01-01 09:54:00,1900-01-01 10:37:00,0.7166666666666667,7,6
95911,33,Short,1900-01-01 19:04:00,1900-01-01 19:46:00,0.7,6,5
95912,33,Short,1900-01-01 10:49:00,1900-01-01 11:33:00,0.7333333333333333,7,6
95913,33,Short,1900-01-01 20:30:00,1900-01-01 21:20:00,0.8333333333333334,10,9
95917,33,Short,1900-01-01 19:04:00,1900-01-01 19:47:00,0.7166666666666667,6,5
95919,33,Short,1900-01-01 20:30:00,1900-01-01 21:21:00,0.85,9,8
96001,2,Short,1900-01-01 05:40:00,1900-01-01 05:45:00,0.08333333333333333,2,1
96002,2,Short,1900-01-01 00:44:00,1900-01-01 00:51:00,0.11666666666666667,2,1
96003,49,Short,1900-01-01 05:50:00,1900-01-01 06:48:00,0.9666666666666667,10,9
96004,2,Short,1900-01-01 05:28:00,1900-01-01 05:35:00,0.11666666666666667,2,1
96005,2,Short,1900-01-01 08:00:00,1900-01-01 08:05:00,0.08333333333333333,2,1
96006,2,Short,1900-01-01 07:38:00,1900-01-01 07:45:00,0.11666666666666667,2,1
96007,2,Short,1900-01-01 10:40:00,1900-01-01 10:45:00,0.08333333333333333,2,1
96008,2,Short,1900-01-01 10:18:00,1900-01-01 10:25:00,0.11666666666666667,2,1
96009,2,Short,1900-01-01 11:55:00,1900-01-01 12:00:00,0.08333333333333333,2,1
96010,2,Short,1900-01-01 11:38:00,1900-01-01 11:45:00,0.11666666666666667,2,1
96011,2,Short,1900-01-01 13:15:00,1900-01-01 13:20:00,0.08333333333333333,2,1
96012,2,Short,1900-01-01 12:58:00,1900-01-01 13:05:00,0.11666666666666667,2,1
96013,2,Short,1900-01-01 15:27:00,1900-01-01 15:32:00,0.08333333333333333,2,1
96014,2,Short,1900-01-01 15:08:00,1900-01-01 15:15:00,0.11666666666666667,2,1
96015,2,Short,1900-01-01 20:34:00,1900-01-01 20:39:00,0.08333333333333333,2,1
96016,2,Short,1900-01-01 20:19:00,1900-01-01 20:26:00,0.11666666666666667,2,1
96017,2,Short,1900-01-01 21:40:00,1900-01-01 21:45:00,0.08333333333333333,2,1
96018,2,Short,1900-01-01 21:25:00,1900-01-01 21:32:00,0.11666666666666667,2,1
96019,49,Short,1900-01-01 23:57:00,1900-01-01 00:54:00,0.95,10,9
96020,49,Short,1900-01-01 22:33:00,1900-01-01 23:33:00,1.0,8,7
96022,2,Short,1900-01-01 23:38:00,1900-01-01 23:45:00,0.11666666666666667,2,1
96101,46,Short,1900-01-01 01:52:00,1900-01-01 02:45:00,0.8833333333333333,9,8
96102,46,Short,1900-01-01 02:35:00,1900-01-01 03:27:00,0.8666666666666667,7,6
96103,46,Short,1900-01-01 05:33:00,1900-01-01 06:24:00,0.85,9,8
96104,46,Short,1900-01-01 03:41:00,1900-01-01 04:32:00,0.85,7,6
96105,46,Short,1900-01-01 06:01:00,1900-01-01 06:52:00,0.85,9,8
96106,46,Short,1900-01-01 04:32:00,1900-01-01 05:23:00,0.85,7,6
96107,46,Short,1900-01-01 06:16:00,1900-01-01 07:08:00,0.8666666666666667,9,8
96108,46,Short,1900-01-01 12:21:00,1900-01-01 13:12:00,0.85,7,6
96109,46,Short,1900-01-01 06:48:00,1900-01-01 07:39:00,0.85,9,8
96110,46,Short,1900-01-01 13:27:00,1900-01-01 14:18:00,0.85,7,6
96111,46,Short,1900-01-01 11:12:00,1900-01-01 12:13:00,1.0166666666666666,9,8
96112,46,Short,1900-01-01 21:43:00,1900-01-01 22:33:00,0.8333333333333334,7,6
96113,46,Short,1900-01-01 12:39:00,1900-01-01 13:31:00,0.8666666666666667,9,8
96114,99,Short,1900-01-01 21:43:00,1900-01-01 00:04:00,2.35,30,29
96115,46,Short,1900-01-01 18:23:00,1900-01-01 19:14:00,0.85,9,8
96116,99,Short,1900-01-01 22:07:00,1900-01-01 00:25:00,2.3,30,29
96117,46,Short,1900-01-01 20:39:00,1900-01-01 21:30:00,0.85,9,8
96119,46,Short,1900-01-01 00:57:00,1900-01-01 01:48:00,0.85,9,8
96121,46,Short,1900-01-01 00:57:00,1900-01-01 01:48:00,0.85,9,8
96201,14,Short,1900-01-01 06:23:00,1900-01-01 06:43:00,0.3333333333333333,5,4
96202,14,Short,1900-01-01 05:41:00,1900-01-01 05:59:00,0.3,3,2
96203,14,Short,1900-01-01 13:39:00,1900-01-01 13:57:00,0.3,5,4
96204,14,Short,1900-01-01 06:15:00,1900-01-01 06:33:00,0.3,3,2
96205,14,Short,1900-01-01 15:43:00,1900-01-01 16:03:00,0.3333333333333333,5,4
96206,14,Short,1900-01-01 06:47:00,1900-01-01 07:04:00,0.2833333333333333,3,2
96207,14,Short,1900-01-01 16:33:00,1900-01-01 16:53:00,0.3333333333333333,5,4
96208,14,Short,1900-01-01 07:57:00,1900-01-01 08:17:00,0.3333333333333333,3,2
96209,14,Short,1900-01-01 19:26:00,1900-01-01 19:47:00,0.35,5,4
96210,14,Short,1900-01-01 08:53:00,1900-01-01 09:12:00,0.31666666666666665,3,2
96211,14,Short,1900-01-01 20:18:00,1900-01-01 20:39:00,0.35,5,4
96212,14,Short,1900-01-01 10:27:00,1900-01-01 10:47:00,0.3333333333333333,3,2
96213,14,Short,1900-01-01 21:02:00,1900-01-01 21:22:00,0.3333333333333333,5,4
96214,14,Short,1900-01-01 10:58:00,1900-01-01 11:23:00,0.4166666666666667,3,2
96215,14,Short,1900-01-01 21:23:00,1900-01-01 21:42:00,0.31666666666666665,5,4
96216,14,Short,1900-01-01 11:23:00,1900-01-01 11:44:00,0.35,3,2
96217,14,Short,1900-01-01 22:06:00,1900-01-01 22:26:00,0.3333333333333333,5,4
96218,14,Short,1900-01-01 11:41:00,1900-01-01 12:00:00,0.31666666666666665,3,2
96219,14,Short,1900-01-01 22:35:00,1900-01-01 22:55:00,0.3333333333333333,5,4
96220,14,Short,1900-01-01 12:00:00,1900-01-01 12:19:00,0.31666666666666665,3,2
96221,14,Short,1900-01-01 22:57:00,1900-01-01 23:16:00,0.31666666666666665,5,4
96222,14,Short,1900-01-01 12:22:00,1900-01-01 12:43:00,0.35,3,2
96223,14,Short,1900-01-01 23:16:00,1900-01-01 23:36:00,0.3333333333333333,5,4
96224,14,Short,1900-01-01 20:24:00,1900-01-01 20:45:00,0.35,3,2
96225,14,Short,1900-01-01 00:12:00,1900-01-01 00:32:00,0.3333333333333333,5,4
96226,14,Short,1900-01-01 21:37:00,1900-01-01 21:56:00,0.31666666666666665,3,2
96227,14,Short,1900-01-01 00:28:00,1900-01-01 00:48:00,0.3333333333333333,5,4
96228,14,Short,1900-01-01 21:58:00,1900-01-01 22:17:00,0.31666666666666665,3,2
96232,14,Short,1900-01-01 23:04:00,1900-01-01 23:25:00,0.35,3,2
96234,14,Short,1900-01-01 23:31:00,1900-01-01 23:51:00,0.3333333333333333,3,2
96236,67,Short,1900-01-01 23:50:00,1900-01-01 01:38:00,1.8,26,25
96301,6,Short,1900-01-01 01:32:00,1900-01-01 01:45:00,0.21666666666666667,4,3
96302,6,Short,1900-01-01 03:45:00,1900-01-01 03:58:00,0.21666666666666667,2,1
96303,6,Short,1900-01-01 06:52:00,1900-01-01 07:05:00,0.21666666666666667,4,3
96304,6,Short,1900-01-01 04:11:00,1900-01-01 04:23:00,0.2,2,1
96305,6,Short,1900-01-01 07:08:00,1900-01-01 07:22:00,0.23333333333333334,4,3
96306,6,Short,1900-01-01 04:55:00,1900-01-01 05:08:00,0.21666666666666667,2,1
96307,6,Short,1900-01-01 07:47:00,1900-01-01 07:59:00,0.2,4,3
96308,6,Short,1900-01-01 05:18:00,1900-01-01 05:30:00,0.2,2,1
96309,6,Short,1900-01-01 08:20:00,1900-01-01 08:33:00,0.21666666666666667,4,3
96310,6,Short,1900-01-01 06:10:00,1900-01-01 06:22:00,0.2,2,1
96311,6,Short,1900-01-01 13:12:00,1900-01-01 13:24:00,0.2,4,3
96312,6,Short,1900-01-01 10:58:00,1900-01-01 11:12:00,0.23333333333333334,2,1
96313,6,Short,1900-01-01 13:27:00,1900-01-01 13:40:00,0.21666666666666667,4,3
96314,6,Short,1900-01-01 11:17:00,1900-01-01 11:30:00,0.21666666666666667,2,1
96315,6,Short,1900-01-01 14:03:00,1900-01-01 14:15:00,0.2,4,3
96316,6,Short,1900-01-01 12:03:00,1900-01-01 12:15:00,0.2,2,1
96317,6,Short,1900-01-01 14:25:00,1900-01-01 14:38:00,0.21666666666666667,4,3
96318,6,Short,1900-01-01 12:19:00,1900-01-01 12:31:00,0.2,2,1
96319,6,Short,1900-01-01 14:45:00,1900-01-01 14:58:00,0.21666666666666667,4,3
96320,6,Short,1900-01-01 12:51:00,1900-01-01 13:04:00,0.21666666666666667,2,1
96321,6,Short,1900-01-01 15:17:00,1900-01-01 15:30:00,0.21666666666666667,4,3
96322,6,Short,1900-01-01 13:35:00,1900-01-01 13:47:00,0.2,2,1
96323,6,Short,1900-01-01 16:01:00,1900-01-01 16:14:00,0.21666666666666667,4,3
96324,6,Short,1900-01-01 14:00:00,1900-01-01 14:13:00,0.21666666666666667,2,1
96325,6,Short,1900-01-01 16:19:00,1900-01-01 16:32:00,0.21666666666666667,4,3
96326,6,Short,1900-01-01 14:24:00,1900-01-01 14:36:00,0.2,2,1
96327,6,Short,1900-01-01 17:23:00,1900-01-01 17:36:00,0.21666666666666667,4,3
96328,6,Short,1900-01-01 19:38:00,1900-01-01 19:50:00,0.2,2,1
96329,6,Short,1900-01-01 17:40:00,1900-01-01 17:54:00,0.23333333333333334,4,3
96330,6,Short,1900-01-01 21:15:00,1900-01-01 21:28:00,0.21666666666666667,2,1
96331,6,Short,1900-01-01 21:06:00,1900-01-01 21:19:00,0.21666666666666667,4,3
96332,6,Short,1900-01-01 21:33:00,1900-01-01 21:45:00,0.2,2,1
96333,6,Short,1900-01-01 21:41:00,1900-01-01 21:54:00,0.21666666666666667,4,3
96334,6,Short,1900-01-01 22:01:00,1900-01-01 22:13:00,0.2,2,1
96335,6,Short,1900-01-01 22:10:00,1900-01-01 22:23:00,0.21666666666666667,4,3
96336,59,Short,1900-01-01 22:01:00,1900-01-01 23:43:00,1.7,25,24
96337,6,Short,1900-01-01 23:08:00,1900-01-01 23:20:00,0.2,4,3
96339,6,Short,1900-01-01 00:01:00,1900-01-01 00:15:00,0.23333333333333334,4,3
96341,6,Short,1900-01-01 00:35:00,1900-01-01 00:49:00,0.23333333333333334,4,3
96343,6,Short,1900-01-01 01:19:00,1900-01-01 01:32:00,0.21666666666666667,4,3
96345,6,Short,1900-01-01 01:19:00,1900-01-01 01:32:00,0.21666666666666667,4,3
96401,67,Short,1900-01-01 01:43:00,1900-01-01 03:00:00,1.2833333333333334,12,11
96402,67,Short,1900-01-01 04:25:00,1900-01-01 05:35:00,1.1666666666666667,10,9
96403,67,Short,1900-01-01 05:43:00,1900-01-01 06:56:00,1.2166666666666666,12,11
96404,67,Short,1900-01-01 05:00:00,1900-01-01 06:10:00,1.1666666666666667,10,9
96405,67,Short,1900-01-01 06:28:00,1900-01-01 07:38:00,1.1666666666666667,12,11
96406,67,Short,1900-01-01 22:05:00,1900-01-01 23:17:00,1.2,10,9
96407,67,Short,1900-01-01 14:38:00,1900-01-01 15:47:00,1.15,12,11
96409,67,Short,1900-01-01 23:01:00,1900-01-01 00:11:00,1.1666666666666667,12,11
96501,21,Short,1900-01-01 05:05:00,1900-01-01 05:26:00,0.35,4,3
96502,32,Short,1900-01-01 06:11:00,1900-01-01 06:49:00,0.6333333333333333,5,4
96503,32,Short,1900-01-01 05:28:00,1900-01-01 06:03:00,0.5833333333333334,7,6
96504,32,Short,1900-01-01 07:08:00,1900-01-01 07:45:00,0.6166666666666667,5,4
96505,32,Short,1900-01-01 06:20:00,1900-01-01 06:57:00,0.6166666666666667,7,6
96506,32,Short,1900-01-01 08:47:00,1900-01-01 09:24:00,0.6166666666666667,5,4
96507,32,Short,1900-01-01 06:40:00,1900-01-01 07:16:00,0.6,7,6
96508,32,Short,1900-01-01 09:19:00,1900-01-01 09:55:00,0.6,5,4
96509,32,Short,1900-01-01 07:32:00,1900-01-01 08:07:00,0.5833333333333334,7,6
96510,32,Short,1900-01-01 10:00:00,1900-01-01 10:36:00,0.6,5,4
96511,32,Short,1900-01-01 08:04:00,1900-01-01 08:39:00,0.5833333333333334,7,6
96512,32,Short,1900-01-01 11:16:00,1900-01-01 11:52:00,0.6,5,4
96513,32,Short,1900-01-01 09:10:00,1900-01-01 09:45:00,0.5833333333333334,7,6
96514,32,Short,1900-01-01 13:16:00,1900-01-01 13:51:00,0.5833333333333334,5,4
96515,32,Short,1900-01-01 12:27:00,1900-01-01 13:03:00,0.6,7,6
96516,32,Short,1900-01-01 18:15:00,1900-01-01 18:52:00,0.6166666666666667,5,4
96517,32,Short,1900-01-01 15:00:00,1900-01-01 15:35:00,0.5833333333333334,7,6
96518,32,Short,1900-01-01 19:43:00,1900-01-01 20:20:00,0.6166666666666667,5,4
96519,32,Short,1900-01-01 16:28:00,1900-01-01 17:03:00,0.5833333333333334,7,6
96520,32,Short,1900-01-01 22:10:00,1900-01-01 22:50:00,0.6666666666666666,5,4
96521,32,Short,1900-01-01 22:25:00,1900-01-01 23:00:00,0.5833333333333334,7,6
96522,32,Short,1900-01-01 23:08:00,1900-01-01 23:42:00,0.5666666666666667,5,4
96524,32,Short,1900-01-01 23:32:00,1900-01-01 00:06:00,0.5666666666666667,5,4
96601,10,Short,1900-01-01 05:47:00,1900-01-01 06:02:00,0.25,4,3
96602,10,Short,1900-01-01 04:01:00,1900-01-01 04:16:00,0.25,2,1
96603,10,Short,1900-01-01 06:08:00,1900-01-01 06:23:00,0.25,4,3
96604,10,Short,1900-01-01 04:32:00,1900-01-01 04:47:00,0.25,2,1
96605,10,Short,1900-01-01 06:55:00,1900-01-01 07:10:00,0.25,4,3
96606,10,Short,1900-01-01 05:05:00,1900-01-01 05:20:00,0.25,2,1
96607,10,Short,1900-01-01 07:23:00,1900-01-01 07:38:00,0.25,4,3
96608,10,Short,1900-01-01 05:35:00,1900-01-01 05:50:00,0.25,2,1
96609,10,Short,1900-01-01 07:44:00,1900-01-01 07:59:00,0.25,4,3
96610,10,Short,1900-01-01 06:13:00,1900-01-01 06:28:00,0.25,2,1
96611,10,Short,1900-01-01 08:00:00,1900-01-01 08:14:00,0.23333333333333334,4,3
96612,10,Short,1900-01-01 06:46:00,1900-01-01 06:57:00,0.18333333333333332,2,1
96613,10,Short,1900-01-01 08:29:00,1900-01-01 08:44:00,0.25,4,3
96614,10,Short,1900-01-01 07:52:00,1900-01-01 08:07:00,0.25,2,1
96615,10,Short,1900-01-01 09:29:00,1900-01-01 09:44:00,0.25,4,3
96616,10,Short,1900-01-01 08:10:00,1900-01-01 08:25:00,0.25,2,1
96617,10,Short,1900-01-01 11:25:00,1900-01-01 11:40:00,0.25,4,3
96618,10,Short,1900-01-01 08:33:00,1900-01-01 08:50:00,0.2833333333333333,2,1
96619,10,Short,1900-01-01 12:34:00,1900-01-01 12:49:00,0.25,4,3
96620,10,Short,1900-01-01 09:54:00,1900-01-01 10:09:00,0.25,2,1
96621,10,Short,1900-01-01 12:53:00,1900-01-01 13:08:00,0.25,4,3
96622,10,Short,1900-01-01 10:54:00,1900-01-01 11:11:00,0.2833333333333333,2,1
96623,10,Short,1900-01-01 13:21:00,1900-01-01 13:36:00,0.25,4,3
96624,10,Short,1900-01-01 11:18:00,1900-01-01 11:35:00,0.2833333333333333,2,1
96625,10,Short,1900-01-01 14:11:00,1900-01-01 14:26:00,0.25,4,3
96626,10,Short,1900-01-01 11:54:00,1900-01-01 12:09:00,0.25,2,1
96627,10,Short,1900-01-01 14:42:00,1900-01-01 14:56:00,0.23333333333333334,4,3
96628,10,Short,1900-01-01 12:21:00,1900-01-01 12:36:00,0.25,2,1
96629,10,Short,1900-01-01 15:09:00,1900-01-01 15:23:00,0.23333333333333334,4,3
96630,10,Short,1900-01-01 12:45:00,1900-01-01 13:00:00,0.25,2,1
96631,10,Short,1900-01-01 15:35:00,1900-01-01 15:50:00,0.25,4,3
96632,10,Short,1900-01-01 13:01:00,1900-01-01 13:16:00,0.25,2,1
96633,10,Short,1900-01-01 16:13:00,1900-01-01 16:28:00,0.25,4,3
96634,10,Short,1900-01-01 13:20:00,1900-01-01 13:35:00,0.25,2,1
96635,10,Short,1900-01-01 16:47:00,1900-01-01 17:02:00,0.25,4,3
96636,10,Short,1900-01-01 13:51:00,1900-01-01 14:06:00,0.25,2,1
96637,10,Short,1900-01-01 17:01:00,1900-01-01 17:17:00,0.26666666666666666,4,3
96638,10,Short,1900-01-01 14:44:00,1900-01-01 14:59:00,0.25,2,1
96639,10,Short,1900-01-01 17:50:00,1900-01-01 18:05:00,0.25,4,3
96640,10,Short,1900-01-01 15:05:00,1900-01-01 15:21:00,0.26666666666666666,2,1
96641,10,Short,1900-01-01 20:03:00,1900-01-01 20:18:00,0.25,4,3
96642,10,Short,1900-01-01 15:35:00,1900-01-01 15:50:00,0.25,2,1
96643,10,Short,1900-01-01 21:33:00,1900-01-01 21:48:00,0.25,4,3
96644,10,Short,1900-01-01 19:01:00,1900-01-01 19:16:00,0.25,2,1
96645,10,Short,1900-01-01 22:02:00,1900-01-01 22:17:00,0.25,4,3
96646,10,Short,1900-01-01 19:47:00,1900-01-01 20:03:00,0.26666666666666666,2,1
96647,10,Short,1900-01-01 22:49:00,1900-01-01 23:04:00,0.25,4,3
96648,10,Short,1900-01-01 20:21:00,1900-01-01 20:36:00,0.25,2,1
96649,10,Short,1900-01-01 23:30:00,1900-01-01 23:45:00,0.25,4,3
96650,10,Short,1900-01-01 20:37:00,1900-01-01 20:53:00,0.26666666666666666,2,1
96651,10,Short,1900-01-01 00:19:00,1900-01-01 00:34:00,0.25,4,3
96652,10,Short,1900-01-01 21:00:00,1900-01-01 21:15:00,0.25,2,1
96653,10,Short,1900-01-01 00:47:00,1900-01-01 01:02:00,0.25,4,3
96654,10,Short,1900-01-01 21:24:00,1900-01-01 21:39:00,0.25,2,1
96655,10,Short,1900-01-01 01:12:00,1900-01-01 01:27:00,0.25,4,3
96656,10,Short,1900-01-01 22:06:00,1900-01-01 22:21:00,0.25,2,1
96657,64,Short,1900-01-01 23:44:00,1900-01-01 01:27:00,1.7166666666666666,27,26
96658,10,Short,1900-01-01 22:25:00,1900-01-01 22:41:00,0.26666666666666666,2,1
96660,10,Short,1900-01-01 23:14:00,1900-01-01 23:29:00,0.25,2,1
97000,53,Short,1900-01-01 04:59:00,1900-01-01 06:27:00,1.4666666666666666,2,1
97001,35,Short,1900-01-01 05:47:00,1900-01-01 06:43:00,0.9333333333333333,14,13
97002,53,Short,1900-01-01 04:41:00,1900-01-01 06:08:00,1.45,24,23
97003,35,Short,1900-01-01 06:04:00,1900-01-01 07:01:00,0.95,14,13
97004,53,Short,1900-01-01 05:21:00,1900-01-01 06:48:00,1.45,24,23
97005,35,Short,1900-01-01 06:21:00,1900-01-01 07:18:00,0.95,14,13
97006,53,Short,1900-01-01 06:04:00,1900-01-01 07:32:00,1.4666666666666666,24,23
97007,35,Short,1900-01-01 06:31:00,1900-01-01 07:28:00,0.95,14,13
97008,53,Short,1900-01-01 06:13:00,1900-01-01 07:40:00,1.45,24,23
97009,35,Short,1900-01-01 06:41:00,1900-01-01 07:38:00,0.95,14,13
97010,53,Short,1900-01-01 06:44:00,1900-01-01 08:12:00,1.4666666666666666,24,23
97011,53,Short,1900-01-01 06:12:00,1900-01-01 07:42:00,1.5,24,23
97012,44,Short,1900-01-01 06:56:00,1900-01-01 08:04:00,1.1333333333333333,17,16
97013,35,Short,1900-01-01 06:56:00,1900-01-01 07:54:00,0.9666666666666667,13,12
97014,53,Short,1900-01-01 07:13:00,1900-01-01 08:40:00,1.45,24,23
97015,53,Short,1900-01-01 06:40:00,1900-01-01 08:08:00,1.4666666666666666,24,23
97016,53,Short,1900-01-01 07:17:00,1900-01-01 08:47:00,1.5,24,23
97017,53,Short,1900-01-01 07:12:00,1900-01-01 08:40:00,1.4666666666666666,24,23
97018,53,Short,1900-01-01 07:35:00,1900-01-01 09:03:00,1.4666666666666666,24,23
97019,53,Short,1900-01-01 07:24:00,1900-01-01 08:52:00,1.4666666666666666,24,23
97020,53,Short,1900-01-01 07:50:00,1900-01-01 09:18:00,1.4666666666666666,24,23
97021,53,Short,1900-01-01 07:32:00,1900-01-01 09:00:00,1.4666666666666666,24,23
97022,53,Short,1900-01-01 07:57:00,1900-01-01 09:26:00,1.4833333333333334,24,23
97023,44,Short,1900-01-01 08:08:00,1900-01-01 09:16:00,1.1333333333333333,17,16
97024,53,Short,1900-01-01 08:00:00,1900-01-01 09:29:00,1.4833333333333334,24,23
97025,53,Short,1900-01-01 07:56:00,1900-01-01 09:22:00,1.4333333333333333,24,23
97026,44,Short,1900-01-01 08:22:00,1900-01-01 09:31:00,1.15,17,16
97027,53,Short,1900-01-01 08:12:00,1900-01-01 09:39:00,1.45,24,23
97028,44,Short,1900-01-01 09:07:00,1900-01-01 10:17:00,1.1666666666666667,17,16
97029,53,Short,1900-01-01 08:32:00,1900-01-01 09:59:00,1.45,23,22
97030,53,Short,1900-01-01 09:22:00,1900-01-01 10:52:00,1.5,24,23
97031,53,Short,1900-01-01 08:51:00,1900-01-01 10:21:00,1.5,24,23
97032,53,Short,1900-01-01 09:29:00,1900-01-01 11:00:00,1.5166666666666666,24,23
97033,20,Short,1900-01-01 10:06:00,1900-01-01 10:38:00,0.5333333333333333,8,7
97034,53,Short,1900-01-01 09:51:00,1900-01-01 11:20:00,1.4833333333333334,24,23
97035,44,Short,1900-01-01 09:39:00,1900-01-01 10:50:00,1.1833333333333333,17,16
97036,53,Short,1900-01-01 10:06:00,1900-01-01 11:34:00,1.4666666666666666,24,23
97037,53,Short,1900-01-01 09:29:00,1900-01-01 10:58:00,1.4833333333333334,24,23
97038,53,Short,1900-01-01 10:17:00,1900-01-01 11:45:00,1.4666666666666666,24,23
97039,53,Short,1900-01-01 10:02:00,1900-01-01 11:29:00,1.45,24,23
97040,53,Short,1900-01-01 10:27:00,1900-01-01 11:55:00,1.4666666666666666,24,23
97041,53,Short,1900-01-01 10:10:00,1900-01-01 11:38:00,1.4666666666666666,24,23
97042,37,Short,1900-01-01 10:41:00,1900-01-01 11:40:00,0.9833333333333333,15,14
97043,44,Short,1900-01-01 10:47:00,1900-01-01 11:59:00,1.2,17,16
97044,53,Short,1900-01-01 10:59:00,1900-01-01 12:27:00,1.4666666666666666,24,23
97045,44,Short,1900-01-01 11:05:00,1900-01-01 12:17:00,1.2,17,16
97046,20,Short,1900-01-01 11:07:00,1900-01-01 11:38:00,0.5166666666666667,8,7
97047,53,Short,1900-01-01 11:00:00,1900-01-01 12:29:00,1.4833333333333334,24,23
97048,53,Short,1900-01-01 11:23:00,1900-01-01 12:53:00,1.5,24,23
97049,53,Short,1900-01-01 11:12:00,1900-01-01 12:39:00,1.45,24,23
97050,44,Short,1900-01-01 11:39:00,1900-01-01 12:51:00,1.2,17,16
97051,37,Short,1900-01-01 12:02:00,1900-01-01 13:04:00,1.0333333333333334,15,14
97052,53,Short,1900-01-01 11:47:00,1900-01-01 13:17:00,1.5,24,23
97053,53,Short,1900-01-01 11:50:00,1900-01-01 13:17:00,1.45,24,23
97054,53,Short,1900-01-01 12:08:00,1900-01-01 13:37:00,1.4833333333333334,24,23
97055,53,Short,1900-01-01 12:08:00,1900-01-01 13:35:00,1.45,24,23
97056,20,Short,1900-01-01 12:25:00,1900-01-01 12:56:00,0.5166666666666667,8,7
97057,53,Short,1900-01-01 12:19:00,1900-01-01 13:48:00,1.4833333333333334,24,23
97058,53,Short,1900-01-01 12:40:00,1900-01-01 14:08:00,1.4666666666666666,24,23
97059,53,Short,1900-01-01 12:27:00,1900-01-01 13:54:00,1.45,24,23
97060,53,Short,1900-01-01 12:48:00,1900-01-01 14:16:00,1.4666666666666666,24,23
97061,53,Short,1900-01-01 12:31:00,1900-01-01 13:58:00,1.45,24,23
97062,53,Short,1900-01-01 13:08:00,1900-01-01 14:37:00,1.4833333333333334,24,23
97063,44,Short,1900-01-01 13:04:00,1900-01-01 14:13:00,1.15,17,16
97064,37,Short,1900-01-01 13:20:00,1900-01-01 14:18:00,0.9666666666666667,15,14
97065,53,Short,1900-01-01 12:57:00,1900-01-01 14:28:00,1.5166666666666666,24,23
97066,53,Short,1900-01-01 13:24:00,1900-01-01 14:52:00,1.4666666666666666,24,23
97067,53,Short,1900-01-01 13:01:00,1900-01-01 14:33:00,1.5333333333333334,24,23
97068,53,Short,1900-01-01 13:43:00,1900-01-01 15:11:00,1.4666666666666666,24,23
97069,53,Short,1900-01-01 13:21:00,1900-01-01 14:48:00,1.45,24,23
97070,53,Short,1900-01-01 13:56:00,1900-01-01 15:25:00,1.4833333333333334,24,23
97071,53,Short,1900-01-01 13:29:00,1900-01-01 14:56:00,1.45,24,23
97072,44,Short,1900-01-01 14:04:00,1900-01-01 15:13:00,1.15,17,16
97073,20,Short,1900-01-01 14:33:00,1900-01-01 15:05:00,0.5333333333333333,8,7
97074,53,Short,1900-01-01 14:08:00,1900-01-01 15:39:00,1.5166666666666666,24,23
97075,53,Short,1900-01-01 13:46:00,1900-01-01 15:13:00,1.45,24,23
97076,53,Short,1900-01-01 14:27:00,1900-01-01 15:56:00,1.4833333333333334,24,23
97077,37,Short,1900-01-01 14:32:00,1900-01-01 15:31:00,0.9833333333333333,15,14
97078,53,Short,1900-01-01 14:33:00,1900-01-01 16:01:00,1.4666666666666666,24,23
97079,53,Short,1900-01-01 14:12:00,1900-01-01 15:39:00,1.45,24,23
97080,53,Short,1900-01-01 14:41:00,1900-01-01 16:10:00,1.4833333333333334,24,23
97081,53,Short,1900-01-01 14:24:00,1900-01-01 15:52:00,1.4666666666666666,24,23
97082,53,Short,1900-01-01 14:55:00,1900-01-01 16:23:00,1.4666666666666666,24,23
97083,53,Short,1900-01-01 14:37:00,1900-01-01 16:04:00,1.45,24,23
97084,53,Short,1900-01-01 15:07:00,1900-01-01 16:34:00,1.45,24,23
97085,53,Short,1900-01-01 14:57:00,1900-01-01 16:24:00,1.45,24,23
97086,20,Short,1900-01-01 15:12:00,1900-01-01 15:43:00,0.5166666666666667,8,7
97087,44,Short,1900-01-01 15:26:00,1900-01-01 16:36:00,1.1666666666666667,17,16
97088,53,Short,1900-01-01 15:31:00,1900-01-01 17:03:00,1.5333333333333334,24,23
97089,53,Short,1900-01-01 15:17:00,1900-01-01 16:44:00,1.45,24,23
97090,53,Short,1900-01-01 15:39:00,1900-01-01 17:08:00,1.4833333333333334,24,23
97091,53,Short,1900-01-01 15:43:00,1900-01-01 17:12:00,1.4833333333333334,24,23
97092,44,Short,1900-01-01 15:48:00,1900-01-01 16:57:00,1.15,17,16
97093,53,Short,1900-01-01 15:52:00,1900-01-01 17:19:00,1.45,24,23
97094,20,Short,1900-01-01 16:00:00,1900-01-01 17:31:00,1.5166666666666666,8,7
97095,53,Short,1900-01-01 15:58:00,1900-01-01 17:27:00,1.4833333333333334,24,23
97096,53,Short,1900-01-01 16:17:00,1900-01-01 17:43:00,1.4333333333333333,24,23
97097,37,Short,1900-01-01 16:54:00,1900-01-01 17:54:00,1.0,15,14
97098,44,Short,1900-01-01 16:21:00,1900-01-01 17:29:00,1.1333333333333333,17,16
97099,35,Short,1900-01-01 17:15:00,1900-01-01 18:14:00,0.9833333333333333,14,13
97100,53,Short,1900-01-01 16:46:00,1900-01-01 18:14:00,1.4666666666666666,24,23
97101,53,Short,1900-01-01 16:48:00,1900-01-01 18:18:00,1.5,24,23
97102,53,Short,1900-01-01 17:16:00,1900-01-01 18:45:00,1.4833333333333334,24,23
97103,53,Short,1900-01-01 17:00:00,1900-01-01 18:30:00,1.5,24,23
97104,53,Short,1900-01-01 17:31:00,1900-01-01 19:01:00,1.5,24,23
97105,53,Short,1900-01-01 17:12:00,1900-01-01 18:41:00,1.4833333333333334,24,23
97106,53,Short,1900-01-01 17:59:00,1900-01-01 19:27:00,1.4666666666666666,24,23
97107,44,Short,1900-01-01 17:38:00,1900-01-01 18:47:00,1.15,17,16
97108,53,Short,1900-01-01 18:21:00,1900-01-01 19:49:00,1.4666666666666666,24,23
97109,35,Short,1900-01-01 17:59:00,1900-01-01 18:54:00,0.9166666666666666,14,13
97110,44,Short,1900-01-01 18:25:00,1900-01-01 19:33:00,1.1333333333333333,17,16
97111,53,Short,1900-01-01 17:36:00,1900-01-01 19:04:00,1.4666666666666666,24,23
97112,53,Short,1900-01-01 18:35:00,1900-01-01 20:02:00,1.45,24,23
97113,53,Short,1900-01-01 17:53:00,1900-01-01 19:21:00,1.4666666666666666,24,23
97114,53,Short,1900-01-01 18:46:00,1900-01-01 20:14:00,1.4666666666666666,24,23
97115,44,Short,1900-01-01 18:20:00,1900-01-01 19:33:00,1.2166666666666666,17,16
97116,37,Short,1900-01-01 18:54:00,1900-01-01 19:52:00,0.9666666666666667,15,14
97117,53,Short,1900-01-01 18:08:00,1900-01-01 19:37:00,1.4833333333333334,24,23
97118,20,Short,1900-01-01 18:58:00,1900-01-01 19:29:00,0.5166666666666667,8,7
97119,53,Short,1900-01-01 18:14:00,1900-01-01 19:42:00,1.4666666666666666,24,23
97120,44,Short,1900-01-01 19:08:00,1900-01-01 20:20:00,1.2,17,16
97121,44,Short,1900-01-01 18:43:00,1900-01-01 19:54:00,1.1833333333333333,17,16
97122,53,Short,1900-01-01 19:12:00,1900-01-01 20:42:00,1.5,24,23
97123,44,Short,1900-01-01 19:11:00,1900-01-01 20:25:00,1.2333333333333334,17,16
97124,53,Short,1900-01-01 19:27:00,1900-01-01 20:56:00,1.4833333333333334,24,23
97125,53,Short,1900-01-01 19:01:00,1900-01-01 20:29:00,1.4666666666666666,24,23
97126,44,Short,1900-01-01 19:38:00,1900-01-01 20:46:00,1.1333333333333333,17,16
97127,53,Short,1900-01-01 19:14:00,1900-01-01 20:42:00,1.4666666666666666,24,23
97128,53,Short,1900-01-01 19:42:00,1900-01-01 21:09:00,1.45,24,23
97129,53,Short,1900-01-01 19:18:00,1900-01-01 20:46:00,1.4666666666666666,24,23
97130,20,Short,1900-01-01 19:49:00,1900-01-01 20:21:00,0.5333333333333333,8,7
97131,37,Short,1900-01-01 19:57:00,1900-01-01 20:58:00,1.0166666666666666,15,14
97132,44,Short,1900-01-01 20:00:00,1900-01-01 21:11:00,1.1833333333333333,17,16
97133,53,Short,1900-01-01 19:45:00,1900-01-01 21:13:00,1.4666666666666666,24,23
97134,44,Short,1900-01-01 20:21:00,1900-01-01 21:31:00,1.1666666666666667,17,16
97135,44,Short,1900-01-01 20:27:00,1900-01-01 21:37:00,1.1666666666666667,17,16
97136,53,Short,1900-01-01 20:31:00,1900-01-01 21:58:00,1.45,24,23
97137,44,Short,1900-01-01 21:02:00,1900-01-01 22:14:00,1.2,17,16
97138,44,Short,1900-01-01 20:38:00,1900-01-01 21:47:00,1.15,17,16
97139,53,Short,1900-01-01 20:52:00,1900-01-01 22:21:00,1.4833333333333334,24,23
97140,37,Short,1900-01-01 20:52:00,1900-01-01 21:52:00,1.0,15,14
97141,44,Short,1900-01-01 21:17:00,1900-01-01 22:29:00,1.2,17,16
97142,53,Short,1900-01-01 21:04:00,1900-01-01 22:35:00,1.5166666666666666,24,23
97143,44,Short,1900-01-01 21:42:00,1900-01-01 22:53:00,1.1833333333333333,17,16
97144,53,Short,1900-01-01 21:20:00,1900-01-01 22:48:00,1.4666666666666666,24,23
97145,44,Short,1900-01-01 22:03:00,1900-01-01 23:13:00,1.1666666666666667,17,16
97146,53,Short,1900-01-01 22:06:00,1900-01-01 23:35:00,1.4833333333333334,24,23
97147,53,Short,1900-01-01 21:58:00,1900-01-01 23:26:00,1.4666666666666666,24,23
97148,37,Short,1900-01-01 22:26:00,1900-01-01 23:25:00,0.9833333333333333,15,14
97149,53,Short,1900-01-01 22:06:00,1900-01-01 23:34:00,1.4666666666666666,24,23
97150,20,Short,1900-01-01 23:39:00,1900-01-01 00:11:00,0.5333333333333333,8,7
97151,53,Short,1900-01-01 22:16:00,1900-01-01 23:45:00,1.4833333333333334,24,23
97152,20,Short,1900-01-01 23:58:00,1900-01-01 00:29:00,0.5166666666666667,8,7
97153,53,Short,1900-01-01 22:24:00,1900-01-01 23:53:00,1.4833333333333334,24,23
97155,44,Short,1900-01-01 22:52:00,1900-01-01 00:01:00,1.15,17,16
97201,48,Short,1900-01-01 06:20:00,1900-01-01 07:38:00,1.3,22,21
97202,48,Short,1900-01-01 05:57:00,1900-01-01 07:16:00,1.3166666666666667,22,21
97203,48,Short,1900-01-01 06:32:00,1900-01-01 07:50:00,1.3,22,21
97204,48,Short,1900-01-01 07:29:00,1900-01-01 08:50:00,1.35,22,21
97205,48,Short,1900-01-01 07:16:00,1900-01-01 08:34:00,1.3,22,21
97206,48,Short,1900-01-01 07:47:00,1900-01-01 09:07:00,1.3333333333333333,22,21
97207,48,Short,1900-01-01 07:36:00,1900-01-01 08:54:00,1.3,22,21
97208,48,Short,1900-01-01 08:41:00,1900-01-01 10:02:00,1.35,22,21
97209,48,Short,1900-01-01 08:20:00,1900-01-01 09:38:00,1.3,22,21
97210,48,Short,1900-01-01 09:05:00,1900-01-01 10:26:00,1.35,22,21
97211,48,Short,1900-01-01 09:15:00,1900-01-01 10:32:00,1.2833333333333334,22,21
97212,39,Short,1900-01-01 09:48:00,1900-01-01 10:50:00,1.0333333333333334,15,14
97213,48,Short,1900-01-01 09:33:00,1900-01-01 10:52:00,1.3166666666666667,22,21
97214,48,Short,1900-01-01 10:40:00,1900-01-01 12:00:00,1.3333333333333333,22,21
97215,48,Short,1900-01-01 10:22:00,1900-01-01 11:39:00,1.2833333333333334,22,21
97216,48,Short,1900-01-01 11:03:00,1900-01-01 12:23:00,1.3333333333333333,22,21
97217,48,Short,1900-01-01 10:36:00,1900-01-01 11:53:00,1.2833333333333334,22,21
97218,48,Short,1900-01-01 11:47:00,1900-01-01 13:09:00,1.3666666666666667,22,21
97219,48,Short,1900-01-01 11:24:00,1900-01-01 12:43:00,1.3166666666666667,22,21
97220,48,Short,1900-01-01 12:05:00,1900-01-01 13:25:00,1.3333333333333333,22,21
97221,48,Short,1900-01-01 12:39:00,1900-01-01 13:57:00,1.3,22,21
97222,48,Short,1900-01-01 13:00:00,1900-01-01 14:20:00,1.3333333333333333,22,21
97223,48,Short,1900-01-01 13:55:00,1900-01-01 15:13:00,1.3,22,21
97224,48,Short,1900-01-01 14:08:00,1900-01-01 15:30:00,1.3666666666666667,22,21
97225,48,Short,1900-01-01 15:13:00,1900-01-01 16:31:00,1.3,22,21
97226,48,Short,1900-01-01 15:36:00,1900-01-01 16:56:00,1.3333333333333333,22,21
97227,48,Short,1900-01-01 15:27:00,1900-01-01 16:48:00,1.35,22,21
97228,48,Short,1900-01-01 16:43:00,1900-01-01 18:04:00,1.35,22,21
97229,48,Short,1900-01-01 15:47:00,1900-01-01 17:06:00,1.3166666666666667,22,21
97230,48,Short,1900-01-01 17:02:00,1900-01-01 18:22:00,1.3333333333333333,22,21
97231,48,Short,1900-01-01 16:06:00,1900-01-01 17:24:00,1.3,22,21
97232,48,Short,1900-01-01 17:15:00,1900-01-01 18:34:00,1.3166666666666667,22,21
97233,48,Short,1900-01-01 16:34:00,1900-01-01 17:51:00,1.2833333333333334,22,21
97234,39,Short,1900-01-01 17:32:00,1900-01-01 18:34:00,1.0333333333333334,15,14
97235,39,Short,1900-01-01 17:13:00,1900-01-01 18:15:00,1.0333333333333334,15,14
97236,48,Short,1900-01-01 17:59:00,1900-01-01 19:18:00,1.3166666666666667,22,21
97237,39,Short,1900-01-01 17:58:00,1900-01-01 18:58:00,1.0,15,14
97238,48,Short,1900-01-01 18:25:00,1900-01-01 19:45:00,1.3333333333333333,22,21
97239,48,Short,1900-01-01 17:58:00,1900-01-01 19:19:00,1.35,22,21
97240,48,Short,1900-01-01 18:47:00,1900-01-01 20:06:00,1.3166666666666667,22,21
97241,48,Short,1900-01-01 18:22:00,1900-01-01 19:41:00,1.3166666666666667,22,21
97242,48,Short,1900-01-01 19:10:00,1900-01-01 20:33:00,1.3833333333333333,22,21
97243,48,Short,1900-01-01 18:42:00,1900-01-01 20:01:00,1.3166666666666667,22,21
97244,48,Short,1900-01-01 19:30:00,1900-01-01 20:52:00,1.3666666666666667,22,21
97245,48,Short,1900-01-01 19:05:00,1900-01-01 20:23:00,1.3,22,21
97246,48,Short,1900-01-01 19:53:00,1900-01-01 21:13:00,1.3333333333333333,22,21
97247,39,Short,1900-01-01 19:43:00,1900-01-01 20:45:00,1.0333333333333334,15,14
97248,48,Short,1900-01-01 20:20:00,1900-01-01 21:41:00,1.35,22,21
97249,48,Short,1900-01-01 20:00:00,1900-01-01 21:18:00,1.3,22,21
97250,48,Short,1900-01-01 20:34:00,1900-01-01 21:54:00,1.3333333333333333,22,21
97251,48,Short,1900-01-01 20:22:00,1900-01-01 21:40:00,1.3,22,21
97252,48,Short,1900-01-01 21:08:00,1900-01-01 22:32:00,1.4,22,21
97253,48,Short,1900-01-01 20:48:00,1900-01-01 22:08:00,1.3333333333333333,22,21
97254,39,Short,1900-01-01 21:33:00,1900-01-01 22:34:00,1.0166666666666666,15,14
97255,48,Short,1900-01-01 21:13:00,1900-01-01 22:31:00,1.3,22,21
97256,48,Short,1900-01-01 21:59:00,1900-01-01 23:20:00,1.35,22,21
97258,48,Short,1900-01-01 22:18:00,1900-01-01 23:39:00,1.35,22,21
97260,39,Short,1900-01-01 22:54:00,1900-01-01 23:54:00,1.0,15,14
97301,33,Short,1900-01-01 00:34:00,1900-01-01 01:30:00,0.9333333333333333,17,16
97302,33,Short,1900-01-01 04:00:00,1900-01-01 04:56:00,0.9333333333333333,17,16
97303,33,Short,1900-01-01 06:36:00,1900-01-01 07:32:00,0.9333333333333333,17,16
97304,33,Short,1900-01-01 04:20:00,1900-01-01 05:16:00,0.9333333333333333,17,16
97305,33,Short,1900-01-01 06:48:00,1900-01-01 07:44:00,0.9333333333333333,17,16
97306,33,Short,1900-01-01 04:40:00,1900-01-01 05:36:00,0.9333333333333333,17,16
97307,33,Short,1900-01-01 07:08:00,1900-01-01 08:04:00,0.9333333333333333,17,16
97308,33,Short,1900-01-01 05:20:00,1900-01-01 06:16:00,0.9333333333333333,17,16
97309,33,Short,1900-01-01 07:28:00,1900-01-01 08:24:00,0.9333333333333333,17,16
97310,33,Short,1900-01-01 05:30:00,1900-01-01 06:28:00,0.9666666666666667,17,16
97311,33,Short,1900-01-01 07:44:00,1900-01-01 08:40:00,0.9333333333333333,17,16
97312,33,Short,1900-01-01 05:40:00,1900-01-01 06:36:00,0.9333333333333333,17,16
97313,33,Short,1900-01-01 08:00:00,1900-01-01 08:56:00,0.9333333333333333,17,16
97314,33,Short,1900-01-01 05:46:00,1900-01-01 06:44:00,0.9666666666666667,17,16
97315,33,Short,1900-01-01 08:08:00,1900-01-01 09:04:00,0.9333333333333333,17,16
97316,33,Short,1900-01-01 06:00:00,1900-01-01 06:56:00,0.9333333333333333,17,16
97317,33,Short,1900-01-01 08:16:00,1900-01-01 09:12:00,0.9333333333333333,17,16
97318,33,Short,1900-01-01 06:16:00,1900-01-01 07:12:00,0.9333333333333333,17,16
97319,33,Short,1900-01-01 08:24:00,1900-01-01 09:20:00,0.9333333333333333,17,16
97320,33,Short,1900-01-01 06:28:00,1900-01-01 07:24:00,0.9333333333333333,17,16
97321,33,Short,1900-01-01 08:36:00,1900-01-01 09:32:00,0.9333333333333333,17,16
97322,33,Short,1900-01-01 06:52:00,1900-01-01 07:48:00,0.9333333333333333,17,16
97323,33,Short,1900-01-01 08:47:00,1900-01-01 09:45:00,0.9666666666666667,17,16
97324,33,Short,1900-01-01 07:04:00,1900-01-01 08:00:00,0.9333333333333333,17,16
97325,33,Short,1900-01-01 08:58:00,1900-01-01 09:54:00,0.9333333333333333,17,16
97326,33,Short,1900-01-01 07:24:00,1900-01-01 08:20:00,0.9333333333333333,17,16
97327,33,Short,1900-01-01 09:03:00,1900-01-01 10:02:00,0.9833333333333333,17,16
97328,33,Short,1900-01-01 07:40:00,1900-01-01 08:36:00,0.9333333333333333,17,16
97329,33,Short,1900-01-01 09:18:00,1900-01-01 10:14:00,0.9333333333333333,17,16
97330,33,Short,1900-01-01 07:55:00,1900-01-01 08:54:00,0.9833333333333333,17,16
97331,33,Short,1900-01-01 09:26:00,1900-01-01 10:23:00,0.95,17,16
97332,33,Short,1900-01-01 07:59:00,1900-01-01 08:57:00,0.9666666666666667,17,16
97333,33,Short,1900-01-01 09:37:00,1900-01-01 10:33:00,0.9333333333333333,17,16
97334,33,Short,1900-01-01 08:17:00,1900-01-01 09:15:00,0.9666666666666667,17,16
97335,33,Short,1900-01-01 09:41:00,1900-01-01 10:37:00,0.9333333333333333,17,16
97336,33,Short,1900-01-01 08:24:00,1900-01-01 09:22:00,0.9666666666666667,17,16
97337,33,Short,1900-01-01 09:49:00,1900-01-01 10:46:00,0.95,17,16
97338,33,Short,1900-01-01 08:36:00,1900-01-01 09:33:00,0.95,17,16
97339,33,Short,1900-01-01 10:06:00,1900-01-01 11:01:00,0.9166666666666666,17,16
97340,33,Short,1900-01-01 08:47:00,1900-01-01 09:45:00,0.9666666666666667,17,16
97341,33,Short,1900-01-01 10:14:00,1900-01-01 11:09:00,0.9166666666666666,17,16
97342,33,Short,1900-01-01 09:00:00,1900-01-01 09:58:00,0.9666666666666667,17,16
97343,33,Short,1900-01-01 10:26:00,1900-01-01 11:24:00,0.9666666666666667,17,16
97344,33,Short,1900-01-01 09:08:00,1900-01-01 10:06:00,0.9666666666666667,17,16
97345,33,Short,1900-01-01 10:40:00,1900-01-01 11:37:00,0.95,17,16
97346,33,Short,1900-01-01 09:16:00,1900-01-01 10:14:00,0.9666666666666667,17,16
97347,33,Short,1900-01-01 10:48:00,1900-01-01 11:48:00,1.0,17,16
97348,33,Short,1900-01-01 09:30:00,1900-01-01 10:30:00,1.0,17,16
97349,33,Short,1900-01-01 10:56:00,1900-01-01 11:52:00,0.9333333333333333,17,16
97350,33,Short,1900-01-01 09:41:00,1900-01-01 10:40:00,0.9833333333333333,17,16
97351,33,Short,1900-01-01 11:04:00,1900-01-01 12:00:00,0.9333333333333333,17,16
97352,33,Short,1900-01-01 09:50:00,1900-01-01 10:48:00,0.9666666666666667,17,16
97353,33,Short,1900-01-01 11:20:00,1900-01-01 12:15:00,0.9166666666666666,17,16
97354,33,Short,1900-01-01 09:58:00,1900-01-01 10:56:00,0.9666666666666667,17,16
97355,33,Short,1900-01-01 11:37:00,1900-01-01 12:33:00,0.9333333333333333,17,16
97356,33,Short,1900-01-01 10:06:00,1900-01-01 11:04:00,0.9666666666666667,17,16
97357,33,Short,1900-01-01 11:41:00,1900-01-01 12:37:00,0.9333333333333333,17,16
97358,33,Short,1900-01-01 10:18:00,1900-01-01 11:16:00,0.9666666666666667,17,16
97359,33,Short,1900-01-01 12:23:00,1900-01-01 13:19:00,0.9333333333333333,17,16
97360,33,Short,1900-01-01 10:30:00,1900-01-01 11:28:00,0.9666666666666667,17,16
97361,33,Short,1900-01-01 12:49:00,1900-01-01 13:49:00,1.0,17,16
97362,33,Short,1900-01-01 10:42:00,1900-01-01 11:41:00,0.9833333333333333,17,16
97363,33,Short,1900-01-01 13:09:00,1900-01-01 14:05:00,0.9333333333333333,17,16
97364,33,Short,1900-01-01 10:52:00,1900-01-01 11:50:00,0.9666666666666667,17,16
97365,33,Short,1900-01-01 13:38:00,1900-01-01 14:34:00,0.9333333333333333,17,16
97366,33,Short,1900-01-01 11:21:00,1900-01-01 12:19:00,0.9666666666666667,17,16
97367,33,Short,1900-01-01 14:00:00,1900-01-01 14:56:00,0.9333333333333333,17,16
97368,33,Short,1900-01-01 11:37:00,1900-01-01 12:35:00,0.9666666666666667,17,16
97369,33,Short,1900-01-01 14:20:00,1900-01-01 15:15:00,0.9166666666666666,17,16
97370,33,Short,1900-01-01 11:58:00,1900-01-01 12:57:00,0.9833333333333333,17,16
97371,33,Short,1900-01-01 14:29:00,1900-01-01 15:25:00,0.9333333333333333,17,16
97372,33,Short,1900-01-01 12:57:00,1900-01-01 13:55:00,0.9666666666666667,17,16
97373,33,Short,1900-01-01 15:37:00,1900-01-01 16:34:00,0.95,17,16
97374,33,Short,1900-01-01 13:27:00,1900-01-01 14:25:00,0.9666666666666667,17,16
97375,24,Short,1900-01-01 16:13:00,1900-01-01 16:51:00,0.6333333333333333,10,9
97376,33,Short,1900-01-01 13:59:00,1900-01-01 14:57:00,0.9666666666666667,17,16
97377,33,Short,1900-01-01 16:09:00,1900-01-01 17:05:00,0.9333333333333333,17,16
97378,33,Short,1900-01-01 14:22:00,1900-01-01 15:21:00,0.9833333333333333,17,16
97379,33,Short,1900-01-01 16:19:00,1900-01-01 17:15:00,0.9333333333333333,17,16
97380,33,Short,1900-01-01 14:54:00,1900-01-01 15:52:00,0.9666666666666667,17,16
97381,33,Short,1900-01-01 16:30:00,1900-01-01 17:26:00,0.9333333333333333,17,16
97382,33,Short,1900-01-01 15:16:00,1900-01-01 16:13:00,0.95,17,16
97383,33,Short,1900-01-01 16:38:00,1900-01-01 17:35:00,0.95,17,16
97384,24,Short,1900-01-01 15:23:00,1900-01-01 16:01:00,0.6333333333333333,10,9
97385,33,Short,1900-01-01 16:52:00,1900-01-01 17:48:00,0.9333333333333333,17,16
97386,33,Short,1900-01-01 15:41:00,1900-01-01 16:39:00,0.9666666666666667,17,16
97387,33,Short,1900-01-01 17:04:00,1900-01-01 18:00:00,0.9333333333333333,17,16
97388,33,Short,1900-01-01 15:55:00,1900-01-01 16:52:00,0.95,17,16
97389,33,Short,1900-01-01 17:08:00,1900-01-01 18:04:00,0.9333333333333333,17,16
97390,33,Short,1900-01-01 16:15:00,1900-01-01 17:12:00,0.95,17,16
97391,33,Short,1900-01-01 17:16:00,1900-01-01 18:12:00,0.9333333333333333,17,16
97392,33,Short,1900-01-01 16:27:00,1900-01-01 17:24:00,0.95,17,16
97393,33,Short,1900-01-01 17:24:00,1900-01-01 18:20:00,0.9333333333333333,17,16
97394,33,Short,1900-01-01 16:30:00,1900-01-01 17:28:00,0.9666666666666667,17,16
97395,33,Short,1900-01-01 17:32:00,1900-01-01 18:28:00,0.9333333333333333,17,16
97396,33,Short,1900-01-01 16:35:00,1900-01-01 17:32:00,0.95,17,16
97397,33,Short,1900-01-01 17:44:00,1900-01-01 18:40:00,0.9333333333333333,17,16
97398,33,Short,1900-01-01 16:42:00,1900-01-01 17:40:00,0.9666666666666667,17,16
97399,33,Short,1900-01-01 18:04:00,1900-01-01 19:02:00,0.9666666666666667,17,16
97400,33,Short,1900-01-01 16:58:00,1900-01-01 17:53:00,0.9166666666666666,17,16
97401,33,Short,1900-01-01 18:29:00,1900-01-01 19:26:00,0.95,17,16
97402,33,Short,1900-01-01 17:01:00,1900-01-01 17:58:00,0.95,17,16
97403,33,Short,1900-01-01 18:38:00,1900-01-01 19:34:00,0.9333333333333333,17,16
97404,33,Short,1900-01-01 17:10:00,1900-01-01 18:09:00,0.9833333333333333,17,16
97405,33,Short,1900-01-01 18:46:00,1900-01-01 19:42:00,0.9333333333333333,17,16
97406,24,Short,1900-01-01 17:14:00,1900-01-01 17:52:00,0.6333333333333333,10,9
97407,33,Short,1900-01-01 18:57:00,1900-01-01 19:53:00,0.9333333333333333,17,16
97408,33,Short,1900-01-01 17:20:00,1900-01-01 18:18:00,0.9666666666666667,17,16
97409,24,Short,1900-01-01 19:27:00,1900-01-01 20:06:00,0.65,10,9
97410,24,Short,1900-01-01 17:31:00,1900-01-01 18:11:00,0.6666666666666666,10,9
97411,33,Short,1900-01-01 19:22:00,1900-01-01 20:17:00,0.9166666666666666,17,16
97412,33,Short,1900-01-01 17:42:00,1900-01-01 18:41:00,0.9833333333333333,17,16
97413,33,Short,1900-01-01 19:35:00,1900-01-01 20:32:00,0.95,17,16
97414,33,Short,1900-01-01 17:52:00,1900-01-01 18:50:00,0.9666666666666667,17,16
97415,24,Short,1900-01-01 19:57:00,1900-01-01 20:35:00,0.6333333333333333,10,9
97416,33,Short,1900-01-01 18:06:00,1900-01-01 19:05:00,0.9833333333333333,17,16
97417,33,Short,1900-01-01 19:50:00,1900-01-01 20:46:00,0.9333333333333333,17,16
97418,33,Short,1900-01-01 18:12:00,1900-01-01 19:09:00,0.95,17,16
97419,33,Short,1900-01-01 20:17:00,1900-01-01 21:13:00,0.9333333333333333,17,16
97420,24,Short,1900-01-01 18:16:00,1900-01-01 18:55:00,0.65,10,9
97421,33,Short,1900-01-01 20:35:00,1900-01-01 21:31:00,0.9333333333333333,17,16
97422,33,Short,1900-01-01 18:24:00,1900-01-01 19:22:00,0.9666666666666667,17,16
97423,33,Short,1900-01-01 21:04:00,1900-01-01 21:59:00,0.9166666666666666,17,16
97424,24,Short,1900-01-01 18:36:00,1900-01-01 19:14:00,0.6333333333333333,10,9
97425,33,Short,1900-01-01 22:02:00,1900-01-01 22:57:00,0.9166666666666666,17,16
97426,33,Short,1900-01-01 18:44:00,1900-01-01 19:42:00,0.9666666666666667,17,16
97427,33,Short,1900-01-01 22:39:00,1900-01-01 23:34:00,0.9166666666666666,17,16
97428,33,Short,1900-01-01 18:57:00,1900-01-01 19:55:00,0.9666666666666667,17,16
97429,24,Short,1900-01-01 22:30:00,1900-01-01 23:09:00,0.65,10,9
97430,24,Short,1900-01-01 19:12:00,1900-01-01 19:51:00,0.65,10,9
97431,33,Short,1900-01-01 22:47:00,1900-01-01 23:42:00,0.9166666666666666,17,16
97432,33,Short,1900-01-01 19:30:00,1900-01-01 20:28:00,0.9666666666666667,17,16
97433,33,Short,1900-01-01 22:59:00,1900-01-01 23:55:00,0.9333333333333333,17,16
97434,33,Short,1900-01-01 19:38:00,1900-01-01 20:38:00,1.0,17,16
97435,33,Short,1900-01-01 23:12:00,1900-01-01 00:07:00,0.9166666666666666,17,16
97436,33,Short,1900-01-01 19:48:00,1900-01-01 20:46:00,0.9666666666666667,17,16
97437,33,Short,1900-01-01 23:39:00,1900-01-01 00:35:00,0.9333333333333333,17,16
97438,33,Short,1900-01-01 20:03:00,1900-01-01 21:01:00,0.9666666666666667,17,16
97439,33,Short,1900-01-01 23:59:00,1900-01-01 00:55:00,0.9333333333333333,17,16
97440,33,Short,1900-01-01 21:21:00,1900-01-01 22:20:00,0.9833333333333333,17,16
97441,33,Short,1900-01-01 23:35:00,1900-01-01 00:30:00,0.9166666666666666,17,16
97442,24,Short,1900-01-01 21:41:00,1900-01-01 22:20:00,0.65,10,9
97444,33,Short,1900-01-01 21:31:00,1900-01-01 22:30:00,0.9833333333333333,16,15
97445,33,Short,1900-01-01 23:52:00,1900-01-01 00:48:00,0.9333333333333333,16,15
97446,33,Short,1900-01-01 21:54:00,1900-01-01 22:52:00,0.9666666666666667,16,15
97501,19,Short,1900-01-01 08:40:00,1900-01-01 09:14:00,0.5666666666666667,12,11
97502,19,Short,1900-01-01 09:18:00,1900-01-01 09:55:00,0.6166666666666667,12,11
97503,19,Short,1900-01-01 09:07:00,1900-01-01 09:41:00,0.5666666666666667,12,11
97504,19,Short,1900-01-01 09:45:00,1900-01-01 10:22:00,0.6166666666666667,12,11
97601,15,Short,1900-01-01 08:28:00,1900-01-01 08:56:00,0.4666666666666667,10,9
97602,15,Short,1900-01-01 04:51:00,1900-01-01 05:21:00,0.5,10,9
97603,15,Short,1900-01-01 08:43:00,1900-01-01 09:11:00,0.4666666666666667,10,9
97604,15,Short,1900-01-01 05:42:00,1900-01-01 06:12:00,0.5,10,9
97605,15,Short,1900-01-01 08:55:00,1900-01-01 09:23:00,0.4666666666666667,10,9
97606,15,Short,1900-01-01 05:54:00,1900-01-01 06:24:00,0.5,10,9
97607,15,Short,1900-01-01 09:11:00,1900-01-01 09:39:00,0.4666666666666667,10,9
97608,15,Short,1900-01-01 07:38:00,1900-01-01 08:08:00,0.5,10,9
97609,15,Short,1900-01-01 09:22:00,1900-01-01 09:52:00,0.5,10,9
97610,15,Short,1900-01-01 09:11:00,1900-01-01 09:41:00,0.5,10,9
97611,15,Short,1900-01-01 09:54:00,1900-01-01 10:22:00,0.4666666666666667,10,9
97612,15,Short,1900-01-01 09:39:00,1900-01-01 10:10:00,0.5166666666666667,10,9
97613,15,Short,1900-01-01 10:18:00,1900-01-01 10:46:00,0.4666666666666667,10,9
97614,15,Short,1900-01-01 10:03:00,1900-01-01 10:34:00,0.5166666666666667,10,9
97615,15,Short,1900-01-01 10:30:00,1900-01-01 11:01:00,0.5166666666666667,10,9
97616,15,Short,1900-01-01 10:41:00,1900-01-01 11:11:00,0.5,10,9
97617,15,Short,1900-01-01 10:44:00,1900-01-01 11:13:00,0.48333333333333334,10,9
97618,15,Short,1900-01-01 15:47:00,1900-01-01 16:17:00,0.5,10,9
97619,15,Short,1900-01-01 10:52:00,1900-01-01 11:22:00,0.5,10,9
97620,15,Short,1900-01-01 16:13:00,1900-01-01 16:43:00,0.5,10,9
97621,15,Short,1900-01-01 11:16:00,1900-01-01 11:44:00,0.4666666666666667,10,9
97622,15,Short,1900-01-01 17:06:00,1900-01-01 17:36:00,0.5,10,9
97623,15,Short,1900-01-01 16:43:00,1900-01-01 17:11:00,0.4666666666666667,10,9
97624,15,Short,1900-01-01 17:21:00,1900-01-01 17:50:00,0.48333333333333334,10,9
97625,15,Short,1900-01-01 17:28:00,1900-01-01 17:56:00,0.4666666666666667,10,9
97626,15,Short,1900-01-01 17:56:00,1900-01-01 18:26:00,0.5,10,9
97627,15,Short,1900-01-01 17:48:00,1900-01-01 18:16:00,0.4666666666666667,10,9
97628,15,Short,1900-01-01 18:07:00,1900-01-01 18:37:00,0.5,10,9
97629,15,Short,1900-01-01 18:18:00,1900-01-01 18:46:00,0.4666666666666667,10,9
97630,15,Short,1900-01-01 18:27:00,1900-01-01 18:57:00,0.5,10,9
97631,15,Short,1900-01-01 18:50:00,1900-01-01 19:18:00,0.4666666666666667,10,9
97632,15,Short,1900-01-01 19:00:00,1900-01-01 19:30:00,0.5,10,9
97633,15,Short,1900-01-01 20:26:00,1900-01-01 20:55:00,0.48333333333333334,10,9
97634,15,Short,1900-01-01 19:28:00,1900-01-01 19:59:00,0.5166666666666667,10,9
97635,15,Short,1900-01-01 22:09:00,1900-01-01 22:37:00,0.4666666666666667,10,9
97636,15,Short,1900-01-01 19:19:00,1900-01-01 19:49:00,0.5,10,9
97637,15,Short,1900-01-01 22:27:00,1900-01-01 22:56:00,0.48333333333333334,10,9
97638,15,Short,1900-01-01 18:05:00,1900-01-01 18:35:00,0.5,10,9
97639,15,Short,1900-01-01 22:55:00,1900-01-01 23:23:00,0.4666666666666667,10,9
97640,15,Short,1900-01-01 18:12:00,1900-01-01 18:43:00,0.5166666666666667,10,9
97641,15,Short,1900-01-01 23:25:00,1900-01-01 23:53:00,0.4666666666666667,10,9
97642,15,Short,1900-01-01 18:32:00,1900-01-01 19:03:00,0.5166666666666667,10,9
97643,15,Short,1900-01-01 23:48:00,1900-01-01 00:16:00,0.4666666666666667,10,9
97644,15,Short,1900-01-01 18:55:00,1900-01-01 19:25:00,0.5,10,9
97645,15,Short,1900-01-01 21:03:00,1900-01-01 21:32:00,0.48333333333333334,10,9
97646,15,Short,1900-01-01 19:20:00,1900-01-01 19:50:00,0.5,10,9
97647,15,Short,1900-01-01 22:06:00,1900-01-01 22:35:00,0.48333333333333334,10,9
97648,15,Short,1900-01-01 19:47:00,1900-01-01 20:17:00,0.5,10,9
97649,15,Short,1900-01-01 22:30:00,1900-01-01 22:59:00,0.48333333333333334,10,9
97651,15,Short,1900-01-01 22:54:00,1900-01-01 23:23:00,0.48333333333333334,10,9
97653,15,Short,1900-01-01 23:25:00,1900-01-01 23:54:00,0.48333333333333334,10,9
97655,15,Short,1900-01-01 23:56:00,1900-01-01 00:25:00,0.48333333333333334,10,9
98000,49,Short,1900-01-01 04:00:00,1900-01-01 05:17:00,1.2833333333333334,2,1
98001,49,Short,1900-01-01 00:13:00,1900-01-01 01:30:00,1.2833333333333334,2,1
98002,49,Short,1900-01-01 04:26:00,1900-01-01 05:43:00,1.2833333333333334,2,1
98003,49,Short,1900-01-01 00:28:00,1900-01-01 01:45:00,1.2833333333333334,2,1
98004,49,Short,1900-01-01 04:59:00,1900-01-01 06:16:00,1.2833333333333334,2,1
98005,49,Short,1900-01-01 00:45:00,1900-01-01 02:02:00,1.2833333333333334,2,1
98006,49,Short,1900-01-01 05:23:00,1900-01-01 06:40:00,1.2833333333333334,2,1
98007,49,Short,1900-01-01 04:23:00,1900-01-01 05:40:00,1.2833333333333334,2,1
98008,49,Short,1900-01-01 05:39:00,1900-01-01 06:56:00,1.2833333333333334,2,1
98009,49,Short,1900-01-01 04:39:00,1900-01-01 05:56:00,1.2833333333333334,2,1
98010,49,Short,1900-01-01 05:51:00,1900-01-01 07:08:00,1.2833333333333334,2,1
98011,49,Short,1900-01-01 04:51:00,1900-01-01 06:08:00,1.2833333333333334,2,1
98012,49,Short,1900-01-01 06:05:00,1900-01-01 07:22:00,1.2833333333333334,2,1
98013,20,Short,1900-01-01 05:50:00,1900-01-01 06:21:00,0.5166666666666667,2,1
98014,49,Short,1900-01-01 06:23:00,1900-01-01 07:40:00,1.2833333333333334,2,1
98015,49,Short,1900-01-01 05:08:00,1900-01-01 06:25:00,1.2833333333333334,2,1
98016,49,Short,1900-01-01 06:35:00,1900-01-01 07:53:00,1.3,2,1
98017,49,Short,1900-01-01 05:22:00,1900-01-01 06:39:00,1.2833333333333334,2,1
98018,39,Short,1900-01-01 06:43:00,1900-01-01 07:43:00,1.0,2,1
98019,49,Short,1900-01-01 05:30:00,1900-01-01 06:47:00,1.2833333333333334,2,1
98020,49,Short,1900-01-01 06:51:00,1900-01-01 08:09:00,1.3,2,1
98021,20,Short,1900-01-01 06:25:00,1900-01-01 06:55:00,0.5,2,1
98022,49,Short,1900-01-01 07:08:00,1900-01-01 08:26:00,1.3,2,1
98023,49,Short,1900-01-01 05:47:00,1900-01-01 07:04:00,1.2833333333333334,2,1
98024,49,Short,1900-01-01 07:20:00,1900-01-01 08:37:00,1.2833333333333334,2,1
98025,49,Short,1900-01-01 06:00:00,1900-01-01 07:17:00,1.2833333333333334,2,1
98026,39,Short,1900-01-01 07:28:00,1900-01-01 08:27:00,0.9833333333333333,2,1
98027,49,Short,1900-01-01 06:08:00,1900-01-01 07:25:00,1.2833333333333334,2,1
98028,49,Short,1900-01-01 07:32:00,1900-01-01 08:49:00,1.2833333333333334,2,1
98029,49,Short,1900-01-01 06:20:00,1900-01-01 07:37:00,1.2833333333333334,2,1
98030,49,Short,1900-01-01 07:48:00,1900-01-01 09:05:00,1.2833333333333334,2,1
98031,39,Short,1900-01-01 06:42:00,1900-01-01 07:44:00,1.0333333333333334,2,1
98032,39,Short,1900-01-01 07:56:00,1900-01-01 08:55:00,0.9833333333333333,2,1
98033,49,Short,1900-01-01 06:28:00,1900-01-01 07:45:00,1.2833333333333334,2,1
98034,49,Short,1900-01-01 08:00:00,1900-01-01 09:17:00,1.2833333333333334,2,1
98035,49,Short,1900-01-01 06:44:00,1900-01-01 08:02:00,1.3,2,1
98036,49,Short,1900-01-01 08:12:00,1900-01-01 09:29:00,1.2833333333333334,2,1
98037,49,Short,1900-01-01 06:52:00,1900-01-01 08:12:00,1.3333333333333333,2,1
98038,49,Short,1900-01-01 08:24:00,1900-01-01 09:41:00,1.2833333333333334,2,1
98039,49,Short,1900-01-01 07:00:00,1900-01-01 08:17:00,1.2833333333333334,2,1
98040,39,Short,1900-01-01 08:36:00,1900-01-01 09:35:00,0.9833333333333333,2,1
98041,49,Short,1900-01-01 07:13:00,1900-01-01 08:30:00,1.2833333333333334,2,1
98042,49,Short,1900-01-01 08:40:00,1900-01-01 09:57:00,1.2833333333333334,2,1
98043,49,Short,1900-01-01 07:22:00,1900-01-01 08:39:00,1.2833333333333334,2,1
98044,49,Short,1900-01-01 08:50:00,1900-01-01 10:08:00,1.3,2,1
98045,49,Short,1900-01-01 07:30:00,1900-01-01 08:47:00,1.2833333333333334,2,1
98046,49,Short,1900-01-01 08:58:00,1900-01-01 10:16:00,1.3,2,1
98047,49,Short,1900-01-01 07:43:00,1900-01-01 09:00:00,1.2833333333333334,2,1
98048,49,Short,1900-01-01 09:10:00,1900-01-01 10:27:00,1.2833333333333334,2,1
98049,49,Short,1900-01-01 08:05:00,1900-01-01 09:22:00,1.2833333333333334,2,1
98050,49,Short,1900-01-01 09:20:00,1900-01-01 10:37:00,1.2833333333333334,2,1
98051,39,Short,1900-01-01 08:34:00,1900-01-01 09:33:00,0.9833333333333333,2,1
98052,49,Short,1900-01-01 09:31:00,1900-01-01 10:48:00,1.2833333333333334,2,1
98053,49,Short,1900-01-01 08:23:00,1900-01-01 09:40:00,1.2833333333333334,2,1
98054,49,Short,1900-01-01 09:40:00,1900-01-01 10:57:00,1.2833333333333334,2,1
98055,49,Short,1900-01-01 08:41:00,1900-01-01 09:59:00,1.3,2,1
98056,49,Short,1900-01-01 09:54:00,1900-01-01 11:13:00,1.3166666666666667,2,1
98057,49,Short,1900-01-01 08:53:00,1900-01-01 10:11:00,1.3,2,1
98058,49,Short,1900-01-01 10:08:00,1900-01-01 11:25:00,1.2833333333333334,2,1
98059,49,Short,1900-01-01 09:05:00,1900-01-01 10:22:00,1.2833333333333334,2,1
98060,49,Short,1900-01-01 10:20:00,1900-01-01 11:37:00,1.2833333333333334,2,1
98061,49,Short,1900-01-01 09:17:00,1900-01-01 10:34:00,1.2833333333333334,2,1
98062,49,Short,1900-01-01 10:32:00,1900-01-01 11:49:00,1.2833333333333334,2,1
98063,49,Short,1900-01-01 09:29:00,1900-01-01 10:47:00,1.3,2,1
98064,49,Short,1900-01-01 10:43:00,1900-01-01 12:00:00,1.2833333333333334,2,1
98065,49,Short,1900-01-01 09:45:00,1900-01-01 11:02:00,1.2833333333333334,2,1
98066,49,Short,1900-01-01 10:59:00,1900-01-01 12:17:00,1.3,2,1
98067,49,Short,1900-01-01 10:01:00,1900-01-01 11:18:00,1.2833333333333334,2,1
98068,49,Short,1900-01-01 11:09:00,1900-01-01 12:26:00,1.2833333333333334,2,1
98069,49,Short,1900-01-01 10:12:00,1900-01-01 11:29:00,1.2833333333333334,2,1
98070,49,Short,1900-01-01 11:18:00,1900-01-01 12:35:00,1.2833333333333334,2,1
98071,49,Short,1900-01-01 10:23:00,1900-01-01 11:40:00,1.2833333333333334,2,1
98072,49,Short,1900-01-01 11:32:00,1900-01-01 12:49:00,1.2833333333333334,2,1
98073,49,Short,1900-01-01 10:31:00,1900-01-01 11:48:00,1.2833333333333334,2,1
98074,49,Short,1900-01-01 11:40:00,1900-01-01 12:57:00,1.2833333333333334,2,1
98075,49,Short,1900-01-01 10:41:00,1900-01-01 12:01:00,1.3333333333333333,2,1
98076,49,Short,1900-01-01 11:52:00,1900-01-01 13:09:00,1.2833333333333334,2,1
98077,49,Short,1900-01-01 10:52:00,1900-01-01 12:09:00,1.2833333333333334,2,1
98078,49,Short,1900-01-01 12:04:00,1900-01-01 13:25:00,1.35,2,1
98079,49,Short,1900-01-01 11:09:00,1900-01-01 12:26:00,1.2833333333333334,2,1
98080,49,Short,1900-01-01 12:09:00,1900-01-01 13:29:00,1.3333333333333333,2,1
98081,49,Short,1900-01-01 11:21:00,1900-01-01 12:38:00,1.2833333333333334,2,1
98082,49,Short,1900-01-01 12:23:00,1900-01-01 13:41:00,1.3,2,1
98083,39,Short,1900-01-01 11:43:00,1900-01-01 12:43:00,1.0,2,1
98084,49,Short,1900-01-01 12:36:00,1900-01-01 13:54:00,1.3,2,1
98085,49,Short,1900-01-01 11:41:00,1900-01-01 12:58:00,1.2833333333333334,2,1
98087,49,Short,1900-01-01 11:54:00,1900-01-01 13:11:00,1.2833333333333334,2,1
98088,49,Short,1900-01-01 13:00:00,1900-01-01 14:17:00,1.2833333333333334,2,1
98089,49,Short,1900-01-01 12:06:00,1900-01-01 13:23:00,1.2833333333333334,2,1
98090,49,Short,1900-01-01 13:08:00,1900-01-01 14:25:00,1.2833333333333334,2,1
98091,49,Short,1900-01-01 12:21:00,1900-01-01 13:38:00,1.2833333333333334,2,1
98092,49,Short,1900-01-01 13:24:00,1900-01-01 14:41:00,1.2833333333333334,2,1
98093,49,Short,1900-01-01 12:40:00,1900-01-01 13:58:00,1.3,2,1
98094,49,Short,1900-01-01 13:40:00,1900-01-01 14:57:00,1.2833333333333334,2,1
98095,49,Short,1900-01-01 12:53:00,1900-01-01 14:11:00,1.3,2,1
98096,49,Short,1900-01-01 13:52:00,1900-01-01 15:09:00,1.2833333333333334,2,1
98097,49,Short,1900-01-01 13:05:00,1900-01-01 14:22:00,1.2833333333333334,2,1
98098,49,Short,1900-01-01 14:04:00,1900-01-01 15:21:00,1.2833333333333334,2,1
98099,49,Short,1900-01-01 13:21:00,1900-01-01 14:38:00,1.2833333333333334,2,1
98100,49,Short,1900-01-01 14:20:00,1900-01-01 15:37:00,1.2833333333333334,2,1
98101,49,Short,1900-01-01 13:29:00,1900-01-01 14:46:00,1.2833333333333334,2,1
98102,49,Short,1900-01-01 14:24:00,1900-01-01 15:41:00,1.2833333333333334,2,1
98103,39,Short,1900-01-01 14:19:00,1900-01-01 15:19:00,1.0,2,1
98104,49,Short,1900-01-01 14:32:00,1900-01-01 15:49:00,1.2833333333333334,2,1
98105,49,Short,1900-01-01 13:45:00,1900-01-01 15:02:00,1.2833333333333334,2,1
98106,49,Short,1900-01-01 14:46:00,1900-01-01 16:04:00,1.3,2,1
98107,49,Short,1900-01-01 13:58:00,1900-01-01 15:15:00,1.2833333333333334,2,1
98108,49,Short,1900-01-01 14:58:00,1900-01-01 16:18:00,1.3333333333333333,2,1
98109,49,Short,1900-01-01 14:10:00,1900-01-01 15:29:00,1.3166666666666667,2,1
98110,49,Short,1900-01-01 15:15:00,1900-01-01 16:32:00,1.2833333333333334,2,1
98111,49,Short,1900-01-01 14:29:00,1900-01-01 15:47:00,1.3,2,1
98112,49,Short,1900-01-01 15:27:00,1900-01-01 16:44:00,1.2833333333333334,2,1
98113,49,Short,1900-01-01 14:45:00,1900-01-01 16:02:00,1.2833333333333334,2,1
98114,49,Short,1900-01-01 15:31:00,1900-01-01 16:48:00,1.2833333333333334,2,1
98115,49,Short,1900-01-01 14:57:00,1900-01-01 16:14:00,1.2833333333333334,2,1
98116,49,Short,1900-01-01 15:39:00,1900-01-01 16:56:00,1.2833333333333334,2,1
98117,49,Short,1900-01-01 15:01:00,1900-01-01 16:18:00,1.2833333333333334,2,1
98118,49,Short,1900-01-01 15:57:00,1900-01-01 17:16:00,1.3166666666666667,2,1
98119,49,Short,1900-01-01 15:13:00,1900-01-01 16:31:00,1.3,2,1
98120,49,Short,1900-01-01 16:14:00,1900-01-01 17:32:00,1.3,2,1
98121,49,Short,1900-01-01 15:25:00,1900-01-01 16:42:00,1.2833333333333334,2,1
98122,49,Short,1900-01-01 16:22:00,1900-01-01 17:40:00,1.3,2,1
98123,49,Short,1900-01-01 15:37:00,1900-01-01 16:54:00,1.2833333333333334,2,1
98124,49,Short,1900-01-01 16:41:00,1900-01-01 18:00:00,1.3166666666666667,2,1
98125,49,Short,1900-01-01 15:41:00,1900-01-01 16:58:00,1.2833333333333334,2,1
98126,49,Short,1900-01-01 16:54:00,1900-01-01 18:12:00,1.3,2,1
98127,49,Short,1900-01-01 15:55:00,1900-01-01 17:12:00,1.2833333333333334,2,1
98128,49,Short,1900-01-01 17:10:00,1900-01-01 18:27:00,1.2833333333333334,2,1
98129,49,Short,1900-01-01 16:00:00,1900-01-01 17:17:00,1.2833333333333334,2,1
98130,49,Short,1900-01-01 17:20:00,1900-01-01 18:37:00,1.2833333333333334,2,1
98131,49,Short,1900-01-01 16:08:00,1900-01-01 17:27:00,1.3166666666666667,2,1
98132,49,Short,1900-01-01 17:38:00,1900-01-01 18:57:00,1.3166666666666667,2,1
98133,39,Short,1900-01-01 16:36:00,1900-01-01 17:39:00,1.05,2,1
98134,39,Short,1900-01-01 17:48:00,1900-01-01 18:49:00,1.0166666666666666,2,1
98135,49,Short,1900-01-01 16:23:00,1900-01-01 17:43:00,1.3333333333333333,2,1
98136,49,Short,1900-01-01 17:53:00,1900-01-01 19:12:00,1.3166666666666667,2,1
98137,49,Short,1900-01-01 16:36:00,1900-01-01 17:54:00,1.3,2,1
98138,49,Short,1900-01-01 18:06:00,1900-01-01 19:24:00,1.3,2,1
98139,49,Short,1900-01-01 16:52:00,1900-01-01 18:09:00,1.2833333333333334,2,1
98140,49,Short,1900-01-01 18:22:00,1900-01-01 19:43:00,1.35,2,1
98141,49,Short,1900-01-01 17:04:00,1900-01-01 18:21:00,1.2833333333333334,2,1
98142,49,Short,1900-01-01 18:38:00,1900-01-01 19:57:00,1.3166666666666667,2,1
98143,39,Short,1900-01-01 17:30:00,1900-01-01 18:30:00,1.0,2,1
98144,39,Short,1900-01-01 18:47:00,1900-01-01 19:46:00,0.9833333333333333,2,1
98145,49,Short,1900-01-01 17:21:00,1900-01-01 18:39:00,1.3,2,1
98146,49,Short,1900-01-01 18:57:00,1900-01-01 20:14:00,1.2833333333333334,2,1
98147,49,Short,1900-01-01 17:33:00,1900-01-01 18:50:00,1.2833333333333334,2,1
98148,49,Short,1900-01-01 19:05:00,1900-01-01 20:22:00,1.2833333333333334,2,1
98149,39,Short,1900-01-01 17:55:00,1900-01-01 18:55:00,1.0,2,1
98150,49,Short,1900-01-01 19:15:00,1900-01-01 20:32:00,1.2833333333333334,2,1
98151,49,Short,1900-01-01 17:46:00,1900-01-01 19:05:00,1.3166666666666667,2,1
98152,49,Short,1900-01-01 19:26:00,1900-01-01 20:43:00,1.2833333333333334,2,1
98153,49,Short,1900-01-01 17:57:00,1900-01-01 19:15:00,1.3,2,1
98154,49,Short,1900-01-01 19:39:00,1900-01-01 20:56:00,1.2833333333333334,2,1
98155,49,Short,1900-01-01 18:01:00,1900-01-01 19:19:00,1.3,2,1
98156,49,Short,1900-01-01 19:53:00,1900-01-01 21:10:00,1.2833333333333334,2,1
98157,49,Short,1900-01-01 18:12:00,1900-01-01 19:30:00,1.3,2,1
98158,49,Short,1900-01-01 19:57:00,1900-01-01 21:14:00,1.2833333333333334,2,1
98159,49,Short,1900-01-01 18:26:00,1900-01-01 19:43:00,1.2833333333333334,2,1
98160,49,Short,1900-01-01 20:07:00,1900-01-01 21:26:00,1.3166666666666667,2,1
98161,49,Short,1900-01-01 18:40:00,1900-01-01 19:57:00,1.2833333333333334,2,1
98162,49,Short,1900-01-01 20:20:00,1900-01-01 21:38:00,1.3,2,1
98163,49,Short,1900-01-01 18:54:00,1900-01-01 20:13:00,1.3166666666666667,2,1
98164,49,Short,1900-01-01 20:28:00,1900-01-01 21:46:00,1.3,2,1
98165,49,Short,1900-01-01 19:07:00,1900-01-01 20:24:00,1.2833333333333334,2,1
98166,20,Short,1900-01-01 20:37:00,1900-01-01 21:07:00,0.5,2,1
98167,39,Short,1900-01-01 19:29:00,1900-01-01 20:29:00,1.0,2,1
98168,49,Short,1900-01-01 20:42:00,1900-01-01 22:01:00,1.3166666666666667,2,1
98169,49,Short,1900-01-01 19:20:00,1900-01-01 20:37:00,1.2833333333333334,2,1
98170,49,Short,1900-01-01 20:47:00,1900-01-01 22:05:00,1.3,2,1
98171,49,Short,1900-01-01 19:32:00,1900-01-01 20:50:00,1.3,2,1
98172,49,Short,1900-01-01 20:56:00,1900-01-01 22:14:00,1.3,2,1
98173,39,Short,1900-01-01 20:00:00,1900-01-01 20:59:00,0.9833333333333333,2,1
98174,49,Short,1900-01-01 21:04:00,1900-01-01 22:22:00,1.3,2,1
98175,49,Short,1900-01-01 19:52:00,1900-01-01 21:10:00,1.3,2,1
98176,49,Short,1900-01-01 21:14:00,1900-01-01 22:32:00,1.3,2,1
98177,39,Short,1900-01-01 20:14:00,1900-01-01 21:14:00,1.0,2,1
98178,49,Short,1900-01-01 21:27:00,1900-01-01 22:45:00,1.3,2,1
98179,49,Short,1900-01-01 20:05:00,1900-01-01 21:23:00,1.3,2,1
98180,49,Short,1900-01-01 21:38:00,1900-01-01 22:55:00,1.2833333333333334,2,1
98181,39,Short,1900-01-01 20:30:00,1900-01-01 21:30:00,1.0,2,1
98182,49,Short,1900-01-01 21:48:00,1900-01-01 23:06:00,1.3,2,1
98183,49,Short,1900-01-01 20:17:00,1900-01-01 21:34:00,1.2833333333333334,2,1
98184,49,Short,1900-01-01 21:58:00,1900-01-01 23:15:00,1.2833333333333334,2,1
98185,49,Short,1900-01-01 20:35:00,1900-01-01 21:52:00,1.2833333333333334,2,1
98186,49,Short,1900-01-01 22:05:00,1900-01-01 23:23:00,1.3,2,1
98187,39,Short,1900-01-01 21:03:00,1900-01-01 22:03:00,1.0,2,1
98188,49,Short,1900-01-01 22:15:00,1900-01-01 23:32:00,1.2833333333333334,2,1
98189,49,Short,1900-01-01 20:50:00,1900-01-01 22:07:00,1.2833333333333334,2,1
98190,49,Short,1900-01-01 22:30:00,1900-01-01 23:47:00,1.2833333333333334,2,1
98191,49,Short,1900-01-01 21:00:00,1900-01-01 22:17:00,1.2833333333333334,2,1
98192,49,Short,1900-01-01 22:45:00,1900-01-01 00:03:00,1.3,2,1
98193,49,Short,1900-01-01 21:14:00,1900-01-01 22:32:00,1.3,2,1
98194,49,Short,1900-01-01 23:00:00,1900-01-01 00:17:00,1.2833333333333334,2,1
98195,49,Short,1900-01-01 21:30:00,1900-01-01 22:49:00,1.3166666666666667,2,1
98196,10,Short,1900-01-01 23:08:00,1900-01-01 23:23:00,0.25,2,1
98197,49,Short,1900-01-01 21:42:00,1900-01-01 23:00:00,1.3,2,1
98198,49,Short,1900-01-01 23:23:00,1900-01-01 00:41:00,1.3,2,1
98199,49,Short,1900-01-01 21:57:00,1900-01-01 23:15:00,1.3,2,1
98200,20,Short,1900-01-01 23:31:00,1900-01-01 00:01:00,0.5,2,1
98201,49,Short,1900-01-01 22:05:00,1900-01-01 23:23:00,1.3,2,1
98202,49,Short,1900-01-01 23:44:00,1900-01-01 01:02:00,1.3,2,1
98203,49,Short,1900-01-01 22:18:00,1900-01-01 23:35:00,1.2833333333333334,2,1
98204,49,Short,1900-01-01 23:59:00,1900-01-01 01:19:00,1.3333333333333333,2,1
98205,49,Short,1900-01-01 22:32:00,1900-01-01 23:49:00,1.2833333333333334,2,1
98207,49,Short,1900-01-01 22:51:00,1900-01-01 00:08:00,1.2833333333333334,2,1
98208,10,Short,1900-01-01 21:31:00,1900-01-01 21:46:00,0.25,2,1
98209,49,Short,1900-01-01 23:00:00,1900-01-01 00:17:00,1.2833333333333334,2,1
98211,49,Short,1900-01-01 23:15:00,1900-01-01 00:32:00,1.2833333333333334,2,1
98213,49,Short,1900-01-01 23:30:00,1900-01-01 00:47:00,1.2833333333333334,2,1
98214,10,Short,1900-01-01 00:15:00,1900-01-01 00:30:00,0.25,2,1
98215,49,Short,1900-01-01 23:51:00,1900-01-01 01:09:00,1.3,2,1
98300,38,Short,1900-01-01 03:48:00,1900-01-01 04:52:00,1.0666666666666667,2,1
98301,38,Short,1900-01-01 00:03:00,1900-01-01 01:07:00,1.0666666666666667,2,1
98302,38,Short,1900-01-01 04:04:00,1900-01-01 05:08:00,1.0666666666666667,2,1
98303,38,Short,1900-01-01 06:12:00,1900-01-01 07:15:00,1.05,2,1
98304,38,Short,1900-01-01 04:28:00,1900-01-01 05:32:00,1.0666666666666667,2,1
98305,38,Short,1900-01-01 06:36:00,1900-01-01 07:39:00,1.05,2,1
98306,38,Short,1900-01-01 05:00:00,1900-01-01 06:04:00,1.0666666666666667,2,1
98307,38,Short,1900-01-01 06:48:00,1900-01-01 07:54:00,1.1,2,1
98308,38,Short,1900-01-01 05:28:00,1900-01-01 06:32:00,1.0666666666666667,2,1
98309,28,Short,1900-01-01 07:51:00,1900-01-01 08:37:00,0.7666666666666667,2,1
98310,38,Short,1900-01-01 05:44:00,1900-01-01 06:48:00,1.0666666666666667,2,1
98311,38,Short,1900-01-01 07:49:00,1900-01-01 08:52:00,1.05,2,1
98312,38,Short,1900-01-01 05:57:00,1900-01-01 07:00:00,1.05,2,1
98313,38,Short,1900-01-01 08:09:00,1900-01-01 09:12:00,1.05,2,1
98314,38,Short,1900-01-01 06:15:00,1900-01-01 07:18:00,1.05,2,1
98315,38,Short,1900-01-01 08:29:00,1900-01-01 09:32:00,1.05,2,1
98316,38,Short,1900-01-01 06:29:00,1900-01-01 07:32:00,1.05,2,1
98317,38,Short,1900-01-01 08:45:00,1900-01-01 09:48:00,1.05,2,1
98318,38,Short,1900-01-01 06:42:00,1900-01-01 07:45:00,1.05,2,1
98319,38,Short,1900-01-01 08:57:00,1900-01-01 10:00:00,1.05,2,1
98320,38,Short,1900-01-01 07:26:00,1900-01-01 08:29:00,1.05,2,1
98321,28,Short,1900-01-01 09:43:00,1900-01-01 10:29:00,0.7666666666666667,2,1
98322,38,Short,1900-01-01 07:50:00,1900-01-01 08:53:00,1.05,2,1
98323,38,Short,1900-01-01 09:37:00,1900-01-01 10:42:00,1.0833333333333333,2,1
98324,38,Short,1900-01-01 08:06:00,1900-01-01 09:09:00,1.05,2,1
98325,38,Short,1900-01-01 09:57:00,1900-01-01 11:00:00,1.05,2,1
98326,38,Short,1900-01-01 08:46:00,1900-01-01 09:49:00,1.05,2,1
98327,38,Short,1900-01-01 10:27:00,1900-01-01 11:30:00,1.05,2,1
98328,38,Short,1900-01-01 09:07:00,1900-01-01 10:12:00,1.0833333333333333,2,1
98329,28,Short,1900-01-01 10:55:00,1900-01-01 11:43:00,0.8,2,1
98330,38,Short,1900-01-01 09:20:00,1900-01-01 10:23:00,1.05,2,1
98331,38,Short,1900-01-01 11:00:00,1900-01-01 12:03:00,1.05,2,1
98332,38,Short,1900-01-01 09:39:00,1900-01-01 10:42:00,1.05,2,1
98333,38,Short,1900-01-01 11:17:00,1900-01-01 12:20:00,1.05,2,1
98334,28,Short,1900-01-01 09:58:00,1900-01-01 10:43:00,0.75,2,1
98335,38,Short,1900-01-01 11:29:00,1900-01-01 12:34:00,1.0833333333333333,2,1
98336,38,Short,1900-01-01 10:12:00,1900-01-01 11:17:00,1.0833333333333333,2,1
98337,38,Short,1900-01-01 12:17:00,1900-01-01 13:20:00,1.05,2,1
98338,28,Short,1900-01-01 10:38:00,1900-01-01 11:23:00,0.75,2,1
98339,38,Short,1900-01-01 12:30:00,1900-01-01 13:34:00,1.0666666666666667,2,1
98340,28,Short,1900-01-01 10:50:00,1900-01-01 11:35:00,0.75,2,1
98341,38,Short,1900-01-01 13:09:00,1900-01-01 14:12:00,1.05,2,1
98342,38,Short,1900-01-01 11:09:00,1900-01-01 12:13:00,1.0666666666666667,2,1
98343,38,Short,1900-01-01 13:33:00,1900-01-01 14:36:00,1.05,2,1
98344,38,Short,1900-01-01 11:38:00,1900-01-01 12:41:00,1.05,2,1
98345,38,Short,1900-01-01 13:49:00,1900-01-01 14:53:00,1.0666666666666667,2,1
98346,38,Short,1900-01-01 11:58:00,1900-01-01 13:01:00,1.05,2,1
98347,38,Short,1900-01-01 14:21:00,1900-01-01 15:24:00,1.05,2,1
98348,38,Short,1900-01-01 12:14:00,1900-01-01 13:17:00,1.05,2,1
98349,38,Short,1900-01-01 14:37:00,1900-01-01 15:41:00,1.0666666666666667,2,1
98350,38,Short,1900-01-01 12:30:00,1900-01-01 13:34:00,1.0666666666666667,2,1
98351,38,Short,1900-01-01 14:49:00,1900-01-01 15:53:00,1.0666666666666667,2,1
98352,38,Short,1900-01-01 12:41:00,1900-01-01 13:45:00,1.0666666666666667,2,1
98353,38,Short,1900-01-01 15:29:00,1900-01-01 16:34:00,1.0833333333333333,2,1
98354,38,Short,1900-01-01 13:30:00,1900-01-01 14:33:00,1.05,2,1
98355,28,Short,1900-01-01 16:07:00,1900-01-01 16:53:00,0.7666666666666667,2,1
98356,38,Short,1900-01-01 13:50:00,1900-01-01 14:53:00,1.05,2,1
98357,38,Short,1900-01-01 16:28:00,1900-01-01 17:31:00,1.05,2,1
98358,38,Short,1900-01-01 14:26:00,1900-01-01 15:29:00,1.05,2,1
98359,38,Short,1900-01-01 16:48:00,1900-01-01 17:51:00,1.05,2,1
98360,38,Short,1900-01-01 14:49:00,1900-01-01 15:53:00,1.0666666666666667,2,1
98361,38,Short,1900-01-01 17:00:00,1900-01-01 18:03:00,1.05,2,1
98362,38,Short,1900-01-01 15:04:00,1900-01-01 16:08:00,1.0666666666666667,2,1
98363,38,Short,1900-01-01 17:16:00,1900-01-01 18:19:00,1.05,2,1
98364,28,Short,1900-01-01 15:37:00,1900-01-01 16:25:00,0.8,2,1
98365,38,Short,1900-01-01 18:05:00,1900-01-01 19:09:00,1.0666666666666667,2,1
98366,38,Short,1900-01-01 15:49:00,1900-01-01 16:52:00,1.05,2,1
98367,28,Short,1900-01-01 19:01:00,1900-01-01 19:47:00,0.7666666666666667,2,1
98368,38,Short,1900-01-01 16:07:00,1900-01-01 17:12:00,1.0833333333333333,2,1
98369,38,Short,1900-01-01 19:02:00,1900-01-01 20:05:00,1.05,2,1
98370,38,Short,1900-01-01 16:24:00,1900-01-01 17:28:00,1.0666666666666667,2,1
98371,38,Short,1900-01-01 19:16:00,1900-01-01 20:19:00,1.05,2,1
98372,38,Short,1900-01-01 16:42:00,1900-01-01 17:49:00,1.1166666666666667,2,1
98373,38,Short,1900-01-01 19:37:00,1900-01-01 20:41:00,1.0666666666666667,2,1
98374,38,Short,1900-01-01 17:04:00,1900-01-01 18:08:00,1.0666666666666667,2,1
98375,38,Short,1900-01-01 20:00:00,1900-01-01 21:05:00,1.0833333333333333,2,1
98376,38,Short,1900-01-01 17:39:00,1900-01-01 18:42:00,1.05,2,1
98377,38,Short,1900-01-01 20:26:00,1900-01-01 21:29:00,1.05,2,1
98378,38,Short,1900-01-01 17:59:00,1900-01-01 19:04:00,1.0833333333333333,2,1
98379,38,Short,1900-01-01 21:18:00,1900-01-01 22:22:00,1.0666666666666667,2,1
98380,38,Short,1900-01-01 18:14:00,1900-01-01 19:20:00,1.1,2,1
98381,38,Short,1900-01-01 21:38:00,1900-01-01 22:43:00,1.0833333333333333,2,1
98382,38,Short,1900-01-01 18:29:00,1900-01-01 19:32:00,1.05,2,1
98384,28,Short,1900-01-01 19:23:00,1900-01-01 20:08:00,0.75,2,1
98386,38,Short,1900-01-01 19:57:00,1900-01-01 21:00:00,1.05,2,1
98388,38,Short,1900-01-01 20:15:00,1900-01-01 21:22:00,1.1166666666666667,2,1
98390,38,Short,1900-01-01 20:30:00,1900-01-01 21:34:00,1.0666666666666667,2,1
98392,38,Short,1900-01-01 20:48:00,1900-01-01 21:51:00,1.05,2,1
98394,38,Short,1900-01-01 21:15:00,1900-01-01 22:18:00,1.05,2,1
98500,28,Short,1900-01-01 04:00:00,1900-01-01 04:48:00,0.8,2,1
98501,28,Short,1900-01-01 07:18:00,1900-01-01 08:05:00,0.7833333333333333,2,1
98502,28,Short,1900-01-01 04:16:00,1900-01-01 05:04:00,0.8,2,1
98503,28,Short,1900-01-01 07:36:00,1900-01-01 08:24:00,0.8,2,1
98504,28,Short,1900-01-01 04:38:00,1900-01-01 05:26:00,0.8,2,1
98505,28,Short,1900-01-01 08:13:00,1900-01-01 09:00:00,0.7833333333333333,2,1
98506,28,Short,1900-01-01 05:04:00,1900-01-01 05:52:00,0.8,2,1
98507,19,Short,1900-01-01 09:07:00,1900-01-01 09:36:00,0.48333333333333334,2,1
98508,28,Short,1900-01-01 05:20:00,1900-01-01 06:08:00,0.8,2,1
98509,28,Short,1900-01-01 09:09:00,1900-01-01 09:57:00,0.8,2,1
98510,28,Short,1900-01-01 05:36:00,1900-01-01 06:24:00,0.8,2,1
98511,28,Short,1900-01-01 09:21:00,1900-01-01 10:08:00,0.7833333333333333,2,1
98512,28,Short,1900-01-01 05:48:00,1900-01-01 06:36:00,0.8,2,1
98513,28,Short,1900-01-01 09:33:00,1900-01-01 10:21:00,0.8,2,1
98514,19,Short,1900-01-01 06:04:00,1900-01-01 06:34:00,0.5,2,1
98515,28,Short,1900-01-01 09:49:00,1900-01-01 10:36:00,0.7833333333333333,2,1
98516,28,Short,1900-01-01 07:09:00,1900-01-01 07:57:00,0.8,2,1
98517,28,Short,1900-01-01 10:08:00,1900-01-01 10:55:00,0.7833333333333333,2,1
98518,28,Short,1900-01-01 07:17:00,1900-01-01 08:05:00,0.8,2,1
98519,28,Short,1900-01-01 10:16:00,1900-01-01 11:04:00,0.8,2,1
98520,28,Short,1900-01-01 07:32:00,1900-01-01 08:20:00,0.8,2,1
98521,28,Short,1900-01-01 10:34:00,1900-01-01 11:22:00,0.8,2,1
98522,28,Short,1900-01-01 08:13:00,1900-01-01 09:01:00,0.8,2,1
98523,28,Short,1900-01-01 10:45:00,1900-01-01 11:32:00,0.7833333333333333,2,1
98524,28,Short,1900-01-01 08:36:00,1900-01-01 09:25:00,0.8166666666666667,2,1
98525,28,Short,1900-01-01 10:56:00,1900-01-01 11:43:00,0.7833333333333333,2,1
98526,28,Short,1900-01-01 09:15:00,1900-01-01 10:04:00,0.8166666666666667,2,1
98527,19,Short,1900-01-01 11:31:00,1900-01-01 12:00:00,0.48333333333333334,2,1
98528,28,Short,1900-01-01 09:43:00,1900-01-01 10:31:00,0.8,2,1
98529,28,Short,1900-01-01 12:45:00,1900-01-01 13:32:00,0.7833333333333333,2,1
98530,28,Short,1900-01-01 10:04:00,1900-01-01 10:52:00,0.8,2,1
98531,28,Short,1900-01-01 13:01:00,1900-01-01 13:48:00,0.7833333333333333,2,1
98532,28,Short,1900-01-01 10:17:00,1900-01-01 11:05:00,0.8,2,1
98533,28,Short,1900-01-01 13:37:00,1900-01-01 14:24:00,0.7833333333333333,2,1
98535,28,Short,1900-01-01 15:45:00,1900-01-01 16:32:00,0.7833333333333333,2,1
98537,28,Short,1900-01-01 16:13:00,1900-01-01 17:00:00,0.7833333333333333,2,1
98538,19,Short,1900-01-01 13:41:00,1900-01-01 14:11:00,0.5,2,1
98539,28,Short,1900-01-01 16:40:00,1900-01-01 17:27:00,0.7833333333333333,2,1
98540,28,Short,1900-01-01 13:57:00,1900-01-01 14:45:00,0.8,2,1
98541,28,Short,1900-01-01 17:08:00,1900-01-01 17:55:00,0.7833333333333333,2,1
98543,28,Short,1900-01-01 17:25:00,1900-01-01 18:13:00,0.8,2,1
98544,28,Short,1900-01-01 14:37:00,1900-01-01 15:25:00,0.8,2,1
98545,28,Short,1900-01-01 17:41:00,1900-01-01 18:30:00,0.8166666666666667,2,1
98546,19,Short,1900-01-01 15:25:00,1900-01-01 15:55:00,0.5,2,1
98547,28,Short,1900-01-01 17:53:00,1900-01-01 18:42:00,0.8166666666666667,2,1
98548,28,Short,1900-01-01 15:35:00,1900-01-01 16:23:00,0.8,2,1
98549,28,Short,1900-01-01 18:16:00,1900-01-01 19:03:00,0.7833333333333333,2,1
98550,28,Short,1900-01-01 15:48:00,1900-01-01 16:36:00,0.8,2,1
98551,28,Short,1900-01-01 18:33:00,1900-01-01 19:21:00,0.8,2,1
98552,28,Short,1900-01-01 16:16:00,1900-01-01 17:04:00,0.8,2,1
98553,28,Short,1900-01-01 18:47:00,1900-01-01 19:36:00,0.8166666666666667,2,1
98554,28,Short,1900-01-01 16:32:00,1900-01-01 17:20:00,0.8,2,1
98555,28,Short,1900-01-01 19:24:00,1900-01-01 20:12:00,0.8,2,1
98556,28,Short,1900-01-01 16:47:00,1900-01-01 17:36:00,0.8166666666666667,2,1
98557,28,Short,1900-01-01 19:47:00,1900-01-01 20:34:00,0.7833333333333333,2,1
98558,19,Short,1900-01-01 16:55:00,1900-01-01 17:25:00,0.5,2,1
98559,28,Short,1900-01-01 20:39:00,1900-01-01 21:26:00,0.7833333333333333,2,1
98560,28,Short,1900-01-01 17:08:00,1900-01-01 17:56:00,0.8,2,1
98561,28,Short,1900-01-01 21:05:00,1900-01-01 21:52:00,0.7833333333333333,2,1
98562,19,Short,1900-01-01 17:16:00,1900-01-01 17:46:00,0.5,2,1
98563,28,Short,1900-01-01 21:26:00,1900-01-01 22:14:00,0.8,2,1
98564,28,Short,1900-01-01 17:35:00,1900-01-01 18:23:00,0.8,2,1
98565,28,Short,1900-01-01 21:52:00,1900-01-01 22:39:00,0.7833333333333333,2,1
98566,28,Short,1900-01-01 18:02:00,1900-01-01 18:50:00,0.8,2,1
98567,28,Short,1900-01-01 22:09:00,1900-01-01 22:56:00,0.7833333333333333,2,1
98568,28,Short,1900-01-01 18:26:00,1900-01-01 19:16:00,0.8333333333333334,2,1
98569,28,Short,1900-01-01 22:22:00,1900-01-01 23:09:00,0.7833333333333333,2,1
98570,19,Short,1900-01-01 18:38:00,1900-01-01 19:10:00,0.5333333333333333,2,1
98571,28,Short,1900-01-01 22:38:00,1900-01-01 23:25:00,0.7833333333333333,2,1
98572,28,Short,1900-01-01 18:57:00,1900-01-01 19:47:00,0.8333333333333334,2,1
98573,28,Short,1900-01-01 23:19:00,1900-01-01 00:06:00,0.7833333333333333,2,1
98574,28,Short,1900-01-01 19:12:00,1900-01-01 20:00:00,0.8,2,1
98575,28,Short,1900-01-01 23:38:00,1900-01-01 00:25:00,0.7833333333333333,2,1
98576,28,Short,1900-01-01 19:30:00,1900-01-01 20:18:00,0.8,2,1
98577,28,Short,1900-01-01 23:55:00,1900-01-01 00:42:00,0.7833333333333333,2,1
98578,19,Short,1900-01-01 19:51:00,1900-01-01 20:21:00,0.5,2,1
98580,19,Short,1900-01-01 20:29:00,1900-01-01 21:00:00,0.5166666666666667,2,1
98600,21,Short,1900-01-01 08:00:00,1900-01-01 08:41:00,0.6833333333333333,2,1
98601,21,Short,1900-01-01 07:04:00,1900-01-01 07:48:00,0.7333333333333333,2,1
98602,21,Short,1900-01-01 08:52:00,1900-01-01 09:33:00,0.6833333333333333,2,1
98603,21,Short,1900-01-01 07:57:00,1900-01-01 08:41:00,0.7333333333333333,2,1
98604,17,Short,1900-01-01 09:09:00,1900-01-01 09:45:00,0.6,2,1
98605,17,Short,1900-01-01 08:33:00,1900-01-01 09:06:00,0.55,2,1
98700,10,Short,1900-01-01 00:55:00,1900-01-01 01:15:00,0.3333333333333333,2,1
98701,10,Short,1900-01-01 04:27:00,1900-01-01 04:47:00,0.3333333333333333,2,1
98702,10,Short,1900-01-01 05:39:00,1900-01-01 06:00:00,0.35,2,1
98703,10,Short,1900-01-01 04:55:00,1900-01-01 05:15:00,0.3333333333333333,2,1
98704,10,Short,1900-01-01 06:07:00,1900-01-01 06:28:00,0.35,2,1
98705,10,Short,1900-01-01 05:12:00,1900-01-01 05:32:00,0.3333333333333333,2,1
98706,10,Short,1900-01-01 06:31:00,1900-01-01 06:52:00,0.35,2,1
98707,10,Short,1900-01-01 05:26:00,1900-01-01 05:46:00,0.3333333333333333,2,1
98708,10,Short,1900-01-01 06:43:00,1900-01-01 07:04:00,0.35,2,1
98709,10,Short,1900-01-01 05:52:00,1900-01-01 06:12:00,0.3333333333333333,2,1
98710,10,Short,1900-01-01 07:05:00,1900-01-01 07:26:00,0.35,2,1
98711,10,Short,1900-01-01 06:16:00,1900-01-01 06:36:00,0.3333333333333333,2,1
98712,10,Short,1900-01-01 07:28:00,1900-01-01 07:49:00,0.35,2,1
98713,10,Short,1900-01-01 06:40:00,1900-01-01 07:00:00,0.3333333333333333,2,1
98714,10,Short,1900-01-01 07:52:00,1900-01-01 08:13:00,0.35,2,1
98715,10,Short,1900-01-01 07:09:00,1900-01-01 07:29:00,0.3333333333333333,2,1
98716,10,Short,1900-01-01 08:24:00,1900-01-01 08:45:00,0.35,2,1
98717,10,Short,1900-01-01 07:40:00,1900-01-01 08:00:00,0.3333333333333333,2,1
98718,10,Short,1900-01-01 08:52:00,1900-01-01 09:13:00,0.35,2,1
98719,10,Short,1900-01-01 08:01:00,1900-01-01 08:21:00,0.3333333333333333,2,1
98720,10,Short,1900-01-01 09:16:00,1900-01-01 09:37:00,0.35,2,1
98721,10,Short,1900-01-01 08:37:00,1900-01-01 08:57:00,0.3333333333333333,2,1
98722,10,Short,1900-01-01 09:40:00,1900-01-01 10:01:00,0.35,2,1
98723,10,Short,1900-01-01 09:01:00,1900-01-01 09:21:00,0.3333333333333333,2,1
98724,10,Short,1900-01-01 10:13:00,1900-01-01 10:34:00,0.35,2,1
98725,10,Short,1900-01-01 09:25:00,1900-01-01 09:45:00,0.3333333333333333,2,1
98726,10,Short,1900-01-01 10:39:00,1900-01-01 11:00:00,0.35,2,1
98727,10,Short,1900-01-01 09:53:00,1900-01-01 10:13:00,0.3333333333333333,2,1
98728,10,Short,1900-01-01 11:08:00,1900-01-01 11:29:00,0.35,2,1
98729,10,Short,1900-01-01 10:20:00,1900-01-01 10:40:00,0.3333333333333333,2,1
98730,10,Short,1900-01-01 11:33:00,1900-01-01 11:54:00,0.35,2,1
98731,10,Short,1900-01-01 10:48:00,1900-01-01 11:08:00,0.3333333333333333,2,1
98732,10,Short,1900-01-01 12:00:00,1900-01-01 12:21:00,0.35,2,1
98733,10,Short,1900-01-01 11:13:00,1900-01-01 11:33:00,0.3333333333333333,2,1
98734,10,Short,1900-01-01 12:32:00,1900-01-01 12:53:00,0.35,2,1
98735,10,Short,1900-01-01 11:45:00,1900-01-01 12:06:00,0.35,2,1
98736,10,Short,1900-01-01 13:00:00,1900-01-01 13:21:00,0.35,2,1
98737,10,Short,1900-01-01 12:13:00,1900-01-01 12:33:00,0.3333333333333333,2,1
98738,10,Short,1900-01-01 13:28:00,1900-01-01 13:49:00,0.35,2,1
98739,10,Short,1900-01-01 12:57:00,1900-01-01 13:17:00,0.3333333333333333,2,1
98740,10,Short,1900-01-01 14:16:00,1900-01-01 14:37:00,0.35,2,1
98741,10,Short,1900-01-01 13:25:00,1900-01-01 13:45:00,0.3333333333333333,2,1
98742,10,Short,1900-01-01 14:40:00,1900-01-01 15:01:00,0.35,2,1
98743,10,Short,1900-01-01 13:54:00,1900-01-01 14:14:00,0.3333333333333333,2,1
98744,10,Short,1900-01-01 15:12:00,1900-01-01 15:33:00,0.35,2,1
98745,10,Short,1900-01-01 14:25:00,1900-01-01 14:45:00,0.3333333333333333,2,1
98746,10,Short,1900-01-01 15:40:00,1900-01-01 16:00:00,0.3333333333333333,2,1
98747,10,Short,1900-01-01 14:53:00,1900-01-01 15:13:00,0.3333333333333333,2,1
98748,10,Short,1900-01-01 16:08:00,1900-01-01 16:28:00,0.3333333333333333,2,1
98749,10,Short,1900-01-01 15:21:00,1900-01-01 15:41:00,0.3333333333333333,2,1
98750,10,Short,1900-01-01 16:38:00,1900-01-01 16:59:00,0.35,2,1
98751,10,Short,1900-01-01 15:49:00,1900-01-01 16:09:00,0.3333333333333333,2,1
98752,10,Short,1900-01-01 17:03:00,1900-01-01 17:24:00,0.35,2,1
98753,10,Short,1900-01-01 16:18:00,1900-01-01 16:38:00,0.3333333333333333,2,1
98754,10,Short,1900-01-01 17:32:00,1900-01-01 17:53:00,0.35,2,1
98755,10,Short,1900-01-01 16:44:00,1900-01-01 17:04:00,0.3333333333333333,2,1
98756,10,Short,1900-01-01 17:56:00,1900-01-01 18:17:00,0.35,2,1
98757,10,Short,1900-01-01 17:12:00,1900-01-01 17:32:00,0.3333333333333333,2,1
98758,10,Short,1900-01-01 18:25:00,1900-01-01 18:46:00,0.35,2,1
98759,10,Short,1900-01-01 17:37:00,1900-01-01 17:57:00,0.3333333333333333,2,1
98760,10,Short,1900-01-01 18:49:00,1900-01-01 19:09:00,0.3333333333333333,2,1
98761,10,Short,1900-01-01 18:08:00,1900-01-01 18:28:00,0.3333333333333333,2,1
98762,10,Short,1900-01-01 19:19:00,1900-01-01 19:40:00,0.35,2,1
98763,10,Short,1900-01-01 18:36:00,1900-01-01 18:56:00,0.3333333333333333,2,1
98764,10,Short,1900-01-01 19:48:00,1900-01-01 20:08:00,0.3333333333333333,2,1
98765,10,Short,1900-01-01 18:58:00,1900-01-01 19:18:00,0.3333333333333333,2,1
98766,10,Short,1900-01-01 20:09:00,1900-01-01 20:29:00,0.3333333333333333,2,1
98767,10,Short,1900-01-01 19:12:00,1900-01-01 19:32:00,0.3333333333333333,2,1
98768,10,Short,1900-01-01 20:26:00,1900-01-01 20:48:00,0.36666666666666664,2,1
98769,10,Short,1900-01-01 19:43:00,1900-01-01 20:03:00,0.3333333333333333,2,1
98770,10,Short,1900-01-01 20:57:00,1900-01-01 21:18:00,0.35,2,1
98771,10,Short,1900-01-01 20:11:00,1900-01-01 20:31:00,0.3333333333333333,2,1
98772,10,Short,1900-01-01 21:22:00,1900-01-01 21:42:00,0.3333333333333333,2,1
98773,10,Short,1900-01-01 20:32:00,1900-01-01 20:53:00,0.35,2,1
98774,10,Short,1900-01-01 21:50:00,1900-01-01 22:10:00,0.3333333333333333,2,1
98775,10,Short,1900-01-01 21:10:00,1900-01-01 21:30:00,0.3333333333333333,2,1
98776,10,Short,1900-01-01 22:29:00,1900-01-01 22:49:00,0.3333333333333333,2,1
98777,10,Short,1900-01-01 21:46:00,1900-01-01 22:06:00,0.3333333333333333,2,1
98778,10,Short,1900-01-01 22:59:00,1900-01-01 23:19:00,0.3333333333333333,2,1
98779,10,Short,1900-01-01 22:14:00,1900-01-01 22:34:00,0.3333333333333333,2,1
98780,10,Short,1900-01-01 23:31:00,1900-01-01 23:51:00,0.3333333333333333,2,1
98781,10,Short,1900-01-01 22:41:00,1900-01-01 23:01:00,0.3333333333333333,2,1
98782,10,Short,1900-01-01 23:53:00,1900-01-01 00:13:00,0.3333333333333333,2,1
98783,10,Short,1900-01-01 23:07:00,1900-01-01 23:27:00,0.3333333333333333,2,1
98784,10,Short,1900-01-01 00:18:00,1900-01-01 00:38:00,0.3333333333333333,2,1
98785,10,Short,1900-01-01 23:43:00,1900-01-01 00:03:00,0.3333333333333333,2,1
98800,10,Short,1900-01-01 04:18:00,1900-01-01 04:39:00,0.35,2,1
98801,10,Short,1900-01-01 00:17:00,1900-01-01 00:45:00,0.4666666666666667,2,1
98802,10,Short,1900-01-01 04:38:00,1900-01-01 04:59:00,0.35,2,1
98803,10,Short,1900-01-01 00:41:00,1900-01-01 01:09:00,0.4666666666666667,2,1
98804,10,Short,1900-01-01 05:01:00,1900-01-01 05:22:00,0.35,2,1
98805,10,Short,1900-01-01 04:43:00,1900-01-01 05:03:00,0.3333333333333333,2,1
98806,10,Short,1900-01-01 05:26:00,1900-01-01 05:47:00,0.35,2,1
98807,10,Short,1900-01-01 05:04:00,1900-01-01 05:24:00,0.3333333333333333,2,1
98808,10,Short,1900-01-01 05:51:00,1900-01-01 06:12:00,0.35,2,1
98809,10,Short,1900-01-01 05:36:00,1900-01-01 05:56:00,0.3333333333333333,2,1
98810,10,Short,1900-01-01 06:23:00,1900-01-01 06:44:00,0.35,2,1
98811,10,Short,1900-01-01 06:04:00,1900-01-01 06:24:00,0.3333333333333333,2,1
98812,10,Short,1900-01-01 06:51:00,1900-01-01 07:12:00,0.35,2,1
98813,10,Short,1900-01-01 06:32:00,1900-01-01 06:52:00,0.3333333333333333,2,1
98814,10,Short,1900-01-01 07:15:00,1900-01-01 07:36:00,0.35,2,1
98815,10,Short,1900-01-01 06:56:00,1900-01-01 07:17:00,0.35,2,1
98816,10,Short,1900-01-01 07:40:00,1900-01-01 08:01:00,0.35,2,1
98817,10,Short,1900-01-01 07:26:00,1900-01-01 07:46:00,0.3333333333333333,2,1
98818,10,Short,1900-01-01 08:12:00,1900-01-01 08:33:00,0.35,2,1
98819,10,Short,1900-01-01 07:53:00,1900-01-01 08:13:00,0.3333333333333333,2,1
98820,10,Short,1900-01-01 08:36:00,1900-01-01 08:57:00,0.35,2,1
98821,10,Short,1900-01-01 08:17:00,1900-01-01 08:37:00,0.3333333333333333,2,1
98822,10,Short,1900-01-01 09:00:00,1900-01-01 09:21:00,0.35,2,1
98823,10,Short,1900-01-01 08:49:00,1900-01-01 09:09:00,0.3333333333333333,2,1
98824,10,Short,1900-01-01 09:32:00,1900-01-01 09:53:00,0.35,2,1
98825,10,Short,1900-01-01 09:13:00,1900-01-01 09:33:00,0.3333333333333333,2,1
98826,10,Short,1900-01-01 09:57:00,1900-01-01 10:19:00,0.36666666666666664,2,1
98827,10,Short,1900-01-01 09:41:00,1900-01-01 10:01:00,0.3333333333333333,2,1
98828,10,Short,1900-01-01 10:24:00,1900-01-01 10:45:00,0.35,2,1
98829,10,Short,1900-01-01 10:04:00,1900-01-01 10:24:00,0.3333333333333333,2,1
98830,10,Short,1900-01-01 10:48:00,1900-01-01 11:09:00,0.35,2,1
98831,10,Short,1900-01-01 10:37:00,1900-01-01 10:57:00,0.3333333333333333,2,1
98832,10,Short,1900-01-01 11:20:00,1900-01-01 11:41:00,0.35,2,1
98833,10,Short,1900-01-01 11:03:00,1900-01-01 11:23:00,0.3333333333333333,2,1
98834,10,Short,1900-01-01 11:48:00,1900-01-01 12:09:00,0.35,2,1
98835,10,Short,1900-01-01 11:35:00,1900-01-01 11:57:00,0.36666666666666664,2,1
98836,10,Short,1900-01-01 12:24:00,1900-01-01 12:45:00,0.35,2,1
98837,10,Short,1900-01-01 11:58:00,1900-01-01 12:18:00,0.3333333333333333,2,1
98838,10,Short,1900-01-01 12:44:00,1900-01-01 13:05:00,0.35,2,1
98839,10,Short,1900-01-01 12:25:00,1900-01-01 12:45:00,0.3333333333333333,2,1
98840,10,Short,1900-01-01 13:16:00,1900-01-01 13:37:00,0.35,2,1
98841,10,Short,1900-01-01 12:49:00,1900-01-01 13:09:00,0.3333333333333333,2,1
98842,10,Short,1900-01-01 13:37:00,1900-01-01 13:58:00,0.35,2,1
98843,10,Short,1900-01-01 13:13:00,1900-01-01 13:33:00,0.3333333333333333,2,1
98844,10,Short,1900-01-01 14:00:00,1900-01-01 14:21:00,0.35,2,1
98845,10,Short,1900-01-01 13:41:00,1900-01-01 14:01:00,0.3333333333333333,2,1
98846,10,Short,1900-01-01 14:28:00,1900-01-01 14:49:00,0.35,2,1
98847,10,Short,1900-01-01 14:06:00,1900-01-01 14:26:00,0.3333333333333333,2,1
98848,10,Short,1900-01-01 14:52:00,1900-01-01 15:13:00,0.35,2,1
98849,10,Short,1900-01-01 14:41:00,1900-01-01 15:01:00,0.3333333333333333,2,1
98850,10,Short,1900-01-01 15:25:00,1900-01-01 15:45:00,0.3333333333333333,2,1
98851,10,Short,1900-01-01 15:05:00,1900-01-01 15:25:00,0.3333333333333333,2,1
98852,10,Short,1900-01-01 15:52:00,1900-01-01 16:13:00,0.35,2,1
98853,10,Short,1900-01-01 15:33:00,1900-01-01 15:53:00,0.3333333333333333,2,1
98854,10,Short,1900-01-01 16:19:00,1900-01-01 16:40:00,0.35,2,1
98855,10,Short,1900-01-01 16:04:00,1900-01-01 16:24:00,0.3333333333333333,2,1
98856,10,Short,1900-01-01 16:46:00,1900-01-01 17:08:00,0.36666666666666664,2,1
98857,10,Short,1900-01-01 16:32:00,1900-01-01 16:52:00,0.3333333333333333,2,1
98858,10,Short,1900-01-01 17:22:00,1900-01-01 17:44:00,0.36666666666666664,2,1
98859,10,Short,1900-01-01 16:56:00,1900-01-01 17:16:00,0.3333333333333333,2,1
98860,10,Short,1900-01-01 17:43:00,1900-01-01 18:04:00,0.35,2,1
98861,10,Short,1900-01-01 17:29:00,1900-01-01 17:49:00,0.3333333333333333,2,1
98862,10,Short,1900-01-01 18:12:00,1900-01-01 18:33:00,0.35,2,1
98863,10,Short,1900-01-01 17:50:00,1900-01-01 18:10:00,0.3333333333333333,2,1
98864,10,Short,1900-01-01 18:33:00,1900-01-01 18:54:00,0.35,2,1
98865,10,Short,1900-01-01 18:21:00,1900-01-01 18:43:00,0.36666666666666664,2,1
98866,10,Short,1900-01-01 19:07:00,1900-01-01 19:28:00,0.35,2,1
98867,10,Short,1900-01-01 18:50:00,1900-01-01 19:10:00,0.3333333333333333,2,1
98868,10,Short,1900-01-01 19:33:00,1900-01-01 19:54:00,0.35,2,1
98869,10,Short,1900-01-01 19:28:00,1900-01-01 19:48:00,0.3333333333333333,2,1
98870,10,Short,1900-01-01 20:14:00,1900-01-01 20:35:00,0.35,2,1
98871,10,Short,1900-01-01 19:57:00,1900-01-01 20:17:00,0.3333333333333333,2,1
98872,10,Short,1900-01-01 20:44:00,1900-01-01 21:05:00,0.35,2,1
98873,10,Short,1900-01-01 20:22:00,1900-01-01 20:44:00,0.36666666666666664,2,1
98874,10,Short,1900-01-01 21:08:00,1900-01-01 21:30:00,0.36666666666666664,2,1
98875,10,Short,1900-01-01 20:54:00,1900-01-01 21:14:00,0.3333333333333333,2,1
98876,10,Short,1900-01-01 21:37:00,1900-01-01 21:57:00,0.3333333333333333,2,1
98877,10,Short,1900-01-01 21:22:00,1900-01-01 21:42:00,0.3333333333333333,2,1
98878,10,Short,1900-01-01 22:06:00,1900-01-01 22:26:00,0.3333333333333333,2,1
98879,10,Short,1900-01-01 21:34:00,1900-01-01 21:55:00,0.35,2,1
98880,10,Short,1900-01-01 22:18:00,1900-01-01 22:38:00,0.3333333333333333,2,1
98881,10,Short,1900-01-01 22:00:00,1900-01-01 22:20:00,0.3333333333333333,2,1
98882,10,Short,1900-01-01 22:43:00,1900-01-01 23:03:00,0.3333333333333333,2,1
98883,10,Short,1900-01-01 22:26:00,1900-01-01 22:46:00,0.3333333333333333,2,1
98884,10,Short,1900-01-01 23:16:00,1900-01-01 23:36:00,0.3333333333333333,2,1
98885,10,Short,1900-01-01 22:55:00,1900-01-01 23:15:00,0.3333333333333333,2,1
98886,10,Short,1900-01-01 23:39:00,1900-01-01 23:59:00,0.3333333333333333,2,1
98887,10,Short,1900-01-01 23:23:00,1900-01-01 23:43:00,0.3333333333333333,2,1
98900,40,Short,1900-01-01 08:04:00,1900-01-01 09:10:00,1.1,2,1
98901,39,Short,1900-01-01 05:57:00,1900-01-01 06:57:00,1.0,2,1
98902,40,Short,1900-01-01 09:08:00,1900-01-01 10:18:00,1.1666666666666667,2,1
98903,39,Short,1900-01-01 06:59:00,1900-01-01 07:58:00,0.9833333333333333,2,1
98904,40,Short,1900-01-01 10:01:00,1900-01-01 11:10:00,1.15,2,1
98905,39,Short,1900-01-01 07:40:00,1900-01-01 08:39:00,0.9833333333333333,2,1
98906,40,Short,1900-01-01 12:47:00,1900-01-01 13:53:00,1.1,2,1
98907,39,Short,1900-01-01 10:47:00,1900-01-01 11:46:00,0.9833333333333333,2,1
98908,40,Short,1900-01-01 18:39:00,1900-01-01 19:47:00,1.1333333333333333,2,1
98909,39,Short,1900-01-01 16:33:00,1900-01-01 17:33:00,1.0,2,1
98910,40,Short,1900-01-01 19:02:00,1900-01-01 20:09:00,1.1166666666666667,2,1
98911,39,Short,1900-01-01 17:01:00,1900-01-01 18:00:00,0.9833333333333333,2,1
98912,40,Short,1900-01-01 19:37:00,1900-01-01 20:47:00,1.1666666666666667,2,1
98913,40,Short,1900-01-01 17:29:00,1900-01-01 18:39:00,1.1666666666666667,3,2
98914,40,Short,1900-01-01 20:40:00,1900-01-01 21:48:00,1.1333333333333333,2,1
98915,40,Short,1900-01-01 18:31:00,1900-01-01 19:43:00,1.2,2,1
98916,40,Short,1900-01-01 21:34:00,1900-01-01 22:40:00,1.1,2,1
98917,40,Short,1900-01-01 19:30:00,1900-01-01 20:40:00,1.1666666666666667,3,2
99000,34,Short,1900-01-01 04:35:00,1900-01-01 05:29:00,0.9,2,1
99001,34,Short,1900-01-01 06:20:00,1900-01-01 07:13:00,0.8833333333333333,2,1
99002,34,Short,1900-01-01 05:33:00,1900-01-01 06:26:00,0.8833333333333333,2,1
99003,34,Short,1900-01-01 07:05:00,1900-01-01 07:58:00,0.8833333333333333,2,1
99004,34,Short,1900-01-01 06:19:00,1900-01-01 07:12:00,0.8833333333333333,2,1
99005,34,Short,1900-01-01 08:03:00,1900-01-01 08:56:00,0.8833333333333333,2,1
99006,34,Short,1900-01-01 06:55:00,1900-01-01 07:51:00,0.9333333333333333,2,1
99007,34,Short,1900-01-01 09:00:00,1900-01-01 09:49:00,0.8166666666666667,2,1
99008,34,Short,1900-01-01 07:24:00,1900-01-01 08:17:00,0.8833333333333333,2,1
99009,34,Short,1900-01-01 09:14:00,1900-01-01 10:07:00,0.8833333333333333,2,1
99010,34,Short,1900-01-01 08:06:00,1900-01-01 08:52:00,0.7666666666666667,2,1
99011,34,Short,1900-01-01 10:00:00,1900-01-01 10:53:00,0.8833333333333333,2,1
99012,34,Short,1900-01-01 09:16:00,1900-01-01 10:10:00,0.9,2,1
99013,34,Short,1900-01-01 11:11:00,1900-01-01 12:04:00,0.8833333333333333,2,1
99014,34,Short,1900-01-01 10:01:00,1900-01-01 10:55:00,0.9,2,1
99015,34,Short,1900-01-01 12:07:00,1900-01-01 13:02:00,0.9166666666666666,2,1
99016,34,Short,1900-01-01 10:28:00,1900-01-01 11:21:00,0.8833333333333333,2,1
99017,34,Short,1900-01-01 12:50:00,1900-01-01 13:43:00,0.8833333333333333,2,1
99018,34,Short,1900-01-01 11:05:00,1900-01-01 11:58:00,0.8833333333333333,2,1
99019,34,Short,1900-01-01 13:13:00,1900-01-01 14:06:00,0.8833333333333333,2,1
99020,34,Short,1900-01-01 12:13:00,1900-01-01 13:06:00,0.8833333333333333,2,1
99021,34,Short,1900-01-01 14:15:00,1900-01-01 15:11:00,0.9333333333333333,2,1
99022,34,Short,1900-01-01 13:12:00,1900-01-01 14:05:00,0.8833333333333333,2,1
99023,34,Short,1900-01-01 15:29:00,1900-01-01 16:22:00,0.8833333333333333,2,1
99024,34,Short,1900-01-01 13:56:00,1900-01-01 14:49:00,0.8833333333333333,2,1
99025,34,Short,1900-01-01 16:38:00,1900-01-01 17:31:00,0.8833333333333333,2,1
99026,34,Short,1900-01-01 14:16:00,1900-01-01 15:09:00,0.8833333333333333,2,1
99027,34,Short,1900-01-01 17:20:00,1900-01-01 18:13:00,0.8833333333333333,2,1
99028,34,Short,1900-01-01 15:19:00,1900-01-01 16:12:00,0.8833333333333333,2,1
99029,34,Short,1900-01-01 17:50:00,1900-01-01 18:43:00,0.8833333333333333,2,1
99030,34,Short,1900-01-01 16:37:00,1900-01-01 17:30:00,0.8833333333333333,2,1
99031,34,Short,1900-01-01 18:34:00,1900-01-01 19:27:00,0.8833333333333333,2,1
99032,34,Short,1900-01-01 17:42:00,1900-01-01 18:35:00,0.8833333333333333,2,1
99033,34,Short,1900-01-01 19:14:00,1900-01-01 20:03:00,0.8166666666666667,2,1
99034,34,Short,1900-01-01 18:26:00,1900-01-01 19:12:00,0.7666666666666667,2,1
99035,34,Short,1900-01-01 19:50:00,1900-01-01 20:43:00,0.8833333333333333,2,1
99036,34,Short,1900-01-01 18:52:00,1900-01-01 19:45:00,0.8833333333333333,2,1
99037,34,Short,1900-01-01 20:45:00,1900-01-01 21:39:00,0.9,2,1
99038,34,Short,1900-01-01 19:35:00,1900-01-01 20:28:00,0.8833333333333333,2,1
99039,34,Short,1900-01-01 21:34:00,1900-01-01 22:27:00,0.8833333333333333,2,1
99040,34,Short,1900-01-01 20:12:00,1900-01-01 21:05:00,0.8833333333333333,2,1
99041,34,Short,1900-01-01 22:52:00,1900-01-01 23:45:00,0.8833333333333333,2,1
99042,34,Short,1900-01-01 21:52:00,1900-01-01 22:45:00,0.8833333333333333,2,1
99100,23,Short,1900-01-01 05:09:00,1900-01-01 05:49:00,0.6666666666666666,2,1
99101,23,Short,1900-01-01 10:40:00,1900-01-01 11:19:00,0.65,2,1
99102,23,Short,1900-01-01 07:01:00,1900-01-01 07:40:00,0.65,2,1
99103,23,Short,1900-01-01 20:11:00,1900-01-01 20:50:00,0.65,2,1
99104,23,Short,1900-01-01 15:16:00,1900-01-01 15:55:00,0.65,2,1
99105,23,Short,1900-01-01 21:19:00,1900-01-01 21:59:00,0.6666666666666666,2,1
99107,23,Short,1900-01-01 23:19:00,1900-01-01 23:59:00,0.6666666666666666,2,1
99200,20,Short,1900-01-01 06:20:00,1900-01-01 06:52:00,0.5333333333333333,2,1
99201,20,Short,1900-01-01 05:40:00,1900-01-01 06:12:00,0.5333333333333333,2,1
99202,20,Short,1900-01-01 06:53:00,1900-01-01 07:25:00,0.5333333333333333,2,1
99203,20,Short,1900-01-01 06:08:00,1900-01-01 06:40:00,0.5333333333333333,2,1
99204,20,Short,1900-01-01 07:30:00,1900-01-01 08:02:00,0.5333333333333333,2,1
99205,20,Short,1900-01-01 06:45:00,1900-01-01 07:17:00,0.5333333333333333,2,1
99206,20,Short,1900-01-01 08:06:00,1900-01-01 08:38:00,0.5333333333333333,2,1
99207,20,Short,1900-01-01 07:26:00,1900-01-01 07:58:00,0.5333333333333333,2,1
99208,20,Short,1900-01-01 08:35:00,1900-01-01 09:07:00,0.5333333333333333,2,1
99209,20,Short,1900-01-01 07:47:00,1900-01-01 08:19:00,0.5333333333333333,2,1
99210,20,Short,1900-01-01 08:55:00,1900-01-01 09:27:00,0.5333333333333333,2,1
99211,20,Short,1900-01-01 08:15:00,1900-01-01 08:47:00,0.5333333333333333,2,1
99212,20,Short,1900-01-01 09:10:00,1900-01-01 09:42:00,0.5333333333333333,2,1
99213,20,Short,1900-01-01 08:29:00,1900-01-01 09:01:00,0.5333333333333333,2,1
99214,20,Short,1900-01-01 09:31:00,1900-01-01 10:03:00,0.5333333333333333,2,1
99215,20,Short,1900-01-01 08:51:00,1900-01-01 09:23:00,0.5333333333333333,2,1
99216,20,Short,1900-01-01 10:16:00,1900-01-01 10:48:00,0.5333333333333333,2,1
99217,20,Short,1900-01-01 09:34:00,1900-01-01 10:06:00,0.5333333333333333,2,1
99218,20,Short,1900-01-01 11:00:00,1900-01-01 11:32:00,0.5333333333333333,2,1
99219,20,Short,1900-01-01 10:18:00,1900-01-01 10:50:00,0.5333333333333333,2,1
99220,20,Short,1900-01-01 11:39:00,1900-01-01 12:12:00,0.55,2,1
99221,20,Short,1900-01-01 10:56:00,1900-01-01 11:28:00,0.5333333333333333,2,1
99222,20,Short,1900-01-01 12:08:00,1900-01-01 12:40:00,0.5333333333333333,2,1
99223,20,Short,1900-01-01 11:28:00,1900-01-01 12:00:00,0.5333333333333333,2,1
99224,20,Short,1900-01-01 13:02:00,1900-01-01 13:34:00,0.5333333333333333,2,1
99225,20,Short,1900-01-01 12:22:00,1900-01-01 12:54:00,0.5333333333333333,2,1
99226,20,Short,1900-01-01 14:25:00,1900-01-01 14:57:00,0.5333333333333333,2,1
99227,20,Short,1900-01-01 13:40:00,1900-01-01 14:12:00,0.5333333333333333,2,1
99228,20,Short,1900-01-01 15:17:00,1900-01-01 15:49:00,0.5333333333333333,2,1
99229,20,Short,1900-01-01 14:37:00,1900-01-01 15:09:00,0.5333333333333333,2,1
99230,20,Short,1900-01-01 15:55:00,1900-01-01 16:29:00,0.5666666666666667,2,1
99231,20,Short,1900-01-01 15:05:00,1900-01-01 15:37:00,0.5333333333333333,2,1
99232,20,Short,1900-01-01 16:35:00,1900-01-01 17:07:00,0.5333333333333333,2,1
99233,20,Short,1900-01-01 15:55:00,1900-01-01 16:27:00,0.5333333333333333,2,1
99234,20,Short,1900-01-01 16:50:00,1900-01-01 17:22:00,0.5333333333333333,2,1
99235,20,Short,1900-01-01 16:10:00,1900-01-01 16:42:00,0.5333333333333333,2,1
99236,20,Short,1900-01-01 17:32:00,1900-01-01 18:04:00,0.5333333333333333,2,1
99237,20,Short,1900-01-01 16:51:00,1900-01-01 17:23:00,0.5333333333333333,2,1
99238,20,Short,1900-01-01 17:48:00,1900-01-01 18:20:00,0.5333333333333333,2,1
99239,20,Short,1900-01-01 17:07:00,1900-01-01 17:39:00,0.5333333333333333,2,1
99240,20,Short,1900-01-01 18:23:00,1900-01-01 18:55:00,0.5333333333333333,2,1
99241,20,Short,1900-01-01 17:31:00,1900-01-01 18:03:00,0.5333333333333333,2,1
99242,20,Short,1900-01-01 18:55:00,1900-01-01 19:27:00,0.5333333333333333,2,1
99243,20,Short,1900-01-01 18:12:00,1900-01-01 18:44:00,0.5333333333333333,2,1
99244,20,Short,1900-01-01 19:33:00,1900-01-01 20:05:00,0.5333333333333333,2,1
99245,20,Short,1900-01-01 18:53:00,1900-01-01 19:25:00,0.5333333333333333,2,1
99246,20,Short,1900-01-01 20:07:00,1900-01-01 20:39:00,0.5333333333333333,2,1
99247,20,Short,1900-01-01 19:21:00,1900-01-01 19:53:00,0.5333333333333333,2,1
99248,20,Short,1900-01-01 20:22:00,1900-01-01 20:55:00,0.55,2,1
99249,20,Short,1900-01-01 19:39:00,1900-01-01 20:11:00,0.5333333333333333,2,1
99250,20,Short,1900-01-01 21:15:00,1900-01-01 21:47:00,0.5333333333333333,2,1
99251,20,Short,1900-01-01 20:35:00,1900-01-01 21:07:00,0.5333333333333333,2,1
99252,20,Short,1900-01-01 21:40:00,1900-01-01 22:12:00,0.5333333333333333,2,1
99253,20,Short,1900-01-01 20:58:00,1900-01-01 21:30:00,0.5333333333333333,2,1
99254,20,Short,1900-01-01 23:00:00,1900-01-01 23:32:00,0.5333333333333333,2,1
99255,20,Short,1900-01-01 22:15:00,1900-01-01 22:47:00,0.5333333333333333,2,1
99400,18,Short,1900-01-01 05:35:00,1900-01-01 06:03:00,0.4666666666666667,2,1
99401,18,Short,1900-01-01 05:30:00,1900-01-01 05:58:00,0.4666666666666667,2,1
99402,18,Short,1900-01-01 05:45:00,1900-01-01 06:13:00,0.4666666666666667,2,1
99403,18,Short,1900-01-01 05:56:00,1900-01-01 06:24:00,0.4666666666666667,2,1
99404,18,Short,1900-01-01 06:06:00,1900-01-01 06:34:00,0.4666666666666667,2,1
99405,18,Short,1900-01-01 06:14:00,1900-01-01 06:42:00,0.4666666666666667,2,1
99406,18,Short,1900-01-01 06:32:00,1900-01-01 07:00:00,0.4666666666666667,2,1
99407,18,Short,1900-01-01 06:40:00,1900-01-01 07:08:00,0.4666666666666667,2,1
99408,18,Short,1900-01-01 06:52:00,1900-01-01 07:20:00,0.4666666666666667,2,1
99409,18,Short,1900-01-01 06:59:00,1900-01-01 07:27:00,0.4666666666666667,2,1
99410,18,Short,1900-01-01 07:17:00,1900-01-01 07:45:00,0.4666666666666667,2,1
99411,18,Short,1900-01-01 07:17:00,1900-01-01 07:45:00,0.4666666666666667,2,1
99412,18,Short,1900-01-01 07:40:00,1900-01-01 08:08:00,0.4666666666666667,2,1
99413,18,Short,1900-01-01 07:34:00,1900-01-01 08:02:00,0.4666666666666667,2,1
99414,18,Short,1900-01-01 07:54:00,1900-01-01 08:22:00,0.4666666666666667,2,1
99415,18,Short,1900-01-01 07:55:00,1900-01-01 08:23:00,0.4666666666666667,2,1
99416,18,Short,1900-01-01 08:16:00,1900-01-01 08:44:00,0.4666666666666667,2,1
99417,18,Short,1900-01-01 08:10:00,1900-01-01 08:38:00,0.4666666666666667,2,1
99418,18,Short,1900-01-01 08:31:00,1900-01-01 08:59:00,0.4666666666666667,2,1
99419,18,Short,1900-01-01 08:24:00,1900-01-01 08:52:00,0.4666666666666667,2,1
99420,18,Short,1900-01-01 08:48:00,1900-01-01 09:17:00,0.48333333333333334,2,1
99421,18,Short,1900-01-01 08:44:00,1900-01-01 09:12:00,0.4666666666666667,2,1
99422,18,Short,1900-01-01 09:05:00,1900-01-01 09:33:00,0.4666666666666667,2,1
99423,18,Short,1900-01-01 09:08:00,1900-01-01 09:36:00,0.4666666666666667,2,1
99424,18,Short,1900-01-01 09:20:00,1900-01-01 09:48:00,0.4666666666666667,2,1
99425,18,Short,1900-01-01 09:24:00,1900-01-01 09:52:00,0.4666666666666667,2,1
99426,18,Short,1900-01-01 09:47:00,1900-01-01 10:16:00,0.48333333333333334,2,1
99427,18,Short,1900-01-01 09:39:00,1900-01-01 10:07:00,0.4666666666666667,2,1
99428,18,Short,1900-01-01 10:00:00,1900-01-01 10:28:00,0.4666666666666667,2,1
99429,18,Short,1900-01-01 09:50:00,1900-01-01 10:19:00,0.48333333333333334,2,1
99430,18,Short,1900-01-01 10:15:00,1900-01-01 10:43:00,0.4666666666666667,2,1
99431,18,Short,1900-01-01 10:11:00,1900-01-01 10:39:00,0.4666666666666667,2,1
99432,18,Short,1900-01-01 10:32:00,1900-01-01 11:00:00,0.4666666666666667,2,1
99433,18,Short,1900-01-01 10:29:00,1900-01-01 10:57:00,0.4666666666666667,2,1
99434,18,Short,1900-01-01 10:47:00,1900-01-01 11:15:00,0.4666666666666667,2,1
99435,18,Short,1900-01-01 10:49:00,1900-01-01 11:17:00,0.4666666666666667,2,1
99436,18,Short,1900-01-01 11:10:00,1900-01-01 11:38:00,0.4666666666666667,2,1
99437,18,Short,1900-01-01 11:03:00,1900-01-01 11:31:00,0.4666666666666667,2,1
99438,18,Short,1900-01-01 11:25:00,1900-01-01 11:53:00,0.4666666666666667,2,1
99439,18,Short,1900-01-01 11:22:00,1900-01-01 11:50:00,0.4666666666666667,2,1
99440,18,Short,1900-01-01 11:39:00,1900-01-01 12:07:00,0.4666666666666667,2,1
99441,18,Short,1900-01-01 11:42:00,1900-01-01 12:10:00,0.4666666666666667,2,1
99442,18,Short,1900-01-01 12:00:00,1900-01-01 12:28:00,0.4666666666666667,2,1
99443,18,Short,1900-01-01 12:00:00,1900-01-01 12:28:00,0.4666666666666667,2,1
99444,18,Short,1900-01-01 12:22:00,1900-01-01 12:50:00,0.4666666666666667,2,1
99445,18,Short,1900-01-01 12:13:00,1900-01-01 12:41:00,0.4666666666666667,2,1
99446,18,Short,1900-01-01 12:50:00,1900-01-01 13:18:00,0.4666666666666667,2,1
99447,18,Short,1900-01-01 12:35:00,1900-01-01 13:04:00,0.48333333333333334,2,1
99448,18,Short,1900-01-01 13:20:00,1900-01-01 13:48:00,0.4666666666666667,2,1
99449,18,Short,1900-01-01 13:00:00,1900-01-01 13:29:00,0.48333333333333334,2,1
99450,18,Short,1900-01-01 13:45:00,1900-01-01 14:13:00,0.4666666666666667,2,1
99451,18,Short,1900-01-01 13:27:00,1900-01-01 13:56:00,0.48333333333333334,2,1
99452,18,Short,1900-01-01 14:04:00,1900-01-01 14:32:00,0.4666666666666667,2,1
99453,18,Short,1900-01-01 14:00:00,1900-01-01 14:29:00,0.48333333333333334,2,1
99454,18,Short,1900-01-01 14:46:00,1900-01-01 15:14:00,0.4666666666666667,2,1
99455,18,Short,1900-01-01 14:20:00,1900-01-01 14:48:00,0.4666666666666667,2,1
99456,18,Short,1900-01-01 15:05:00,1900-01-01 15:33:00,0.4666666666666667,2,1
99457,18,Short,1900-01-01 14:56:00,1900-01-01 15:24:00,0.4666666666666667,2,1
99458,18,Short,1900-01-01 15:35:00,1900-01-01 16:03:00,0.4666666666666667,2,1
99459,18,Short,1900-01-01 15:20:00,1900-01-01 15:48:00,0.4666666666666667,2,1
99460,18,Short,1900-01-01 15:56:00,1900-01-01 16:24:00,0.4666666666666667,2,1
99461,18,Short,1900-01-01 15:40:00,1900-01-01 16:08:00,0.4666666666666667,2,1
99462,18,Short,1900-01-01 16:16:00,1900-01-01 16:44:00,0.4666666666666667,2,1
99463,18,Short,1900-01-01 16:05:00,1900-01-01 16:33:00,0.4666666666666667,2,1
99464,18,Short,1900-01-01 16:30:00,1900-01-01 16:58:00,0.4666666666666667,2,1
99465,18,Short,1900-01-01 16:24:00,1900-01-01 16:52:00,0.4666666666666667,2,1
99466,18,Short,1900-01-01 16:45:00,1900-01-01 17:13:00,0.4666666666666667,2,1
99467,18,Short,1900-01-01 16:43:00,1900-01-01 17:12:00,0.48333333333333334,2,1
99468,18,Short,1900-01-01 17:07:00,1900-01-01 17:35:00,0.4666666666666667,2,1
99469,18,Short,1900-01-01 17:00:00,1900-01-01 17:28:00,0.4666666666666667,2,1
99470,18,Short,1900-01-01 17:24:00,1900-01-01 17:52:00,0.4666666666666667,2,1
99471,18,Short,1900-01-01 17:25:00,1900-01-01 17:53:00,0.4666666666666667,2,1
99472,18,Short,1900-01-01 17:42:00,1900-01-01 18:10:00,0.4666666666666667,2,1
99473,18,Short,1900-01-01 17:40:00,1900-01-01 18:08:00,0.4666666666666667,2,1
99474,18,Short,1900-01-01 18:01:00,1900-01-01 18:29:00,0.4666666666666667,2,1
99475,18,Short,1900-01-01 18:00:00,1900-01-01 18:28:00,0.4666666666666667,2,1
99476,18,Short,1900-01-01 18:16:00,1900-01-01 18:44:00,0.4666666666666667,2,1
99477,18,Short,1900-01-01 18:17:00,1900-01-01 18:45:00,0.4666666666666667,2,1
99478,18,Short,1900-01-01 18:36:00,1900-01-01 19:04:00,0.4666666666666667,2,1
99479,18,Short,1900-01-01 18:29:00,1900-01-01 18:57:00,0.4666666666666667,2,1
99480,18,Short,1900-01-01 18:53:00,1900-01-01 19:21:00,0.4666666666666667,2,1
99481,18,Short,1900-01-01 18:45:00,1900-01-01 19:13:00,0.4666666666666667,2,1
99482,18,Short,1900-01-01 19:06:00,1900-01-01 19:34:00,0.4666666666666667,2,1
99483,18,Short,1900-01-01 19:05:00,1900-01-01 19:33:00,0.4666666666666667,2,1
99484,18,Short,1900-01-01 19:25:00,1900-01-01 19:53:00,0.4666666666666667,2,1
99485,18,Short,1900-01-01 19:28:00,1900-01-01 19:56:00,0.4666666666666667,2,1
99486,18,Short,1900-01-01 19:46:00,1900-01-01 20:14:00,0.4666666666666667,2,1
99487,18,Short,1900-01-01 19:45:00,1900-01-01 20:13:00,0.4666666666666667,2,1
99488,18,Short,1900-01-01 20:05:00,1900-01-01 20:33:00,0.4666666666666667,2,1
99489,18,Short,1900-01-01 20:00:00,1900-01-01 20:30:00,0.5,2,1
99490,18,Short,1900-01-01 20:22:00,1900-01-01 20:51:00,0.48333333333333334,2,1
99491,18,Short,1900-01-01 20:22:00,1900-01-01 20:50:00,0.4666666666666667,2,1
99492,18,Short,1900-01-01 20:40:00,1900-01-01 21:08:00,0.4666666666666667,2,1
99493,18,Short,1900-01-01 20:51:00,1900-01-01 21:19:00,0.4666666666666667,2,1
99494,18,Short,1900-01-01 20:59:00,1900-01-01 21:27:00,0.4666666666666667,2,1
99495,18,Short,1900-01-01 21:08:00,1900-01-01 22:37:00,1.4833333333333334,2,1
99496,18,Short,1900-01-01 21:30:00,1900-01-01 21:58:00,0.4666666666666667,2,1
99497,18,Short,1900-01-01 21:55:00,1900-01-01 22:24:00,0.48333333333333334,2,1
99498,18,Short,1900-01-01 22:00:00,1900-01-01 22:28:00,0.4666666666666667,2,1
99499,18,Short,1900-01-01 22:25:00,1900-01-01 22:54:00,0.48333333333333334,2,1
99500,18,Short,1900-01-01 22:35:00,1900-01-01 23:03:00,0.4666666666666667,2,1
99501,18,Short,1900-01-01 22:39:00,1900-01-01 23:08:00,0.48333333333333334,2,1
99502,18,Short,1900-01-01 23:10:00,1900-01-01 23:38:00,0.4666666666666667,2,1
99503,18,Short,1900-01-01 23:45:00,1900-01-01 00:14:00,0.48333333333333334,2,1
99801,63,Short,1900-01-01 05:20:00,1900-01-01 06:40:00,1.3333333333333333,17,16
99802,63,Short,1900-01-01 00:10:00,1900-01-01 01:50:00,1.6666666666666667,17,16
99803,63,Short,1900-01-01 06:30:00,1900-01-01 07:55:00,1.4166666666666667,17,16
99804,63,Short,1900-01-01 04:45:00,1900-01-01 06:05:00,1.3333333333333333,17,16
99805,63,Short,1900-01-01 07:25:00,1900-01-01 08:50:00,1.4166666666666667,17,16
99806,63,Short,1900-01-01 05:45:00,1900-01-01 07:10:00,1.4166666666666667,17,16
99807,63,Short,1900-01-01 08:20:00,1900-01-01 09:45:00,1.4166666666666667,17,16
99808,63,Short,1900-01-01 06:30:00,1900-01-01 07:55:00,1.4166666666666667,17,16
99809,63,Short,1900-01-01 10:10:00,1900-01-01 11:55:00,1.75,17,16
99810,63,Short,1900-01-01 08:05:00,1900-01-01 09:30:00,1.4166666666666667,17,16
99811,63,Short,1900-01-01 11:30:00,1900-01-01 12:55:00,1.4166666666666667,17,16
99812,63,Short,1900-01-01 09:55:00,1900-01-01 11:20:00,1.4166666666666667,17,16
99813,63,Short,1900-01-01 14:00:00,1900-01-01 15:25:00,1.4166666666666667,17,16
99814,61,Short,1900-01-01 11:20:00,1900-01-01 12:38:00,1.3,16,15
99815,63,Short,1900-01-01 14:50:00,1900-01-01 16:15:00,1.4166666666666667,17,16
99816,63,Short,1900-01-01 12:15:00,1900-01-01 13:45:00,1.5,17,16
99817,63,Short,1900-01-01 15:40:00,1900-01-01 17:05:00,1.4166666666666667,17,16
99818,63,Short,1900-01-01 13:00:00,1900-01-01 14:20:00,1.3333333333333333,17,16
99819,63,Short,1900-01-01 17:25:00,1900-01-01 18:50:00,1.4166666666666667,17,16
99820,63,Short,1900-01-01 15:00:00,1900-01-01 16:25:00,1.4166666666666667,17,16
99821,63,Short,1900-01-01 18:20:00,1900-01-01 19:45:00,1.4166666666666667,17,16
99822,63,Short,1900-01-01 16:25:00,1900-01-01 17:50:00,1.4166666666666667,17,16
99823,61,Short,1900-01-01 19:00:00,1900-01-01 20:25:00,1.4166666666666667,12,11
99824,63,Short,1900-01-01 17:15:00,1900-01-01 18:40:00,1.4166666666666667,17,16
99825,63,Short,1900-01-01 19:35:00,1900-01-01 20:55:00,1.3333333333333333,17,16
99826,63,Short,1900-01-01 18:02:00,1900-01-01 19:27:00,1.4166666666666667,17,16
99827,63,Short,1900-01-01 20:40:00,1900-01-01 22:00:00,1.3333333333333333,17,16
99828,63,Short,1900-01-01 19:05:00,1900-01-01 20:30:00,1.4166666666666667,17,16
99829,63,Short,1900-01-01 21:35:00,1900-01-01 22:55:00,1.3333333333333333,17,16
99830,63,Short,1900-01-01 20:05:00,1900-01-01 21:25:00,1.3333333333333333,17,16
99831,63,Short,1900-01-01 22:05:00,1900-01-01 23:25:00,1.3333333333333333,17,16
99832,61,Short,1900-01-01 20:35:00,1900-01-01 21:53:00,1.3,16,15
99833,63,Short,1900-01-01 22:35:00,1900-01-01 00:20:00,1.75,17,16
99834,63,Short,1900-01-01 21:02:00,1900-01-01 22:23:00,1.35,17,16
99835,63,Short,1900-01-01 23:40:00,1900-01-01 01:35:00,1.9166666666666667,17,16
99836,63,Short,1900-01-01 22:10:00,1900-01-01 23:30:00,1.3333333333333333,17,16
99901,34,Short,1900-01-01 00:05:00,1900-01-01 01:15:00,1.1666666666666667,12,11
99902,34,Short,1900-01-01 06:50:00,1900-01-01 07:40:00,0.8333333333333334,12,11
99903,34,Short,1900-01-01 07:50:00,1900-01-01 08:40:00,0.8333333333333334,12,11
99904,34,Short,1900-01-01 08:57:00,1900-01-01 09:47:00,0.8333333333333334,12,11
99905,31,Short,1900-01-01 09:57:00,1900-01-01 10:40:00,0.7166666666666667,11,10
99906,34,Short,1900-01-01 15:40:00,1900-01-01 16:30:00,0.8333333333333334,12,11
99907,34,Short,1900-01-01 16:38:00,1900-01-01 17:30:00,0.8666666666666667,12,11
99908,34,Short,1900-01-01 23:00:00,1900-01-01 23:50:00,0.8333333333333334,12,11
