Train_No,Distance,Route_Type,Start_Time,End_Time,Journey_Duration_Hours
107,78,Short,1900-01-01 10:25:00,1900-01-01 12:10:00,1.75
108,83,Short,1900-01-01 20:30:00,1900-01-01 22:25:00,1.9166666666666667
128,978,Long,1900-01-01 19:40:00,1900-01-01 17:45:00,22.083333333333332
290,2694,Long,1900-01-01 18:30:00,1900-01-01 02:30:00,8.0
401,1618,Long,1900-01-01 21:30:00,1900-01-01 10:00:00,12.5
421,1276,Long,1900-01-01 23:00:00,1900-01-01 08:00:00,9.0
422,1277,Long,1900-01-01 11:45:00,1900-01-01 14:30:00,2.75
477,2616,Long,1900-01-01 12:10:00,1900-01-01 15:20:00,3.1666666666666665
502,1206,Long,1900-01-01 10:30:00,1900-01-01 09:30:00,23.0
504,1313,Long,1900-01-01 09:00:00,1900-01-01 10:00:00,1.0
506,1161,Long,1900-01-01 14:15:00,1900-01-01 15:45:00,1.5
557,1301,Long,1900-01-01 23:30:00,1900-01-01 11:00:00,11.5
604,1429,Long,1900-01-01 12:30:00,1900-01-01 16:00:00,3.5
1011,841,Long,1900-01-01 00:20:00,1900-01-01 14:20:00,14.0
1037,513,Long,1900-01-01 01:10:00,1900-01-01 10:30:00,9.333333333333334
1038,503,Long,1900-01-01 14:05:00,1900-01-01 00:20:00,10.25
1045,563,Long,1900-01-01 01:10:00,1900-01-01 11:00:00,9.833333333333334
1119,1329,Long,1900-01-01 19:50:00,1900-01-01 20:30:00,0.6666666666666666
1120,1319,Long,1900-01-01 21:30:00,1900-01-01 22:00:00,0.5
1122,569,Long,1900-01-01 22:30:00,1900-01-01 10:30:00,12.0
1196,1332,Long,1900-01-01 19:50:00,1900-01-01 21:30:00,1.6666666666666667
1301,976,Long,1900-01-01 18:50:00,1900-01-01 12:30:00,17.666666666666668
1302,973,Long,1900-01-01 15:45:00,1900-01-01 13:10:00,21.416666666666668
1442,1581,Long,1900-01-01 11:15:00,1900-01-01 02:15:00,15.0
1655,1050,Long,1900-01-01 10:45:00,1900-01-01 06:15:00,19.5
1656,1050,Long,1900-01-01 19:30:00,1900-01-01 14:05:00,18.583333333333332
1705,1261,Long,1900-01-01 00:15:00,1900-01-01 21:40:00,21.416666666666668
1706,1262,Long,1900-01-01 14:20:00,1900-01-01 11:15:00,20.916666666666668
1707,1360,Long,1900-01-01 09:15:00,1900-01-01 11:45:00,2.5
1708,1362,Long,1900-01-01 14:45:00,1900-01-01 17:20:00,2.5833333333333335
2025,579,Long,1900-01-01 05:00:00,1900-01-01 13:20:00,8.333333333333334
2026,569,Long,1900-01-01 14:30:00,1900-01-01 23:00:00,8.5
2191,1123,Long,1900-01-01 20:10:00,1900-01-01 16:00:00,19.833333333333332
2192,1123,Long,1900-01-01 20:40:00,1900-01-01 15:50:00,19.166666666666668
2195,551,Long,1900-01-01 13:20:00,1900-01-01 23:00:00,9.666666666666666
2196,549,Long,1900-01-01 23:45:00,1900-01-01 09:45:00,10.0
2515,3939,Long,1900-01-01 00:05:00,1900-01-01 05:00:00,4.916666666666667
2651,62,Short,1900-01-01 07:45:00,1900-01-01 09:10:00,1.4166666666666667
2652,62,Short,1900-01-01 16:45:00,1900-01-01 18:10:00,1.4166666666666667
2731,1854,Long,1900-01-01 16:25:00,1900-01-01 06:25:00,14.0
2732,1853,Long,1900-01-01 14:35:00,1900-01-01 02:00:00,11.416666666666666
2821,2066,Long,1900-01-01 10:30:00,1900-01-01 18:15:00,7.75
2822,2073,Long,1900-01-01 18:30:00,1900-01-01 02:45:00,8.25
2833,2332,Long,1900-01-01 22:20:00,1900-01-01 16:35:00,18.25
2834,2351,Long,1900-01-01 21:05:00,1900-01-01 13:45:00,16.666666666666668
2841,1656,Long,1900-01-01 12:40:00,1900-01-01 15:20:00,2.6666666666666665
2842,1656,Long,1900-01-01 18:20:00,1900-01-01 23:30:00,5.166666666666667
2845,1770,Long,1900-01-01 10:45:00,1900-01-01 18:20:00,7.583333333333333
2846,1791,Long,1900-01-01 21:00:00,1900-01-01 02:45:00,5.75
3101,523,Long,1900-01-01 23:55:00,1900-01-01 11:50:00,11.916666666666666
3102,522,Long,1900-01-01 22:45:00,1900-01-01 10:25:00,11.666666666666666
3301,58,Short,1900-01-01 10:10:00,1900-01-01 11:35:00,1.4166666666666667
3302,58,Short,1900-01-01 11:45:00,1900-01-01 13:10:00,1.4166666666666667
3305,3,Short,1900-01-01 11:30:00,1900-01-01 11:50:00,0.3333333333333333
3306,3,Short,1900-01-01 12:05:00,1900-01-01 12:25:00,0.3333333333333333
3307,4,Short,1900-01-01 14:40:00,1900-01-01 15:15:00,0.5833333333333334
3308,4,Short,1900-01-01 13:15:00,1900-01-01 13:45:00,0.5
3501,1193,Long,1900-01-01 18:30:00,1900-01-01 14:10:00,19.666666666666668
3502,1193,Long,1900-01-01 19:50:00,1900-01-01 17:30:00,21.666666666666668
4401,710,Long,1900-01-01 22:20:00,1900-01-01 13:00:00,14.666666666666666
4402,710,Long,1900-01-01 23:50:00,1900-01-01 14:05:00,14.25
4409,653,Long,1900-01-01 21:10:00,1900-01-01 11:30:00,14.333333333333334
4410,653,Long,1900-01-01 13:30:00,1900-01-01 03:15:00,13.75
4419,1916,Long,1900-01-01 10:40:00,1900-01-01 16:55:00,6.25
4420,1924,Long,1900-01-01 15:35:00,1900-01-01 19:40:00,4.083333333333333
4735,691,Long,1900-01-01 19:45:00,1900-01-01 10:25:00,14.666666666666666
4736,691,Long,1900-01-01 19:50:00,1900-01-01 09:25:00,13.583333333333334
4767,67,Short,1900-01-01 14:25:00,1900-01-01 16:05:00,1.6666666666666667
4768,67,Short,1900-01-01 11:10:00,1900-01-01 13:00:00,1.8333333333333333
4769,67,Short,1900-01-01 17:45:00,1900-01-01 19:30:00,1.75
4770,67,Short,1900-01-01 15:30:00,1900-01-01 17:05:00,1.5833333333333333
4771,232,Medium,1900-01-01 02:35:00,1900-01-01 08:45:00,6.166666666666667
4772,232,Medium,1900-01-01 18:45:00,1900-01-01 01:00:00,6.25
4773,125,Short,1900-01-01 19:35:00,1900-01-01 22:40:00,3.0833333333333335
4774,125,Short,1900-01-01 01:20:00,1900-01-01 03:55:00,2.5833333333333335
4801,21,Short,1900-01-01 06:30:00,1900-01-01 07:30:00,1.0
4802,21,Short,1900-01-01 19:20:00,1900-01-01 20:20:00,1.0
4831,882,Long,1900-01-01 13:30:00,1900-01-01 10:45:00,21.25
4832,881,Long,1900-01-01 16:45:00,1900-01-01 11:45:00,19.0
4851,197,Short,1900-01-01 06:50:00,1900-01-01 11:30:00,4.666666666666667
4852,197,Short,1900-01-01 16:55:00,1900-01-01 22:00:00,5.083333333333333
4853,42,Short,1900-01-01 11:55:00,1900-01-01 13:10:00,1.25
4854,42,Short,1900-01-01 15:45:00,1900-01-01 16:45:00,1.0
4921,81,Short,1900-01-01 04:45:00,1900-01-01 06:30:00,1.75
4922,81,Short,1900-01-01 20:45:00,1900-01-01 22:40:00,1.9166666666666667
4991,99,Short,1900-01-01 14:40:00,1900-01-01 17:10:00,2.5
4992,99,Short,1900-01-01 09:50:00,1900-01-01 12:10:00,2.3333333333333335
5061,112,Short,1900-01-01 06:45:00,1900-01-01 09:50:00,3.0833333333333335
5062,112,Short,1900-01-01 17:20:00,1900-01-01 20:05:00,2.75
5065,503,Long,1900-01-01 19:30:00,1900-01-01 08:15:00,12.75
5066,505,Long,1900-01-01 20:25:00,1900-01-01 08:25:00,12.0
5105,64,Short,1900-01-01 11:45:00,1900-01-01 13:35:00,1.8333333333333333
5106,64,Short,1900-01-01 14:10:00,1900-01-01 15:40:00,1.5
5305,136,Short,1900-01-01 14:55:00,1900-01-01 18:25:00,3.5
5306,136,Short,1900-01-01 11:35:00,1900-01-01 14:30:00,2.9166666666666665
5309,81,Short,1900-01-01 20:55:00,1900-01-01 22:45:00,1.8333333333333333
5310,81,Short,1900-01-01 17:30:00,1900-01-01 19:25:00,1.9166666666666667
5521,81,Short,1900-01-01 20:40:00,1900-01-01 00:25:00,3.75
5522,81,Short,1900-01-01 05:10:00,1900-01-01 08:00:00,2.8333333333333335
5613,85,Short,1900-01-01 06:00:00,1900-01-01 08:05:00,2.0833333333333335
5614,85,Short,1900-01-01 19:10:00,1900-01-01 21:25:00,2.25
5619,153,Short,1900-01-01 13:20:00,1900-01-01 17:30:00,4.166666666666667
5620,153,Short,1900-01-01 08:45:00,1900-01-01 12:50:00,4.083333333333333
5631,380,Medium,1900-01-01 17:30:00,1900-01-01 05:55:00,12.416666666666666
5632,379,Medium,1900-01-01 19:20:00,1900-01-01 07:45:00,12.416666666666666
5715,87,Short,1900-01-01 03:00:00,1900-01-01 05:10:00,2.1666666666666665
5716,87,Short,1900-01-01 04:00:00,1900-01-01 06:30:00,2.5
5719,204,Medium,1900-01-01 23:15:00,1900-01-01 03:15:00,4.0
5720,205,Medium,1900-01-01 18:00:00,1900-01-01 23:00:00,5.0
5863,89,Short,1900-01-01 18:20:00,1900-01-01 21:25:00,3.0833333333333335
5864,88,Short,1900-01-01 05:00:00,1900-01-01 07:45:00,2.75
5865,426,Medium,1900-01-01 08:15:00,1900-01-01 20:20:00,12.083333333333334
5866,425,Medium,1900-01-01 06:00:00,1900-01-01 17:45:00,11.75
6001,649,Long,1900-01-01 21:50:00,1900-01-01 10:30:00,12.666666666666666
6002,649,Long,1900-01-01 15:00:00,1900-01-01 03:30:00,12.5
6006,699,Long,1900-01-01 19:25:00,1900-01-01 10:30:00,15.083333333333334
6009,1844,Long,1900-01-01 14:10:00,1900-01-01 20:15:00,6.083333333333333
6010,1843,Long,1900-01-01 19:15:00,1900-01-01 04:30:00,9.25
6041,849,Long,1900-01-01 18:20:00,1900-01-01 11:00:00,16.666666666666668
6042,851,Long,1900-01-01 16:15:00,1900-01-01 08:30:00,16.25
6043,849,Long,1900-01-01 22:30:00,1900-01-01 14:30:00,16.0
6044,852,Long,1900-01-01 15:15:00,1900-01-01 07:20:00,16.083333333333332
6046,852,Long,1900-01-01 14:45:00,1900-01-01 08:45:00,18.0
6047,849,Long,1900-01-01 18:20:00,1900-01-01 10:30:00,16.166666666666668
6048,852,Long,1900-01-01 13:30:00,1900-01-01 06:30:00,17.0
6049,855,Long,1900-01-01 14:45:00,1900-01-01 05:50:00,15.083333333333334
6050,857,Long,1900-01-01 13:00:00,1900-01-01 05:30:00,16.5
6053,626,Long,1900-01-01 18:35:00,1900-01-01 05:10:00,10.583333333333334
6054,627,Long,1900-01-01 15:40:00,1900-01-01 05:00:00,13.333333333333334
6057,1656,Long,1900-01-01 23:50:00,1900-01-01 05:30:00,5.666666666666667
6058,1655,Long,1900-01-01 15:15:00,1900-01-01 19:00:00,3.75
6065,500,Medium,1900-01-01 17:20:00,1900-01-01 06:45:00,13.416666666666666
6066,501,Long,1900-01-01 15:55:00,1900-01-01 02:30:00,10.583333333333334
6067,522,Long,1900-01-01 19:45:00,1900-01-01 05:40:00,9.916666666666666
6068,522,Long,1900-01-01 17:30:00,1900-01-01 05:25:00,11.916666666666666
6081,45,Short,1900-01-01 13:35:00,1900-01-01 14:45:00,1.1666666666666667
6082,45,Short,1900-01-01 15:05:00,1900-01-01 16:15:00,1.1666666666666667
6412,2462,Long,1900-01-01 11:10:00,1900-01-01 16:20:00,5.166666666666667
6512,77,Short,1900-01-01 08:00:00,1900-01-01 10:20:00,2.3333333333333335
6513,17,Short,1900-01-01 07:10:00,1900-01-01 07:45:00,0.5833333333333334
6541,881,Long,1900-01-01 18:00:00,1900-01-01 11:35:00,17.583333333333332
6542,878,Long,1900-01-01 13:35:00,1900-01-01 06:20:00,16.75
6547,632,Long,1900-01-01 22:45:00,1900-01-01 10:30:00,11.75
6548,634,Long,1900-01-01 14:45:00,1900-01-01 04:30:00,13.75
6579,1089,Long,1900-01-01 18:35:00,1900-01-01 14:35:00,20.0
6580,1086,Long,1900-01-01 13:45:00,1900-01-01 09:05:00,19.333333333333332
6581,607,Long,1900-01-01 20:15:00,1900-01-01 09:31:00,13.266666666666667
6582,604,Long,1900-01-01 19:10:00,1900-01-01 08:26:00,13.266666666666667
6591,62,Short,1900-01-01 06:30:00,1900-01-01 08:00:00,1.5
6592,61,Short,1900-01-01 08:15:00,1900-01-01 09:50:00,1.5833333333333333
6593,10,Short,1900-01-01 18:15:00,1900-01-01 18:40:00,0.4166666666666667
6594,10,Short,1900-01-01 08:25:00,1900-01-01 08:50:00,0.4166666666666667
6595,33,Short,1900-01-01 10:35:00,1900-01-01 11:25:00,0.8333333333333334
6596,33,Short,1900-01-01 13:15:00,1900-01-01 14:25:00,1.1666666666666667
6647,89,Short,1900-01-01 05:30:00,1900-01-01 07:40:00,2.1666666666666665
6648,89,Short,1900-01-01 16:00:00,1900-01-01 18:30:00,2.5
6769,116,Short,1900-01-01 04:50:00,1900-01-01 07:30:00,2.6666666666666665
6770,116,Short,1900-01-01 19:25:00,1900-01-01 22:30:00,3.0833333333333335
6851,10,Short,1900-01-01 06:00:00,1900-01-01 06:20:00,0.3333333333333333
6852,10,Short,1900-01-01 21:05:00,1900-01-01 21:30:00,0.4166666666666667
6853,10,Short,1900-01-01 14:45:00,1900-01-01 15:08:00,0.38333333333333336
6854,10,Short,1900-01-01 14:10:00,1900-01-01 14:35:00,0.4166666666666667
6919,247,Medium,1900-01-01 06:25:00,1900-01-01 13:21:00,6.933333333333334
6920,248,Medium,1900-01-01 13:30:00,1900-01-01 20:21:00,6.85
7005,2276,Long,1900-01-01 21:30:00,1900-01-01 17:30:00,20.0
7006,2297,Long,1900-01-01 01:30:00,1900-01-01 23:15:00,21.75
7007,2023,Long,1900-01-01 22:00:00,1900-01-01 13:45:00,15.75
7008,2033,Long,1900-01-01 05:00:00,1900-01-01 22:10:00,17.166666666666668
7016,670,Long,1900-01-01 18:45:00,1900-01-01 07:50:00,13.083333333333334
7044,735,Long,1900-01-01 16:45:00,1900-01-01 07:50:00,15.083333333333334
7061,217,Medium,1900-01-01 09:00:00,1900-01-01 13:30:00,4.5
7062,437,Medium,1900-01-01 15:00:00,1900-01-01 03:30:00,12.5
7075,554,Long,1900-01-01 19:20:00,1900-01-01 05:30:00,10.166666666666666
7076,553,Long,1900-01-01 18:10:00,1900-01-01 06:00:00,11.833333333333334
7109,1589,Long,1900-01-01 15:55:00,1900-01-01 23:10:00,7.25
7110,1593,Long,1900-01-01 02:15:00,1900-01-01 10:30:00,8.25
7113,1543,Long,1900-01-01 16:00:00,1900-01-01 23:10:00,7.166666666666667
7133,1508,Long,1900-01-01 15:30:00,1900-01-01 23:10:00,7.666666666666667
7134,1511,Long,1900-01-01 02:15:00,1900-01-01 10:30:00,8.25
7141,1560,Long,1900-01-01 16:15:00,1900-01-01 23:10:00,6.916666666666667
7142,1563,Long,1900-01-01 02:15:00,1900-01-01 08:30:00,6.25
7146,763,Long,1900-01-01 17:00:00,1900-01-01 06:30:00,13.5
7149,2563,Long,1900-01-01 07:30:00,1900-01-01 08:45:00,1.25
7211,1433,Long,1900-01-01 23:50:00,1900-01-01 06:30:00,6.666666666666667
7212,1436,Long,1900-01-01 09:30:00,1900-01-01 13:30:00,4.0
7213,1221,Long,1900-01-01 04:00:00,1900-01-01 06:30:00,2.5
7214,1226,Long,1900-01-01 09:30:00,1900-01-01 09:35:00,0.08333333333333333
7217,1360,Long,1900-01-01 23:50:00,1900-01-01 06:30:00,6.666666666666667
7218,1363,Long,1900-01-01 09:30:00,1900-01-01 13:45:00,4.25
7410,1147,Long,1900-01-01 09:15:00,1900-01-01 09:30:00,0.25
7417,1330,Long,1900-01-01 07:30:00,1900-01-01 11:55:00,4.416666666666667
7418,1331,Long,1900-01-01 22:00:00,1900-01-01 04:00:00,6.0
7425,537,Long,1900-01-01 18:45:00,1900-01-01 06:00:00,11.25
7426,537,Long,1900-01-01 17:50:00,1900-01-01 05:10:00,11.333333333333334
7429,742,Long,1900-01-01 18:30:00,1900-01-01 07:00:00,12.5
7430,744,Long,1900-01-01 14:15:00,1900-01-01 04:00:00,13.75
7431,597,Long,1900-01-01 20:10:00,1900-01-01 07:10:00,11.0
7432,597,Long,1900-01-01 17:00:00,1900-01-01 04:00:00,11.0
7435,555,Long,1900-01-01 18:00:00,1900-01-01 06:00:00,12.0
7436,554,Long,1900-01-01 19:15:00,1900-01-01 07:20:00,12.083333333333334
7438,1533,Long,1900-01-01 13:00:00,1900-01-01 19:45:00,6.75
7439,1533,Long,1900-01-01 22:50:00,1900-01-01 05:00:00,6.166666666666667
7487,735,Long,1900-01-01 22:30:00,1900-01-01 10:45:00,12.25
7505,1973,Long,1900-01-01 11:00:00,1900-01-01 03:45:00,16.75
7509,1886,Long,1900-01-01 13:25:00,1900-01-01 03:45:00,14.333333333333334
7517,350,Medium,1900-01-01 22:30:00,1900-01-01 07:45:00,9.25
7525,322,Medium,1900-01-01 12:00:00,1900-01-01 21:15:00,9.25
7526,322,Medium,1900-01-01 05:00:00,1900-01-01 15:00:00,10.0
7603,624,Long,1900-01-01 18:00:00,1900-01-01 06:00:00,12.0
7604,624,Long,1900-01-01 15:25:00,1900-01-01 06:55:00,15.5
7607,1014,Long,1900-01-01 18:45:00,1900-01-01 14:00:00,19.25
7608,1016,Long,1900-01-01 15:45:00,1900-01-01 11:30:00,19.75
7613,1636,Long,1900-01-01 12:10:00,1900-01-01 23:10:00,11.0
7614,1641,Long,1900-01-01 02:15:00,1900-01-01 13:15:00,11.0
7644,597,Long,1900-01-01 20:10:00,1900-01-01 07:45:00,11.583333333333334
7645,587,Long,1900-01-01 23:00:00,1900-01-01 08:15:00,9.25
7757,314,Medium,1900-01-01 05:30:00,1900-01-01 10:45:00,5.25
7758,314,Medium,1900-01-01 17:30:00,1900-01-01 22:50:00,5.333333333333333
7941,587,Long,1900-01-01 19:00:00,1900-01-01 06:00:00,11.0
7942,597,Long,1900-01-01 19:00:00,1900-01-01 05:30:00,10.5
8001,39,Short,1900-01-01 10:10:00,1900-01-01 10:45:00,0.5833333333333334
8002,39,Short,1900-01-01 18:25:00,1900-01-01 19:10:00,0.75
8014,12,Short,1900-01-01 08:25:00,1900-01-01 09:05:00,0.6666666666666666
8017,39,Short,1900-01-01 05:10:00,1900-01-01 06:00:00,0.8333333333333334
8018,39,Short,1900-01-01 21:40:00,1900-01-01 22:35:00,0.9166666666666666
8035,120,Short,1900-01-01 12:15:00,1900-01-01 15:10:00,2.9166666666666665
8036,120,Short,1900-01-01 15:20:00,1900-01-01 18:20:00,3.0
8051,39,Short,1900-01-01 06:05:00,1900-01-01 06:34:00,0.48333333333333334
8052,39,Short,1900-01-01 18:35:00,1900-01-01 19:20:00,0.75
8061,1847,Long,1900-01-01 20:20:00,1900-01-01 06:35:00,10.25
8062,1838,Long,1900-01-01 12:45:00,1900-01-01 23:20:00,10.583333333333334
8063,115,Short,1900-01-01 19:00:00,1900-01-01 22:00:00,3.0
8064,2039,Long,1900-01-01 01:00:00,1900-01-01 09:10:00,8.166666666666666
8065,115,Short,1900-01-01 15:10:00,1900-01-01 17:50:00,2.6666666666666665
8082,30,Short,1900-01-01 22:20:00,1900-01-01 22:50:00,0.5
8087,30,Short,1900-01-01 06:55:00,1900-01-01 07:23:00,0.4666666666666667
8101,40,Short,1900-01-01 21:15:00,1900-01-01 22:35:00,1.3333333333333333
8102,40,Short,1900-01-01 20:00:00,1900-01-01 20:55:00,0.9166666666666666
8301,1567,Long,1900-01-01 09:30:00,1900-01-01 16:40:00,7.166666666666667
8302,1567,Long,1900-01-01 00:30:00,1900-01-01 06:35:00,6.083333333333333
8403,495,Medium,1900-01-01 21:25:00,1900-01-01 06:45:00,9.333333333333334
8404,497,Medium,1900-01-01 19:10:00,1900-01-01 04:00:00,8.833333333333334
8501,700,Long,1900-01-01 23:00:00,1900-01-01 12:00:00,13.0
8502,698,Long,1900-01-01 16:30:00,1900-01-01 04:50:00,12.333333333333334
8511,471,Medium,1900-01-01 15:00:00,1900-01-01 03:00:00,12.0
8512,471,Medium,1900-01-01 22:15:00,1900-01-01 10:00:00,11.75
8567,1571,Long,1900-01-01 23:00:00,1900-01-01 03:45:00,4.75
8568,1578,Long,1900-01-01 05:45:00,1900-01-01 12:30:00,6.75
8573,760,Long,1900-01-01 22:55:00,1900-01-01 13:25:00,14.5
8574,759,Long,1900-01-01 15:30:00,1900-01-01 06:50:00,15.333333333333334
8581,11,Short,1900-01-01 23:30:00,1900-01-01 23:50:00,0.3333333333333333
8582,11,Short,1900-01-01 04:45:00,1900-01-01 05:00:00,0.25
8617,1365,Long,1900-01-01 14:05:00,1900-01-01 13:55:00,23.833333333333332
8618,1356,Long,1900-01-01 22:50:00,1900-01-01 22:30:00,23.666666666666668
8627,484,Medium,1900-01-01 12:50:00,1900-01-01 22:10:00,9.333333333333334
8628,481,Medium,1900-01-01 05:45:00,1900-01-01 15:15:00,9.5
8872,133,Short,1900-01-01 21:30:00,1900-01-01 00:15:00,2.75
9003,1355,Long,1900-01-01 16:05:00,1900-01-01 06:00:00,13.916666666666666
9004,1358,Long,1900-01-01 16:15:00,1900-01-01 06:10:00,13.916666666666666
9005,1373,Long,1900-01-01 16:00:00,1900-01-01 07:55:00,15.916666666666666
9006,1376,Long,1900-01-01 14:50:00,1900-01-01 06:55:00,16.083333333333332
9011,1209,Long,1900-01-01 11:15:00,1900-01-01 09:25:00,22.166666666666668
9012,1211,Long,1900-01-01 14:50:00,1900-01-01 12:45:00,21.916666666666668
9433,780,Long,1900-01-01 00:25:00,1900-01-01 13:50:00,13.416666666666666
9434,780,Long,1900-01-01 16:35:00,1900-01-01 06:15:00,13.666666666666666
9621,1281,Long,1900-01-01 06:30:00,1900-01-01 04:45:00,22.25
9622,1281,Long,1900-01-01 06:15:00,1900-01-01 03:25:00,21.166666666666668
9721,429,Medium,1900-01-01 06:15:00,1900-01-01 13:30:00,7.25
9722,429,Medium,1900-01-01 15:05:00,1900-01-01 22:05:00,7.0
9761,125,Short,1900-01-01 04:20:00,1900-01-01 07:05:00,2.75
9809,447,Medium,1900-01-01 21:10:00,1900-01-01 04:20:00,7.166666666666667
9810,450,Medium,1900-01-01 05:15:00,1900-01-01 13:15:00,8.0
10103,590,Long,1900-01-01 07:10:00,1900-01-01 18:45:00,11.583333333333334
10104,594,Long,1900-01-01 09:15:00,1900-01-01 21:40:00,12.416666666666666
10111,590,Long,1900-01-01 23:05:00,1900-01-01 10:45:00,11.666666666666666
10112,594,Long,1900-01-01 18:00:00,1900-01-01 05:50:00,11.833333333333334
10215,726,Long,1900-01-01 21:30:00,1900-01-01 10:55:00,13.416666666666666
10216,727,Long,1900-01-01 13:50:00,1900-01-01 03:15:00,13.416666666666666
11001,348,Medium,1900-01-01 05:00:00,1900-01-01 12:15:00,7.25
11002,348,Medium,1900-01-01 13:00:00,1900-01-01 20:25:00,7.416666666666667
11003,502,Long,1900-01-01 00:05:00,1900-01-01 10:40:00,10.583333333333334
11004,504,Long,1900-01-01 18:50:00,1900-01-01 06:45:00,11.916666666666666
11005,1636,Long,1900-01-01 21:30:00,1900-01-01 07:15:00,9.75
11006,1639,Long,1900-01-01 20:50:00,1900-01-01 05:40:00,8.833333333333334
11007,191,Short,1900-01-01 07:00:00,1900-01-01 11:05:00,4.083333333333333
11008,191,Short,1900-01-01 15:15:00,1900-01-01 19:17:00,4.033333333333333
11009,191,Short,1900-01-01 14:30:00,1900-01-01 18:40:00,4.166666666666667
11010,191,Short,1900-01-01 06:05:00,1900-01-01 09:55:00,3.8333333333333335
11011,723,Long,1900-01-01 12:05:00,1900-01-01 04:45:00,16.666666666666668
11012,723,Long,1900-01-01 06:30:00,1900-01-01 23:45:00,17.25
11013,1515,Long,1900-01-01 22:35:00,1900-01-01 07:15:00,8.666666666666666
11014,1515,Long,1900-01-01 08:55:00,1900-01-01 14:30:00,5.583333333333333
11015,1678,Long,1900-01-01 22:45:00,1900-01-01 07:05:00,8.333333333333334
11016,1677,Long,1900-01-01 19:00:00,1900-01-01 04:20:00,9.333333333333334
11017,1631,Long,1900-01-01 12:05:00,1900-01-01 18:35:00,6.5
11018,1634,Long,1900-01-01 14:00:00,1900-01-01 23:45:00,9.75
11019,1941,Long,1900-01-01 15:10:00,1900-01-01 04:15:00,13.083333333333334
11020,1941,Long,1900-01-01 15:25:00,1900-01-01 03:55:00,12.5
11021,1843,Long,1900-01-01 21:30:00,1900-01-01 11:45:00,14.25
11022,1845,Long,1900-01-01 15:00:00,1900-01-01 05:40:00,14.666666666666666
11023,517,Long,1900-01-01 17:50:00,1900-01-01 06:05:00,12.25
11024,517,Long,1900-01-01 22:50:00,1900-01-01 11:50:00,13.0
11025,545,Long,1900-01-01 00:25:00,1900-01-01 12:05:00,11.666666666666666
11026,545,Long,1900-01-01 11:45:00,1900-01-01 21:50:00,10.083333333333334
11027,1281,Long,1900-01-01 23:45:00,1900-01-01 03:30:00,3.75
11028,1283,Long,1900-01-01 23:55:00,1900-01-01 03:45:00,3.8333333333333335
11029,517,Long,1900-01-01 08:40:00,1900-01-01 20:25:00,11.75
11030,517,Long,1900-01-01 07:55:00,1900-01-01 20:05:00,12.166666666666666
11031,108,Short,1900-01-01 10:10:00,1900-01-01 12:20:00,2.1666666666666665
11032,108,Short,1900-01-01 14:50:00,1900-01-01 17:40:00,2.8333333333333335
11033,1955,Long,1900-01-01 16:15:00,1900-01-01 06:45:00,14.5
11034,1953,Long,1900-01-01 16:45:00,1900-01-01 08:05:00,15.333333333333334
11035,1210,Long,1900-01-01 21:30:00,1900-01-01 21:40:00,0.16666666666666666
11036,1213,Long,1900-01-01 06:15:00,1900-01-01 05:40:00,23.416666666666668
11037,1777,Long,1900-01-01 16:15:00,1900-01-01 01:05:00,8.833333333333334
11038,1777,Long,1900-01-01 15:30:00,1900-01-01 04:05:00,12.583333333333334
11039,1352,Long,1900-01-01 15:30:00,1900-01-01 20:15:00,4.75
11040,1353,Long,1900-01-01 08:20:00,1900-01-01 12:45:00,4.416666666666667
11041,1281,Long,1900-01-01 14:00:00,1900-01-01 16:30:00,2.5
11042,1283,Long,1900-01-01 12:20:00,1900-01-01 13:35:00,1.25
11043,1696,Long,1900-01-01 00:15:00,1900-01-01 10:10:00,9.916666666666666
11044,1700,Long,1900-01-01 18:00:00,1900-01-01 05:45:00,11.75
11045,2894,Long,1900-01-01 23:45:00,1900-01-01 12:00:00,12.25
11046,2892,Long,1900-01-01 13:50:00,1900-01-01 03:35:00,13.75
11047,278,Medium,1900-01-01 00:10:00,1900-01-01 06:25:00,6.25
11048,279,Medium,1900-01-01 23:30:00,1900-01-01 05:15:00,5.75
11049,949,Long,1900-01-01 19:25:00,1900-01-01 15:25:00,20.0
11050,949,Long,1900-01-01 12:50:00,1900-01-01 07:45:00,18.916666666666668
11051,314,Medium,1900-01-01 23:35:00,1900-01-01 06:20:00,6.75
11052,314,Medium,1900-01-01 23:55:00,1900-01-01 07:30:00,7.583333333333333
11053,1552,Long,1900-01-01 16:40:00,1900-01-01 02:10:00,9.5
11054,1551,Long,1900-01-01 05:20:00,1900-01-01 12:15:00,6.916666666666667
11055,1732,Long,1900-01-01 10:55:00,1900-01-01 20:20:00,9.416666666666666
11056,1732,Long,1900-01-01 06:20:00,1900-01-01 16:15:00,9.916666666666666
11057,2026,Long,1900-01-01 23:30:00,1900-01-01 16:30:00,17.0
11058,2029,Long,1900-01-01 08:30:00,1900-01-01 04:05:00,19.583333333333332
11059,1772,Long,1900-01-01 10:55:00,1900-01-01 21:05:00,10.166666666666666
11060,1770,Long,1900-01-01 05:15:00,1900-01-01 16:15:00,11.0
11061,1885,Long,1900-01-01 12:15:00,1900-01-01 01:10:00,12.916666666666666
11062,1883,Long,1900-01-01 13:05:00,1900-01-01 03:40:00,14.583333333333334
11063,352,Medium,1900-01-01 23:00:00,1900-01-01 05:20:00,6.333333333333333
11064,352,Medium,1900-01-01 21:20:00,1900-01-01 03:45:00,6.416666666666667
11067,1510,Long,1900-01-01 05:23:00,1900-01-01 08:55:00,3.533333333333333
11068,1509,Long,1900-01-01 15:35:00,1900-01-01 21:30:00,5.916666666666667
11071,1645,Long,1900-01-01 12:40:00,1900-01-01 19:25:00,6.75
11072,1647,Long,1900-01-01 15:50:00,1900-01-01 22:50:00,7.0
11073,1265,Long,1900-01-01 13:20:00,1900-01-01 12:55:00,23.583333333333332
11074,1267,Long,1900-01-01 15:15:00,1900-01-01 16:00:00,0.75
11075,651,Long,1900-01-01 12:05:00,1900-01-01 01:30:00,13.416666666666666
11076,651,Long,1900-01-01 08:20:00,1900-01-01 23:55:00,15.583333333333334
11077,2155,Long,1900-01-01 17:20:00,1900-01-01 10:05:00,16.75
11078,2157,Long,1900-01-01 21:45:00,1900-01-01 15:10:00,17.416666666666668
11079,1745,Long,1900-01-01 15:50:00,1900-01-01 01:30:00,9.666666666666666
11080,1745,Long,1900-01-01 05:30:00,1900-01-01 16:00:00,10.5
11081,1731,Long,1900-01-01 15:50:00,1900-01-01 02:05:00,10.25
11082,1731,Long,1900-01-01 13:05:00,1900-01-01 23:00:00,9.916666666666666
11083,1153,Long,1900-01-01 11:30:00,1900-01-01 15:00:00,3.5
11084,1153,Long,1900-01-01 17:45:00,1900-01-01 23:15:00,5.5
11085,574,Long,1900-01-01 05:33:00,1900-01-01 17:30:00,11.95
11086,578,Long,1900-01-01 06:00:00,1900-01-01 17:10:00,11.166666666666666
11087,1053,Long,1900-01-01 08:25:00,1900-01-01 04:40:00,20.25
11088,1053,Long,1900-01-01 19:50:00,1900-01-01 16:45:00,20.916666666666668
11089,1074,Long,1900-01-01 05:30:00,1900-01-01 04:40:00,23.166666666666668
11090,1072,Long,1900-01-01 19:50:00,1900-01-01 17:10:00,21.333333333333332
11091,981,Long,1900-01-01 08:55:00,1900-01-01 04:40:00,19.75
11092,981,Long,1900-01-01 19:50:00,1900-01-01 15:20:00,19.5
11093,1516,Long,1900-01-01 00:10:00,1900-01-01 04:40:00,4.5
11094,1515,Long,1900-01-01 11:20:00,1900-01-01 14:15:00,2.9166666666666665
11095,623,Long,1900-01-01 16:15:00,1900-01-01 04:40:00,12.416666666666666
11096,622,Long,1900-01-01 19:50:00,1900-01-01 07:45:00,11.916666666666666
11097,1278,Long,1900-01-01 23:30:00,1900-01-01 08:10:00,8.666666666666666
11098,1279,Long,1900-01-01 23:30:00,1900-01-01 05:05:00,5.583333333333333
11101,1373,Long,1900-01-01 00:25:00,1900-01-01 03:10:00,2.75
11102,1373,Long,1900-01-01 15:00:00,1900-01-01 20:05:00,5.083333333333333
11103,1321,Long,1900-01-01 16:50:00,1900-01-01 16:45:00,23.916666666666668
11104,1321,Long,1900-01-01 05:10:00,1900-01-01 06:40:00,1.5
11107,629,Long,1900-01-01 20:40:00,1900-01-01 10:50:00,14.166666666666666
11108,629,Long,1900-01-01 17:45:00,1900-01-01 09:05:00,15.333333333333334
11109,291,Medium,1900-01-01 06:10:00,1900-01-01 12:05:00,5.916666666666667
11110,291,Medium,1900-01-01 16:40:00,1900-01-01 22:35:00,5.916666666666667
11111,939,Long,1900-01-01 13:05:00,1900-01-01 09:00:00,19.916666666666668
11112,941,Long,1900-01-01 11:55:00,1900-01-01 06:10:00,18.25
11123,1051,Long,1900-01-01 18:45:00,1900-01-01 20:55:00,2.1666666666666665
11124,1054,Long,1900-01-01 11:50:00,1900-01-01 13:00:00,1.1666666666666667
11125,561,Long,1900-01-01 20:05:00,1900-01-01 07:47:00,11.7
11126,561,Long,1900-01-01 19:30:00,1900-01-01 07:55:00,12.416666666666666
11201,1015,Long,1900-01-01 16:40:00,1900-01-01 14:15:00,21.583333333333332
11202,1015,Long,1900-01-01 16:15:00,1900-01-01 13:45:00,21.5
11203,1340,Long,1900-01-01 11:55:00,1900-01-01 14:05:00,2.1666666666666665
11204,1340,Long,1900-01-01 16:30:00,1900-01-01 19:15:00,2.75
11205,699,Long,1900-01-01 16:40:00,1900-01-01 09:15:00,16.583333333333332
11206,699,Long,1900-01-01 23:15:00,1900-01-01 13:45:00,14.5
11265,432,Medium,1900-01-01 14:00:00,1900-01-01 23:00:00,9.0
11266,434,Medium,1900-01-01 06:15:00,1900-01-01 14:55:00,8.666666666666666
11272,737,Long,1900-01-01 18:15:00,1900-01-01 12:10:00,17.916666666666668
11301,1154,Long,1900-01-01 08:10:00,1900-01-01 08:50:00,0.6666666666666666
11302,1154,Long,1900-01-01 20:45:00,1900-01-01 20:15:00,23.5
11303,989,Long,1900-01-01 23:10:00,1900-01-01 22:40:00,23.5
11304,987,Long,1900-01-01 07:35:00,1900-01-01 06:45:00,23.166666666666668
11307,221,Medium,1900-01-01 10:15:00,1900-01-01 14:50:00,4.583333333333333
11308,223,Medium,1900-01-01 16:00:00,1900-01-01 21:00:00,5.0
11309,267,Medium,1900-01-01 06:00:00,1900-01-01 12:05:00,6.083333333333333
11310,267,Medium,1900-01-01 15:25:00,1900-01-01 20:55:00,5.5
11401,1053,Long,1900-01-01 16:35:00,1900-01-01 16:15:00,23.666666666666668
11402,1052,Long,1900-01-01 06:00:00,1900-01-01 05:35:00,23.583333333333332
11403,1026,Long,1900-01-01 15:00:00,1900-01-01 14:00:00,23.0
11404,1026,Long,1900-01-01 12:50:00,1900-01-01 12:35:00,23.75
11405,811,Long,1900-01-01 22:00:00,1900-01-01 15:00:00,17.0
11406,812,Long,1900-01-01 18:30:00,1900-01-01 13:15:00,18.75
11407,1478,Long,1900-01-01 22:00:00,1900-01-01 02:30:00,4.5
11408,1478,Long,1900-01-01 06:30:00,1900-01-01 11:05:00,4.583333333333333
11423,357,Medium,1900-01-01 06:25:00,1900-01-01 14:30:00,8.083333333333334
11424,356,Medium,1900-01-01 15:00:00,1900-01-01 23:15:00,8.25
11447,1156,Long,1900-01-01 23:50:00,1900-01-01 04:15:00,4.416666666666667
11448,1155,Long,1900-01-01 13:10:00,1900-01-01 14:25:00,1.25
11449,1561,Long,1900-01-01 06:30:00,1900-01-01 15:20:00,8.833333333333334
11450,1564,Long,1900-01-01 21:55:00,1900-01-01 07:25:00,9.5
11463,1416,Long,1900-01-01 09:30:00,1900-01-01 15:10:00,5.666666666666667
11464,1417,Long,1900-01-01 12:00:00,1900-01-01 17:45:00,5.75
11465,1572,Long,1900-01-01 09:30:00,1900-01-01 18:00:00,8.5
11466,1575,Long,1900-01-01 10:00:00,1900-01-01 17:45:00,7.75
11651,344,Medium,1900-01-01 15:30:00,1900-01-01 22:25:00,6.916666666666667
11652,345,Medium,1900-01-01 04:55:00,1900-01-01 11:55:00,7.0
11701,751,Long,1900-01-01 05:40:00,1900-01-01 20:30:00,14.833333333333334
11702,751,Long,1900-01-01 04:10:00,1900-01-01 19:35:00,15.416666666666666
11703,823,Long,1900-01-01 23:10:00,1900-01-01 16:05:00,16.916666666666668
11704,821,Long,1900-01-01 20:10:00,1900-01-01 12:15:00,16.083333333333332
11801,215,Medium,1900-01-01 17:25:00,1900-01-01 22:30:00,5.083333333333333
11802,215,Medium,1900-01-01 05:10:00,1900-01-01 10:05:00,4.916666666666667
11901,292,Medium,1900-01-01 05:30:00,1900-01-01 12:40:00,7.166666666666667
11902,294,Medium,1900-01-01 14:55:00,1900-01-01 21:35:00,6.666666666666667
12001,688,Long,1900-01-01 15:00:00,1900-01-01 23:30:00,8.5
12002,690,Long,1900-01-01 06:00:00,1900-01-01 14:25:00,8.416666666666666
12003,504,Long,1900-01-01 15:35:00,1900-01-01 22:15:00,6.666666666666667
12004,504,Long,1900-01-01 06:10:00,1900-01-01 12:40:00,6.5
12005,268,Medium,1900-01-01 17:15:00,1900-01-01 21:20:00,4.083333333333333
12006,268,Medium,1900-01-01 06:15:00,1900-01-01 10:20:00,4.083333333333333
12007,498,Medium,1900-01-01 06:00:00,1900-01-01 13:00:00,7.0
12008,499,Medium,1900-01-01 14:15:00,1900-01-01 21:25:00,7.166666666666667
12009,490,Medium,1900-01-01 06:25:00,1900-01-01 12:45:00,6.333333333333333
12010,490,Medium,1900-01-01 14:40:00,1900-01-01 21:20:00,6.666666666666667
12011,268,Medium,1900-01-01 07:40:00,1900-01-01 11:45:00,4.083333333333333
12012,268,Medium,1900-01-01 17:45:00,1900-01-01 21:55:00,4.166666666666667
12013,447,Medium,1900-01-01 16:30:00,1900-01-01 22:30:00,6.0
12014,447,Medium,1900-01-01 05:00:00,1900-01-01 11:00:00,6.0
12015,442,Medium,1900-01-01 06:05:00,1900-01-01 12:45:00,6.666666666666667
12016,442,Medium,1900-01-01 15:45:00,1900-01-01 22:40:00,6.916666666666667
12017,314,Medium,1900-01-01 06:45:00,1900-01-01 12:40:00,5.916666666666667
12018,314,Medium,1900-01-01 17:00:00,1900-01-01 22:45:00,5.75
12019,436,Medium,1900-01-01 06:05:00,1900-01-01 13:15:00,7.166666666666667
12020,434,Medium,1900-01-01 13:45:00,1900-01-01 21:30:00,7.75
12021,402,Medium,1900-01-01 06:20:00,1900-01-01 13:05:00,6.75
12022,401,Medium,1900-01-01 13:45:00,1900-01-01 20:50:00,7.083333333333333
12023,530,Long,1900-01-01 14:05:00,1900-01-01 22:45:00,8.666666666666666
12024,531,Long,1900-01-01 05:35:00,1900-01-01 13:25:00,7.833333333333333
12025,598,Long,1900-01-01 05:50:00,1900-01-01 14:20:00,8.5
12026,598,Long,1900-01-01 14:45:00,1900-01-01 23:10:00,8.416666666666666
12027,360,Medium,1900-01-01 17:30:00,1900-01-01 22:30:00,5.0
12028,361,Medium,1900-01-01 06:00:00,1900-01-01 11:00:00,5.0
12029,447,Medium,1900-01-01 07:20:00,1900-01-01 13:45:00,6.416666666666667
12030,447,Medium,1900-01-01 16:50:00,1900-01-01 23:05:00,6.25
12031,447,Medium,1900-01-01 07:20:00,1900-01-01 13:45:00,6.416666666666667
12032,447,Medium,1900-01-01 16:50:00,1900-01-01 23:05:00,6.25
12033,430,Medium,1900-01-01 06:00:00,1900-01-01 11:20:00,5.333333333333333
12034,430,Medium,1900-01-01 15:50:00,1900-01-01 20:45:00,4.916666666666667
12035,240,Medium,1900-01-01 07:05:00,1900-01-01 10:35:00,3.5
12036,240,Medium,1900-01-01 17:40:00,1900-01-01 21:20:00,3.6666666666666665
12037,328,Medium,1900-01-01 07:00:00,1900-01-01 12:25:00,5.416666666666667
12038,328,Medium,1900-01-01 16:40:00,1900-01-01 22:10:00,5.5
12039,283,Medium,1900-01-01 15:35:00,1900-01-01 21:05:00,5.5
12040,283,Medium,1900-01-01 06:00:00,1900-01-01 11:40:00,5.666666666666667
12041,560,Long,1900-01-01 14:15:00,1900-01-01 22:30:00,8.25
12042,560,Long,1900-01-01 05:30:00,1900-01-01 13:35:00,8.083333333333334
12043,397,Medium,1900-01-01 07:00:00,1900-01-01 14:05:00,7.083333333333333
12044,397,Medium,1900-01-01 15:00:00,1900-01-01 22:10:00,7.166666666666667
12045,243,Medium,1900-01-01 19:15:00,1900-01-01 22:45:00,3.5
12046,243,Medium,1900-01-01 12:00:00,1900-01-01 15:25:00,3.4166666666666665
12047,385,Medium,1900-01-01 16:20:00,1900-01-01 22:50:00,6.5
12048,385,Medium,1900-01-01 04:00:00,1900-01-01 11:20:00,7.333333333333333
12049,181,Short,1900-01-01 17:50:00,1900-01-01 19:30:00,1.6666666666666667
12050,183,Short,1900-01-01 08:10:00,1900-01-01 09:50:00,1.6666666666666667
12051,581,Long,1900-01-01 05:25:00,1900-01-01 14:05:00,8.666666666666666
12052,585,Long,1900-01-01 14:30:00,1900-01-01 23:05:00,8.583333333333334
12053,406,Medium,1900-01-01 14:45:00,1900-01-01 22:05:00,7.333333333333333
12054,406,Medium,1900-01-01 06:50:00,1900-01-01 14:10:00,7.333333333333333
12055,304,Medium,1900-01-01 15:20:00,1900-01-01 21:10:00,5.833333333333333
12056,304,Medium,1900-01-01 05:05:00,1900-01-01 11:15:00,6.166666666666667
12057,386,Medium,1900-01-01 14:35:00,1900-01-01 22:10:00,7.583333333333333
12058,386,Medium,1900-01-01 05:00:00,1900-01-01 12:00:00,7.0
12059,447,Medium,1900-01-01 05:55:00,1900-01-01 12:30:00,6.583333333333333
12060,450,Medium,1900-01-01 13:15:00,1900-01-01 20:00:00,6.75
12061,330,Medium,1900-01-01 17:40:00,1900-01-01 22:55:00,5.25
12062,330,Medium,1900-01-01 05:30:00,1900-01-01 11:00:00,5.5
12065,389,Medium,1900-01-01 05:45:00,1900-01-01 12:35:00,6.833333333333333
12066,389,Medium,1900-01-01 15:30:00,1900-01-01 22:25:00,6.916666666666667
12067,376,Medium,1900-01-01 06:30:00,1900-01-01 13:20:00,6.833333333333333
12068,375,Medium,1900-01-01 14:30:00,1900-01-01 21:20:00,6.833333333333333
12069,419,Medium,1900-01-01 06:25:00,1900-01-01 13:25:00,7.0
12070,411,Medium,1900-01-01 15:00:00,1900-01-01 22:00:00,7.0
12071,422,Medium,1900-01-01 14:00:00,1900-01-01 21:30:00,7.5
12072,422,Medium,1900-01-01 04:45:00,1900-01-01 12:30:00,7.75
12073,442,Medium,1900-01-01 13:25:00,1900-01-01 20:20:00,6.916666666666667
12074,441,Medium,1900-01-01 06:00:00,1900-01-01 12:40:00,6.666666666666667
12075,399,Medium,1900-01-01 13:40:00,1900-01-01 21:05:00,7.416666666666667
12076,398,Medium,1900-01-01 06:00:00,1900-01-01 13:00:00,7.0
12077,453,Medium,1900-01-01 07:35:00,1900-01-01 14:45:00,7.166666666666667
12078,453,Medium,1900-01-01 15:20:00,1900-01-01 22:35:00,7.25
12079,470,Medium,1900-01-01 06:00:00,1900-01-01 13:25:00,7.416666666666667
12080,468,Medium,1900-01-01 14:00:00,1900-01-01 21:25:00,7.416666666666667
12081,500,Medium,1900-01-01 04:50:00,1900-01-01 14:00:00,9.166666666666666
12082,499,Medium,1900-01-01 14:40:00,1900-01-01 23:50:00,9.166666666666666
12083,361,Medium,1900-01-01 14:50:00,1900-01-01 21:15:00,6.416666666666667
12084,361,Medium,1900-01-01 07:10:00,1900-01-01 13:40:00,6.5
12085,506,Long,1900-01-01 12:10:00,1900-01-01 21:15:00,9.083333333333334
12086,505,Long,1900-01-01 05:00:00,1900-01-01 13:55:00,8.916666666666666
12087,332,Medium,1900-01-01 05:00:00,1900-01-01 11:00:00,6.0
12088,332,Medium,1900-01-01 15:20:00,1900-01-01 21:40:00,6.333333333333333
12101,1956,Long,1900-01-01 20:35:00,1900-01-01 03:35:00,7.0
12102,1963,Long,1900-01-01 22:50:00,1900-01-01 05:50:00,7.0
12103,1478,Long,1900-01-01 16:15:00,1900-01-01 17:10:00,0.9166666666666666
12104,1478,Long,1900-01-01 06:30:00,1900-01-01 08:05:00,1.5833333333333333
12105,971,Long,1900-01-01 19:05:00,1900-01-01 11:15:00,16.166666666666668
12106,972,Long,1900-01-01 14:50:00,1900-01-01 07:00:00,16.166666666666668
12107,1408,Long,1900-01-01 16:25:00,1900-01-01 15:10:00,22.75
12108,1408,Long,1900-01-01 22:45:00,1900-01-01 23:00:00,0.25
12109,260,Medium,1900-01-01 18:15:00,1900-01-01 22:50:00,4.583333333333333
12110,260,Medium,1900-01-01 06:02:00,1900-01-01 10:45:00,4.716666666666667
12111,676,Long,1900-01-01 19:55:00,1900-01-01 08:05:00,12.166666666666666
12112,676,Long,1900-01-01 19:05:00,1900-01-01 06:25:00,11.333333333333334
12113,895,Long,1900-01-01 17:40:00,1900-01-01 09:25:00,15.75
12114,895,Long,1900-01-01 18:35:00,1900-01-01 09:45:00,15.166666666666666
12115,456,Medium,1900-01-01 22:45:00,1900-01-01 06:50:00,8.083333333333334
12116,457,Medium,1900-01-01 22:45:00,1900-01-01 06:50:00,8.083333333333334
12117,244,Medium,1900-01-01 15:00:00,1900-01-01 19:25:00,4.416666666666667
12118,244,Medium,1900-01-01 08:35:00,1900-01-01 13:00:00,4.416666666666667
12119,180,Short,1900-01-01 05:30:00,1900-01-01 08:15:00,2.75
12120,180,Short,1900-01-01 18:30:00,1900-01-01 21:40:00,3.1666666666666665
12121,883,Long,1900-01-01 19:10:00,1900-01-01 09:05:00,13.916666666666666
12122,886,Long,1900-01-01 17:25:00,1900-01-01 07:45:00,14.333333333333334
12123,191,Short,1900-01-01 17:10:00,1900-01-01 20:25:00,3.25
12124,191,Short,1900-01-01 07:15:00,1900-01-01 10:25:00,3.1666666666666665
12125,190,Short,1900-01-01 16:25:00,1900-01-01 19:50:00,3.4166666666666665
12126,190,Short,1900-01-01 07:50:00,1900-01-01 11:15:00,3.4166666666666665
12127,191,Short,1900-01-01 06:40:00,1900-01-01 09:57:00,3.283333333333333
12128,191,Short,1900-01-01 17:55:00,1900-01-01 21:05:00,3.1666666666666665
12129,2026,Long,1900-01-01 18:25:00,1900-01-01 04:10:00,9.75
12130,2033,Long,1900-01-01 21:50:00,1900-01-01 06:50:00,9.0
12131,330,Medium,1900-01-01 21:45:00,1900-01-01 03:45:00,6.0
12132,330,Medium,1900-01-01 22:25:00,1900-01-01 04:30:00,6.083333333333333
12133,903,Long,1900-01-01 22:02:00,1900-01-01 12:40:00,14.633333333333333
12134,909,Long,1900-01-01 13:55:00,1900-01-01 04:25:00,14.5
12135,895,Long,1900-01-01 17:40:00,1900-01-01 09:25:00,15.75
12136,895,Long,1900-01-01 18:35:00,1900-01-01 09:45:00,15.166666666666666
12137,1910,Long,1900-01-01 19:35:00,1900-01-01 05:50:00,10.25
12138,1913,Long,1900-01-01 21:40:00,1900-01-01 07:35:00,9.916666666666666
12139,841,Long,1900-01-01 15:00:00,1900-01-01 06:10:00,15.166666666666666
12140,841,Long,1900-01-01 21:00:00,1900-01-01 12:00:00,15.0
12141,1693,Long,1900-01-01 23:35:00,1900-01-01 04:00:00,4.416666666666667
12142,1692,Long,1900-01-01 11:05:00,1900-01-01 15:15:00,4.166666666666667
12143,1540,Long,1900-01-01 16:40:00,1900-01-01 20:00:00,3.3333333333333335
12144,1541,Long,1900-01-01 23:55:00,1900-01-01 04:10:00,4.25
12145,1888,Long,1900-01-01 20:35:00,1900-01-01 07:30:00,10.916666666666666
12146,1895,Long,1900-01-01 21:25:00,1900-01-01 07:30:00,10.083333333333334
12147,1897,Long,1900-01-01 09:05:00,1900-01-01 17:10:00,8.083333333333334
12148,1900,Long,1900-01-01 05:50:00,1900-01-01 16:20:00,10.5
12149,1757,Long,1900-01-01 20:55:00,1900-01-01 03:30:00,6.583333333333333
12150,1756,Long,1900-01-01 22:55:00,1900-01-01 05:30:00,6.583333333333333
12151,2089,Long,1900-01-01 20:35:00,1900-01-01 08:25:00,11.833333333333334
12152,2095,Long,1900-01-01 21:15:00,1900-01-01 07:30:00,10.25
12153,820,Long,1900-01-01 16:25:00,1900-01-01 05:20:00,12.916666666666666
12154,820,Long,1900-01-01 18:20:00,1900-01-01 07:30:00,13.166666666666666
12155,681,Long,1900-01-01 21:05:00,1900-01-01 08:00:00,10.916666666666666
12156,683,Long,1900-01-01 20:55:00,1900-01-01 07:05:00,10.166666666666666
12157,265,Medium,1900-01-01 18:00:00,1900-01-01 22:00:00,4.0
12158,265,Medium,1900-01-01 06:30:00,1900-01-01 10:30:00,4.0
12159,725,Long,1900-01-01 17:45:00,1900-01-01 06:55:00,13.166666666666666
12160,725,Long,1900-01-01 20:50:00,1900-01-01 09:50:00,13.0
12161,1320,Long,1900-01-01 16:25:00,1900-01-01 13:00:00,20.583333333333332
12162,1320,Long,1900-01-01 23:35:00,1900-01-01 23:00:00,23.416666666666668
12163,1278,Long,1900-01-01 20:30:00,1900-01-01 19:45:00,23.25
12164,1281,Long,1900-01-01 06:50:00,1900-01-01 06:00:00,23.166666666666668
12165,1488,Long,1900-01-01 05:23:00,1900-01-01 07:05:00,1.7
12166,1487,Long,1900-01-01 20:20:00,1900-01-01 21:30:00,1.1666666666666667
12167,1500,Long,1900-01-01 00:35:00,1900-01-01 03:45:00,3.1666666666666665
12168,1500,Long,1900-01-01 10:25:00,1900-01-01 12:25:00,2.0
12169,265,Medium,1900-01-01 09:30:00,1900-01-01 13:30:00,4.0
12170,265,Medium,1900-01-01 14:00:00,1900-01-01 18:05:00,4.083333333333333
12171,1756,Long,1900-01-01 07:55:00,1900-01-01 13:15:00,5.333333333333333
12172,1759,Long,1900-01-01 18:45:00,1900-01-01 23:45:00,5.0
12173,1581,Long,1900-01-01 16:25:00,1900-01-01 19:05:00,2.6666666666666665
12174,1581,Long,1900-01-01 01:50:00,1900-01-01 06:00:00,4.166666666666667
12175,1291,Long,1900-01-01 17:45:00,1900-01-01 17:15:00,23.5
12176,1292,Long,1900-01-01 07:15:00,1900-01-01 06:45:00,23.5
12177,1451,Long,1900-01-01 17:45:00,1900-01-01 20:20:00,2.5833333333333335
12178,1453,Long,1900-01-01 04:25:00,1900-01-01 06:45:00,2.3333333333333335
12179,323,Medium,1900-01-01 15:55:00,1900-01-01 21:55:00,6.0
12180,323,Medium,1900-01-01 05:50:00,1900-01-01 11:45:00,5.916666666666667
12181,1024,Long,1900-01-01 20:25:00,1900-01-01 14:20:00,17.916666666666668
12182,1024,Long,1900-01-01 15:30:00,1900-01-01 08:45:00,17.25
12183,754,Long,1900-01-01 19:20:00,1900-01-01 09:00:00,13.666666666666666
12184,754,Long,1900-01-01 19:10:00,1900-01-01 08:50:00,13.666666666666666
12185,555,Long,1900-01-01 22:00:00,1900-01-01 08:00:00,10.0
12186,557,Long,1900-01-01 20:05:00,1900-01-01 06:05:00,10.0
12187,996,Long,1900-01-01 19:30:00,1900-01-01 12:15:00,16.75
12188,996,Long,1900-01-01 13:30:00,1900-01-01 06:00:00,16.5
12189,937,Long,1900-01-01 18:10:00,1900-01-01 11:40:00,17.5
12190,938,Long,1900-01-01 16:05:00,1900-01-01 09:35:00,17.5
12191,1021,Long,1900-01-01 14:05:00,1900-01-01 07:15:00,17.166666666666668
12192,1019,Long,1900-01-01 17:30:00,1900-01-01 11:50:00,18.333333333333332
12193,1747,Long,1900-01-01 15:50:00,1900-01-01 22:15:00,6.416666666666667
12194,1734,Long,1900-01-01 06:45:00,1900-01-01 13:30:00,6.75
12195,375,Medium,1900-01-01 05:05:00,1900-01-01 11:50:00,6.75
12196,375,Medium,1900-01-01 15:00:00,1900-01-01 21:40:00,6.666666666666667
12197,484,Medium,1900-01-01 15:30:00,1900-01-01 00:15:00,8.75
12198,484,Medium,1900-01-01 06:20:00,1900-01-01 15:00:00,8.666666666666666
12201,1513,Long,1900-01-01 16:55:00,1900-01-01 20:25:00,3.5
12202,1517,Long,1900-01-01 08:45:00,1900-01-01 11:45:00,3.0
12203,1711,Long,1900-01-01 14:55:00,1900-01-01 21:05:00,6.166666666666667
12204,1714,Long,1900-01-01 04:10:00,1900-01-01 10:10:00,6.0
12205,304,Medium,1900-01-01 23:50:00,1900-01-01 05:40:00,5.833333333333333
12206,304,Medium,1900-01-01 23:35:00,1900-01-01 05:20:00,5.75
12207,768,Long,1900-01-01 18:30:00,1900-01-01 09:45:00,15.25
12208,768,Long,1900-01-01 23:15:00,1900-01-01 14:40:00,15.416666666666666
12209,415,Medium,1900-01-01 06:15:00,1900-01-01 14:50:00,8.583333333333334
12210,415,Medium,1900-01-01 19:10:00,1900-01-01 04:35:00,9.416666666666666
12211,1057,Long,1900-01-01 15:15:00,1900-01-01 12:35:00,21.333333333333332
12212,1059,Long,1900-01-01 20:55:00,1900-01-01 18:05:00,21.166666666666668
12213,2350,Long,1900-01-01 23:40:00,1900-01-01 07:00:00,7.333333333333333
12214,2351,Long,1900-01-01 23:00:00,1900-01-01 07:55:00,8.916666666666666
12215,1431,Long,1900-01-01 09:20:00,1900-01-01 08:10:00,22.833333333333332
12216,1429,Long,1900-01-01 12:45:00,1900-01-01 12:15:00,23.5
12217,3086,Long,1900-01-01 09:20:00,1900-01-01 15:45:00,6.416666666666667
12218,3084,Long,1900-01-01 09:30:00,1900-01-01 14:45:00,5.25
12219,774,Long,1900-01-01 23:05:00,1900-01-01 11:05:00,12.0
12220,774,Long,1900-01-01 23:05:00,1900-01-01 11:05:00,12.0
12221,2026,Long,1900-01-01 15:15:00,1900-01-01 19:40:00,4.416666666666667
12222,2033,Long,1900-01-01 08:20:00,1900-01-01 11:45:00,3.4166666666666665
12223,1301,Long,1900-01-01 20:50:00,1900-01-01 17:50:00,21.0
12224,1306,Long,1900-01-01 21:30:00,1900-01-01 18:15:00,20.75
12225,795,Long,1900-01-01 16:25:00,1900-01-01 07:05:00,14.666666666666666
12226,796,Long,1900-01-01 19:15:00,1900-01-01 09:30:00,14.25
12227,831,Long,1900-01-01 23:15:00,1900-01-01 11:05:00,11.833333333333334
12228,831,Long,1900-01-01 23:00:00,1900-01-01 11:40:00,12.666666666666666
12229,492,Medium,1900-01-01 22:15:00,1900-01-01 07:10:00,8.916666666666666
12230,492,Medium,1900-01-01 22:05:00,1900-01-01 06:45:00,8.666666666666666
12231,644,Long,1900-01-01 22:30:00,1900-01-01 10:10:00,11.666666666666666
12232,644,Long,1900-01-01 21:10:00,1900-01-01 08:50:00,11.666666666666666
12235,2446,Long,1900-01-01 18:15:00,1900-01-01 13:55:00,19.666666666666668
12236,2448,Long,1900-01-01 09:25:00,1900-01-01 06:15:00,20.833333333333332
12237,1253,Long,1900-01-01 12:50:00,1900-01-01 11:25:00,22.583333333333332
12238,1253,Long,1900-01-01 14:00:00,1900-01-01 12:40:00,22.666666666666668
12239,1157,Long,1900-01-01 23:15:00,1900-01-01 14:35:00,15.333333333333334
12240,1158,Long,1900-01-01 19:10:00,1900-01-01 11:40:00,16.5
12241,247,Medium,1900-01-01 17:10:00,1900-01-01 21:25:00,4.25
12242,247,Medium,1900-01-01 05:15:00,1900-01-01 09:15:00,4.0
12243,491,Medium,1900-01-01 07:15:00,1900-01-01 14:15:00,7.0
12244,493,Medium,1900-01-01 15:25:00,1900-01-01 22:15:00,6.833333333333333
12245,1957,Long,1900-01-01 10:55:00,1900-01-01 16:00:00,5.083333333333333
12246,1959,Long,1900-01-01 11:00:00,1900-01-01 16:15:00,5.25
12247,1355,Long,1900-01-01 16:35:00,1900-01-01 09:40:00,17.083333333333332
12248,1358,Long,1900-01-01 15:35:00,1900-01-01 09:20:00,17.75
12249,1425,Long,1900-01-01 18:40:00,1900-01-01 11:20:00,16.666666666666668
12250,1426,Long,1900-01-01 19:50:00,1900-01-01 12:40:00,16.833333333333332
12251,1611,Long,1900-01-01 23:40:00,1900-01-01 04:30:00,4.833333333333333
12252,1605,Long,1900-01-01 08:00:00,1900-01-01 13:30:00,5.5
12253,2478,Long,1900-01-01 13:30:00,1900-01-01 08:30:00,19.0
12254,2477,Long,1900-01-01 13:30:00,1900-01-01 09:05:00,19.583333333333332
12257,798,Long,1900-01-01 21:00:00,1900-01-01 13:00:00,16.0
12258,797,Long,1900-01-01 17:00:00,1900-01-01 09:30:00,16.5
12259,1448,Long,1900-01-01 18:30:00,1900-01-01 11:30:00,17.0
12260,1449,Long,1900-01-01 19:40:00,1900-01-01 12:35:00,16.916666666666668
12261,1972,Long,1900-01-01 17:15:00,1900-01-01 19:40:00,2.4166666666666665
12262,1979,Long,1900-01-01 08:20:00,1900-01-01 10:30:00,2.1666666666666665
12263,1498,Long,1900-01-01 11:10:00,1900-01-01 06:55:00,19.75
12264,1501,Long,1900-01-01 10:55:00,1900-01-01 07:10:00,20.25
12265,577,Long,1900-01-01 22:15:00,1900-01-01 07:25:00,9.166666666666666
12266,577,Long,1900-01-01 19:20:00,1900-01-01 04:20:00,9.0
12267,490,Medium,1900-01-01 23:25:00,1900-01-01 05:55:00,6.5
12268,490,Medium,1900-01-01 23:40:00,1900-01-01 06:00:00,6.333333333333333
12269,2156,Long,1900-01-01 06:40:00,1900-01-01 10:35:00,3.9166666666666665
12270,2155,Long,1900-01-01 15:45:00,1900-01-01 20:10:00,4.416666666666667
12273,1516,Long,1900-01-01 08:35:00,1900-01-01 06:25:00,21.833333333333332
12274,1517,Long,1900-01-01 12:55:00,1900-01-01 10:40:00,21.75
12275,629,Long,1900-01-01 22:40:00,1900-01-01 06:25:00,7.75
12276,629,Long,1900-01-01 22:15:00,1900-01-01 05:50:00,7.583333333333333
12277,504,Long,1900-01-01 14:25:00,1900-01-01 21:55:00,7.5
12278,503,Long,1900-01-01 05:45:00,1900-01-01 13:40:00,7.916666666666667
12279,385,Medium,1900-01-01 15:20:00,1900-01-01 22:05:00,6.75
12280,388,Medium,1900-01-01 07:00:00,1900-01-01 14:10:00,7.166666666666667
12281,1714,Long,1900-01-01 08:00:00,1900-01-01 06:25:00,22.416666666666668
12282,1717,Long,1900-01-01 12:55:00,1900-01-01 10:45:00,21.833333333333332
12283,2636,Long,1900-01-01 23:30:00,1900-01-01 19:40:00,20.166666666666668
12284,2634,Long,1900-01-01 21:35:00,1900-01-01 15:40:00,18.083333333333332
12285,1651,Long,1900-01-01 13:10:00,1900-01-01 10:35:00,21.416666666666668
12286,1652,Long,1900-01-01 15:45:00,1900-01-01 14:00:00,22.25
12289,841,Long,1900-01-01 20:15:00,1900-01-01 07:20:00,11.083333333333334
12290,841,Long,1900-01-01 20:40:00,1900-01-01 08:05:00,11.416666666666666
12291,364,Medium,1900-01-01 22:45:00,1900-01-01 05:15:00,6.5
12292,363,Medium,1900-01-01 23:30:00,1900-01-01 06:00:00,6.5
12293,1353,Long,1900-01-01 17:25:00,1900-01-01 12:35:00,19.166666666666668
12294,1352,Long,1900-01-01 19:30:00,1900-01-01 14:55:00,19.416666666666668
12295,2703,Long,1900-01-01 09:00:00,1900-01-01 09:05:00,0.08333333333333333
12296,2697,Long,1900-01-01 20:10:00,1900-01-01 20:20:00,0.16666666666666666
12297,623,Long,1900-01-01 22:30:00,1900-01-01 07:10:00,8.666666666666666
12298,622,Long,1900-01-01 21:35:00,1900-01-01 06:20:00,8.75
12301,1438,Long,1900-01-01 16:55:00,1900-01-01 10:00:00,17.083333333333332
12302,1439,Long,1900-01-01 16:55:00,1900-01-01 09:50:00,16.916666666666668
12303,1516,Long,1900-01-01 08:05:00,1900-01-01 06:05:00,22.0
12304,1517,Long,1900-01-01 17:35:00,1900-01-01 16:55:00,23.333333333333332
12305,1516,Long,1900-01-01 14:05:00,1900-01-01 10:00:00,19.916666666666668
12306,1517,Long,1900-01-01 16:55:00,1900-01-01 12:15:00,19.333333333333332
12307,1803,Long,1900-01-01 23:40:00,1900-01-01 06:50:00,7.166666666666667
12308,1805,Long,1900-01-01 20:30:00,1900-01-01 04:00:00,7.5
12309,987,Long,1900-01-01 19:00:00,1900-01-01 07:40:00,12.666666666666666
12310,987,Long,1900-01-01 17:15:00,1900-01-01 05:30:00,12.25
12311,1699,Long,1900-01-01 19:40:00,1900-01-01 04:30:00,8.833333333333334
12312,1700,Long,1900-01-01 23:55:00,1900-01-01 07:55:00,8.0
12313,1448,Long,1900-01-01 16:50:00,1900-01-01 10:25:00,17.583333333333332
12314,1449,Long,1900-01-01 16:25:00,1900-01-01 10:10:00,17.75
12315,2119,Long,1900-01-01 13:10:00,1900-01-01 02:45:00,13.583333333333334
12316,2120,Long,1900-01-01 00:20:00,1900-01-01 15:10:00,14.833333333333334
12317,1884,Long,1900-01-01 07:40:00,1900-01-01 17:20:00,9.666666666666666
12318,1885,Long,1900-01-01 05:55:00,1900-01-01 15:15:00,9.333333333333334
12319,1416,Long,1900-01-01 13:10:00,1900-01-01 12:00:00,22.833333333333332
12320,1417,Long,1900-01-01 17:00:00,1900-01-01 17:20:00,0.3333333333333333
12321,2165,Long,1900-01-01 22:00:00,1900-01-01 11:25:00,13.416666666666666
12322,2167,Long,1900-01-01 21:30:00,1900-01-01 11:45:00,14.25
12323,1425,Long,1900-01-01 18:50:00,1900-01-01 17:05:00,22.25
12324,1426,Long,1900-01-01 07:05:00,1900-01-01 06:00:00,22.916666666666668
12325,1792,Long,1900-01-01 07:40:00,1900-01-01 16:00:00,8.333333333333334
12326,1793,Long,1900-01-01 06:55:00,1900-01-01 15:15:00,8.333333333333334
12327,1577,Long,1900-01-01 13:00:00,1900-01-01 18:10:00,5.166666666666667
12328,1577,Long,1900-01-01 22:10:00,1900-01-01 03:15:00,5.083333333333333
12329,1435,Long,1900-01-01 13:10:00,1900-01-01 11:50:00,22.666666666666668
12330,1436,Long,1900-01-01 19:10:00,1900-01-01 17:25:00,22.25
12331,2010,Long,1900-01-01 23:55:00,1900-01-01 12:35:00,12.666666666666666
12332,2011,Long,1900-01-01 22:45:00,1900-01-01 11:30:00,12.75
12333,878,Long,1900-01-01 20:00:00,1900-01-01 12:00:00,16.0
12334,879,Long,1900-01-01 15:40:00,1900-01-01 07:30:00,15.833333333333334
12335,1917,Long,1900-01-01 09:00:00,1900-01-01 20:00:00,11.0
12336,1918,Long,1900-01-01 08:05:00,1900-01-01 18:30:00,10.416666666666666
12337,146,Short,1900-01-01 10:10:00,1900-01-01 12:25:00,2.25
12338,146,Short,1900-01-01 13:10:00,1900-01-01 15:40:00,2.5
12339,258,Medium,1900-01-01 17:20:00,1900-01-01 21:40:00,4.333333333333333
12340,259,Medium,1900-01-01 05:55:00,1900-01-01 10:25:00,4.5
12341,199,Short,1900-01-01 18:20:00,1900-01-01 21:35:00,3.25
12342,200,Medium,1900-01-01 05:30:00,1900-01-01 08:45:00,3.25
12343,571,Long,1900-01-01 22:05:00,1900-01-01 08:00:00,9.916666666666666
12344,571,Long,1900-01-01 20:00:00,1900-01-01 06:00:00,10.0
12345,1023,Long,1900-01-01 15:50:00,1900-01-01 09:50:00,18.0
12346,1023,Long,1900-01-01 12:30:00,1900-01-01 05:10:00,16.666666666666668
12347,206,Medium,1900-01-01 11:55:00,1900-01-01 15:35:00,3.6666666666666665
12348,206,Medium,1900-01-01 16:35:00,1900-01-01 20:15:00,3.6666666666666665
12349,1206,Long,1900-01-01 17:30:00,1900-01-01 13:00:00,19.5
12350,1206,Long,1900-01-01 23:45:00,1900-01-01 20:00:00,20.25
12351,528,Long,1900-01-01 20:35:00,1900-01-01 06:15:00,9.666666666666666
12352,529,Long,1900-01-01 21:10:00,1900-01-01 06:35:00,9.416666666666666
12353,1299,Long,1900-01-01 08:15:00,1900-01-01 07:20:00,23.083333333333332
12354,1300,Long,1900-01-01 19:20:00,1900-01-01 18:55:00,23.583333333333332
12355,1506,Long,1900-01-01 07:00:00,1900-01-01 10:30:00,3.5
12356,1506,Long,1900-01-01 20:10:00,1900-01-01 23:05:00,2.9166666666666665
12357,1807,Long,1900-01-01 12:10:00,1900-01-01 17:20:00,5.166666666666667
12358,1807,Long,1900-01-01 05:55:00,1900-01-01 11:35:00,5.666666666666667
12359,534,Long,1900-01-01 20:05:00,1900-01-01 05:30:00,9.416666666666666
12360,534,Long,1900-01-01 20:05:00,1900-01-01 05:15:00,9.166666666666666
12361,2043,Long,1900-01-01 19:45:00,1900-01-01 06:15:00,10.5
12362,2044,Long,1900-01-01 11:05:00,1900-01-01 23:15:00,12.166666666666666
12363,621,Long,1900-01-01 09:05:00,1900-01-01 20:20:00,11.25
12364,620,Long,1900-01-01 08:30:00,1900-01-01 19:40:00,11.166666666666666
12365,410,Medium,1900-01-01 06:00:00,1900-01-01 13:55:00,7.916666666666667
12366,407,Medium,1900-01-01 14:25:00,1900-01-01 22:15:00,7.833333333333333
12367,1193,Long,1900-01-01 11:15:00,1900-01-01 08:00:00,20.75
12368,1193,Long,1900-01-01 14:40:00,1900-01-01 12:25:00,21.75
12369,1525,Long,1900-01-01 13:00:00,1900-01-01 16:40:00,3.6666666666666665
12370,1526,Long,1900-01-01 23:50:00,1900-01-01 03:15:00,3.4166666666666665
12371,2245,Long,1900-01-01 08:15:00,1900-01-01 23:45:00,15.5
12372,2246,Long,1900-01-01 01:10:00,1900-01-01 16:30:00,15.333333333333334
12373,217,Medium,1900-01-01 09:05:00,1900-01-01 12:45:00,3.6666666666666665
12374,216,Medium,1900-01-01 11:00:00,1900-01-01 14:40:00,3.6666666666666665
12375,1729,Long,1900-01-01 14:40:00,1900-01-01 21:55:00,7.25
12376,1727,Long,1900-01-01 16:00:00,1900-01-01 22:45:00,6.75
12377,718,Long,1900-01-01 23:15:00,1900-01-01 12:10:00,12.916666666666666
12378,718,Long,1900-01-01 17:45:00,1900-01-01 06:45:00,13.0
12379,1889,Long,1900-01-01 13:10:00,1900-01-01 19:45:00,6.583333333333333
12380,1890,Long,1900-01-01 10:55:00,1900-01-01 17:25:00,6.5
12381,1438,Long,1900-01-01 08:15:00,1900-01-01 06:05:00,21.833333333333332
12382,1439,Long,1900-01-01 17:35:00,1900-01-01 16:55:00,23.333333333333332
12383,221,Medium,1900-01-01 17:00:00,1900-01-01 20:55:00,3.9166666666666665
12384,222,Medium,1900-01-01 06:45:00,1900-01-01 10:40:00,3.9166666666666665
12389,2348,Long,1900-01-01 05:45:00,1900-01-01 20:45:00,15.0
12390,2353,Long,1900-01-01 07:00:00,1900-01-01 21:40:00,14.666666666666666
12391,1092,Long,1900-01-01 08:00:00,1900-01-01 05:10:00,21.166666666666668
12392,1092,Long,1900-01-01 13:10:00,1900-01-01 10:10:00,21.0
12393,987,Long,1900-01-01 17:35:00,1900-01-01 07:50:00,14.25
12394,987,Long,1900-01-01 17:25:00,1900-01-01 07:35:00,14.166666666666666
12395,1287,Long,1900-01-01 18:45:00,1900-01-01 15:10:00,20.416666666666668
12396,1287,Long,1900-01-01 23:55:00,1900-01-01 23:05:00,23.166666666666668
12397,981,Long,1900-01-01 14:20:00,1900-01-01 04:35:00,14.25
12398,981,Long,1900-01-01 12:10:00,1900-01-01 03:15:00,15.083333333333334
12401,1049,Long,1900-01-01 16:10:00,1900-01-01 11:50:00,19.666666666666668
12402,1049,Long,1900-01-01 20:00:00,1900-01-01 14:45:00,18.75
12405,1461,Long,1900-01-01 05:40:00,1900-01-01 07:30:00,1.8333333333333333
12406,1464,Long,1900-01-01 15:20:00,1900-01-01 15:50:00,0.5
12407,1821,Long,1900-01-01 08:15:00,1900-01-01 17:35:00,9.333333333333334
12408,1824,Long,1900-01-01 09:30:00,1900-01-01 18:35:00,9.083333333333334
12409,1613,Long,1900-01-01 03:30:00,1900-01-01 07:30:00,4.0
12410,1608,Long,1900-01-01 15:20:00,1900-01-01 19:05:00,3.75
12411,247,Medium,1900-01-01 07:00:00,1900-01-01 11:30:00,4.5
12412,247,Medium,1900-01-01 17:30:00,1900-01-01 21:55:00,4.416666666666667
12413,1016,Long,1900-01-01 14:05:00,1900-01-01 08:20:00,18.25
12414,1017,Long,1900-01-01 18:10:00,1900-01-01 12:20:00,18.166666666666668
12415,815,Long,1900-01-01 16:35:00,1900-01-01 06:50:00,14.25
12416,817,Long,1900-01-01 21:10:00,1900-01-01 11:40:00,14.5
12417,624,Long,1900-01-01 21:30:00,1900-01-01 07:00:00,9.5
12418,624,Long,1900-01-01 21:20:00,1900-01-01 06:50:00,9.5
12419,504,Long,1900-01-01 06:00:00,1900-01-01 15:05:00,9.083333333333334
12420,504,Long,1900-01-01 12:25:00,1900-01-01 21:25:00,9.0
12421,1927,Long,1900-01-01 11:00:00,1900-01-01 22:05:00,11.083333333333334
12422,1929,Long,1900-01-01 14:30:00,1900-01-01 23:45:00,9.25
12423,2422,Long,1900-01-01 19:20:00,1900-01-01 10:20:00,15.0
12424,2423,Long,1900-01-01 16:10:00,1900-01-01 08:00:00,15.833333333333334
12425,576,Long,1900-01-01 20:40:00,1900-01-01 05:45:00,9.083333333333334
12426,576,Long,1900-01-01 19:40:00,1900-01-01 05:00:00,9.333333333333334
12427,844,Long,1900-01-01 16:00:00,1900-01-01 06:35:00,14.583333333333334
12428,844,Long,1900-01-01 21:15:00,1900-01-01 11:00:00,13.75
12431,2841,Long,1900-01-01 19:15:00,1900-01-01 12:40:00,17.416666666666668
12432,2840,Long,1900-01-01 10:55:00,1900-01-01 04:55:00,18.0
12433,2156,Long,1900-01-01 06:10:00,1900-01-01 10:25:00,4.25
12434,2155,Long,1900-01-01 15:55:00,1900-01-01 20:15:00,4.333333333333333
12435,2452,Long,1900-01-01 18:10:00,1900-01-01 13:55:00,19.75
12436,2454,Long,1900-01-01 09:25:00,1900-01-01 07:25:00,22.0
12437,1651,Long,1900-01-01 12:45:00,1900-01-01 10:25:00,21.666666666666668
12438,1652,Long,1900-01-01 15:55:00,1900-01-01 14:00:00,22.083333333333332
12439,1297,Long,1900-01-01 17:55:00,1900-01-01 10:50:00,16.916666666666668
12440,1300,Long,1900-01-01 16:00:00,1900-01-01 09:00:00,17.0
12441,1487,Long,1900-01-01 14:00:00,1900-01-01 10:55:00,20.916666666666668
12442,1483,Long,1900-01-01 15:45:00,1900-01-01 12:00:00,20.25
12443,1572,Long,1900-01-01 08:30:00,1900-01-01 11:50:00,3.3333333333333335
12444,1572,Long,1900-01-01 19:10:00,1900-01-01 20:30:00,1.3333333333333333
12445,654,Long,1900-01-01 20:50:00,1900-01-01 08:40:00,11.833333333333334
12446,654,Long,1900-01-01 19:00:00,1900-01-01 06:45:00,11.75
12447,676,Long,1900-01-01 17:05:00,1900-01-01 05:25:00,12.333333333333334
12448,679,Long,1900-01-01 20:10:00,1900-01-01 08:35:00,12.416666666666666
12449,2159,Long,1900-01-01 11:20:00,1900-01-01 23:45:00,12.416666666666666
12450,2157,Long,1900-01-01 02:05:00,1900-01-01 14:45:00,12.666666666666666
12451,430,Medium,1900-01-01 23:45:00,1900-01-01 06:35:00,6.833333333333333
12452,430,Medium,1900-01-01 23:55:00,1900-01-01 06:30:00,6.583333333333333
12453,1333,Long,1900-01-01 17:10:00,1900-01-01 10:50:00,17.666666666666668
12454,1336,Long,1900-01-01 16:00:00,1900-01-01 10:30:00,18.5
12455,790,Long,1900-01-01 22:45:00,1900-01-01 13:15:00,14.5
12456,790,Long,1900-01-01 16:45:00,1900-01-01 07:20:00,14.583333333333334
12457,455,Medium,1900-01-01 23:35:00,1900-01-01 07:20:00,7.75
12458,455,Medium,1900-01-01 22:30:00,1900-01-01 06:10:00,7.666666666666667
12459,447,Medium,1900-01-01 13:40:00,1900-01-01 21:45:00,8.083333333333334
12460,447,Medium,1900-01-01 06:15:00,1900-01-01 14:15:00,8.0
12461,618,Long,1900-01-01 21:15:00,1900-01-01 08:00:00,10.75
12462,619,Long,1900-01-01 19:45:00,1900-01-01 06:40:00,10.916666666666666
12463,614,Long,1900-01-01 22:25:00,1900-01-01 08:35:00,10.166666666666666
12464,615,Long,1900-01-01 19:00:00,1900-01-01 05:40:00,10.666666666666666
12465,905,Long,1900-01-01 06:00:00,1900-01-01 22:15:00,16.25
12466,906,Long,1900-01-01 05:55:00,1900-01-01 22:30:00,16.583333333333332
12467,700,Long,1900-01-01 23:55:00,1900-01-01 12:35:00,12.666666666666666
12468,699,Long,1900-01-01 16:15:00,1900-01-01 04:50:00,12.583333333333334
12469,1025,Long,1900-01-01 17:20:00,1900-01-01 11:50:00,18.5
12470,1025,Long,1900-01-01 20:10:00,1900-01-01 14:50:00,18.666666666666668
12471,2017,Long,1900-01-01 07:55:00,1900-01-01 17:10:00,9.25
12472,2019,Long,1900-01-01 09:10:00,1900-01-01 18:05:00,8.916666666666666
12473,1736,Long,1900-01-01 11:30:00,1900-01-01 17:10:00,5.666666666666667
12474,1739,Long,1900-01-01 09:10:00,1900-01-01 14:15:00,5.083333333333333
12475,2055,Long,1900-01-01 05:30:00,1900-01-01 17:10:00,11.666666666666666
12476,2058,Long,1900-01-01 09:10:00,1900-01-01 20:50:00,11.666666666666666
12477,2064,Long,1900-01-01 05:15:00,1900-01-01 17:10:00,11.916666666666666
12478,2066,Long,1900-01-01 09:10:00,1900-01-01 21:00:00,11.833333333333334
12479,934,Long,1900-01-01 18:45:00,1900-01-01 11:35:00,16.833333333333332
12480,932,Long,1900-01-01 13:30:00,1900-01-01 06:30:00,17.0
12481,409,Medium,1900-01-01 13:10:00,1900-01-01 20:40:00,7.5
12482,409,Medium,1900-01-01 05:55:00,1900-01-01 13:35:00,7.666666666666667
12483,3290,Long,1900-01-01 09:20:00,1900-01-01 19:45:00,10.416666666666666
12484,3288,Long,1900-01-01 05:55:00,1900-01-01 15:15:00,9.333333333333334
12485,1937,Long,1900-01-01 11:00:00,1900-01-01 22:30:00,11.5
12486,1940,Long,1900-01-01 14:45:00,1900-01-01 23:45:00,9.0
12487,1364,Long,1900-01-01 20:00:00,1900-01-01 21:00:00,1.0
12488,1364,Long,1900-01-01 07:30:00,1900-01-01 08:25:00,0.9166666666666666
12489,1244,Long,1900-01-01 13:40:00,1900-01-01 12:00:00,22.333333333333332
12490,1244,Long,1900-01-01 14:35:00,1900-01-01 13:10:00,22.583333333333332
12491,1609,Long,1900-01-01 05:00:00,1900-01-01 11:50:00,6.833333333333333
12492,1612,Long,1900-01-01 20:10:00,1900-01-01 02:10:00,6.0
12493,1498,Long,1900-01-01 05:15:00,1900-01-01 05:35:00,0.3333333333333333
12494,1501,Long,1900-01-01 21:35:00,1900-01-01 21:25:00,23.833333333333332
12495,1878,Long,1900-01-01 05:20:00,1900-01-01 13:15:00,7.916666666666667
12496,1876,Long,1900-01-01 22:45:00,1900-01-01 05:45:00,7.0
12497,447,Medium,1900-01-01 06:40:00,1900-01-01 14:20:00,7.666666666666667
12498,447,Medium,1900-01-01 15:10:00,1900-01-01 22:50:00,7.666666666666667
12501,1914,Long,1900-01-01 06:15:00,1900-01-01 13:00:00,6.75
12502,1914,Long,1900-01-01 23:45:00,1900-01-01 08:45:00,9.0
12503,3032,Long,1900-01-01 10:15:00,1900-01-01 13:30:00,3.25
12504,3032,Long,1900-01-01 20:10:00,1900-01-01 21:15:00,1.0833333333333333
12505,1850,Long,1900-01-01 09:45:00,1900-01-01 19:20:00,9.583333333333334
12506,1850,Long,1900-01-01 06:45:00,1900-01-01 16:50:00,10.083333333333334
12507,3932,Long,1900-01-01 16:55:00,1900-01-01 19:00:00,2.0833333333333335
12508,3930,Long,1900-01-01 19:55:00,1900-01-01 22:40:00,2.75
12509,2992,Long,1900-01-01 23:40:00,1900-01-01 06:00:00,6.333333333333333
12510,2993,Long,1900-01-01 06:20:00,1900-01-01 11:40:00,5.333333333333333
12511,3239,Long,1900-01-01 06:35:00,1900-01-01 17:15:00,10.666666666666666
12512,3245,Long,1900-01-01 06:15:00,1900-01-01 15:20:00,9.083333333333334
12513,2564,Long,1900-01-01 07:30:00,1900-01-01 06:00:00,22.5
12514,2567,Long,1900-01-01 06:20:00,1900-01-01 04:00:00,21.666666666666668
12515,3932,Long,1900-01-01 12:40:00,1900-01-01 17:15:00,4.583333333333333
12516,3930,Long,1900-01-01 19:55:00,1900-01-01 22:40:00,2.75
12517,1027,Long,1900-01-01 21:40:00,1900-01-01 15:55:00,18.25
12518,1027,Long,1900-01-01 21:00:00,1900-01-01 15:00:00,18.0
12519,2568,Long,1900-01-01 07:50:00,1900-01-01 04:25:00,20.583333333333332
12520,2567,Long,1900-01-01 21:00:00,1900-01-01 17:30:00,20.5
12521,3427,Long,1900-01-01 23:00:00,1900-01-01 13:00:00,14.0
12522,3435,Long,1900-01-01 10:15:00,1900-01-01 22:50:00,12.583333333333334
12523,1496,Long,1900-01-01 08:15:00,1900-01-01 12:10:00,3.9166666666666665
12524,1499,Long,1900-01-01 15:05:00,1900-01-01 18:35:00,3.5
12525,1584,Long,1900-01-01 21:40:00,1900-01-01 02:25:00,4.75
12526,1583,Long,1900-01-01 10:20:00,1900-01-01 15:00:00,4.666666666666667
12527,395,Medium,1900-01-01 05:35:00,1900-01-01 13:30:00,7.916666666666667
12529,518,Long,1900-01-01 15:50:00,1900-01-01 02:35:00,10.75
12530,522,Long,1900-01-01 05:00:00,1900-01-01 14:50:00,9.833333333333334
12531,277,Medium,1900-01-01 06:00:00,1900-01-01 11:00:00,5.0
12532,278,Medium,1900-01-01 16:35:00,1900-01-01 21:35:00,5.0
12533,1424,Long,1900-01-01 19:45:00,1900-01-01 19:50:00,0.08333333333333333
12534,1423,Long,1900-01-01 08:25:00,1900-01-01 08:40:00,0.25
12535,903,Long,1900-01-01 14:10:00,1900-01-01 07:15:00,17.083333333333332
12536,905,Long,1900-01-01 12:20:00,1900-01-01 05:05:00,16.75
12537,543,Long,1900-01-01 20:10:00,1900-01-01 06:00:00,9.833333333333334
12538,543,Long,1900-01-01 07:30:00,1900-01-01 17:45:00,10.25
12539,2548,Long,1900-01-01 10:50:00,1900-01-01 08:50:00,22.0
12540,2541,Long,1900-01-01 20:00:00,1900-01-01 16:40:00,20.666666666666668
12541,1685,Long,1900-01-01 21:50:00,1900-01-01 04:00:00,6.166666666666667
12542,1686,Long,1900-01-01 11:10:00,1900-01-01 17:00:00,5.833333333333333
12545,2045,Long,1900-01-01 16:45:00,1900-01-01 06:00:00,13.25
12546,2045,Long,1900-01-01 11:20:00,1900-01-01 00:45:00,13.416666666666666
12547,866,Long,1900-01-01 22:15:00,1900-01-01 13:40:00,15.416666666666666
12548,864,Long,1900-01-01 16:55:00,1900-01-01 08:20:00,15.416666666666666
12549,1847,Long,1900-01-01 12:00:00,1900-01-01 21:10:00,9.166666666666666
12550,1858,Long,1900-01-01 05:00:00,1900-01-01 14:20:00,9.333333333333334
12551,3024,Long,1900-01-01 08:30:00,1900-01-01 14:00:00,5.5
12552,3024,Long,1900-01-01 14:00:00,1900-01-01 18:25:00,4.416666666666667
12553,1167,Long,1900-01-01 09:30:00,1900-01-01 06:45:00,21.25
12554,1170,Long,1900-01-01 19:50:00,1900-01-01 17:15:00,21.416666666666668
12555,952,Long,1900-01-01 16:35:00,1900-01-01 10:00:00,17.416666666666668
12556,953,Long,1900-01-01 16:20:00,1900-01-01 09:45:00,17.416666666666668
12557,1057,Long,1900-01-01 12:35:00,1900-01-01 07:50:00,19.25
12558,1059,Long,1900-01-01 14:50:00,1900-01-01 10:25:00,19.583333333333332
12559,745,Long,1900-01-01 19:40:00,1900-01-01 08:10:00,12.5
12560,745,Long,1900-01-01 18:55:00,1900-01-01 07:00:00,12.083333333333334
12561,1223,Long,1900-01-01 14:00:00,1900-01-01 12:30:00,22.5
12562,1224,Long,1900-01-01 20:40:00,1900-01-01 19:15:00,22.583333333333332
12565,1153,Long,1900-01-01 08:35:00,1900-01-01 05:30:00,20.916666666666668
12566,1156,Long,1900-01-01 14:15:00,1900-01-01 11:15:00,21.0
12567,219,Medium,1900-01-01 07:00:00,1900-01-01 11:00:00,4.0
12568,219,Medium,1900-01-01 12:45:00,1900-01-01 16:45:00,4.0
12569,1238,Long,1900-01-01 12:00:00,1900-01-01 08:20:00,20.333333333333332
12570,1238,Long,1900-01-01 16:55:00,1900-01-01 13:35:00,20.666666666666668
12572,829,Long,1900-01-01 20:00:00,1900-01-01 09:20:00,13.333333333333334
12577,3045,Long,1900-01-01 16:00:00,1900-01-01 23:30:00,7.5
12578,3051,Long,1900-01-01 07:20:00,1900-01-01 14:25:00,7.083333333333333
12581,745,Long,1900-01-01 22:30:00,1900-01-01 12:20:00,13.833333333333334
12582,745,Long,1900-01-01 22:35:00,1900-01-01 11:10:00,12.583333333333334
12587,1246,Long,1900-01-01 14:20:00,1900-01-01 12:35:00,22.25
12588,1247,Long,1900-01-01 22:45:00,1900-01-01 20:30:00,21.75
12589,1833,Long,1900-01-01 06:35:00,1900-01-01 15:10:00,8.583333333333334
12590,1836,Long,1900-01-01 07:20:00,1900-01-01 15:20:00,8.0
12591,2513,Long,1900-01-01 06:35:00,1900-01-01 04:20:00,21.75
12592,2504,Long,1900-01-01 17:20:00,1900-01-01 15:05:00,21.75
12593,581,Long,1900-01-01 22:45:00,1900-01-01 09:35:00,10.833333333333334
12594,581,Long,1900-01-01 22:45:00,1900-01-01 09:45:00,11.0
12595,760,Long,1900-01-01 20:00:00,1900-01-01 08:50:00,12.833333333333334
12596,761,Long,1900-01-01 20:00:00,1900-01-01 07:50:00,11.833333333333334
12597,1693,Long,1900-01-01 08:30:00,1900-01-01 12:15:00,3.75
12598,1694,Long,1900-01-01 14:20:00,1900-01-01 18:35:00,4.25
12601,883,Long,1900-01-01 20:20:00,1900-01-01 12:25:00,16.083333333333332
12602,885,Long,1900-01-01 13:25:00,1900-01-01 05:40:00,16.25
12603,715,Long,1900-01-01 16:45:00,1900-01-01 05:45:00,13.0
12604,716,Long,1900-01-01 16:50:00,1900-01-01 05:55:00,13.083333333333334
12605,425,Medium,1900-01-01 15:45:00,1900-01-01 23:00:00,7.25
12606,425,Medium,1900-01-01 05:05:00,1900-01-01 12:10:00,7.083333333333333
12607,360,Medium,1900-01-01 15:35:00,1900-01-01 21:35:00,6.0
12608,361,Medium,1900-01-01 06:30:00,1900-01-01 12:15:00,5.75
12609,360,Medium,1900-01-01 13:35:00,1900-01-01 20:05:00,6.5
12610,361,Medium,1900-01-01 08:00:00,1900-01-01 14:30:00,6.5
12611,2156,Long,1900-01-01 06:10:00,1900-01-01 10:25:00,4.25
12612,2155,Long,1900-01-01 15:55:00,1900-01-01 20:15:00,4.333333333333333
12613,138,Short,1900-01-01 11:30:00,1900-01-01 14:00:00,2.5
12614,138,Short,1900-01-01 15:00:00,1900-01-01 17:30:00,2.5
12615,2169,Long,1900-01-01 19:15:00,1900-01-01 07:10:00,11.916666666666666
12616,2168,Long,1900-01-01 17:50:00,1900-01-01 06:20:00,12.5
12617,2751,Long,1900-01-01 13:15:00,1900-01-01 13:15:00,0.0
12618,2748,Long,1900-01-01 09:15:00,1900-01-01 10:15:00,1.0
12619,893,Long,1900-01-01 15:20:00,1900-01-01 07:30:00,16.166666666666668
12620,899,Long,1900-01-01 14:35:00,1900-01-01 06:35:00,16.0
12621,2163,Long,1900-01-01 22:00:00,1900-01-01 07:05:00,9.083333333333334
12622,2163,Long,1900-01-01 22:30:00,1900-01-01 07:10:00,8.666666666666666
12623,913,Long,1900-01-01 19:45:00,1900-01-01 11:45:00,16.0
12624,916,Long,1900-01-01 14:50:00,1900-01-01 07:30:00,16.666666666666668
12625,3013,Long,1900-01-01 11:15:00,1900-01-01 13:45:00,2.5
12626,3010,Long,1900-01-01 11:25:00,1900-01-01 14:45:00,3.3333333333333335
12627,2386,Long,1900-01-01 19:20:00,1900-01-01 10:30:00,15.166666666666666
12628,2389,Long,1900-01-01 21:15:00,1900-01-01 13:40:00,16.416666666666668
12629,2595,Long,1900-01-01 13:45:00,1900-01-01 13:00:00,23.25
12630,2595,Long,1900-01-01 08:45:00,1900-01-01 06:20:00,21.583333333333332
12631,649,Long,1900-01-01 20:10:00,1900-01-01 07:10:00,11.0
12632,649,Long,1900-01-01 19:45:00,1900-01-01 06:55:00,11.166666666666666
12633,738,Long,1900-01-01 17:15:00,1900-01-01 06:15:00,13.0
12634,737,Long,1900-01-01 17:20:00,1900-01-01 06:25:00,13.083333333333334
12635,492,Medium,1900-01-01 13:40:00,1900-01-01 21:20:00,7.666666666666667
12636,492,Medium,1900-01-01 07:00:00,1900-01-01 14:35:00,7.583333333333333
12637,492,Medium,1900-01-01 21:40:00,1900-01-01 05:55:00,8.25
12638,492,Medium,1900-01-01 20:35:00,1900-01-01 04:55:00,8.333333333333334
12639,360,Medium,1900-01-01 07:50:00,1900-01-01 14:00:00,6.166666666666667
12640,361,Medium,1900-01-01 15:00:00,1900-01-01 21:05:00,6.083333333333333
12641,2899,Long,1900-01-01 19:15:00,1900-01-01 18:00:00,22.75
12642,2898,Long,1900-01-01 07:10:00,1900-01-01 08:45:00,1.5833333333333333
12643,2991,Long,1900-01-01 14:15:00,1900-01-01 17:10:00,2.9166666666666665
12644,2988,Long,1900-01-01 05:50:00,1900-01-01 11:05:00,5.25
12645,2786,Long,1900-01-01 19:00:00,1900-01-01 17:10:00,22.166666666666668
12646,2782,Long,1900-01-01 05:50:00,1900-01-01 05:55:00,0.08333333333333333
12647,2650,Long,1900-01-01 15:05:00,1900-01-01 14:15:00,23.166666666666668
12648,2651,Long,1900-01-01 08:35:00,1900-01-01 09:15:00,0.6666666666666666
12649,2257,Long,1900-01-01 22:00:00,1900-01-01 09:15:00,11.25
12650,2258,Long,1900-01-01 06:25:00,1900-01-01 19:35:00,13.166666666666666
12651,2653,Long,1900-01-01 00:30:00,1900-01-01 18:00:00,17.5
12652,2652,Long,1900-01-01 07:10:00,1900-01-01 03:25:00,20.25
12653,336,Medium,1900-01-01 23:30:00,1900-01-01 05:15:00,5.75
12654,335,Medium,1900-01-01 22:40:00,1900-01-01 04:40:00,6.0
12655,1893,Long,1900-01-01 07:35:00,1900-01-01 16:05:00,8.5
12656,1895,Long,1900-01-01 09:35:00,1900-01-01 18:25:00,8.833333333333334
12657,360,Medium,1900-01-01 23:15:00,1900-01-01 05:10:00,5.916666666666667
12658,361,Medium,1900-01-01 22:40:00,1900-01-01 04:35:00,5.916666666666667
12659,2579,Long,1900-01-01 14:45:00,1900-01-01 13:50:00,23.083333333333332
12660,2579,Long,1900-01-01 23:05:00,1900-01-01 21:50:00,22.75
12661,665,Long,1900-01-01 21:05:00,1900-01-01 08:50:00,11.75
12662,665,Long,1900-01-01 18:15:00,1900-01-01 05:55:00,11.666666666666666
12663,2005,Long,1900-01-01 16:10:00,1900-01-01 03:30:00,11.333333333333334
12664,2004,Long,1900-01-01 16:20:00,1900-01-01 03:10:00,10.833333333333334
12665,2407,Long,1900-01-01 16:10:00,1900-01-01 10:25:00,18.25
12666,2406,Long,1900-01-01 07:50:00,1900-01-01 03:10:00,19.333333333333332
12667,722,Long,1900-01-01 18:55:00,1900-01-01 08:10:00,13.25
12668,722,Long,1900-01-01 17:05:00,1900-01-01 05:30:00,12.416666666666666
12669,2348,Long,1900-01-01 17:40:00,1900-01-01 11:45:00,18.083333333333332
12670,2343,Long,1900-01-01 21:00:00,1900-01-01 14:25:00,17.416666666666668
12671,526,Long,1900-01-01 21:05:00,1900-01-01 06:15:00,9.166666666666666
12672,529,Long,1900-01-01 19:45:00,1900-01-01 05:05:00,9.333333333333334
12673,491,Medium,1900-01-01 22:10:00,1900-01-01 06:15:00,8.083333333333334
12674,493,Medium,1900-01-01 22:40:00,1900-01-01 06:45:00,8.083333333333334
12675,491,Medium,1900-01-01 06:10:00,1900-01-01 13:45:00,7.583333333333333
12676,493,Medium,1900-01-01 14:55:00,1900-01-01 22:30:00,7.583333333333333
12677,581,Long,1900-01-01 06:15:00,1900-01-01 16:55:00,10.666666666666666
12678,582,Long,1900-01-01 09:10:00,1900-01-01 19:50:00,10.666666666666666
12679,491,Medium,1900-01-01 14:30:00,1900-01-01 22:15:00,7.75
12680,493,Medium,1900-01-01 06:15:00,1900-01-01 13:50:00,7.583333333333333
12681,491,Medium,1900-01-01 22:30:00,1900-01-01 06:40:00,8.166666666666666
12682,493,Medium,1900-01-01 23:30:00,1900-01-01 07:20:00,7.833333333333333
12683,617,Long,1900-01-01 17:00:00,1900-01-01 04:15:00,11.25
12684,616,Long,1900-01-01 18:50:00,1900-01-01 06:00:00,11.166666666666666
12685,883,Long,1900-01-01 17:00:00,1900-01-01 09:05:00,16.083333333333332
12686,885,Long,1900-01-01 16:20:00,1900-01-01 08:00:00,15.666666666666666
12687,3067,Long,1900-01-01 23:35:00,1900-01-01 04:45:00,5.166666666666667
12688,3064,Long,1900-01-01 06:45:00,1900-01-01 12:45:00,6.0
12689,918,Long,1900-01-01 18:20:00,1900-01-01 11:05:00,16.75
12690,920,Long,1900-01-01 19:40:00,1900-01-01 12:25:00,16.75
12691,528,Long,1900-01-01 23:30:00,1900-01-01 09:40:00,10.166666666666666
12692,528,Long,1900-01-01 18:25:00,1900-01-01 05:15:00,10.833333333333334
12693,652,Long,1900-01-01 19:30:00,1900-01-01 06:35:00,11.083333333333334
12694,651,Long,1900-01-01 20:00:00,1900-01-01 07:40:00,11.666666666666666
12695,914,Long,1900-01-01 15:25:00,1900-01-01 07:35:00,16.166666666666668
12696,916,Long,1900-01-01 17:15:00,1900-01-01 10:00:00,16.75
12697,901,Long,1900-01-01 15:15:00,1900-01-01 06:35:00,15.333333333333334
12698,903,Long,1900-01-01 20:20:00,1900-01-01 12:25:00,16.083333333333332
12701,791,Long,1900-01-01 21:50:00,1900-01-01 12:10:00,14.333333333333334
12702,793,Long,1900-01-01 14:45:00,1900-01-01 04:55:00,14.166666666666666
12703,1549,Long,1900-01-01 07:25:00,1900-01-01 09:05:00,1.6666666666666667
12704,1548,Long,1900-01-01 15:55:00,1900-01-01 17:45:00,1.8333333333333333
12705,391,Medium,1900-01-01 15:00:00,1900-01-01 21:50:00,6.833333333333333
12706,390,Medium,1900-01-01 07:40:00,1900-01-01 14:25:00,6.75
12707,2292,Long,1900-01-01 05:40:00,1900-01-01 18:00:00,12.333333333333334
12708,2294,Long,1900-01-01 07:10:00,1900-01-01 21:35:00,14.416666666666666
12709,651,Long,1900-01-01 18:50:00,1900-01-01 05:40:00,10.833333333333334
12710,650,Long,1900-01-01 22:55:00,1900-01-01 09:15:00,10.333333333333334
12711,430,Medium,1900-01-01 06:00:00,1900-01-01 13:00:00,7.0
12712,429,Medium,1900-01-01 14:05:00,1900-01-01 21:10:00,7.083333333333333
12713,358,Medium,1900-01-01 06:25:00,1900-01-01 11:55:00,5.5
12714,358,Medium,1900-01-01 16:15:00,1900-01-01 22:10:00,5.916666666666667
12715,2056,Long,1900-01-01 09:30:00,1900-01-01 20:20:00,10.833333333333334
12716,2059,Long,1900-01-01 05:35:00,1900-01-01 16:00:00,10.416666666666666
12717,350,Medium,1900-01-01 12:40:00,1900-01-01 19:00:00,6.333333333333333
12718,350,Medium,1900-01-01 06:05:00,1900-01-01 12:10:00,6.083333333333333
12719,1718,Long,1900-01-01 17:40:00,1900-01-01 00:30:00,6.833333333333333
12720,1720,Long,1900-01-01 20:30:00,1900-01-01 03:05:00,6.583333333333333
12721,1662,Long,1900-01-01 22:30:00,1900-01-01 04:05:00,5.583333333333333
12722,1662,Long,1900-01-01 23:00:00,1900-01-01 05:00:00,6.0
12723,1669,Long,1900-01-01 06:25:00,1900-01-01 09:05:00,2.6666666666666665
12724,1669,Long,1900-01-01 17:25:00,1900-01-01 19:35:00,2.1666666666666665
12725,491,Medium,1900-01-01 13:00:00,1900-01-01 21:50:00,8.833333333333334
12726,488,Medium,1900-01-01 05:15:00,1900-01-01 14:05:00,8.833333333333334
12727,718,Long,1900-01-01 17:25:00,1900-01-01 06:15:00,12.833333333333334
12728,719,Long,1900-01-01 17:15:00,1900-01-01 05:50:00,12.583333333333334
12729,658,Long,1900-01-01 22:00:00,1900-01-01 10:00:00,12.0
12730,658,Long,1900-01-01 21:20:00,1900-01-01 09:20:00,12.0
12731,790,Long,1900-01-01 16:40:00,1900-01-01 07:05:00,14.416666666666666
12732,790,Long,1900-01-01 20:05:00,1900-01-01 10:35:00,14.5
12733,661,Long,1900-01-01 18:25:00,1900-01-01 06:25:00,12.0
12734,661,Long,1900-01-01 18:05:00,1900-01-01 06:05:00,12.0
12735,686,Long,1900-01-01 20:30:00,1900-01-01 08:20:00,11.833333333333334
12736,686,Long,1900-01-01 16:45:00,1900-01-01 05:00:00,12.25
12737,575,Long,1900-01-01 20:20:00,1900-01-01 06:35:00,10.25
12738,575,Long,1900-01-01 21:15:00,1900-01-01 07:30:00,10.25
12739,708,Long,1900-01-01 20:30:00,1900-01-01 08:10:00,11.666666666666666
12740,708,Long,1900-01-01 20:30:00,1900-01-01 07:40:00,11.166666666666666
12741,2243,Long,1900-01-01 19:05:00,1900-01-01 12:10:00,17.083333333333332
12742,2238,Long,1900-01-01 14:00:00,1900-01-01 08:55:00,18.916666666666668
12747,353,Medium,1900-01-01 05:45:00,1900-01-01 12:10:00,6.416666666666667
12748,353,Medium,1900-01-01 13:45:00,1900-01-01 20:00:00,6.25
12749,441,Medium,1900-01-01 20:40:00,1900-01-01 04:35:00,7.916666666666667
12750,438,Medium,1900-01-01 22:30:00,1900-01-01 06:25:00,7.916666666666667
12757,305,Medium,1900-01-01 08:20:00,1900-01-01 13:40:00,5.333333333333333
12758,305,Medium,1900-01-01 15:05:00,1900-01-01 20:25:00,5.333333333333333
12759,797,Long,1900-01-01 18:10:00,1900-01-01 08:00:00,13.833333333333334
12760,798,Long,1900-01-01 18:30:00,1900-01-01 08:15:00,13.75
12761,712,Long,1900-01-01 22:40:00,1900-01-01 10:55:00,12.25
12762,710,Long,1900-01-01 19:15:00,1900-01-01 08:10:00,12.916666666666666
12763,744,Long,1900-01-01 17:00:00,1900-01-01 05:50:00,12.833333333333334
12764,743,Long,1900-01-01 18:30:00,1900-01-01 07:00:00,12.5
12765,1305,Long,1900-01-01 15:10:00,1900-01-01 14:50:00,23.666666666666668
12766,1305,Long,1900-01-01 06:45:00,1900-01-01 06:35:00,23.833333333333332
12767,1572,Long,1900-01-01 15:15:00,1900-01-01 19:15:00,4.0
12768,1578,Long,1900-01-01 14:50:00,1900-01-01 18:55:00,4.083333333333333
12769,711,Long,1900-01-01 15:10:00,1900-01-01 04:05:00,12.916666666666666
12770,711,Long,1900-01-01 17:40:00,1900-01-01 06:35:00,12.916666666666666
12771,587,Long,1900-01-01 22:00:00,1900-01-01 08:15:00,10.25
12772,586,Long,1900-01-01 22:00:00,1900-01-01 08:25:00,10.416666666666666
12773,1590,Long,1900-01-01 16:05:00,1900-01-01 18:30:00,2.4166666666666665
12774,1589,Long,1900-01-01 05:40:00,1900-01-01 09:05:00,3.4166666666666665
12775,598,Long,1900-01-01 20:10:00,1900-01-01 06:55:00,10.75
12776,598,Long,1900-01-01 20:45:00,1900-01-01 07:25:00,10.666666666666666
12777,1295,Long,1900-01-01 06:45:00,1900-01-01 06:30:00,23.75
12778,1297,Long,1900-01-01 12:50:00,1900-01-01 12:40:00,23.833333333333332
12779,2148,Long,1900-01-01 15:10:00,1900-01-01 06:20:00,15.166666666666666
12780,2151,Long,1900-01-01 15:00:00,1900-01-01 06:30:00,15.5
12781,2602,Long,1900-01-01 20:10:00,1900-01-01 17:10:00,21.0
12782,2602,Long,1900-01-01 05:50:00,1900-01-01 04:55:00,23.083333333333332
12783,710,Long,1900-01-01 18:55:00,1900-01-01 07:40:00,12.75
12784,708,Long,1900-01-01 17:55:00,1900-01-01 06:50:00,12.916666666666666
12785,623,Long,1900-01-01 19:05:00,1900-01-01 06:25:00,11.333333333333334
12786,623,Long,1900-01-01 18:20:00,1900-01-01 05:40:00,11.333333333333334
12791,1843,Long,1900-01-01 10:00:00,1900-01-01 18:55:00,8.916666666666666
12792,1840,Long,1900-01-01 12:15:00,1900-01-01 21:30:00,9.25
12795,314,Medium,1900-01-01 17:30:00,1900-01-01 22:50:00,5.333333333333333
12796,314,Medium,1900-01-01 05:30:00,1900-01-01 10:45:00,5.25
12797,707,Long,1900-01-01 20:05:00,1900-01-01 08:55:00,12.833333333333334
12798,707,Long,1900-01-01 17:30:00,1900-01-01 06:20:00,12.833333333333334
12801,1860,Long,1900-01-01 21:45:00,1900-01-01 04:25:00,6.666666666666667
12802,1860,Long,1900-01-01 22:25:00,1900-01-01 05:20:00,6.916666666666667
12803,2076,Long,1900-01-01 08:20:00,1900-01-01 17:10:00,8.833333333333334
12804,2076,Long,1900-01-01 05:50:00,1900-01-01 17:30:00,11.666666666666666
12805,688,Long,1900-01-01 06:15:00,1900-01-01 18:45:00,12.5
12806,689,Long,1900-01-01 07:10:00,1900-01-01 19:40:00,12.5
12807,1900,Long,1900-01-01 06:25:00,1900-01-01 16:45:00,10.333333333333334
12808,1895,Long,1900-01-01 08:35:00,1900-01-01 18:10:00,9.583333333333334
12809,1972,Long,1900-01-01 20:35:00,1900-01-01 05:50:00,9.25
12810,1979,Long,1900-01-01 20:15:00,1900-01-01 05:20:00,9.083333333333334
12811,1701,Long,1900-01-01 00:15:00,1900-01-01 03:45:00,3.5
12812,1709,Long,1900-01-01 09:40:00,1900-01-01 13:35:00,3.9166666666666665
12813,254,Medium,1900-01-01 17:30:00,1900-01-01 21:30:00,4.0
12814,253,Medium,1900-01-01 06:15:00,1900-01-01 10:20:00,4.083333333333333
12815,1794,Long,1900-01-01 10:55:00,1900-01-01 17:05:00,6.166666666666667
12816,1788,Long,1900-01-01 06:25:00,1900-01-01 12:05:00,5.666666666666667
12817,1291,Long,1900-01-01 14:40:00,1900-01-01 13:55:00,23.25
12818,1294,Long,1900-01-01 19:45:00,1900-01-01 16:45:00,21.0
12819,1774,Long,1900-01-01 15:50:00,1900-01-01 20:50:00,5.0
12820,1774,Long,1900-01-01 07:05:00,1900-01-01 12:20:00,5.25
12821,504,Long,1900-01-01 06:00:00,1900-01-01 14:20:00,8.333333333333334
12822,503,Long,1900-01-01 11:45:00,1900-01-01 20:15:00,8.5
12823,1255,Long,1900-01-01 12:00:00,1900-01-01 09:05:00,21.083333333333332
12824,1266,Long,1900-01-01 17:25:00,1900-01-01 15:10:00,21.75
12825,1297,Long,1900-01-01 23:45:00,1900-01-01 20:55:00,21.166666666666668
12826,1300,Long,1900-01-01 06:55:00,1900-01-01 04:55:00,22.0
12827,323,Medium,1900-01-01 16:50:00,1900-01-01 22:20:00,5.5
12828,323,Medium,1900-01-01 05:30:00,1900-01-01 11:20:00,5.833333333333333
12829,1222,Long,1900-01-01 21:10:00,1900-01-01 17:20:00,20.166666666666668
12830,1222,Long,1900-01-01 12:00:00,1900-01-01 08:55:00,20.916666666666668
12831,725,Long,1900-01-01 17:40:00,1900-01-01 08:00:00,14.333333333333334
12832,722,Long,1900-01-01 20:15:00,1900-01-01 09:30:00,13.25
12833,2097,Long,1900-01-01 00:15:00,1900-01-01 13:30:00,13.25
12834,2098,Long,1900-01-01 23:55:00,1900-01-01 13:25:00,13.5
12835,1891,Long,1900-01-01 18:25:00,1900-01-01 05:00:00,10.583333333333334
12836,1891,Long,1900-01-01 08:30:00,1900-01-01 19:05:00,10.583333333333334
12837,504,Long,1900-01-01 22:35:00,1900-01-01 07:00:00,8.416666666666666
12838,503,Long,1900-01-01 20:20:00,1900-01-01 04:50:00,8.5
12839,1664,Long,1900-01-01 23:45:00,1900-01-01 03:50:00,4.083333333333333
12840,1663,Long,1900-01-01 23:45:00,1900-01-01 04:00:00,4.25
12841,1664,Long,1900-01-01 14:50:00,1900-01-01 17:00:00,2.1666666666666665
12842,1663,Long,1900-01-01 08:45:00,1900-01-01 11:50:00,3.0833333333333335
12843,2148,Long,1900-01-01 17:30:00,1900-01-01 07:25:00,13.916666666666666
12844,2141,Long,1900-01-01 18:40:00,1900-01-01 08:55:00,14.25
12845,1510,Long,1900-01-01 07:30:00,1900-01-01 10:50:00,3.3333333333333335
12846,1510,Long,1900-01-01 08:25:00,1900-01-01 11:10:00,2.75
12847,185,Short,1900-01-01 11:10:00,1900-01-01 14:20:00,3.1666666666666665
12848,186,Short,1900-01-01 15:30:00,1900-01-01 18:40:00,3.1666666666666665
12849,1312,Long,1900-01-01 11:35:00,1900-01-01 09:45:00,22.166666666666668
12850,1305,Long,1900-01-01 17:40:00,1900-01-01 16:50:00,23.166666666666668
12851,1412,Long,1900-01-01 08:55:00,1900-01-01 08:55:00,0.0
12852,1409,Long,1900-01-01 21:10:00,1900-01-01 20:15:00,23.083333333333332
12853,889,Long,1900-01-01 18:20:00,1900-01-01 10:30:00,16.166666666666668
12854,897,Long,1900-01-01 15:40:00,1900-01-01 07:55:00,16.25
12855,416,Medium,1900-01-01 15:55:00,1900-01-01 23:00:00,7.083333333333333
12856,405,Medium,1900-01-01 06:30:00,1900-01-01 13:40:00,7.166666666666667
12857,185,Short,1900-01-01 06:35:00,1900-01-01 09:57:00,3.3666666666666667
12858,186,Short,1900-01-01 10:25:00,1900-01-01 13:50:00,3.4166666666666665
12859,1972,Long,1900-01-01 06:00:00,1900-01-01 12:30:00,6.5
12860,1979,Long,1900-01-01 13:50:00,1900-01-01 21:20:00,7.5
12861,578,Long,1900-01-01 15:05:00,1900-01-01 01:10:00,10.083333333333334
12862,576,Long,1900-01-01 02:40:00,1900-01-01 13:30:00,10.833333333333334
12863,1959,Long,1900-01-01 20:35:00,1900-01-01 07:15:00,10.666666666666666
12864,1959,Long,1900-01-01 19:35:00,1900-01-01 06:25:00,10.833333333333334
12865,344,Medium,1900-01-01 08:30:00,1900-01-01 14:10:00,5.666666666666667
12866,343,Medium,1900-01-01 14:40:00,1900-01-01 20:30:00,5.833333333333333
12867,1922,Long,1900-01-01 23:30:00,1900-01-01 08:50:00,9.333333333333334
12868,1922,Long,1900-01-01 12:30:00,1900-01-01 22:40:00,10.166666666666666
12869,1972,Long,1900-01-01 11:05:00,1900-01-01 19:30:00,8.416666666666666
12870,1979,Long,1900-01-01 14:35:00,1900-01-01 23:15:00,8.666666666666666
12871,745,Long,1900-01-01 06:55:00,1900-01-01 20:15:00,13.333333333333334
12872,746,Long,1900-01-01 05:15:00,1900-01-01 18:50:00,13.583333333333334
12873,1322,Long,1900-01-01 13:40:00,1900-01-01 13:55:00,0.25
12874,1325,Long,1900-01-01 19:45:00,1900-01-01 19:55:00,0.16666666666666666
12875,1911,Long,1900-01-01 10:55:00,1900-01-01 21:45:00,10.833333333333334
12876,1912,Long,1900-01-01 06:25:00,1900-01-01 16:50:00,10.416666666666666
12877,1333,Long,1900-01-01 16:40:00,1900-01-01 10:50:00,18.166666666666668
12878,1336,Long,1900-01-01 16:00:00,1900-01-01 11:20:00,19.333333333333332
12879,1790,Long,1900-01-01 00:15:00,1900-01-01 07:15:00,7.0
12880,1798,Long,1900-01-01 07:10:00,1900-01-01 13:35:00,6.416666666666667
12881,504,Long,1900-01-01 20:55:00,1900-01-01 05:40:00,8.75
12882,503,Long,1900-01-01 22:15:00,1900-01-01 07:05:00,8.833333333333334
12883,322,Medium,1900-01-01 06:25:00,1900-01-01 11:50:00,5.416666666666667
12884,330,Medium,1900-01-01 15:35:00,1900-01-01 21:15:00,5.666666666666667
12885,318,Medium,1900-01-01 07:45:00,1900-01-01 13:00:00,5.25
12886,317,Medium,1900-01-01 13:20:00,1900-01-01 19:00:00,5.666666666666667
12887,504,Long,1900-01-01 20:55:00,1900-01-01 05:40:00,8.75
12888,503,Long,1900-01-01 22:15:00,1900-01-01 07:05:00,8.833333333333334
12889,1890,Long,1900-01-01 18:35:00,1900-01-01 05:00:00,10.416666666666666
12890,1893,Long,1900-01-01 08:30:00,1900-01-01 19:00:00,10.5
12891,311,Medium,1900-01-01 04:20:00,1900-01-01 10:00:00,5.666666666666667
12892,311,Medium,1900-01-01 17:10:00,1900-01-01 22:50:00,5.666666666666667
12893,395,Medium,1900-01-01 06:45:00,1900-01-01 13:40:00,6.916666666666667
12894,395,Medium,1900-01-01 14:30:00,1900-01-01 21:40:00,7.166666666666667
12895,504,Long,1900-01-01 20:55:00,1900-01-01 05:40:00,8.75
12896,503,Long,1900-01-01 22:15:00,1900-01-01 07:05:00,8.833333333333334
12897,1423,Long,1900-01-01 18:35:00,1900-01-01 18:40:00,0.08333333333333333
12898,1423,Long,1900-01-01 12:00:00,1900-01-01 13:15:00,1.25
12901,490,Medium,1900-01-01 22:05:00,1900-01-01 06:35:00,8.5
12902,490,Medium,1900-01-01 22:00:00,1900-01-01 06:25:00,8.416666666666666
12903,1885,Long,1900-01-01 21:25:00,1900-01-01 05:30:00,8.083333333333334
12904,1888,Long,1900-01-01 21:25:00,1900-01-01 05:05:00,7.666666666666667
12905,2559,Long,1900-01-01 07:50:00,1900-01-01 03:35:00,19.75
12906,2566,Long,1900-01-01 22:50:00,1900-01-01 18:25:00,19.583333333333332
12907,1355,Long,1900-01-01 16:35:00,1900-01-01 13:45:00,21.166666666666668
12908,1358,Long,1900-01-01 21:35:00,1900-01-01 16:35:00,19.0
12909,1355,Long,1900-01-01 16:35:00,1900-01-01 09:40:00,17.083333333333332
12910,1358,Long,1900-01-01 15:35:00,1900-01-01 08:10:00,16.583333333333332
12911,1427,Long,1900-01-01 15:40:00,1900-01-01 16:40:00,1.0
12912,1430,Long,1900-01-01 18:45:00,1900-01-01 18:20:00,23.583333333333332
12913,650,Long,1900-01-01 20:35:00,1900-01-01 08:25:00,11.833333333333334
12914,650,Long,1900-01-01 19:00:00,1900-01-01 06:50:00,11.833333333333334
12915,930,Long,1900-01-01 18:30:00,1900-01-01 10:10:00,15.666666666666666
12916,933,Long,1900-01-01 15:20:00,1900-01-01 07:40:00,16.333333333333332
12917,1075,Long,1900-01-01 17:05:00,1900-01-01 10:40:00,17.583333333333332
12918,1077,Long,1900-01-01 13:55:00,1900-01-01 06:10:00,16.25
12919,1598,Long,1900-01-01 12:25:00,1900-01-01 18:25:00,6.0
12920,1601,Long,1900-01-01 06:55:00,1900-01-01 12:50:00,5.916666666666667
12921,262,Medium,1900-01-01 17:55:00,1900-01-01 22:35:00,4.666666666666667
12922,262,Medium,1900-01-01 05:25:00,1900-01-01 10:10:00,4.75
12923,606,Long,1900-01-01 21:25:00,1900-01-01 08:25:00,11.0
12924,606,Long,1900-01-01 19:00:00,1900-01-01 05:40:00,10.666666666666666
12925,1810,Long,1900-01-01 12:00:00,1900-01-01 19:20:00,7.333333333333333
12926,1813,Long,1900-01-01 08:10:00,1900-01-01 14:45:00,6.583333333333333
12927,391,Medium,1900-01-01 23:40:00,1900-01-01 05:55:00,6.25
12928,391,Medium,1900-01-01 22:30:00,1900-01-01 04:45:00,6.25
12929,344,Medium,1900-01-01 07:15:00,1900-01-01 13:25:00,6.166666666666667
12930,344,Medium,1900-01-01 14:50:00,1900-01-01 21:05:00,6.25
12931,490,Medium,1900-01-01 14:20:00,1900-01-01 21:40:00,7.333333333333333
12932,490,Medium,1900-01-01 06:00:00,1900-01-01 13:00:00,7.0
12933,490,Medium,1900-01-01 13:40:00,1900-01-01 21:25:00,7.75
12934,490,Medium,1900-01-01 04:55:00,1900-01-01 12:35:00,7.666666666666667
12935,251,Medium,1900-01-01 06:50:00,1900-01-01 11:10:00,4.333333333333333
12936,251,Medium,1900-01-01 16:05:00,1900-01-01 20:25:00,4.333333333333333
12937,2509,Long,1900-01-01 17:40:00,1900-01-01 13:05:00,19.416666666666668
12938,2508,Long,1900-01-01 23:00:00,1900-01-01 16:30:00,17.5
12939,1289,Long,1900-01-01 15:35:00,1900-01-01 13:40:00,22.083333333333332
12940,1290,Long,1900-01-01 09:15:00,1900-01-01 08:05:00,22.833333333333332
12941,2308,Long,1900-01-01 17:30:00,1900-01-01 10:20:00,16.833333333333332
12942,2308,Long,1900-01-01 19:50:00,1900-01-01 11:10:00,15.333333333333334
12943,1301,Long,1900-01-01 20:15:00,1900-01-01 19:10:00,22.916666666666668
12944,1301,Long,1900-01-01 08:00:00,1900-01-01 07:35:00,23.583333333333332
12946,632,Long,1900-01-01 19:55:00,1900-01-01 07:15:00,11.333333333333334
12947,1754,Long,1900-01-01 21:40:00,1900-01-01 04:30:00,6.833333333333333
12948,1754,Long,1900-01-01 23:35:00,1900-01-01 05:20:00,5.75
12949,2664,Long,1900-01-01 08:10:00,1900-01-01 08:05:00,23.916666666666668
12950,2670,Long,1900-01-01 21:25:00,1900-01-01 20:30:00,23.083333333333332
12951,1373,Long,1900-01-01 17:00:00,1900-01-01 08:35:00,15.583333333333334
12952,1376,Long,1900-01-01 16:25:00,1900-01-01 08:15:00,15.833333333333334
12953,1366,Long,1900-01-01 17:40:00,1900-01-01 10:55:00,17.25
12954,1369,Long,1900-01-01 16:50:00,1900-01-01 09:45:00,16.916666666666668
12955,1157,Long,1900-01-01 18:50:00,1900-01-01 12:40:00,17.833333333333332
12956,1158,Long,1900-01-01 14:00:00,1900-01-01 07:40:00,17.666666666666668
12957,931,Long,1900-01-01 17:40:00,1900-01-01 07:30:00,13.833333333333334
12958,934,Long,1900-01-01 19:55:00,1900-01-01 09:40:00,13.75
12959,972,Long,1900-01-01 00:05:00,1900-01-01 17:50:00,17.75
12960,972,Long,1900-01-01 18:30:00,1900-01-01 12:00:00,17.5
12961,831,Long,1900-01-01 19:10:00,1900-01-01 09:15:00,14.083333333333334
12962,831,Long,1900-01-01 16:20:00,1900-01-01 06:10:00,13.833333333333334
12963,735,Long,1900-01-01 19:00:00,1900-01-01 07:15:00,12.25
12964,733,Long,1900-01-01 18:15:00,1900-01-01 06:35:00,12.333333333333334
12967,2179,Long,1900-01-01 17:40:00,1900-01-01 06:15:00,12.583333333333334
12968,2174,Long,1900-01-01 19:35:00,1900-01-01 09:45:00,14.166666666666666
12969,2673,Long,1900-01-01 09:20:00,1900-01-01 06:15:00,20.916666666666668
12970,2667,Long,1900-01-01 19:35:00,1900-01-01 18:00:00,22.416666666666668
12971,778,Long,1900-01-01 21:30:00,1900-01-01 10:30:00,13.0
12972,778,Long,1900-01-01 18:35:00,1900-01-01 08:40:00,14.083333333333334
12973,593,Long,1900-01-01 22:25:00,1900-01-01 08:20:00,9.916666666666666
12974,593,Long,1900-01-01 21:05:00,1900-01-01 07:10:00,10.083333333333334
12975,2483,Long,1900-01-01 10:20:00,1900-01-01 06:15:00,19.916666666666668
12976,2483,Long,1900-01-01 19:35:00,1900-01-01 15:45:00,20.166666666666668
12977,778,Long,1900-01-01 20:25:00,1900-01-01 12:08:00,15.716666666666667
12978,2560,Long,1900-01-01 21:20:00,1900-01-01 03:20:00,6.0
12979,1146,Long,1900-01-01 15:50:00,1900-01-01 10:45:00,18.916666666666668
12980,1147,Long,1900-01-01 20:25:00,1900-01-01 14:20:00,17.916666666666668
12981,672,Long,1900-01-01 19:40:00,1900-01-01 07:50:00,12.166666666666666
12982,672,Long,1900-01-01 17:15:00,1900-01-01 05:05:00,11.833333333333334
12983,715,Long,1900-01-01 17:55:00,1900-01-01 06:45:00,12.833333333333334
12984,715,Long,1900-01-01 20:50:00,1900-01-01 09:40:00,12.833333333333334
12985,302,Medium,1900-01-01 06:00:00,1900-01-01 10:30:00,4.5
12986,302,Medium,1900-01-01 17:35:00,1900-01-01 22:05:00,4.5
12987,1637,Long,1900-01-01 22:55:00,1900-01-01 02:45:00,3.8333333333333335
12988,1638,Long,1900-01-01 12:50:00,1900-01-01 16:00:00,3.1666666666666665
12989,974,Long,1900-01-01 14:35:00,1900-01-01 08:15:00,17.666666666666668
12990,976,Long,1900-01-01 19:20:00,1900-01-01 12:40:00,17.333333333333332
12991,434,Medium,1900-01-01 06:00:00,1900-01-01 13:30:00,7.5
12992,434,Medium,1900-01-01 14:00:00,1900-01-01 21:30:00,7.5
12993,2288,Long,1900-01-01 22:45:00,1900-01-01 16:10:00,17.416666666666668
12994,2295,Long,1900-01-01 19:45:00,1900-01-01 13:00:00,17.25
12995,944,Long,1900-01-01 15:50:00,1900-01-01 08:55:00,17.083333333333332
12996,945,Long,1900-01-01 21:35:00,1900-01-01 14:20:00,16.75
13005,1906,Long,1900-01-01 19:10:00,1900-01-01 08:55:00,13.75
13006,1907,Long,1900-01-01 18:40:00,1900-01-01 07:20:00,12.666666666666666
13007,1949,Long,1900-01-01 09:35:00,1900-01-01 07:00:00,21.416666666666668
13008,1952,Long,1900-01-01 21:00:00,1900-01-01 19:30:00,22.5
13009,1558,Long,1900-01-01 20:25:00,1900-01-01 07:35:00,11.166666666666666
13010,1559,Long,1900-01-01 20:00:00,1900-01-01 06:55:00,10.916666666666666
13011,340,Medium,1900-01-01 15:25:00,1900-01-01 22:50:00,7.416666666666667
13012,340,Medium,1900-01-01 04:30:00,1900-01-01 11:25:00,6.916666666666667
13013,111,Short,1900-01-01 07:15:00,1900-01-01 09:35:00,2.3333333333333335
13014,111,Short,1900-01-01 18:40:00,1900-01-01 21:25:00,2.75
13015,158,Short,1900-01-01 10:40:00,1900-01-01 13:45:00,3.0833333333333335
13016,158,Short,1900-01-01 14:10:00,1900-01-01 17:15:00,3.0833333333333335
13017,275,Medium,1900-01-01 06:05:00,1900-01-01 12:00:00,5.916666666666667
13018,275,Medium,1900-01-01 15:40:00,1900-01-01 21:45:00,6.083333333333333
13019,1517,Long,1900-01-01 21:45:00,1900-01-01 09:25:00,11.666666666666666
13020,1521,Long,1900-01-01 21:55:00,1900-01-01 12:40:00,14.75
13021,691,Long,1900-01-01 15:45:00,1900-01-01 08:25:00,16.666666666666668
13022,692,Long,1900-01-01 10:00:00,1900-01-01 04:00:00,18.0
13023,658,Long,1900-01-01 19:50:00,1900-01-01 11:15:00,15.416666666666666
13024,658,Long,1900-01-01 12:20:00,1900-01-01 03:40:00,15.333333333333334
13027,275,Medium,1900-01-01 22:40:00,1900-01-01 04:20:00,5.666666666666667
13028,275,Medium,1900-01-01 07:50:00,1900-01-01 13:55:00,6.083333333333333
13033,419,Medium,1900-01-01 21:25:00,1900-01-01 09:45:00,12.333333333333334
13034,419,Medium,1900-01-01 15:30:00,1900-01-01 04:15:00,12.75
13043,697,Long,1900-01-01 22:50:00,1900-01-01 15:45:00,16.916666666666668
13044,698,Long,1900-01-01 20:30:00,1900-01-01 12:15:00,15.75
13049,1908,Long,1900-01-01 13:50:00,1900-01-01 10:20:00,20.5
13050,1909,Long,1900-01-01 18:10:00,1900-01-01 15:45:00,21.583333333333332
13053,210,Medium,1900-01-01 08:35:00,1900-01-01 13:50:00,5.25
13054,210,Medium,1900-01-01 17:30:00,1900-01-01 22:40:00,5.166666666666667
13063,403,Medium,1900-01-01 07:55:00,1900-01-01 19:30:00,11.583333333333334
13064,424,Medium,1900-01-01 20:30:00,1900-01-01 06:15:00,9.75
13071,472,Medium,1900-01-01 21:35:00,1900-01-01 07:10:00,9.583333333333334
13072,472,Medium,1900-01-01 19:30:00,1900-01-01 05:30:00,10.0
13103,229,Medium,1900-01-01 18:20:00,1900-01-01 22:55:00,4.583333333333333
13104,229,Medium,1900-01-01 05:35:00,1900-01-01 10:25:00,4.833333333333333
13105,680,Long,1900-01-01 13:20:00,1900-01-01 06:10:00,16.833333333333332
13106,681,Long,1900-01-01 08:50:00,1900-01-01 03:35:00,18.75
13109,112,Short,1900-01-01 07:10:00,1900-01-01 09:25:00,2.25
13110,112,Short,1900-01-01 13:45:00,1900-01-01 16:00:00,2.25
13113,222,Medium,1900-01-01 06:50:00,1900-01-01 11:20:00,4.5
13114,222,Medium,1900-01-01 16:20:00,1900-01-01 21:25:00,5.083333333333333
13117,222,Medium,1900-01-01 16:10:00,1900-01-01 20:45:00,4.583333333333333
13118,222,Medium,1900-01-01 06:40:00,1900-01-01 11:20:00,4.666666666666667
13119,1627,Long,1900-01-01 21:15:00,1900-01-01 11:40:00,14.416666666666666
13120,1627,Long,1900-01-01 18:15:00,1900-01-01 10:55:00,16.666666666666668
13121,740,Long,1900-01-01 20:05:00,1900-01-01 10:30:00,14.416666666666666
13122,741,Long,1900-01-01 14:10:00,1900-01-01 05:15:00,15.083333333333334
13129,78,Short,1900-01-01 07:10:00,1900-01-01 08:55:00,1.75
13130,78,Short,1900-01-01 16:20:00,1900-01-01 18:10:00,1.8333333333333333
13131,545,Long,1900-01-01 19:50:00,1900-01-01 09:45:00,13.916666666666666
13132,546,Long,1900-01-01 17:10:00,1900-01-01 07:30:00,14.333333333333334
13133,871,Long,1900-01-01 21:15:00,1900-01-01 21:40:00,0.4166666666666667
13134,871,Long,1900-01-01 08:40:00,1900-01-01 10:55:00,2.25
13135,618,Long,1900-01-01 20:55:00,1900-01-01 10:55:00,14.0
13136,619,Long,1900-01-01 12:40:00,1900-01-01 03:45:00,15.083333333333334
13137,785,Long,1900-01-01 11:25:00,1900-01-01 06:05:00,18.666666666666668
13138,786,Long,1900-01-01 08:00:00,1900-01-01 03:45:00,19.75
13141,716,Long,1900-01-01 13:40:00,1900-01-01 07:15:00,17.583333333333332
13142,716,Long,1900-01-01 11:45:00,1900-01-01 04:35:00,16.833333333333332
13145,473,Medium,1900-01-01 19:30:00,1900-01-01 06:50:00,11.333333333333334
13146,473,Medium,1900-01-01 17:50:00,1900-01-01 05:35:00,11.75
13147,692,Long,1900-01-01 19:35:00,1900-01-01 09:40:00,14.083333333333334
13148,692,Long,1900-01-01 15:25:00,1900-01-01 05:10:00,13.75
13149,734,Long,1900-01-01 20:30:00,1900-01-01 12:10:00,15.666666666666666
13150,734,Long,1900-01-01 15:30:00,1900-01-01 08:15:00,16.75
13151,1978,Long,1900-01-01 11:45:00,1900-01-01 09:10:00,21.416666666666668
13152,1979,Long,1900-01-01 18:55:00,1900-01-01 15:45:00,20.833333333333332
13153,350,Medium,1900-01-01 22:15:00,1900-01-01 06:00:00,7.75
13154,350,Medium,1900-01-01 21:35:00,1900-01-01 05:20:00,7.75
13155,618,Long,1900-01-01 20:55:00,1900-01-01 11:00:00,14.083333333333334
13156,618,Long,1900-01-01 12:55:00,1900-01-01 03:45:00,14.833333333333334
13157,564,Long,1900-01-01 20:55:00,1900-01-01 09:15:00,12.333333333333334
13158,565,Long,1900-01-01 14:40:00,1900-01-01 03:45:00,13.083333333333334
13159,542,Long,1900-01-01 20:55:00,1900-01-01 11:05:00,14.166666666666666
13160,542,Long,1900-01-01 14:35:00,1900-01-01 03:20:00,12.75
13161,427,Medium,1900-01-01 12:55:00,1900-01-01 22:35:00,9.666666666666666
13162,426,Medium,1900-01-01 05:30:00,1900-01-01 14:25:00,8.916666666666666
13163,589,Long,1900-01-01 20:10:00,1900-01-01 12:35:00,16.416666666666668
13164,589,Long,1900-01-01 14:20:00,1900-01-01 07:15:00,16.916666666666668
13165,606,Long,1900-01-01 22:45:00,1900-01-01 13:00:00,14.25
13166,618,Long,1900-01-01 22:25:00,1900-01-01 12:25:00,14.0
13167,1462,Long,1900-01-01 12:10:00,1900-01-01 16:35:00,4.416666666666667
13168,1463,Long,1900-01-01 04:40:00,1900-01-01 08:45:00,4.083333333333333
13169,569,Long,1900-01-01 20:10:00,1900-01-01 12:35:00,16.416666666666668
13170,568,Long,1900-01-01 14:20:00,1900-01-01 07:15:00,16.916666666666668
13185,625,Long,1900-01-01 17:45:00,1900-01-01 08:50:00,15.083333333333334
13186,626,Long,1900-01-01 16:35:00,1900-01-01 06:55:00,14.333333333333334
13187,228,Medium,1900-01-01 07:20:00,1900-01-01 12:15:00,4.916666666666667
13188,228,Medium,1900-01-01 14:05:00,1900-01-01 18:45:00,4.666666666666667
13201,1698,Long,1900-01-01 23:45:00,1900-01-01 11:30:00,11.75
13202,1699,Long,1900-01-01 22:15:00,1900-01-01 09:55:00,11.666666666666666
13205,223,Medium,1900-01-01 23:00:00,1900-01-01 06:15:00,7.25
13206,223,Medium,1900-01-01 09:00:00,1900-01-01 14:50:00,5.833333333333333
13225,264,Medium,1900-01-01 10:45:00,1900-01-01 20:00:00,9.25
13226,264,Medium,1900-01-01 07:10:00,1900-01-01 15:05:00,7.916666666666667
13233,108,Short,1900-01-01 16:30:00,1900-01-01 20:25:00,3.9166666666666665
13234,108,Short,1900-01-01 07:40:00,1900-01-01 11:45:00,4.083333333333333
13235,305,Medium,1900-01-01 14:25:00,1900-01-01 23:35:00,9.166666666666666
13236,305,Medium,1900-01-01 04:55:00,1900-01-01 13:05:00,8.166666666666666
13237,1245,Long,1900-01-01 11:50:00,1900-01-01 12:55:00,1.0833333333333333
13238,1246,Long,1900-01-01 14:50:00,1900-01-01 17:30:00,2.6666666666666665
13239,1198,Long,1900-01-01 11:50:00,1900-01-01 12:55:00,1.0833333333333333
13240,1199,Long,1900-01-01 14:50:00,1900-01-01 17:30:00,2.6666666666666665
13241,271,Medium,1900-01-01 07:35:00,1900-01-01 15:00:00,7.416666666666667
13242,271,Medium,1900-01-01 23:55:00,1900-01-01 06:50:00,6.916666666666667
13243,242,Medium,1900-01-01 17:45:00,1900-01-01 23:35:00,5.833333333333333
13244,242,Medium,1900-01-01 04:15:00,1900-01-01 10:15:00,6.0
13245,487,Medium,1900-01-01 14:40:00,1900-01-01 03:20:00,12.666666666666666
13246,485,Medium,1900-01-01 23:15:00,1900-01-01 11:30:00,12.25
13247,969,Long,1900-01-01 05:00:00,1900-01-01 03:20:00,22.333333333333332
13248,967,Long,1900-01-01 23:15:00,1900-01-01 21:55:00,22.666666666666668
13249,193,Short,1900-01-01 05:05:00,1900-01-01 10:10:00,5.083333333333333
13250,193,Short,1900-01-01 10:50:00,1900-01-01 16:45:00,5.916666666666667
13257,971,Long,1900-01-01 15:45:00,1900-01-01 10:40:00,18.916666666666668
13258,971,Long,1900-01-01 13:30:00,1900-01-01 07:30:00,18.0
13287,1112,Long,1900-01-01 07:25:00,1900-01-01 07:45:00,0.3333333333333333
13288,1113,Long,1900-01-01 20:25:00,1900-01-01 20:40:00,0.25
13301,198,Short,1900-01-01 05:35:00,1900-01-01 11:25:00,5.833333333333333
13302,197,Short,1900-01-01 13:20:00,1900-01-01 18:45:00,5.416666666666667
13303,295,Medium,1900-01-01 05:10:00,1900-01-01 12:00:00,6.833333333333333
13304,292,Medium,1900-01-01 16:00:00,1900-01-01 23:05:00,7.083333333333333
13305,198,Short,1900-01-01 06:00:00,1900-01-01 09:55:00,3.9166666666666665
13306,198,Short,1900-01-01 17:40:00,1900-01-01 21:40:00,4.0
13307,1600,Long,1900-01-01 21:20:00,1900-01-01 10:15:00,12.916666666666666
13308,1600,Long,1900-01-01 18:25:00,1900-01-01 04:55:00,10.5
13319,331,Medium,1900-01-01 04:45:00,1900-01-01 12:50:00,8.083333333333334
13320,328,Medium,1900-01-01 13:25:00,1900-01-01 21:55:00,8.5
13329,290,Medium,1900-01-01 23:10:00,1900-01-01 05:30:00,6.333333333333333
13330,290,Medium,1900-01-01 23:15:00,1900-01-01 05:20:00,6.083333333333333
13331,367,Medium,1900-01-01 08:10:00,1900-01-01 18:30:00,10.333333333333334
13332,367,Medium,1900-01-01 08:25:00,1900-01-01 16:35:00,8.166666666666666
13345,208,Medium,1900-01-01 14:10:00,1900-01-01 20:50:00,6.666666666666667
13346,208,Medium,1900-01-01 05:45:00,1900-01-01 13:00:00,7.25
13347,493,Medium,1900-01-01 18:10:00,1900-01-01 08:10:00,14.0
13348,493,Medium,1900-01-01 19:30:00,1900-01-01 07:45:00,12.25
13351,2535,Long,1900-01-01 10:30:00,1900-01-01 19:25:00,8.916666666666666
13352,2534,Long,1900-01-01 05:55:00,1900-01-01 13:30:00,7.583333333333333
13401,230,Medium,1900-01-01 05:35:00,1900-01-01 12:40:00,7.083333333333333
13402,230,Medium,1900-01-01 16:00:00,1900-01-01 22:25:00,6.416666666666667
13403,572,Long,1900-01-01 19:15:00,1900-01-01 10:10:00,14.916666666666666
13404,575,Long,1900-01-01 19:05:00,1900-01-01 08:40:00,13.583333333333334
13409,231,Medium,1900-01-01 05:40:00,1900-01-01 11:10:00,5.5
13410,231,Medium,1900-01-01 15:15:00,1900-01-01 21:00:00,5.75
13413,1399,Long,1900-01-01 19:10:00,1900-01-01 04:40:00,9.5
13414,1399,Long,1900-01-01 21:40:00,1900-01-01 07:05:00,9.416666666666666
13415,399,Medium,1900-01-01 20:30:00,1900-01-01 06:00:00,9.5
13416,399,Medium,1900-01-01 21:50:00,1900-01-01 08:20:00,10.5
13417,659,Long,1900-01-01 23:55:00,1900-01-01 14:25:00,14.5
13418,660,Long,1900-01-01 07:50:00,1900-01-01 22:40:00,14.833333333333334
13419,239,Medium,1900-01-01 14:05:00,1900-01-01 20:40:00,6.583333333333333
13420,239,Medium,1900-01-01 23:05:00,1900-01-01 06:00:00,6.916666666666667
13421,224,Medium,1900-01-01 04:40:00,1900-01-01 09:30:00,4.833333333333333
13422,224,Medium,1900-01-01 15:50:00,1900-01-01 20:55:00,5.083333333333333
13423,1748,Long,1900-01-01 13:05:00,1900-01-01 23:55:00,10.833333333333334
13424,1749,Long,1900-01-01 05:55:00,1900-01-01 17:30:00,11.583333333333334
13425,2141,Long,1900-01-01 12:30:00,1900-01-01 04:50:00,16.333333333333332
13426,2130,Long,1900-01-01 12:50:00,1900-01-01 06:15:00,17.416666666666668
13429,1405,Long,1900-01-01 09:05:00,1900-01-01 14:35:00,5.5
13430,1405,Long,1900-01-01 17:10:00,1900-01-01 23:50:00,6.666666666666667
13465,329,Medium,1900-01-01 15:15:00,1900-01-01 22:20:00,7.083333333333333
13466,329,Medium,1900-01-01 06:10:00,1900-01-01 12:50:00,6.666666666666667
13483,1447,Long,1900-01-01 19:10:00,1900-01-01 04:40:00,9.5
13484,1447,Long,1900-01-01 21:40:00,1900-01-01 07:05:00,9.416666666666666
13501,330,Medium,1900-01-01 14:00:00,1900-01-01 20:35:00,6.583333333333333
13502,323,Medium,1900-01-01 05:40:00,1900-01-01 12:15:00,6.583333333333333
13505,379,Medium,1900-01-01 14:30:00,1900-01-01 22:30:00,8.0
13506,372,Medium,1900-01-01 05:40:00,1900-01-01 13:40:00,8.0
13507,641,Long,1900-01-01 16:15:00,1900-01-01 05:50:00,13.583333333333334
13508,643,Long,1900-01-01 20:55:00,1900-01-01 11:15:00,14.333333333333334
13509,859,Long,1900-01-01 16:15:00,1900-01-01 13:00:00,20.75
13510,861,Long,1900-01-01 15:00:00,1900-01-01 11:15:00,20.25
13511,166,Short,1900-01-01 13:00:00,1900-01-01 16:30:00,3.5
13512,166,Short,1900-01-01 09:05:00,1900-01-01 12:25:00,3.3333333333333335
14001,471,Medium,1900-01-01 23:10:00,1900-01-01 07:15:00,8.083333333333334
14002,471,Medium,1900-01-01 20:00:00,1900-01-01 03:20:00,7.333333333333333
14003,1418,Long,1900-01-01 09:05:00,1900-01-01 14:40:00,5.583333333333333
14004,1418,Long,1900-01-01 18:00:00,1900-01-01 23:50:00,5.833333333333333
14005,1182,Long,1900-01-01 02:35:00,1900-01-01 04:35:00,2.0
14006,1183,Long,1900-01-01 15:10:00,1900-01-01 20:30:00,5.333333333333333
14007,1235,Long,1900-01-01 23:55:00,1900-01-01 04:45:00,4.833333333333333
14008,1236,Long,1900-01-01 16:25:00,1900-01-01 22:00:00,5.583333333333333
14011,410,Medium,1900-01-01 21:00:00,1900-01-01 05:20:00,8.333333333333334
14012,410,Medium,1900-01-01 22:10:00,1900-01-01 07:10:00,9.0
14013,627,Long,1900-01-01 15:30:00,1900-01-01 04:45:00,13.25
14014,627,Long,1900-01-01 16:25:00,1900-01-01 06:30:00,14.083333333333334
14015,1218,Long,1900-01-01 00:20:00,1900-01-01 04:45:00,4.416666666666667
14016,1219,Long,1900-01-01 16:25:00,1900-01-01 21:30:00,5.083333333333333
14017,1282,Long,1900-01-01 23:55:00,1900-01-01 04:45:00,4.833333333333333
14018,1283,Long,1900-01-01 16:25:00,1900-01-01 22:00:00,5.583333333333333
14019,2478,Long,1900-01-01 14:00:00,1900-01-01 12:50:00,22.833333333333332
14020,2479,Long,1900-01-01 23:55:00,1900-01-01 00:30:00,0.5833333333333334
14021,291,Medium,1900-01-01 22:25:00,1900-01-01 05:45:00,7.333333333333333
14022,291,Medium,1900-01-01 22:15:00,1900-01-01 05:40:00,7.416666666666667
14033,653,Long,1900-01-01 20:10:00,1900-01-01 11:05:00,14.916666666666666
14034,653,Long,1900-01-01 14:35:00,1900-01-01 05:45:00,15.166666666666666
14035,495,Medium,1900-01-01 22:45:00,1900-01-01 08:20:00,9.583333333333334
14036,495,Medium,1900-01-01 23:20:00,1900-01-01 10:25:00,11.083333333333334
14041,338,Medium,1900-01-01 21:30:00,1900-01-01 08:30:00,11.0
14042,338,Medium,1900-01-01 21:20:00,1900-01-01 08:30:00,11.166666666666666
14043,237,Medium,1900-01-01 15:10:00,1900-01-01 22:20:00,7.166666666666667
14044,237,Medium,1900-01-01 07:20:00,1900-01-01 14:30:00,7.166666666666667
14055,2578,Long,1900-01-01 23:25:00,1900-01-01 06:05:00,6.666666666666667
14056,2579,Long,1900-01-01 23:40:00,1900-01-01 04:25:00,4.75
14085,263,Medium,1900-01-01 18:00:00,1900-01-01 00:40:00,6.666666666666667
14086,263,Medium,1900-01-01 03:30:00,1900-01-01 09:58:00,6.466666666666667
14095,269,Medium,1900-01-01 05:35:00,1900-01-01 11:10:00,5.583333333333333
14096,269,Medium,1900-01-01 16:55:00,1900-01-01 22:40:00,5.75
14101,208,Medium,1900-01-01 16:35:00,1900-01-01 20:50:00,4.25
14102,208,Medium,1900-01-01 09:40:00,1900-01-01 14:40:00,5.0
14109,213,Medium,1900-01-01 15:00:00,1900-01-01 20:05:00,5.083333333333333
14110,213,Medium,1900-01-01 10:10:00,1900-01-01 14:35:00,4.416666666666667
14113,360,Medium,1900-01-01 03:30:00,1900-01-01 13:10:00,9.666666666666666
14114,360,Medium,1900-01-01 13:20:00,1900-01-01 22:25:00,9.083333333333334
14115,724,Long,1900-01-01 23:45:00,1900-01-01 13:45:00,14.0
14116,724,Long,1900-01-01 16:05:00,1900-01-01 07:05:00,15.0
14117,263,Medium,1900-01-01 04:30:00,1900-01-01 11:20:00,6.833333333333333
14118,263,Medium,1900-01-01 13:30:00,1900-01-01 20:30:00,7.0
14119,335,Medium,1900-01-01 19:45:00,1900-01-01 04:20:00,8.583333333333334
14120,335,Medium,1900-01-01 22:55:00,1900-01-01 07:10:00,8.25
14123,246,Medium,1900-01-01 04:35:00,1900-01-01 09:40:00,5.083333333333333
14124,246,Medium,1900-01-01 17:35:00,1900-01-01 23:00:00,5.416666666666667
14125,202,Medium,1900-01-01 18:15:00,1900-01-01 01:05:00,6.833333333333333
14126,202,Medium,1900-01-01 02:45:00,1900-01-01 08:40:00,5.916666666666667
14151,429,Medium,1900-01-01 07:50:00,1900-01-01 18:20:00,10.5
14152,478,Medium,1900-01-01 19:45:00,1900-01-01 07:30:00,11.75
14163,629,Long,1900-01-01 17:45:00,1900-01-01 06:40:00,12.916666666666666
14164,629,Long,1900-01-01 19:00:00,1900-01-01 08:10:00,13.166666666666666
14201,197,Short,1900-01-01 16:20:00,1900-01-01 21:40:00,5.333333333333333
14202,197,Short,1900-01-01 06:45:00,1900-01-01 12:05:00,5.333333333333333
14203,301,Medium,1900-01-01 16:20:00,1900-01-01 22:10:00,5.833333333333333
14204,301,Medium,1900-01-01 07:00:00,1900-01-01 13:30:00,6.5
14205,614,Long,1900-01-01 17:25:00,1900-01-01 05:40:00,12.25
14206,614,Long,1900-01-01 18:25:00,1900-01-01 07:20:00,12.916666666666666
14207,659,Long,1900-01-01 17:00:00,1900-01-01 06:45:00,13.75
14208,659,Long,1900-01-01 19:50:00,1900-01-01 08:20:00,12.5
14209,194,Short,1900-01-01 15:40:00,1900-01-01 19:25:00,3.75
14210,194,Short,1900-01-01 07:30:00,1900-01-01 11:30:00,4.0
14211,188,Short,1900-01-01 06:00:00,1900-01-01 10:20:00,4.333333333333333
14212,191,Short,1900-01-01 17:35:00,1900-01-01 22:05:00,4.5
14213,254,Medium,1900-01-01 14:15:00,1900-01-01 20:15:00,6.0
14214,255,Medium,1900-01-01 06:55:00,1900-01-01 13:40:00,6.75
14215,200,Medium,1900-01-01 06:00:00,1900-01-01 10:10:00,4.166666666666667
14216,200,Medium,1900-01-01 18:00:00,1900-01-01 22:25:00,4.416666666666667
14217,875,Long,1900-01-01 14:05:00,1900-01-01 09:25:00,19.333333333333332
14218,875,Long,1900-01-01 16:40:00,1900-01-01 10:55:00,18.25
14219,301,Medium,1900-01-01 05:10:00,1900-01-01 11:25:00,6.25
14220,301,Medium,1900-01-01 12:55:00,1900-01-01 20:25:00,7.5
14221,203,Medium,1900-01-01 05:05:00,1900-01-01 10:20:00,5.25
14222,203,Medium,1900-01-01 12:55:00,1900-01-01 18:00:00,5.083333333333333
14227,276,Medium,1900-01-01 04:45:00,1900-01-01 09:50:00,5.083333333333333
14228,276,Medium,1900-01-01 17:50:00,1900-01-01 23:30:00,5.666666666666667
14235,558,Long,1900-01-01 23:40:00,1900-01-01 14:20:00,14.666666666666666
14236,558,Long,1900-01-01 15:35:00,1900-01-01 06:50:00,15.25
14257,793,Long,1900-01-01 14:00:00,1900-01-01 06:15:00,16.25
14258,793,Long,1900-01-01 11:35:00,1900-01-01 04:35:00,17.0
14260,319,Medium,1900-01-01 23:35:00,1900-01-01 06:35:00,7.0
14265,845,Long,1900-01-01 08:25:00,1900-01-01 06:30:00,22.083333333333332
14266,845,Long,1900-01-01 18:15:00,1900-01-01 15:35:00,21.333333333333332
14307,460,Medium,1900-01-01 22:15:00,1900-01-01 10:55:00,12.666666666666666
14308,460,Medium,1900-01-01 17:15:00,1900-01-01 05:35:00,12.333333333333334
14309,1226,Long,1900-01-01 15:00:00,1900-01-01 19:40:00,4.666666666666667
14310,1228,Long,1900-01-01 05:50:00,1900-01-01 09:05:00,3.25
14311,1543,Long,1900-01-01 06:00:00,1900-01-01 14:00:00,8.0
14312,1540,Long,1900-01-01 12:40:00,1900-01-01 20:35:00,7.916666666666667
14313,1592,Long,1900-01-01 08:05:00,1900-01-01 15:30:00,7.416666666666667
14314,1591,Long,1900-01-01 11:00:00,1900-01-01 20:00:00,9.0
14315,257,Medium,1900-01-01 04:35:00,1900-01-01 10:15:00,5.666666666666667
14316,257,Medium,1900-01-01 16:35:00,1900-01-01 21:50:00,5.25
14317,1165,Long,1900-01-01 15:00:00,1900-01-01 19:40:00,4.666666666666667
14318,1168,Long,1900-01-01 05:50:00,1900-01-01 06:40:00,0.8333333333333334
14319,1021,Long,1900-01-01 16:50:00,1900-01-01 15:30:00,22.666666666666668
14320,1020,Long,1900-01-01 11:00:00,1900-01-01 11:05:00,0.08333333333333333
14321,1409,Long,1900-01-01 06:00:00,1900-01-01 09:30:00,3.5
14322,1407,Long,1900-01-01 17:05:00,1900-01-01 20:35:00,3.5
14323,71,Short,1900-01-01 10:35:00,1900-01-01 12:55:00,2.3333333333333335
14324,71,Short,1900-01-01 14:15:00,1900-01-01 16:00:00,1.75
14369,722,Long,1900-01-01 16:20:00,1900-01-01 12:35:00,20.25
14370,722,Long,1900-01-01 12:10:00,1900-01-01 07:35:00,19.416666666666668
14371,201,Medium,1900-01-01 13:00:00,1900-01-01 17:15:00,4.25
14372,201,Medium,1900-01-01 05:55:00,1900-01-01 10:45:00,4.833333333333333
14501,523,Long,1900-01-01 20:50:00,1900-01-01 07:25:00,10.583333333333334
14502,523,Long,1900-01-01 23:15:00,1900-01-01 10:20:00,11.083333333333334
14503,479,Medium,1900-01-01 19:00:00,1900-01-01 04:35:00,9.583333333333334
14504,479,Medium,1900-01-01 21:20:00,1900-01-01 07:50:00,10.5
14505,286,Medium,1900-01-01 14:05:00,1900-01-01 19:50:00,5.75
14506,286,Medium,1900-01-01 07:25:00,1900-01-01 13:20:00,5.916666666666667
14511,773,Long,1900-01-01 17:40:00,1900-01-01 11:55:00,18.25
14512,773,Long,1900-01-01 16:50:00,1900-01-01 09:55:00,17.083333333333332
14519,335,Medium,1900-01-01 14:50:00,1900-01-01 22:20:00,7.5
14520,335,Medium,1900-01-01 06:55:00,1900-01-01 14:10:00,7.25
14521,261,Medium,1900-01-01 13:10:00,1900-01-01 18:45:00,5.583333333333333
14522,261,Medium,1900-01-01 05:40:00,1900-01-01 11:40:00,6.0
14523,1295,Long,1900-01-01 05:00:00,1900-01-01 07:55:00,2.9166666666666665
14524,1296,Long,1900-01-01 22:45:00,1900-01-01 02:10:00,3.4166666666666665
14525,314,Medium,1900-01-01 05:15:00,1900-01-01 12:00:00,6.75
14526,314,Medium,1900-01-01 14:00:00,1900-01-01 20:55:00,6.916666666666667
14545,212,Medium,1900-01-01 13:10:00,1900-01-01 21:25:00,8.25
14546,203,Medium,1900-01-01 06:05:00,1900-01-01 12:40:00,6.583333333333333
14553,398,Medium,1900-01-01 22:55:00,1900-01-01 08:45:00,9.833333333333334
14554,398,Medium,1900-01-01 20:10:00,1900-01-01 05:30:00,9.333333333333334
14555,271,Medium,1900-01-01 14:10:00,1900-01-01 21:45:00,7.583333333333333
14556,271,Medium,1900-01-01 06:00:00,1900-01-01 13:05:00,7.083333333333333
14601,184,Short,1900-01-01 05:10:00,1900-01-01 08:55:00,3.75
14602,184,Short,1900-01-01 12:10:00,1900-01-01 16:35:00,4.416666666666667
14603,1568,Long,1900-01-01 16:25:00,1900-01-01 02:55:00,10.5
14604,1571,Long,1900-01-01 13:10:00,1900-01-01 20:00:00,6.833333333333333
14609,635,Long,1900-01-01 16:25:00,1900-01-01 06:30:00,14.083333333333334
14610,635,Long,1900-01-01 16:20:00,1900-01-01 08:35:00,16.25
14611,1385,Long,1900-01-01 08:30:00,1900-01-01 12:35:00,4.083333333333333
14613,236,Medium,1900-01-01 16:30:00,1900-01-01 21:30:00,5.0
14614,236,Medium,1900-01-01 07:00:00,1900-01-01 11:45:00,4.75
14615,661,Long,1900-01-01 23:15:00,1900-01-01 15:15:00,16.0
14616,661,Long,1900-01-01 05:55:00,1900-01-01 20:25:00,14.5
14623,1027,Long,1900-01-01 10:15:00,1900-01-01 06:15:00,20.0
14624,1029,Long,1900-01-01 12:20:00,1900-01-01 09:50:00,21.5
14625,382,Medium,1900-01-01 06:45:00,1900-01-01 14:15:00,7.5
14626,382,Medium,1900-01-01 04:20:00,1900-01-01 11:40:00,7.333333333333333
14629,123,Short,1900-01-01 07:10:00,1900-01-01 09:45:00,2.5833333333333335
14630,123,Short,1900-01-01 17:40:00,1900-01-01 20:10:00,2.5
14631,462,Medium,1900-01-01 19:00:00,1900-01-01 07:30:00,12.5
14632,462,Medium,1900-01-01 22:10:00,1900-01-01 10:35:00,12.416666666666666
14633,106,Short,1900-01-01 09:15:00,1900-01-01 11:45:00,2.5
14634,106,Short,1900-01-01 14:10:00,1900-01-01 16:40:00,2.5
14645,639,Long,1900-01-01 15:50:00,1900-01-01 05:25:00,13.583333333333334
14646,639,Long,1900-01-01 21:00:00,1900-01-01 10:55:00,13.916666666666666
14649,1668,Long,1900-01-01 07:15:00,1900-01-01 23:55:00,16.666666666666668
14650,1669,Long,1900-01-01 11:55:00,1900-01-01 01:15:00,13.333333333333334
14659,919,Long,1900-01-01 17:35:00,1900-01-01 11:45:00,18.166666666666668
14660,919,Long,1900-01-01 16:45:00,1900-01-01 11:15:00,18.5
14661,209,Medium,1900-01-01 05:30:00,1900-01-01 09:30:00,4.0
14662,209,Medium,1900-01-01 18:00:00,1900-01-01 22:15:00,4.25
14673,1650,Long,1900-01-01 07:15:00,1900-01-01 23:55:00,16.666666666666668
14674,1653,Long,1900-01-01 11:55:00,1900-01-01 01:15:00,13.333333333333334
14681,438,Medium,1900-01-01 14:45:00,1900-01-01 23:50:00,9.083333333333334
14682,438,Medium,1900-01-01 04:10:00,1900-01-01 12:55:00,8.75
14703,314,Medium,1900-01-01 10:00:00,1900-01-01 16:35:00,6.583333333333333
14704,314,Medium,1900-01-01 07:20:00,1900-01-01 13:40:00,6.333333333333333
14707,1211,Long,1900-01-01 09:30:00,1900-01-01 09:40:00,0.16666666666666666
14708,1209,Long,1900-01-01 15:05:00,1900-01-01 15:35:00,0.5
14709,2094,Long,1900-01-01 17:05:00,1900-01-01 09:45:00,16.666666666666668
14710,2091,Long,1900-01-01 06:30:00,1900-01-01 22:00:00,15.5
14711,471,Medium,1900-01-01 14:15:00,1900-01-01 00:05:00,9.833333333333334
14712,471,Medium,1900-01-01 04:10:00,1900-01-01 13:30:00,9.333333333333334
14713,534,Long,1900-01-01 14:45:00,1900-01-01 02:35:00,11.833333333333334
14714,534,Long,1900-01-01 05:30:00,1900-01-01 18:00:00,12.5
14715,445,Medium,1900-01-01 04:30:00,1900-01-01 15:20:00,10.833333333333334
14716,445,Medium,1900-01-01 16:20:00,1900-01-01 02:00:00,9.666666666666666
14717,751,Long,1900-01-01 23:05:00,1900-01-01 15:20:00,16.25
14718,751,Long,1900-01-01 16:20:00,1900-01-01 07:55:00,15.583333333333334
14723,604,Long,1900-01-01 17:25:00,1900-01-01 09:40:00,16.25
14724,605,Long,1900-01-01 18:35:00,1900-01-01 11:10:00,16.583333333333332
14731,521,Long,1900-01-01 14:20:00,1900-01-01 01:00:00,10.666666666666666
14732,521,Long,1900-01-01 02:00:00,1900-01-01 12:45:00,10.75
14795,108,Short,1900-01-01 04:30:00,1900-01-01 06:55:00,2.4166666666666665
14796,108,Short,1900-01-01 20:40:00,1900-01-01 23:20:00,2.6666666666666665
14801,735,Long,1900-01-01 07:00:00,1900-01-01 23:00:00,16.0
14803,479,Medium,1900-01-01 10:25:00,1900-01-01 20:00:00,9.583333333333334
14804,479,Medium,1900-01-01 21:00:00,1900-01-01 07:00:00,10.0
14805,2242,Long,1900-01-01 10:30:00,1900-01-01 08:00:00,21.5
14806,2240,Long,1900-01-01 01:00:00,1900-01-01 03:15:00,2.25
14807,150,Short,1900-01-01 09:55:00,1900-01-01 12:50:00,2.9166666666666665
14808,150,Short,1900-01-01 14:20:00,1900-01-01 17:45:00,3.4166666666666665
14809,300,Medium,1900-01-01 06:45:00,1900-01-01 12:45:00,6.0
14810,300,Medium,1900-01-01 23:30:00,1900-01-01 06:00:00,6.5
14811,291,Medium,1900-01-01 14:20:00,1900-01-01 21:00:00,6.666666666666667
14812,291,Medium,1900-01-01 06:50:00,1900-01-01 13:10:00,6.333333333333333
14853,1193,Long,1900-01-01 17:25:00,1900-01-01 18:40:00,1.25
14854,1194,Long,1900-01-01 09:30:00,1900-01-01 10:30:00,1.0
14863,1145,Long,1900-01-01 18:15:00,1900-01-01 18:40:00,0.4166666666666667
14864,1146,Long,1900-01-01 09:30:00,1900-01-01 08:45:00,23.25
14865,1170,Long,1900-01-01 18:15:00,1900-01-01 18:40:00,0.4166666666666667
14866,1171,Long,1900-01-01 09:30:00,1900-01-01 08:50:00,23.333333333333332
14887,1082,Long,1900-01-01 21:30:00,1900-01-01 20:15:00,22.75
14888,1082,Long,1900-01-01 06:45:00,1900-01-01 05:55:00,23.166666666666668
14889,324,Medium,1900-01-01 01:00:00,1900-01-01 07:00:00,6.0
14890,324,Medium,1900-01-01 19:00:00,1900-01-01 23:50:00,4.833333333333333
15001,1122,Long,1900-01-01 14:00:00,1900-01-01 13:55:00,23.916666666666668
15002,1124,Long,1900-01-01 15:25:00,1900-01-01 16:10:00,0.75
15003,551,Long,1900-01-01 16:40:00,1900-01-01 06:55:00,14.25
15004,551,Long,1900-01-01 22:45:00,1900-01-01 12:05:00,13.333333333333334
15005,813,Long,1900-01-01 21:15:00,1900-01-01 13:55:00,16.666666666666668
15006,814,Long,1900-01-01 15:25:00,1900-01-01 08:05:00,16.666666666666668
15007,503,Long,1900-01-01 17:00:00,1900-01-01 05:45:00,12.75
15008,505,Long,1900-01-01 23:10:00,1900-01-01 12:25:00,13.25
15009,329,Medium,1900-01-01 22:00:00,1900-01-01 06:05:00,8.083333333333334
15011,698,Long,1900-01-01 23:00:00,1900-01-01 15:00:00,16.0
15012,698,Long,1900-01-01 17:05:00,1900-01-01 09:10:00,16.083333333333332
15013,1255,Long,1900-01-01 00:45:00,1900-01-01 05:05:00,4.333333333333333
15014,1256,Long,1900-01-01 20:40:00,1900-01-01 23:15:00,2.5833333333333335
15015,2501,Long,1900-01-01 06:35:00,1900-01-01 09:45:00,3.1666666666666665
15016,2504,Long,1900-01-01 07:35:00,1900-01-01 13:30:00,5.916666666666667
15017,1718,Long,1900-01-01 06:35:00,1900-01-01 19:10:00,12.583333333333334
15018,1718,Long,1900-01-01 05:30:00,1900-01-01 18:05:00,12.583333333333334
15019,81,Short,1900-01-01 11:30:00,1900-01-01 14:05:00,2.5833333333333335
15020,81,Short,1900-01-01 14:35:00,1900-01-01 17:00:00,2.4166666666666665
15021,1056,Long,1900-01-01 20:22:00,1900-01-01 16:25:00,20.05
15022,1055,Long,1900-01-01 13:40:00,1900-01-01 09:55:00,20.25
15023,2460,Long,1900-01-01 08:50:00,1900-01-01 11:15:00,2.4166666666666665
15024,2473,Long,1900-01-01 23:40:00,1900-01-01 19:45:00,20.083333333333332
15025,823,Long,1900-01-01 10:45:00,1900-01-01 03:45:00,17.0
15026,823,Long,1900-01-01 12:55:00,1900-01-01 06:40:00,17.75
15027,859,Long,1900-01-01 17:05:00,1900-01-01 17:25:00,0.3333333333333333
15028,864,Long,1900-01-01 07:25:00,1900-01-01 08:10:00,0.75
15029,1747,Long,1900-01-01 17:25:00,1900-01-01 04:05:00,10.666666666666666
15030,1748,Long,1900-01-01 10:45:00,1900-01-01 20:00:00,9.25
15033,243,Medium,1900-01-01 18:30:00,1900-01-01 23:35:00,5.083333333333333
15034,243,Medium,1900-01-01 08:35:00,1900-01-01 13:45:00,5.166666666666667
15035,278,Medium,1900-01-01 16:00:00,1900-01-01 22:45:00,6.75
15036,277,Medium,1900-01-01 08:45:00,1900-01-01 15:25:00,6.666666666666667
15037,246,Medium,1900-01-01 10:45:00,1900-01-01 16:40:00,5.916666666666667
15038,247,Medium,1900-01-01 12:20:00,1900-01-01 17:55:00,5.583333333333333
15039,107,Short,1900-01-01 06:50:00,1900-01-01 09:25:00,2.5833333333333335
15040,107,Short,1900-01-01 08:50:00,1900-01-01 10:50:00,2.0
15041,107,Short,1900-01-01 18:35:00,1900-01-01 20:50:00,2.25
15042,107,Short,1900-01-01 21:20:00,1900-01-01 23:40:00,2.3333333333333335
15043,341,Medium,1900-01-01 21:55:00,1900-01-01 08:00:00,10.083333333333334
15044,341,Medium,1900-01-01 10:50:00,1900-01-01 18:40:00,7.833333333333333
15045,2285,Long,1900-01-01 04:45:00,1900-01-01 03:55:00,23.166666666666668
15046,2286,Long,1900-01-01 21:00:00,1900-01-01 19:25:00,22.416666666666668
15047,855,Long,1900-01-01 14:30:00,1900-01-01 07:45:00,17.25
15048,858,Long,1900-01-01 11:30:00,1900-01-01 04:25:00,16.916666666666668
15049,879,Long,1900-01-01 14:30:00,1900-01-01 09:45:00,19.25
15050,882,Long,1900-01-01 08:00:00,1900-01-01 04:25:00,20.416666666666668
15051,873,Long,1900-01-01 14:30:00,1900-01-01 08:15:00,17.75
15052,875,Long,1900-01-01 10:10:00,1900-01-01 04:25:00,18.25
15053,535,Long,1900-01-01 19:35:00,1900-01-01 09:00:00,13.416666666666666
15054,536,Long,1900-01-01 20:50:00,1900-01-01 11:10:00,14.333333333333334
15055,440,Medium,1900-01-01 13:10:00,1900-01-01 23:45:00,10.583333333333334
15056,440,Medium,1900-01-01 17:40:00,1900-01-01 05:00:00,11.333333333333334
15057,748,Long,1900-01-01 20:55:00,1900-01-01 11:00:00,14.083333333333334
15058,749,Long,1900-01-01 17:10:00,1900-01-01 07:30:00,14.333333333333334
15059,248,Medium,1900-01-01 04:30:00,1900-01-01 11:00:00,6.5
15060,248,Medium,1900-01-01 14:05:00,1900-01-01 20:35:00,6.5
15063,1745,Long,1900-01-01 05:30:00,1900-01-01 16:00:00,10.5
15064,1745,Long,1900-01-01 17:50:00,1900-01-01 04:30:00,10.666666666666666
15065,1743,Long,1900-01-01 05:30:00,1900-01-01 16:20:00,10.833333333333334
15066,1743,Long,1900-01-01 17:50:00,1900-01-01 04:30:00,10.666666666666666
15067,1896,Long,1900-01-01 05:30:00,1900-01-01 20:05:00,14.583333333333334
15068,1895,Long,1900-01-01 00:20:00,1900-01-01 17:35:00,17.25
15069,333,Medium,1900-01-01 04:00:00,1900-01-01 10:05:00,6.083333333333333
15070,333,Medium,1900-01-01 16:30:00,1900-01-01 23:25:00,6.916666666666667
15097,1777,Long,1900-01-01 23:50:00,1900-01-01 12:35:00,12.75
15098,1780,Long,1900-01-01 22:45:00,1900-01-01 10:00:00,11.25
15101,1878,Long,1900-01-01 21:15:00,1900-01-01 06:15:00,9.0
15102,1882,Long,1900-01-01 15:35:00,1900-01-01 04:40:00,13.083333333333334
15103,234,Medium,1900-01-01 16:00:00,1900-01-01 21:45:00,5.75
15104,234,Medium,1900-01-01 05:25:00,1900-01-01 11:10:00,5.75
15105,177,Short,1900-01-01 06:20:00,1900-01-01 10:20:00,4.0
15106,179,Short,1900-01-01 17:10:00,1900-01-01 21:30:00,4.333333333333333
15111,222,Medium,1900-01-01 03:45:00,1900-01-01 08:40:00,4.916666666666667
15112,222,Medium,1900-01-01 18:35:00,1900-01-01 23:50:00,5.25
15115,996,Long,1900-01-01 11:15:00,1900-01-01 11:55:00,0.6666666666666666
15116,996,Long,1900-01-01 14:00:00,1900-01-01 13:20:00,23.333333333333332
15117,492,Medium,1900-01-01 08:25:00,1900-01-01 18:50:00,10.416666666666666
15118,493,Medium,1900-01-01 10:00:00,1900-01-01 20:35:00,10.583333333333334
15119,2790,Long,1900-01-01 23:00:00,1900-01-01 04:45:00,5.75
15120,2785,Long,1900-01-01 21:00:00,1900-01-01 00:35:00,3.5833333333333335
15159,1091,Long,1900-01-01 07:10:00,1900-01-01 07:30:00,0.3333333333333333
15160,1092,Long,1900-01-01 20:25:00,1900-01-01 21:40:00,1.25
15201,204,Medium,1900-01-01 16:40:00,1900-01-01 23:45:00,7.083333333333333
15202,204,Medium,1900-01-01 05:15:00,1900-01-01 11:10:00,5.916666666666667
15203,670,Long,1900-01-01 20:30:00,1900-01-01 13:00:00,16.5
15204,674,Long,1900-01-01 15:00:00,1900-01-01 08:00:00,17.0
15205,585,Long,1900-01-01 17:30:00,1900-01-01 07:10:00,13.666666666666666
15206,585,Long,1900-01-01 20:40:00,1900-01-01 09:30:00,12.833333333333334
15209,1520,Long,1900-01-01 08:45:00,1900-01-01 17:00:00,8.25
15210,1523,Long,1900-01-01 06:35:00,1900-01-01 15:30:00,8.916666666666666
15211,1485,Long,1900-01-01 17:20:00,1900-01-01 01:50:00,8.5
15212,1486,Long,1900-01-01 19:05:00,1900-01-01 03:00:00,7.916666666666667
15215,159,Short,1900-01-01 07:15:00,1900-01-01 11:35:00,4.333333333333333
15216,159,Short,1900-01-01 13:00:00,1900-01-01 16:50:00,3.8333333333333335
15227,2729,Long,1900-01-01 23:55:00,1900-01-01 04:00:00,4.083333333333333
15228,2729,Long,1900-01-01 07:25:00,1900-01-01 11:50:00,4.416666666666667
15231,1523,Long,1900-01-01 10:00:00,1900-01-01 18:50:00,8.833333333333334
15232,1520,Long,1900-01-01 21:00:00,1900-01-01 08:30:00,11.5
15233,534,Long,1900-01-01 10:40:00,1900-01-01 22:30:00,11.833333333333334
15234,534,Long,1900-01-01 15:45:00,1900-01-01 03:10:00,11.416666666666666
15235,535,Long,1900-01-01 11:05:00,1900-01-01 22:30:00,11.416666666666666
15236,536,Long,1900-01-01 15:45:00,1900-01-01 03:00:00,11.25
15267,1924,Long,1900-01-01 16:50:00,1900-01-01 06:00:00,13.166666666666666
15268,1925,Long,1900-01-01 15:50:00,1900-01-01 07:40:00,15.833333333333334
15269,1744,Long,1900-01-01 21:20:00,1900-01-01 09:10:00,11.833333333333334
15270,1745,Long,1900-01-01 16:30:00,1900-01-01 04:00:00,11.5
15271,549,Long,1900-01-01 11:05:00,1900-01-01 22:50:00,11.75
15272,550,Long,1900-01-01 15:15:00,1900-01-01 03:00:00,11.75
15273,955,Long,1900-01-01 08:50:00,1900-01-01 09:05:00,0.25
15274,956,Long,1900-01-01 17:25:00,1900-01-01 16:45:00,23.333333333333332
15275,109,Short,1900-01-01 23:55:00,1900-01-01 02:45:00,2.8333333333333335
15276,109,Short,1900-01-01 03:45:00,1900-01-01 07:25:00,3.6666666666666665
15279,1182,Long,1900-01-01 11:45:00,1900-01-01 12:05:00,0.3333333333333333
15280,1185,Long,1900-01-01 17:10:00,1900-01-01 19:00:00,1.8333333333333333
15283,373,Medium,1900-01-01 23:30:00,1900-01-01 10:30:00,11.0
15284,373,Medium,1900-01-01 04:40:00,1900-01-01 14:55:00,10.25
15417,589,Long,1900-01-01 16:10:00,1900-01-01 09:55:00,17.75
15418,589,Long,1900-01-01 17:15:00,1900-01-01 08:30:00,15.25
15463,308,Medium,1900-01-01 11:15:00,1900-01-01 18:00:00,6.75
15464,309,Medium,1900-01-01 07:30:00,1900-01-01 14:25:00,6.916666666666667
15483,1638,Long,1900-01-01 09:25:00,1900-01-01 22:40:00,13.25
15484,1638,Long,1900-01-01 06:35:00,1900-01-01 20:00:00,13.416666666666666
15529,1253,Long,1900-01-01 14:55:00,1900-01-01 17:40:00,2.75
15530,1255,Long,1900-01-01 23:45:00,1900-01-01 03:05:00,3.3333333333333335
15531,1612,Long,1900-01-01 03:15:00,1900-01-01 15:15:00,12.0
15532,1615,Long,1900-01-01 17:50:00,1900-01-01 03:55:00,10.083333333333334
15547,1963,Long,1900-01-01 18:20:00,1900-01-01 07:30:00,13.166666666666666
15548,1963,Long,1900-01-01 11:20:00,1900-01-01 23:20:00,12.0
15549,243,Medium,1900-01-01 06:00:00,1900-01-01 13:40:00,7.666666666666667
15550,243,Medium,1900-01-01 15:30:00,1900-01-01 23:00:00,7.5
15559,2018,Long,1900-01-01 16:45:00,1900-01-01 09:00:00,16.25
15560,2020,Long,1900-01-01 19:25:00,1900-01-01 12:15:00,16.833333333333332
15563,1865,Long,1900-01-01 01:20:00,1900-01-01 13:00:00,11.666666666666666
15564,1866,Long,1900-01-01 08:50:00,1900-01-01 22:40:00,13.833333333333334
15601,2294,Long,1900-01-01 18:30:00,1900-01-01 13:00:00,18.5
15602,2295,Long,1900-01-01 23:45:00,1900-01-01 20:45:00,21.0
15603,571,Long,1900-01-01 20:45:00,1900-01-01 10:45:00,14.0
15604,570,Long,1900-01-01 14:55:00,1900-01-01 04:45:00,13.833333333333334
15605,233,Medium,1900-01-01 05:00:00,1900-01-01 11:40:00,6.666666666666667
15606,233,Medium,1900-01-01 14:25:00,1900-01-01 21:10:00,6.75
15613,491,Medium,1900-01-01 20:30:00,1900-01-01 08:00:00,11.5
15614,491,Medium,1900-01-01 19:00:00,1900-01-01 07:05:00,12.083333333333334
15617,332,Medium,1900-01-01 21:20:00,1900-01-01 04:55:00,7.583333333333333
15618,332,Medium,1900-01-01 19:40:00,1900-01-01 04:25:00,8.75
15619,1093,Long,1900-01-01 12:55:00,1900-01-01 12:30:00,23.583333333333332
15620,1093,Long,1900-01-01 07:00:00,1900-01-01 05:40:00,22.666666666666668
15621,1901,Long,1900-01-01 05:35:00,1900-01-01 17:40:00,12.083333333333334
15622,1904,Long,1900-01-01 23:45:00,1900-01-01 14:45:00,15.0
15623,2541,Long,1900-01-01 15:30:00,1900-01-01 23:05:00,7.583333333333333
15624,2540,Long,1900-01-01 17:15:00,1900-01-01 21:45:00,4.5
15629,2796,Long,1900-01-01 21:45:00,1900-01-01 04:45:00,7.0
15630,2797,Long,1900-01-01 15:00:00,1900-01-01 21:15:00,6.25
15631,2462,Long,1900-01-01 22:30:00,1900-01-01 01:00:00,2.5
15632,2461,Long,1900-01-01 10:45:00,1900-01-01 10:00:00,23.25
15635,3219,Long,1900-01-01 11:40:00,1900-01-01 07:00:00,19.333333333333332
15636,3219,Long,1900-01-01 10:45:00,1900-01-01 03:55:00,17.166666666666668
15639,1512,Long,1900-01-01 14:25:00,1900-01-01 21:35:00,7.166666666666667
15640,1513,Long,1900-01-01 19:05:00,1900-01-01 03:10:00,8.083333333333334
15643,1534,Long,1900-01-01 22:15:00,1900-01-01 06:10:00,7.916666666666667
15644,1548,Long,1900-01-01 23:45:00,1900-01-01 07:30:00,7.75
15645,2598,Long,1900-01-01 08:05:00,1900-01-01 12:00:00,3.9166666666666665
15646,2597,Long,1900-01-01 16:55:00,1900-01-01 20:00:00,3.0833333333333335
15647,2740,Long,1900-01-01 08:05:00,1900-01-01 13:00:00,4.916666666666667
15648,2739,Long,1900-01-01 15:00:00,1900-01-01 20:00:00,5.0
15651,2344,Long,1900-01-01 13:10:00,1900-01-01 12:35:00,23.416666666666668
15652,2348,Long,1900-01-01 22:45:00,1900-01-01 23:40:00,0.9166666666666666
15653,2431,Long,1900-01-01 13:10:00,1900-01-01 12:35:00,23.416666666666668
15654,2433,Long,1900-01-01 22:45:00,1900-01-01 23:40:00,0.9166666666666666
15655,2606,Long,1900-01-01 10:45:00,1900-01-01 16:00:00,5.25
15656,2607,Long,1900-01-01 03:40:00,1900-01-01 12:30:00,8.833333333333334
15657,977,Long,1900-01-01 06:35:00,1900-01-01 04:00:00,21.416666666666668
15658,977,Long,1900-01-01 22:55:00,1900-01-01 19:25:00,20.5
15659,1555,Long,1900-01-01 06:35:00,1900-01-01 21:00:00,14.416666666666666
15660,1554,Long,1900-01-01 05:30:00,1900-01-01 19:25:00,13.916666666666666
15661,1228,Long,1900-01-01 20:30:00,1900-01-01 22:40:00,2.1666666666666665
15662,1232,Long,1900-01-01 12:00:00,1900-01-01 14:30:00,2.5
15665,250,Medium,1900-01-01 14:30:00,1900-01-01 20:10:00,5.666666666666667
15666,249,Medium,1900-01-01 21:45:00,1900-01-01 03:30:00,5.75
15667,3142,Long,1900-01-01 13:40:00,1900-01-01 06:10:00,16.5
15668,3142,Long,1900-01-01 11:00:00,1900-01-01 02:40:00,15.666666666666666
15669,250,Medium,1900-01-01 23:35:00,1900-01-01 05:00:00,5.416666666666667
15670,249,Medium,1900-01-01 06:00:00,1900-01-01 10:55:00,4.916666666666667
15707,1787,Long,1900-01-01 22:45:00,1900-01-01 12:45:00,14.0
15708,1790,Long,1900-01-01 07:10:00,1900-01-01 20:10:00,13.0
15711,398,Medium,1900-01-01 21:55:00,1900-01-01 06:45:00,8.833333333333334
15712,419,Medium,1900-01-01 22:30:00,1900-01-01 07:20:00,8.833333333333334
15713,289,Medium,1900-01-01 06:20:00,1900-01-01 13:15:00,6.916666666666667
15714,289,Medium,1900-01-01 14:15:00,1900-01-01 21:25:00,7.166666666666667
15715,1834,Long,1900-01-01 06:00:00,1900-01-01 21:30:00,15.5
15716,1834,Long,1900-01-01 11:05:00,1900-01-01 03:15:00,16.166666666666668
15717,405,Medium,1900-01-01 11:45:00,1900-01-01 23:10:00,11.416666666666666
15718,404,Medium,1900-01-01 05:00:00,1900-01-01 15:30:00,10.5
15719,202,Medium,1900-01-01 06:00:00,1900-01-01 11:15:00,5.25
15720,202,Medium,1900-01-01 15:00:00,1900-01-01 20:15:00,5.25
15721,752,Long,1900-01-01 16:30:00,1900-01-01 09:30:00,17.0
15722,773,Long,1900-01-01 20:15:00,1900-01-01 12:00:00,15.75
15723,545,Long,1900-01-01 21:10:00,1900-01-01 10:15:00,13.083333333333334
15724,545,Long,1900-01-01 17:15:00,1900-01-01 05:15:00,12.0
15765,262,Medium,1900-01-01 06:10:00,1900-01-01 12:46:00,6.6
15766,262,Medium,1900-01-01 13:15:00,1900-01-01 21:45:00,8.5
15767,161,Short,1900-01-01 16:45:00,1900-01-01 21:30:00,4.75
15768,161,Short,1900-01-01 06:00:00,1900-01-01 10:00:00,4.0
15769,450,Medium,1900-01-01 04:05:00,1900-01-01 14:00:00,9.916666666666666
15770,449,Medium,1900-01-01 15:10:00,1900-01-01 00:55:00,9.75
15771,300,Medium,1900-01-01 05:00:00,1900-01-01 12:10:00,7.166666666666667
15772,300,Medium,1900-01-01 16:00:00,1900-01-01 23:10:00,7.166666666666667
15815,182,Short,1900-01-01 16:45:00,1900-01-01 21:30:00,4.75
15816,182,Short,1900-01-01 05:15:00,1900-01-01 10:00:00,4.75
15903,2636,Long,1900-01-01 07:00:00,1900-01-01 13:30:00,6.5
15904,2640,Long,1900-01-01 23:15:00,1900-01-01 08:15:00,9.0
15905,4260,Long,1900-01-01 23:00:00,1900-01-01 06:40:00,7.666666666666667
15906,4256,Long,1900-01-01 23:05:00,1900-01-01 09:50:00,10.75
15909,3114,Long,1900-01-01 09:35:00,1900-01-01 04:30:00,18.916666666666668
15927,595,Long,1900-01-01 05:30:00,1900-01-01 20:00:00,14.5
15928,595,Long,1900-01-01 05:45:00,1900-01-01 19:45:00,14.0
15929,3353,Long,1900-01-01 21:45:00,1900-01-01 18:00:00,20.25
15930,3353,Long,1900-01-01 23:45:00,1900-01-01 21:15:00,21.5
15933,2870,Long,1900-01-01 07:00:00,1900-01-01 21:05:00,14.083333333333334
15934,2872,Long,1900-01-01 15:45:00,1900-01-01 04:55:00,13.166666666666666
15941,1712,Long,1900-01-01 22:05:00,1900-01-01 11:55:00,13.833333333333334
15942,1712,Long,1900-01-01 05:30:00,1900-01-01 17:50:00,12.333333333333334
15959,1507,Long,1900-01-01 17:35:00,1900-01-01 05:55:00,12.333333333333334
15960,1528,Long,1900-01-01 18:25:00,1900-01-01 05:45:00,11.333333333333334
15967,604,Long,1900-01-01 05:30:00,1900-01-01 20:55:00,15.416666666666666
15968,603,Long,1900-01-01 05:00:00,1900-01-01 19:45:00,14.75
16003,1365,Long,1900-01-01 09:10:00,1900-01-01 11:55:00,2.75
16004,1363,Long,1900-01-01 13:30:00,1900-01-01 16:45:00,3.25
16021,498,Medium,1900-01-01 21:15:00,1900-01-01 06:50:00,9.583333333333334
16022,499,Medium,1900-01-01 20:30:00,1900-01-01 07:00:00,10.5
16023,143,Short,1900-01-01 08:20:00,1900-01-01 11:30:00,3.1666666666666665
16024,143,Short,1900-01-01 13:15:00,1900-01-01 16:15:00,3.0
16031,2859,Long,1900-01-01 05:15:00,1900-01-01 15:20:00,10.083333333333334
16032,2857,Long,1900-01-01 21:55:00,1900-01-01 10:20:00,12.416666666666666
16053,148,Short,1900-01-01 14:15:00,1900-01-01 17:50:00,3.5833333333333335
16054,146,Short,1900-01-01 10:00:00,1900-01-01 13:40:00,3.6666666666666665
16057,148,Short,1900-01-01 06:25:00,1900-01-01 09:40:00,3.25
16058,146,Short,1900-01-01 18:05:00,1900-01-01 21:55:00,3.8333333333333335
16085,144,Short,1900-01-01 18:05:00,1900-01-01 21:15:00,3.1666666666666665
16086,144,Short,1900-01-01 06:55:00,1900-01-01 09:45:00,2.8333333333333335
16089,212,Medium,1900-01-01 17:55:00,1900-01-01 22:20:00,4.416666666666667
16090,213,Medium,1900-01-01 04:55:00,1900-01-01 09:10:00,4.25
16093,2086,Long,1900-01-01 05:15:00,1900-01-01 20:40:00,15.416666666666666
16094,2083,Long,1900-01-01 16:20:00,1900-01-01 10:20:00,18.0
16101,664,Long,1900-01-01 19:15:00,1900-01-01 08:25:00,13.166666666666666
16102,664,Long,1900-01-01 17:00:00,1900-01-01 06:35:00,13.583333333333334
16105,775,Long,1900-01-01 16:05:00,1900-01-01 08:20:00,16.25
16106,774,Long,1900-01-01 19:00:00,1900-01-01 11:25:00,16.416666666666668
16115,196,Short,1900-01-01 18:10:00,1900-01-01 22:25:00,4.25
16116,196,Short,1900-01-01 05:35:00,1900-01-01 09:30:00,3.9166666666666665
16127,1095,Long,1900-01-01 08:15:00,1900-01-01 05:50:00,21.583333333333332
16128,1096,Long,1900-01-01 21:25:00,1900-01-01 20:30:00,23.083333333333332
16129,31,Short,1900-01-01 19:30:00,1900-01-01 20:30:00,1.0
16130,31,Short,1900-01-01 07:50:00,1900-01-01 08:30:00,0.6666666666666666
16175,360,Medium,1900-01-01 22:05:00,1900-01-01 06:30:00,8.416666666666666
16176,360,Medium,1900-01-01 21:00:00,1900-01-01 05:10:00,8.166666666666666
16179,394,Medium,1900-01-01 21:20:00,1900-01-01 05:40:00,8.333333333333334
16180,394,Medium,1900-01-01 21:25:00,1900-01-01 05:45:00,8.333333333333334
16181,682,Long,1900-01-01 20:20:00,1900-01-01 09:20:00,13.0
16182,682,Long,1900-01-01 16:00:00,1900-01-01 05:35:00,13.583333333333334
16183,351,Medium,1900-01-01 22:30:00,1900-01-01 06:10:00,7.666666666666667
16184,350,Medium,1900-01-01 21:20:00,1900-01-01 04:30:00,7.166666666666667
16185,10,Short,1900-01-01 05:55:00,1900-01-01 06:30:00,0.5833333333333334
16186,10,Short,1900-01-01 20:45:00,1900-01-01 21:10:00,0.4166666666666667
16187,591,Long,1900-01-01 16:10:00,1900-01-01 06:40:00,14.5
16188,592,Long,1900-01-01 22:15:00,1900-01-01 11:50:00,13.583333333333334
16203,148,Short,1900-01-01 16:35:00,1900-01-01 20:10:00,3.5833333333333335
16204,146,Short,1900-01-01 06:45:00,1900-01-01 10:45:00,4.0
16205,372,Medium,1900-01-01 14:30:00,1900-01-01 22:15:00,7.75
16206,372,Medium,1900-01-01 06:00:00,1900-01-01 13:30:00,7.5
16209,2278,Long,1900-01-01 05:30:00,1900-01-01 06:00:00,0.5
16210,2279,Long,1900-01-01 18:30:00,1900-01-01 17:40:00,23.166666666666668
16215,138,Short,1900-01-01 06:45:00,1900-01-01 09:30:00,2.75
16216,138,Short,1900-01-01 18:15:00,1900-01-01 21:05:00,2.8333333333333335
16217,1304,Long,1900-01-01 05:10:00,1900-01-01 11:30:00,6.333333333333333
16218,1304,Long,1900-01-01 23:55:00,1900-01-01 06:00:00,6.083333333333333
16227,508,Long,1900-01-01 19:40:00,1900-01-01 07:15:00,11.583333333333334
16228,508,Long,1900-01-01 20:20:00,1900-01-01 08:00:00,11.666666666666666
16229,2698,Long,1900-01-01 07:20:00,1900-01-01 12:00:00,4.666666666666667
16231,676,Long,1900-01-01 17:45:00,1900-01-01 08:40:00,14.916666666666666
16232,676,Long,1900-01-01 15:30:00,1900-01-01 07:00:00,15.5
16233,120,Short,1900-01-01 08:10:00,1900-01-01 10:50:00,2.6666666666666665
16234,120,Short,1900-01-01 12:50:00,1900-01-01 15:15:00,2.4166666666666665
16235,775,Long,1900-01-01 16:35:00,1900-01-01 09:45:00,17.166666666666668
16301,327,Medium,1900-01-01 14:25:00,1900-01-01 22:30:00,8.083333333333334
16302,327,Medium,1900-01-01 05:00:00,1900-01-01 12:55:00,7.916666666666667
16303,220,Medium,1900-01-01 05:00:00,1900-01-01 09:55:00,4.916666666666667
16304,219,Medium,1900-01-01 17:45:00,1900-01-01 22:55:00,5.166666666666667
16305,282,Medium,1900-01-01 06:45:00,1900-01-01 12:30:00,5.75
16306,282,Medium,1900-01-01 14:35:00,1900-01-01 20:30:00,5.916666666666667
16307,338,Medium,1900-01-01 14:55:00,1900-01-01 22:30:00,7.583333333333333
16308,339,Medium,1900-01-01 05:00:00,1900-01-01 13:05:00,8.083333333333334
16311,2701,Long,1900-01-01 21:40:00,1900-01-01 02:50:00,5.166666666666667
16312,2704,Long,1900-01-01 15:45:00,1900-01-01 21:50:00,6.083333333333333
16313,338,Medium,1900-01-01 14:55:00,1900-01-01 22:30:00,7.583333333333333
16314,339,Medium,1900-01-01 05:00:00,1900-01-01 13:05:00,8.083333333333334
16315,829,Long,1900-01-01 17:00:00,1900-01-01 09:05:00,16.083333333333332
16316,830,Long,1900-01-01 16:45:00,1900-01-01 08:35:00,15.833333333333334
16317,3769,Long,1900-01-01 14:15:00,1900-01-01 15:20:00,1.0833333333333333
16318,3765,Long,1900-01-01 21:55:00,1900-01-01 21:55:00,0.0
16331,1953,Long,1900-01-01 12:10:00,1900-01-01 03:20:00,15.166666666666666
16332,1954,Long,1900-01-01 04:25:00,1900-01-01 20:50:00,16.416666666666668
16333,2407,Long,1900-01-01 04:25:00,1900-01-01 02:50:00,22.416666666666668
16334,2411,Long,1900-01-01 15:45:00,1900-01-01 16:45:00,1.0
16335,2348,Long,1900-01-01 07:20:00,1900-01-01 04:15:00,20.916666666666668
16336,2352,Long,1900-01-01 14:45:00,1900-01-01 13:00:00,22.25
16337,2253,Long,1900-01-01 04:05:00,1900-01-01 22:20:00,18.25
16338,2258,Long,1900-01-01 20:25:00,1900-01-01 17:05:00,20.666666666666668
16339,1874,Long,1900-01-01 12:10:00,1900-01-01 03:20:00,15.166666666666666
16340,1875,Long,1900-01-01 06:30:00,1900-01-01 20:50:00,14.333333333333334
16341,302,Medium,1900-01-01 03:15:00,1900-01-01 09:45:00,6.5
16342,302,Medium,1900-01-01 17:30:00,1900-01-01 00:20:00,6.833333333333333
16343,609,Long,1900-01-01 22:30:00,1900-01-01 13:10:00,14.666666666666666
16344,610,Long,1900-01-01 15:45:00,1900-01-01 06:25:00,14.666666666666666
16345,1510,Long,1900-01-01 11:40:00,1900-01-01 17:55:00,6.25
16346,1514,Long,1900-01-01 09:45:00,1900-01-01 16:40:00,6.916666666666667
16347,630,Long,1900-01-01 20:40:00,1900-01-01 11:05:00,14.416666666666666
16348,632,Long,1900-01-01 14:20:00,1900-01-01 04:45:00,14.416666666666666
16349,67,Short,1900-01-01 06:05:00,1900-01-01 07:20:00,1.25
16350,66,Short,1900-01-01 20:50:00,1900-01-01 22:10:00,1.3333333333333333
16351,1942,Long,1900-01-01 12:10:00,1900-01-01 04:15:00,16.083333333333332
16352,1945,Long,1900-01-01 05:00:00,1900-01-01 20:50:00,15.833333333333334
16353,1490,Long,1900-01-01 16:00:00,1900-01-01 21:00:00,5.0
16354,1492,Long,1900-01-01 08:10:00,1900-01-01 14:00:00,5.833333333333333
16359,2987,Long,1900-01-01 23:30:00,1900-01-01 09:50:00,10.333333333333334
16360,2980,Long,1900-01-01 16:30:00,1900-01-01 23:15:00,6.75
16381,2130,Long,1900-01-01 15:45:00,1900-01-01 12:35:00,20.833333333333332
16382,2132,Long,1900-01-01 06:40:00,1900-01-01 04:40:00,22.0
16501,1797,Long,1900-01-01 18:40:00,1900-01-01 04:20:00,9.666666666666666
16502,1785,Long,1900-01-01 13:30:00,1900-01-01 02:20:00,12.833333333333334
16505,1949,Long,1900-01-01 09:00:00,1900-01-01 03:15:00,18.25
16506,1952,Long,1900-01-01 21:50:00,1900-01-01 12:30:00,14.666666666666666
16507,2103,Long,1900-01-01 05:20:00,1900-01-01 03:15:00,21.916666666666668
16508,2104,Long,1900-01-01 21:50:00,1900-01-01 16:50:00,19.0
16515,667,Long,1900-01-01 07:10:00,1900-01-01 23:00:00,15.833333333333334
16516,649,Long,1900-01-01 05:30:00,1900-01-01 20:30:00,15.0
16517,579,Long,1900-01-01 20:30:00,1900-01-01 11:10:00,14.666666666666666
16518,578,Long,1900-01-01 16:40:00,1900-01-01 08:20:00,15.666666666666666
16519,148,Short,1900-01-01 04:25:00,1900-01-01 08:00:00,3.5833333333333335
16520,148,Short,1900-01-01 17:30:00,1900-01-01 20:50:00,3.3333333333333335
16521,70,Short,1900-01-01 21:40:00,1900-01-01 23:25:00,1.75
16522,70,Short,1900-01-01 19:35:00,1900-01-01 21:10:00,1.5833333333333333
16523,262,Medium,1900-01-01 09:00:00,1900-01-01 14:15:00,5.25
16524,260,Medium,1900-01-01 14:40:00,1900-01-01 20:20:00,5.666666666666667
16525,934,Long,1900-01-01 10:30:00,1900-01-01 07:20:00,20.833333333333332
16526,934,Long,1900-01-01 20:00:00,1900-01-01 15:20:00,19.333333333333332
16527,655,Long,1900-01-01 20:00:00,1900-01-01 09:20:00,13.333333333333334
16528,654,Long,1900-01-01 18:05:00,1900-01-01 08:00:00,13.916666666666666
16531,2213,Long,1900-01-01 05:30:00,1900-01-01 04:45:00,23.25
16532,2201,Long,1900-01-01 17:00:00,1900-01-01 17:40:00,0.6666666666666666
16533,2173,Long,1900-01-01 05:30:00,1900-01-01 04:45:00,23.25
16534,2161,Long,1900-01-01 17:00:00,1900-01-01 16:45:00,23.75
16535,966,Long,1900-01-01 16:00:00,1900-01-01 12:40:00,20.666666666666668
16536,964,Long,1900-01-01 14:10:00,1900-01-01 11:00:00,20.833333333333332
16557,138,Short,1900-01-01 14:30:00,1900-01-01 17:10:00,2.6666666666666665
16558,138,Short,1900-01-01 10:30:00,1900-01-01 13:30:00,3.0
16565,833,Long,1900-01-01 23:55:00,1900-01-01 17:40:00,17.75
16566,833,Long,1900-01-01 20:15:00,1900-01-01 13:30:00,17.25
16569,611,Long,1900-01-01 14:30:00,1900-01-01 03:30:00,13.0
16570,599,Long,1900-01-01 14:00:00,1900-01-01 03:30:00,13.5
16571,687,Long,1900-01-01 19:00:00,1900-01-01 09:15:00,14.25
16572,687,Long,1900-01-01 18:05:00,1900-01-01 07:40:00,13.583333333333334
16573,453,Medium,1900-01-01 21:00:00,1900-01-01 07:15:00,10.25
16574,452,Medium,1900-01-01 20:50:00,1900-01-01 08:20:00,11.5
16575,409,Medium,1900-01-01 07:10:00,1900-01-01 16:55:00,9.75
16576,394,Medium,1900-01-01 11:30:00,1900-01-01 20:30:00,9.0
16577,333,Medium,1900-01-01 16:15:00,1900-01-01 23:30:00,7.25
16578,332,Medium,1900-01-01 06:15:00,1900-01-01 12:30:00,6.25
16579,268,Medium,1900-01-01 09:00:00,1900-01-01 14:45:00,5.75
16580,267,Medium,1900-01-01 15:30:00,1900-01-01 21:00:00,5.5
16581,268,Medium,1900-01-01 23:50:00,1900-01-01 06:00:00,6.166666666666667
16582,267,Medium,1900-01-01 23:45:00,1900-01-01 05:50:00,6.083333333333333
16587,2440,Long,1900-01-01 05:00:00,1900-01-01 06:50:00,1.8333333333333333
16588,2440,Long,1900-01-01 22:05:00,1900-01-01 03:15:00,5.166666666666667
16589,797,Long,1900-01-01 21:15:00,1900-01-01 13:40:00,16.416666666666668
16590,794,Long,1900-01-01 14:05:00,1900-01-01 06:45:00,16.666666666666668
16591,668,Long,1900-01-01 18:20:00,1900-01-01 09:15:00,14.916666666666666
16592,668,Long,1900-01-01 19:00:00,1900-01-01 10:40:00,15.666666666666666
16593,1021,Long,1900-01-01 06:00:00,1900-01-01 05:30:00,23.5
16594,1021,Long,1900-01-01 22:45:00,1900-01-01 23:30:00,0.75
16603,620,Long,1900-01-01 17:45:00,1900-01-01 07:25:00,13.666666666666666
16604,619,Long,1900-01-01 19:25:00,1900-01-01 08:05:00,12.666666666666666
16605,691,Long,1900-01-01 07:20:00,1900-01-01 23:15:00,15.916666666666666
16606,689,Long,1900-01-01 02:00:00,1900-01-01 17:00:00,15.0
16613,2220,Long,1900-01-01 05:25:00,1900-01-01 02:00:00,20.583333333333332
16614,2222,Long,1900-01-01 23:30:00,1900-01-01 19:00:00,19.5
16615,334,Medium,1900-01-01 20:15:00,1900-01-01 04:45:00,8.5
16616,334,Medium,1900-01-01 00:30:00,1900-01-01 07:40:00,7.166666666666667
16617,498,Medium,1900-01-01 19:00:00,1900-01-01 06:40:00,11.666666666666666
16618,498,Medium,1900-01-01 19:45:00,1900-01-01 06:30:00,10.75
16629,631,Long,1900-01-01 18:45:00,1900-01-01 10:15:00,15.5
16630,632,Long,1900-01-01 18:15:00,1900-01-01 09:10:00,14.916666666666666
16649,703,Long,1900-01-01 05:25:00,1900-01-01 20:55:00,15.5
16650,702,Long,1900-01-01 04:20:00,1900-01-01 20:15:00,15.916666666666666
16687,3663,Long,1900-01-01 17:05:00,1900-01-01 15:20:00,22.25
16688,3661,Long,1900-01-01 21:55:00,1900-01-01 22:45:00,0.8333333333333334
16723,858,Long,1900-01-01 19:50:00,1900-01-01 13:00:00,17.166666666666668
16724,858,Long,1900-01-01 15:00:00,1900-01-01 08:05:00,17.083333333333332
16733,3177,Long,1900-01-01 22:15:00,1900-01-01 13:50:00,15.583333333333334
16734,3175,Long,1900-01-01 07:30:00,1900-01-01 19:45:00,12.25
16779,816,Long,1900-01-01 13:00:00,1900-01-01 07:35:00,18.583333333333332
16780,817,Long,1900-01-01 16:00:00,1900-01-01 10:15:00,18.25
16787,454,Medium,1900-01-01 16:00:00,1900-01-01 01:45:00,9.75
16788,454,Medium,1900-01-01 09:05:00,1900-01-01 18:30:00,9.416666666666666
16790,454,Medium,1900-01-01 13:40:00,1900-01-01 00:55:00,11.25
16791,347,Medium,1900-01-01 03:20:00,1900-01-01 13:20:00,10.0
16792,348,Medium,1900-01-01 16:00:00,1900-01-01 01:25:00,9.416666666666666
16793,2916,Long,1900-01-01 23:00:00,1900-01-01 08:30:00,9.5
16794,2912,Long,1900-01-01 23:55:00,1900-01-01 07:10:00,7.25
16853,400,Medium,1900-01-01 08:30:00,1900-01-01 16:15:00,7.75
16854,400,Medium,1900-01-01 10:00:00,1900-01-01 17:50:00,7.833333333333333
16855,796,Long,1900-01-01 16:35:00,1900-01-01 09:30:00,16.916666666666668
16856,795,Long,1900-01-01 17:05:00,1900-01-01 10:00:00,16.916666666666668
16857,861,Long,1900-01-01 16:35:00,1900-01-01 09:55:00,17.333333333333332
16858,861,Long,1900-01-01 17:05:00,1900-01-01 10:00:00,16.916666666666668
16859,983,Long,1900-01-01 23:15:00,1900-01-01 21:45:00,22.5
16860,982,Long,1900-01-01 06:55:00,1900-01-01 04:15:00,21.333333333333332
16861,699,Long,1900-01-01 11:45:00,1900-01-01 03:15:00,15.5
16862,698,Long,1900-01-01 13:50:00,1900-01-01 05:25:00,15.583333333333334
16863,2853,Long,1900-01-01 15:30:00,1900-01-01 17:15:00,1.75
16864,2855,Long,1900-01-01 12:25:00,1900-01-01 17:50:00,5.416666666666667
17001,771,Long,1900-01-01 17:10:00,1900-01-01 09:00:00,15.833333333333334
17002,771,Long,1900-01-01 16:40:00,1900-01-01 09:18:00,16.633333333333333
17009,163,Short,1900-01-01 06:50:00,1900-01-01 10:25:00,3.5833333333333335
17010,162,Short,1900-01-01 19:15:00,1900-01-01 22:45:00,3.5
17011,316,Medium,1900-01-01 04:50:00,1900-01-01 11:00:00,6.166666666666667
17012,305,Medium,1900-01-01 12:00:00,1900-01-01 17:45:00,5.75
17013,639,Long,1900-01-01 14:15:00,1900-01-01 04:30:00,14.25
17014,640,Long,1900-01-01 22:45:00,1900-01-01 13:15:00,14.5
17015,1135,Long,1900-01-01 08:30:00,1900-01-01 07:30:00,23.0
17016,1135,Long,1900-01-01 16:50:00,1900-01-01 15:40:00,22.833333333333332
17017,1467,Long,1900-01-01 05:25:00,1900-01-01 10:30:00,5.083333333333333
17018,1468,Long,1900-01-01 15:00:00,1900-01-01 19:00:00,4.0
17019,2002,Long,1900-01-01 15:00:00,1900-01-01 08:10:00,17.166666666666668
17020,2004,Long,1900-01-01 15:15:00,1900-01-01 06:25:00,15.166666666666666
17021,376,Medium,1900-01-01 09:20:00,1900-01-01 17:05:00,7.75
17022,373,Medium,1900-01-01 21:00:00,1900-01-01 07:40:00,10.666666666666666
17023,243,Medium,1900-01-01 07:30:00,1900-01-01 12:30:00,5.0
17024,243,Medium,1900-01-01 15:00:00,1900-01-01 19:55:00,4.916666666666667
17025,341,Medium,1900-01-01 21:30:00,1900-01-01 04:45:00,7.25
17026,341,Medium,1900-01-01 23:45:00,1900-01-01 07:00:00,7.25
17027,243,Medium,1900-01-01 16:55:00,1900-01-01 21:35:00,4.666666666666667
17028,243,Medium,1900-01-01 05:30:00,1900-01-01 11:00:00,5.5
17031,791,Long,1900-01-01 12:45:00,1900-01-01 05:55:00,17.166666666666668
17032,793,Long,1900-01-01 20:40:00,1900-01-01 13:05:00,16.416666666666668
17037,2120,Long,1900-01-01 23:55:00,1900-01-01 16:50:00,16.916666666666668
17038,2121,Long,1900-01-01 15:40:00,1900-01-01 08:50:00,17.166666666666668
17057,875,Long,1900-01-01 21:10:00,1900-01-01 14:30:00,17.333333333333332
17058,875,Long,1900-01-01 12:25:00,1900-01-01 07:10:00,18.75
17063,615,Long,1900-01-01 20:50:00,1900-01-01 08:50:00,12.0
17064,615,Long,1900-01-01 18:10:00,1900-01-01 06:45:00,12.583333333333334
17201,391,Medium,1900-01-01 06:00:00,1900-01-01 13:45:00,7.75
17202,390,Medium,1900-01-01 13:00:00,1900-01-01 21:15:00,8.25
17203,2051,Long,1900-01-01 04:25:00,1900-01-01 21:15:00,16.833333333333332
17204,2053,Long,1900-01-01 03:45:00,1900-01-01 19:45:00,16.0
17205,1346,Long,1900-01-01 17:10:00,1900-01-01 19:35:00,2.4166666666666665
17206,1347,Long,1900-01-01 06:00:00,1900-01-01 09:18:00,3.3
17207,1129,Long,1900-01-01 17:10:00,1900-01-01 15:15:00,22.083333333333332
17208,1130,Long,1900-01-01 10:35:00,1900-01-01 09:18:00,22.716666666666665
17209,962,Long,1900-01-01 11:00:00,1900-01-01 06:45:00,19.75
17210,962,Long,1900-01-01 17:35:00,1900-01-01 12:30:00,18.916666666666668
17211,768,Long,1900-01-01 15:15:00,1900-01-01 09:45:00,18.5
17212,768,Long,1900-01-01 14:30:00,1900-01-01 07:15:00,16.75
17213,1092,Long,1900-01-01 10:25:00,1900-01-01 08:30:00,22.083333333333332
17214,1092,Long,1900-01-01 11:15:00,1900-01-01 11:00:00,23.75
17215,619,Long,1900-01-01 23:10:00,1900-01-01 13:00:00,13.833333333333334
17216,619,Long,1900-01-01 16:00:00,1900-01-01 06:50:00,14.833333333333334
17221,1306,Long,1900-01-01 08:45:00,1900-01-01 11:05:00,2.3333333333333335
17222,1306,Long,1900-01-01 12:25:00,1900-01-01 13:30:00,1.0833333333333333
17225,693,Long,1900-01-01 19:45:00,1900-01-01 11:20:00,15.583333333333334
17226,691,Long,1900-01-01 13:30:00,1900-01-01 05:15:00,15.75
17229,1562,Long,1900-01-01 07:15:00,1900-01-01 12:55:00,5.666666666666667
17230,1563,Long,1900-01-01 11:15:00,1900-01-01 18:20:00,7.083333333333333
17231,1048,Long,1900-01-01 10:25:00,1900-01-01 10:00:00,23.583333333333332
17232,1048,Long,1900-01-01 11:15:00,1900-01-01 11:00:00,23.75
17233,375,Medium,1900-01-01 15:25:00,1900-01-01 01:00:00,9.583333333333334
17234,374,Medium,1900-01-01 02:10:00,1900-01-01 10:45:00,8.583333333333334
17235,669,Long,1900-01-01 17:15:00,1900-01-01 07:50:00,14.583333333333334
17236,668,Long,1900-01-01 19:10:00,1900-01-01 09:05:00,13.916666666666666
17239,382,Medium,1900-01-01 08:00:00,1900-01-01 18:20:00,10.333333333333334
17240,383,Medium,1900-01-01 07:20:00,1900-01-01 15:30:00,8.166666666666666
17241,76,Short,1900-01-01 10:00:00,1900-01-01 12:00:00,2.0
17242,77,Short,1900-01-01 12:30:00,1900-01-01 14:35:00,2.0833333333333335
17255,462,Medium,1900-01-01 18:55:00,1900-01-01 05:25:00,10.5
17256,464,Medium,1900-01-01 21:45:00,1900-01-01 08:40:00,10.916666666666666
17301,493,Medium,1900-01-01 22:30:00,1900-01-01 08:00:00,9.5
17302,490,Medium,1900-01-01 20:30:00,1900-01-01 07:00:00,10.5
17305,90,Short,1900-01-01 16:15:00,1900-01-01 18:20:00,2.0833333333333335
17307,993,Long,1900-01-01 13:30:00,1900-01-01 12:10:00,22.666666666666668
17308,994,Long,1900-01-01 14:10:00,1900-01-01 13:50:00,23.666666666666668
17309,665,Long,1900-01-01 14:30:00,1900-01-01 06:00:00,15.5
17310,662,Long,1900-01-01 20:45:00,1900-01-01 11:50:00,15.083333333333334
17311,1029,Long,1900-01-01 15:00:00,1900-01-01 13:00:00,22.0
17312,1027,Long,1900-01-01 14:30:00,1900-01-01 11:45:00,21.25
17315,1269,Long,1900-01-01 09:00:00,1900-01-01 12:25:00,3.4166666666666665
17316,1273,Long,1900-01-01 23:45:00,1900-01-01 06:00:00,6.25
17317,732,Long,1900-01-01 15:45:00,1900-01-01 07:15:00,15.5
17318,731,Long,1900-01-01 18:45:00,1900-01-01 11:15:00,16.5
17319,660,Long,1900-01-01 20:50:00,1900-01-01 11:45:00,14.916666666666666
17320,661,Long,1900-01-01 15:40:00,1900-01-01 07:30:00,15.833333333333334
17321,796,Long,1900-01-01 22:30:00,1900-01-01 16:55:00,18.416666666666668
17322,797,Long,1900-01-01 21:15:00,1900-01-01 17:35:00,20.333333333333332
17323,2037,Long,1900-01-01 17:50:00,1900-01-01 12:00:00,18.166666666666668
17324,2037,Long,1900-01-01 21:05:00,1900-01-01 13:00:00,15.916666666666666
17325,607,Long,1900-01-01 08:00:00,1900-01-01 20:40:00,12.666666666666666
17326,609,Long,1900-01-01 06:10:00,1900-01-01 19:05:00,12.916666666666666
17401,466,Medium,1900-01-01 19:15:00,1900-01-01 05:25:00,10.166666666666666
17402,466,Medium,1900-01-01 19:00:00,1900-01-01 04:35:00,9.583333333333334
17403,94,Short,1900-01-01 03:20:00,1900-01-01 05:40:00,2.3333333333333335
17404,94,Short,1900-01-01 17:20:00,1900-01-01 20:05:00,2.75
17405,1154,Long,1900-01-01 05:25:00,1900-01-01 06:15:00,0.8333333333333334
17406,1153,Long,1900-01-01 20:45:00,1900-01-01 21:25:00,0.6666666666666666
17407,462,Medium,1900-01-01 10:40:00,1900-01-01 21:20:00,10.666666666666666
17408,463,Medium,1900-01-01 05:45:00,1900-01-01 16:35:00,10.833333333333334
17409,184,Short,1900-01-01 08:00:00,1900-01-01 12:00:00,4.0
17410,184,Short,1900-01-01 15:00:00,1900-01-01 19:00:00,4.0
17411,517,Long,1900-01-01 20:20:00,1900-01-01 07:25:00,11.083333333333334
17412,517,Long,1900-01-01 20:30:00,1900-01-01 07:25:00,10.916666666666666
17413,302,Medium,1900-01-01 21:20:00,1900-01-01 04:05:00,6.75
17414,302,Medium,1900-01-01 08:35:00,1900-01-01 15:20:00,6.75
17415,904,Long,1900-01-01 21:00:00,1900-01-01 16:35:00,19.583333333333332
17416,903,Long,1900-01-01 11:35:00,1900-01-01 08:00:00,20.416666666666668
17417,1419,Long,1900-01-01 07:00:00,1900-01-01 12:15:00,5.25
17418,1419,Long,1900-01-01 19:10:00,1900-01-01 23:15:00,4.083333333333333
17419,778,Long,1900-01-01 11:20:00,1900-01-01 06:00:00,18.666666666666668
17420,777,Long,1900-01-01 09:00:00,1900-01-01 03:50:00,18.833333333333332
17479,1231,Long,1900-01-01 12:30:00,1900-01-01 16:20:00,3.8333333333333335
17480,1231,Long,1900-01-01 10:35:00,1900-01-01 14:40:00,4.083333333333333
17481,1402,Long,1900-01-01 10:05:00,1900-01-01 16:20:00,6.25
17482,1400,Long,1900-01-01 10:35:00,1900-01-01 17:40:00,7.083333333333333
17487,735,Long,1900-01-01 20:30:00,1900-01-01 11:30:00,15.0
17488,736,Long,1900-01-01 14:00:00,1900-01-01 05:20:00,15.333333333333334
17603,653,Long,1900-01-01 21:05:00,1900-01-01 10:30:00,13.416666666666666
17604,652,Long,1900-01-01 15:30:00,1900-01-01 05:00:00,13.5
17605,1522,Long,1900-01-01 20:15:00,1900-01-01 23:50:00,3.5833333333333335
17606,1518,Long,1900-01-01 06:00:00,1900-01-01 11:30:00,5.5
17609,1736,Long,1900-01-01 23:10:00,1900-01-01 07:10:00,8.0
17610,1738,Long,1900-01-01 18:10:00,1900-01-01 02:30:00,8.333333333333334
17613,667,Long,1900-01-01 16:00:00,1900-01-01 09:25:00,17.416666666666668
17614,667,Long,1900-01-01 17:30:00,1900-01-01 09:00:00,15.5
17615,1283,Long,1900-01-01 06:00:00,1900-01-01 06:30:00,0.5
17616,1286,Long,1900-01-01 12:50:00,1900-01-01 14:00:00,1.1666666666666667
17617,604,Long,1900-01-01 06:15:00,1900-01-01 18:00:00,11.75
17618,604,Long,1900-01-01 10:05:00,1900-01-01 21:50:00,11.75
17619,236,Medium,1900-01-01 00:45:00,1900-01-01 06:30:00,5.75
17620,236,Medium,1900-01-01 11:50:00,1900-01-01 17:20:00,5.5
17621,1148,Long,1900-01-01 20:50:00,1900-01-01 20:05:00,23.25
17622,1148,Long,1900-01-01 21:45:00,1900-01-01 22:45:00,1.0
17623,1675,Long,1900-01-01 09:00:00,1900-01-01 19:30:00,10.5
17624,1677,Long,1900-01-01 15:40:00,1900-01-01 02:45:00,11.083333333333334
17625,347,Medium,1900-01-01 22:10:00,1900-01-01 06:10:00,8.0
17626,341,Medium,1900-01-01 22:30:00,1900-01-01 07:55:00,9.416666666666666
17639,513,Long,1900-01-01 07:10:00,1900-01-01 18:30:00,11.333333333333334
17640,513,Long,1900-01-01 09:30:00,1900-01-01 20:15:00,10.75
17641,730,Long,1900-01-01 07:10:00,1900-01-01 23:10:00,16.0
17642,730,Long,1900-01-01 04:30:00,1900-01-01 20:15:00,15.75
17643,759,Long,1900-01-01 16:00:00,1900-01-01 10:10:00,18.166666666666668
17644,760,Long,1900-01-01 14:30:00,1900-01-01 08:20:00,17.833333333333332
17651,825,Long,1900-01-01 15:35:00,1900-01-01 07:55:00,16.333333333333332
17652,824,Long,1900-01-01 16:30:00,1900-01-01 09:00:00,16.5
17687,416,Medium,1900-01-01 15:00:00,1900-01-01 00:05:00,9.083333333333334
17688,419,Medium,1900-01-01 04:00:00,1900-01-01 13:20:00,9.333333333333334
18005,1163,Long,1900-01-01 21:30:00,1900-01-01 22:45:00,1.25
18006,1164,Long,1900-01-01 04:15:00,1900-01-01 06:15:00,2.0
18007,260,Medium,1900-01-01 17:35:00,1900-01-01 22:55:00,5.333333333333333
18008,259,Medium,1900-01-01 06:15:00,1900-01-01 12:35:00,6.333333333333333
18009,2000,Long,1900-01-01 13:00:00,1900-01-01 05:30:00,16.5
18010,2002,Long,1900-01-01 19:25:00,1900-01-01 13:55:00,18.5
18029,1957,Long,1900-01-01 22:00:00,1900-01-01 12:20:00,14.333333333333334
18030,1955,Long,1900-01-01 15:00:00,1900-01-01 04:50:00,13.833333333333334
18047,2128,Long,1900-01-01 23:30:00,1900-01-01 15:05:00,15.583333333333334
18048,2125,Long,1900-01-01 07:10:00,1900-01-01 22:40:00,15.5
18101,2017,Long,1900-01-01 14:50:00,1900-01-01 14:10:00,23.333333333333332
18102,2017,Long,1900-01-01 14:20:00,1900-01-01 10:20:00,20.0
18103,1746,Long,1900-01-01 21:15:00,1900-01-01 06:30:00,9.25
18104,1747,Long,1900-01-01 12:35:00,1900-01-01 21:45:00,9.166666666666666
18107,644,Long,1900-01-01 18:10:00,1900-01-01 07:55:00,13.75
18108,644,Long,1900-01-01 16:45:00,1900-01-01 06:15:00,13.5
18111,2434,Long,1900-01-01 18:35:00,1900-01-01 18:05:00,23.5
18112,2421,Long,1900-01-01 10:30:00,1900-01-01 12:15:00,1.75
18117,796,Long,1900-01-01 21:20:00,1900-01-01 14:15:00,16.916666666666668
18118,796,Long,1900-01-01 14:30:00,1900-01-01 08:00:00,17.5
18181,629,Long,1900-01-01 21:35:00,1900-01-01 16:25:00,18.833333333333332
18182,629,Long,1900-01-01 12:35:00,1900-01-01 06:35:00,18.0
18183,507,Long,1900-01-01 08:15:00,1900-01-01 19:45:00,11.5
18184,507,Long,1900-01-01 05:45:00,1900-01-01 17:20:00,11.583333333333334
18189,159,Short,1900-01-01 15:30:00,1900-01-01 18:20:00,2.8333333333333335
18190,159,Short,1900-01-01 06:10:00,1900-01-01 09:10:00,3.0
18191,685,Long,1900-01-01 18:00:00,1900-01-01 12:20:00,18.333333333333332
18192,687,Long,1900-01-01 13:35:00,1900-01-01 08:40:00,19.083333333333332
18201,1207,Long,1900-01-01 19:40:00,1900-01-01 22:35:00,2.9166666666666665
18202,1212,Long,1900-01-01 11:15:00,1900-01-01 14:20:00,3.0833333333333335
18203,879,Long,1900-01-01 19:40:00,1900-01-01 13:20:00,17.666666666666668
18204,883,Long,1900-01-01 18:20:00,1900-01-01 13:10:00,18.833333333333332
18205,1153,Long,1900-01-01 19:40:00,1900-01-01 22:35:00,2.9166666666666665
18206,1161,Long,1900-01-01 07:50:00,1900-01-01 13:10:00,5.333333333333333
18207,1396,Long,1900-01-01 16:00:00,1900-01-01 17:50:00,1.8333333333333333
18208,1404,Long,1900-01-01 19:30:00,1900-01-01 22:15:00,2.75
18211,660,Long,1900-01-01 13:00:00,1900-01-01 03:30:00,14.5
18212,665,Long,1900-01-01 12:35:00,1900-01-01 05:25:00,16.833333333333332
18213,1250,Long,1900-01-01 16:00:00,1900-01-01 15:20:00,23.333333333333332
18214,1258,Long,1900-01-01 21:40:00,1900-01-01 22:15:00,0.5833333333333334
18215,1906,Long,1900-01-01 09:00:00,1900-01-01 21:35:00,12.583333333333334
18216,1916,Long,1900-01-01 05:00:00,1900-01-01 19:10:00,14.166666666666666
18233,1008,Long,1900-01-01 17:15:00,1900-01-01 17:15:00,0.0
18234,1009,Long,1900-01-01 10:40:00,1900-01-01 10:50:00,0.16666666666666666
18235,720,Long,1900-01-01 08:00:00,1900-01-01 03:50:00,19.833333333333332
18236,721,Long,1900-01-01 20:35:00,1900-01-01 18:15:00,21.666666666666668
18237,1998,Long,1900-01-01 14:15:00,1900-01-01 08:10:00,17.916666666666668
18238,1990,Long,1900-01-01 16:10:00,1900-01-01 12:15:00,20.083333333333332
18239,520,Long,1900-01-01 17:55:00,1900-01-01 05:30:00,11.583333333333334
18240,406,Medium,1900-01-01 23:35:00,1900-01-01 07:00:00,7.416666666666667
18241,463,Medium,1900-01-01 20:50:00,1900-01-01 08:00:00,11.166666666666666
18242,471,Medium,1900-01-01 21:30:00,1900-01-01 09:10:00,11.666666666666666
18243,1818,Long,1900-01-01 18:20:00,1900-01-01 05:00:00,10.666666666666666
18244,1808,Long,1900-01-01 01:35:00,1900-01-01 12:45:00,11.166666666666666
18245,1884,Long,1900-01-01 18:20:00,1900-01-01 05:45:00,11.416666666666666
18246,1874,Long,1900-01-01 23:55:00,1900-01-01 12:45:00,12.833333333333334
18247,468,Medium,1900-01-01 18:40:00,1900-01-01 05:55:00,11.25
18248,465,Medium,1900-01-01 22:05:00,1900-01-01 09:45:00,11.666666666666666
18301,321,Medium,1900-01-01 06:05:00,1900-01-01 12:40:00,6.583333333333333
18302,321,Medium,1900-01-01 14:15:00,1900-01-01 20:20:00,6.083333333333333
18303,340,Medium,1900-01-01 06:00:00,1900-01-01 12:35:00,6.583333333333333
18304,340,Medium,1900-01-01 15:45:00,1900-01-01 22:30:00,6.75
18309,378,Medium,1900-01-01 07:55:00,1900-01-01 16:55:00,9.0
18310,381,Medium,1900-01-01 08:10:00,1900-01-01 17:45:00,9.583333333333334
18311,890,Long,1900-01-01 13:10:00,1900-01-01 08:55:00,19.75
18312,893,Long,1900-01-01 15:35:00,1900-01-01 10:50:00,19.25
18401,2779,Long,1900-01-01 09:25:00,1900-01-01 13:50:00,4.416666666666667
18402,2775,Long,1900-01-01 08:30:00,1900-01-01 10:20:00,1.8333333333333333
18403,126,Short,1900-01-01 06:20:00,1900-01-01 08:55:00,2.5833333333333335
18404,126,Short,1900-01-01 17:15:00,1900-01-01 20:10:00,2.9166666666666665
18405,2013,Long,1900-01-01 18:20:00,1900-01-01 07:25:00,13.083333333333334
18406,2005,Long,1900-01-01 18:40:00,1900-01-01 08:10:00,13.5
18407,1697,Long,1900-01-01 22:45:00,1900-01-01 07:30:00,8.75
18408,1691,Long,1900-01-01 13:55:00,1900-01-01 21:30:00,7.583333333333333
18409,504,Long,1900-01-01 19:00:00,1900-01-01 04:35:00,9.583333333333334
18410,503,Long,1900-01-01 22:30:00,1900-01-01 08:10:00,9.666666666666666
18413,172,Short,1900-01-01 18:00:00,1900-01-01 22:30:00,4.5
18414,172,Short,1900-01-01 06:00:00,1900-01-01 09:45:00,3.75
18415,396,Medium,1900-01-01 09:25:00,1900-01-01 20:10:00,10.75
18416,396,Medium,1900-01-01 06:00:00,1900-01-01 16:25:00,10.416666666666666
18419,998,Long,1900-01-01 14:25:00,1900-01-01 13:35:00,23.166666666666668
18420,998,Long,1900-01-01 05:00:00,1900-01-01 03:10:00,22.166666666666668
18421,2483,Long,1900-01-01 22:45:00,1900-01-01 21:10:00,22.416666666666668
18422,2479,Long,1900-01-01 17:10:00,1900-01-01 18:15:00,1.0833333333333333
18425,810,Long,1900-01-01 18:45:00,1900-01-01 11:55:00,17.166666666666668
18426,803,Long,1900-01-01 16:10:00,1900-01-01 09:10:00,17.0
18437,146,Short,1900-01-01 05:25:00,1900-01-01 08:45:00,3.3333333333333335
18438,146,Short,1900-01-01 18:15:00,1900-01-01 21:45:00,3.5
18447,784,Long,1900-01-01 19:35:00,1900-01-01 13:15:00,17.666666666666668
18448,784,Long,1900-01-01 14:30:00,1900-01-01 08:30:00,18.0
18449,926,Long,1900-01-01 14:25:00,1900-01-01 10:00:00,19.583333333333332
18450,926,Long,1900-01-01 08:55:00,1900-01-01 03:10:00,18.25
18451,686,Long,1900-01-01 15:55:00,1900-01-01 07:15:00,15.333333333333334
18452,686,Long,1900-01-01 20:00:00,1900-01-01 11:05:00,15.083333333333334
18463,1546,Long,1900-01-01 05:30:00,1900-01-01 12:05:00,6.583333333333333
18464,1545,Long,1900-01-01 14:00:00,1900-01-01 20:50:00,6.833333333333333
18477,2347,Long,1900-01-01 20:55:00,1900-01-01 20:55:00,0.0
18478,2354,Long,1900-01-01 05:45:00,1900-01-01 06:05:00,0.3333333333333333
18495,1884,Long,1900-01-01 08:30:00,1900-01-01 18:40:00,10.166666666666666
18496,1884,Long,1900-01-01 12:00:00,1900-01-01 23:00:00,11.0
18501,2116,Long,1900-01-01 17:35:00,1900-01-01 09:00:00,15.416666666666666
18502,2113,Long,1900-01-01 22:45:00,1900-01-01 14:35:00,15.833333333333334
18503,1406,Long,1900-01-01 09:00:00,1900-01-01 12:15:00,3.25
18504,1405,Long,1900-01-01 19:10:00,1900-01-01 22:05:00,2.9166666666666665
18507,2552,Long,1900-01-01 23:50:00,1900-01-01 23:30:00,23.666666666666668
18508,2556,Long,1900-01-01 23:45:00,1900-01-01 23:50:00,0.08333333333333333
18511,357,Medium,1900-01-01 05:20:00,1900-01-01 12:20:00,7.0
18512,357,Medium,1900-01-01 13:50:00,1900-01-01 20:55:00,7.083333333333333
18517,726,Long,1900-01-01 16:00:00,1900-01-01 07:00:00,15.0
18518,727,Long,1900-01-01 19:55:00,1900-01-01 11:00:00,15.083333333333334
18519,1512,Long,1900-01-01 23:25:00,1900-01-01 04:40:00,5.25
18520,1497,Long,1900-01-01 06:55:00,1900-01-01 11:15:00,4.333333333333333
18567,1572,Long,1900-01-01 08:20:00,1900-01-01 14:30:00,6.166666666666667
18568,1576,Long,1900-01-01 21:10:00,1900-01-01 01:25:00,4.25
18573,2056,Long,1900-01-01 05:10:00,1900-01-01 21:45:00,16.583333333333332
18574,2060,Long,1900-01-01 14:00:00,1900-01-01 07:55:00,17.916666666666668
18605,637,Long,1900-01-01 16:00:00,1900-01-01 08:30:00,16.5
18606,640,Long,1900-01-01 11:00:00,1900-01-01 04:00:00,17.0
18609,2014,Long,1900-01-01 21:05:00,1900-01-01 12:05:00,15.0
18610,2018,Long,1900-01-01 15:50:00,1900-01-01 07:25:00,15.583333333333334
18611,574,Long,1900-01-01 20:10:00,1900-01-01 08:55:00,12.75
18612,576,Long,1900-01-01 15:35:00,1900-01-01 04:15:00,12.666666666666666
18613,480,Medium,1900-01-01 07:45:00,1900-01-01 17:45:00,10.0
18614,482,Medium,1900-01-01 09:00:00,1900-01-01 20:25:00,11.416666666666666
18615,430,Medium,1900-01-01 22:10:00,1900-01-01 07:25:00,9.25
18616,426,Medium,1900-01-01 21:10:00,1900-01-01 06:35:00,9.416666666666666
18619,400,Medium,1900-01-01 21:25:00,1900-01-01 07:15:00,9.833333333333334
18620,402,Medium,1900-01-01 18:45:00,1900-01-01 04:35:00,9.833333333333334
18621,571,Long,1900-01-01 15:05:00,1900-01-01 05:45:00,14.666666666666666
18622,569,Long,1900-01-01 22:00:00,1900-01-01 13:40:00,15.666666666666666
18623,417,Medium,1900-01-01 21:30:00,1900-01-01 08:45:00,11.25
18624,414,Medium,1900-01-01 19:05:00,1900-01-01 06:30:00,11.416666666666666
18625,417,Medium,1900-01-01 11:40:00,1900-01-01 21:00:00,9.333333333333334
18626,414,Medium,1900-01-01 06:10:00,1900-01-01 15:40:00,9.5
18631,1663,Long,1900-01-01 20:10:00,1900-01-01 05:20:00,9.166666666666666
18632,1665,Long,1900-01-01 19:30:00,1900-01-01 04:15:00,8.75
18637,1884,Long,1900-01-01 18:15:00,1900-01-01 04:30:00,10.25
18638,1884,Long,1900-01-01 00:15:00,1900-01-01 12:55:00,12.666666666666666
18645,1602,Long,1900-01-01 11:45:00,1900-01-01 17:55:00,6.166666666666667
18646,1602,Long,1900-01-01 09:50:00,1900-01-01 16:10:00,6.333333333333333
18695,64,Short,1900-01-01 17:30:00,1900-01-01 20:30:00,3.0
18696,64,Short,1900-01-01 07:50:00,1900-01-01 10:15:00,2.4166666666666665
18697,314,Medium,1900-01-01 02:15:00,1900-01-01 10:25:00,8.166666666666666
18698,314,Medium,1900-01-01 16:45:00,1900-01-01 01:15:00,8.5
19015,958,Long,1900-01-01 08:20:00,1900-01-01 05:35:00,21.25
19016,958,Long,1900-01-01 21:05:00,1900-01-01 19:15:00,22.166666666666668
19019,1676,Long,1900-01-01 00:05:00,1900-01-01 17:35:00,17.5
19020,1678,Long,1900-01-01 10:00:00,1900-01-01 04:20:00,18.333333333333332
19021,1681,Long,1900-01-01 12:55:00,1900-01-01 19:05:00,6.166666666666667
19022,1681,Long,1900-01-01 00:10:00,1900-01-01 08:00:00,7.833333333333333
19023,1759,Long,1900-01-01 07:25:00,1900-01-01 22:15:00,14.833333333333334
19024,1762,Long,1900-01-01 05:00:00,1900-01-01 19:35:00,14.583333333333334
19025,567,Long,1900-01-01 11:00:00,1900-01-01 22:30:00,11.5
19026,567,Long,1900-01-01 09:00:00,1900-01-01 21:00:00,12.0
19027,1878,Long,1900-01-01 12:15:00,1900-01-01 01:25:00,13.166666666666666
19028,1879,Long,1900-01-01 09:30:00,1900-01-01 22:25:00,12.916666666666666
19031,1200,Long,1900-01-01 10:05:00,1900-01-01 12:20:00,2.25
19032,1203,Long,1900-01-01 15:20:00,1900-01-01 17:10:00,1.8333333333333333
19033,297,Medium,1900-01-01 04:05:00,1900-01-01 10:25:00,6.333333333333333
19034,297,Medium,1900-01-01 18:10:00,1900-01-01 00:25:00,6.25
19035,99,Short,1900-01-01 18:15:00,1900-01-01 20:30:00,2.25
19036,99,Short,1900-01-01 14:20:00,1900-01-01 17:00:00,2.6666666666666665
19037,1832,Long,1900-01-01 22:40:00,1900-01-01 13:45:00,15.083333333333334
19038,1831,Long,1900-01-01 13:20:00,1900-01-01 04:35:00,15.25
19039,2142,Long,1900-01-01 22:40:00,1900-01-01 21:50:00,23.166666666666668
19040,2140,Long,1900-01-01 06:00:00,1900-01-01 04:35:00,22.583333333333332
19041,1909,Long,1900-01-01 23:25:00,1900-01-01 10:30:00,11.083333333333334
19042,1910,Long,1900-01-01 19:30:00,1900-01-01 07:50:00,12.333333333333334
19045,1732,Long,1900-01-01 09:50:00,1900-01-01 18:35:00,8.75
19046,1730,Long,1900-01-01 09:00:00,1900-01-01 18:40:00,9.666666666666666
19051,1786,Long,1900-01-01 20:15:00,1900-01-01 07:15:00,11.0
19052,1785,Long,1900-01-01 19:40:00,1900-01-01 05:05:00,9.416666666666666
19053,2121,Long,1900-01-01 06:10:00,1900-01-01 04:30:00,22.333333333333332
19054,2120,Long,1900-01-01 19:40:00,1900-01-01 17:10:00,21.5
19055,750,Long,1900-01-01 22:25:00,1900-01-01 14:40:00,16.25
19056,751,Long,1900-01-01 17:30:00,1900-01-01 09:05:00,15.583333333333334
19057,1403,Long,1900-01-01 22:10:00,1900-01-01 01:15:00,3.0833333333333335
19058,1402,Long,1900-01-01 05:20:00,1900-01-01 10:35:00,5.25
19061,1635,Long,1900-01-01 05:10:00,1900-01-01 10:55:00,5.75
19062,1636,Long,1900-01-01 16:20:00,1900-01-01 22:25:00,6.083333333333333
19063,1596,Long,1900-01-01 07:20:00,1900-01-01 13:35:00,6.25
19064,1595,Long,1900-01-01 16:40:00,1900-01-01 23:25:00,6.75
19107,1537,Long,1900-01-01 10:25:00,1900-01-01 17:30:00,7.083333333333333
19108,1539,Long,1900-01-01 20:50:00,1900-01-01 07:00:00,10.166666666666666
19115,843,Long,1900-01-01 15:00:00,1900-01-01 07:00:00,16.0
19116,843,Long,1900-01-01 22:25:00,1900-01-01 13:45:00,15.333333333333334
19119,435,Medium,1900-01-01 10:40:00,1900-01-01 20:00:00,9.333333333333334
19120,435,Medium,1900-01-01 06:25:00,1900-01-01 15:55:00,9.5
19151,300,Medium,1900-01-01 15:50:00,1900-01-01 21:50:00,6.0
19152,300,Medium,1900-01-01 06:00:00,1900-01-01 11:55:00,5.916666666666667
19165,1945,Long,1900-01-01 21:00:00,1900-01-01 19:15:00,22.25
19166,1945,Long,1900-01-01 04:35:00,1900-01-01 03:45:00,23.166666666666668
19167,1600,Long,1900-01-01 21:00:00,1900-01-01 09:35:00,12.583333333333334
19168,1601,Long,1900-01-01 14:30:00,1900-01-01 03:45:00,13.25
19201,1690,Long,1900-01-01 15:00:00,1900-01-01 23:55:00,8.916666666666666
19202,1689,Long,1900-01-01 00:40:00,1900-01-01 10:30:00,9.833333333333334
19215,958,Long,1900-01-01 08:20:00,1900-01-01 05:35:00,21.25
19217,807,Long,1900-01-01 17:10:00,1900-01-01 08:50:00,15.666666666666666
19218,807,Long,1900-01-01 13:55:00,1900-01-01 05:40:00,15.75
19223,1474,Long,1900-01-01 11:20:00,1900-01-01 19:35:00,8.25
19224,1476,Long,1900-01-01 07:50:00,1900-01-01 15:00:00,7.166666666666667
19225,489,Medium,1900-01-01 18:40:00,1900-01-01 06:35:00,11.916666666666666
19226,489,Medium,1900-01-01 21:25:00,1900-01-01 09:40:00,12.25
19251,438,Medium,1900-01-01 22:35:00,1900-01-01 08:25:00,9.833333333333334
19252,438,Medium,1900-01-01 20:05:00,1900-01-01 05:30:00,9.416666666666666
19259,2274,Long,1900-01-01 15:45:00,1900-01-01 13:15:00,21.5
19260,2270,Long,1900-01-01 07:15:00,1900-01-01 02:50:00,19.583333333333332
19261,2427,Long,1900-01-01 11:00:00,1900-01-01 08:30:00,21.5
19262,2423,Long,1900-01-01 18:40:00,1900-01-01 15:15:00,20.583333333333332
19263,1394,Long,1900-01-01 15:10:00,1900-01-01 19:35:00,4.416666666666667
19264,1396,Long,1900-01-01 08:20:00,1900-01-01 12:55:00,4.583333333333333
19269,2465,Long,1900-01-01 15:10:00,1900-01-01 18:05:00,2.9166666666666665
19270,2465,Long,1900-01-01 15:15:00,1900-01-01 17:20:00,2.0833333333333335
19301,1895,Long,1900-01-01 21:05:00,1900-01-01 11:15:00,14.166666666666666
19302,1895,Long,1900-01-01 11:20:00,1900-01-01 05:15:00,17.916666666666668
19303,262,Medium,1900-01-01 23:45:00,1900-01-01 05:20:00,5.583333333333333
19304,262,Medium,1900-01-01 22:55:00,1900-01-01 04:35:00,5.666666666666667
19307,1100,Long,1900-01-01 05:35:00,1900-01-01 06:45:00,1.1666666666666667
19308,1102,Long,1900-01-01 19:10:00,1900-01-01 17:35:00,22.416666666666668
19309,563,Long,1900-01-01 18:25:00,1900-01-01 06:30:00,12.083333333333334
19310,564,Long,1900-01-01 22:45:00,1900-01-01 10:00:00,11.25
19311,969,Long,1900-01-01 17:30:00,1900-01-01 11:25:00,17.916666666666668
19312,970,Long,1900-01-01 16:50:00,1900-01-01 12:25:00,19.583333333333332
19313,1347,Long,1900-01-01 14:00:00,1900-01-01 17:20:00,3.3333333333333335
19314,1347,Long,1900-01-01 11:10:00,1900-01-01 15:05:00,3.9166666666666665
19321,1394,Long,1900-01-01 14:00:00,1900-01-01 17:20:00,3.3333333333333335
19322,1395,Long,1900-01-01 11:10:00,1900-01-01 15:05:00,3.9166666666666665
19323,217,Medium,1900-01-01 06:45:00,1900-01-01 10:50:00,4.083333333333333
19324,217,Medium,1900-01-01 17:15:00,1900-01-01 21:35:00,4.333333333333333
19325,1323,Long,1900-01-01 16:00:00,1900-01-01 21:05:00,5.083333333333333
19326,1326,Long,1900-01-01 23:15:00,1900-01-01 02:30:00,3.25
19327,302,Medium,1900-01-01 16:45:00,1900-01-01 23:59:00,7.233333333333333
19328,302,Medium,1900-01-01 01:15:00,1900-01-01 08:00:00,6.75
19329,481,Medium,1900-01-01 07:30:00,1900-01-01 19:15:00,11.75
19330,481,Medium,1900-01-01 20:35:00,1900-01-01 09:00:00,12.416666666666666
19331,2300,Long,1900-01-01 11:00:00,1900-01-01 05:15:00,18.25
19332,2296,Long,1900-01-01 21:05:00,1900-01-01 18:30:00,21.416666666666668
19401,1298,Long,1900-01-01 11:35:00,1900-01-01 14:25:00,2.8333333333333335
19402,1300,Long,1900-01-01 22:55:00,1900-01-01 02:50:00,3.9166666666666665
19403,1550,Long,1900-01-01 06:05:00,1900-01-01 12:05:00,6.0
19404,1552,Long,1900-01-01 17:50:00,1900-01-01 23:55:00,6.083333333333333
19407,1693,Long,1900-01-01 21:00:00,1900-01-01 05:40:00,8.666666666666666
19408,1696,Long,1900-01-01 15:35:00,1900-01-01 23:55:00,8.333333333333334
19409,1569,Long,1900-01-01 11:35:00,1900-01-01 19:25:00,7.833333333333333
19410,1569,Long,1900-01-01 04:45:00,1900-01-01 13:30:00,8.75
19411,489,Medium,1900-01-01 09:10:00,1900-01-01 18:50:00,9.666666666666666
19412,491,Medium,1900-01-01 06:25:00,1900-01-01 15:35:00,9.166666666666666
19413,2617,Long,1900-01-01 06:05:00,1900-01-01 15:15:00,9.166666666666666
19414,2618,Long,1900-01-01 13:10:00,1900-01-01 19:15:00,6.083333333333333
19415,1716,Long,1900-01-01 19:05:00,1900-01-01 06:50:00,11.75
19416,1718,Long,1900-01-01 10:20:00,1900-01-01 23:55:00,13.583333333333334
19419,1721,Long,1900-01-01 20:00:00,1900-01-01 05:45:00,9.75
19420,1719,Long,1900-01-01 09:40:00,1900-01-01 17:10:00,7.5
19421,1666,Long,1900-01-01 21:50:00,1900-01-01 07:50:00,10.0
19422,1669,Long,1900-01-01 10:10:00,1900-01-01 22:20:00,12.166666666666666
19565,1662,Long,1900-01-01 08:30:00,1900-01-01 19:40:00,11.166666666666666
19566,1664,Long,1900-01-01 05:50:00,1900-01-01 16:10:00,10.333333333333334
19567,2730,Long,1900-01-01 22:00:00,1900-01-01 01:35:00,3.5833333333333335
19568,2730,Long,1900-01-01 23:55:00,1900-01-01 07:10:00,7.25
19571,201,Medium,1900-01-01 07:15:00,1900-01-01 11:55:00,4.666666666666667
19572,201,Medium,1900-01-01 14:30:00,1900-01-01 18:45:00,4.25
19573,1049,Long,1900-01-01 19:20:00,1900-01-01 15:15:00,19.916666666666668
19574,1051,Long,1900-01-01 16:40:00,1900-01-01 13:50:00,21.166666666666668
19575,1126,Long,1900-01-01 07:30:00,1900-01-01 05:50:00,22.333333333333332
19576,1126,Long,1900-01-01 21:40:00,1900-01-01 20:50:00,23.166666666666668
19577,2438,Long,1900-01-01 07:45:00,1900-01-01 05:15:00,21.5
19578,2434,Long,1900-01-01 21:00:00,1900-01-01 22:20:00,1.3333333333333333
19579,1102,Long,1900-01-01 12:30:00,1900-01-01 10:15:00,21.75
19580,1105,Long,1900-01-01 13:10:00,1900-01-01 10:40:00,21.5
19601,2235,Long,1900-01-01 00:20:00,1900-01-01 18:35:00,18.25
19602,2232,Long,1900-01-01 08:15:00,1900-01-01 03:55:00,19.666666666666668
19607,2000,Long,1900-01-01 11:25:00,1900-01-01 05:40:00,18.25
19608,2004,Long,1900-01-01 18:55:00,1900-01-01 17:00:00,22.083333333333332
19609,968,Long,1900-01-01 13:05:00,1900-01-01 10:25:00,21.333333333333332
19611,1006,Long,1900-01-01 17:55:00,1900-01-01 14:45:00,20.833333333333332
19612,1006,Long,1900-01-01 14:30:00,1900-01-01 10:00:00,19.5
19613,847,Long,1900-01-01 17:55:00,1900-01-01 10:45:00,16.833333333333332
19614,847,Long,1900-01-01 17:50:00,1900-01-01 10:00:00,16.166666666666668
19659,1880,Long,1900-01-01 20:22:00,1900-01-01 08:55:00,12.55
19660,1883,Long,1900-01-01 20:00:00,1900-01-01 09:55:00,13.916666666666666
19665,1080,Long,1900-01-01 09:25:00,1900-01-01 06:35:00,21.166666666666668
19666,1080,Long,1900-01-01 22:20:00,1900-01-01 19:50:00,21.5
19707,1103,Long,1900-01-01 20:55:00,1900-01-01 18:55:00,22.0
19708,1106,Long,1900-01-01 08:40:00,1900-01-01 06:35:00,21.916666666666668
19709,2213,Long,1900-01-01 23:30:00,1900-01-01 23:55:00,0.4166666666666667
19710,2210,Long,1900-01-01 18:45:00,1900-01-01 18:10:00,23.416666666666668
19711,792,Long,1900-01-01 18:10:00,1900-01-01 11:25:00,17.25
19712,792,Long,1900-01-01 16:50:00,1900-01-01 09:25:00,16.583333333333332
19713,1726,Long,1900-01-01 21:05:00,1900-01-01 07:30:00,10.416666666666666
19714,1726,Long,1900-01-01 21:20:00,1900-01-01 06:15:00,8.916666666666666
19715,675,Long,1900-01-01 21:00:00,1900-01-01 10:25:00,13.416666666666666
19716,674,Long,1900-01-01 12:10:00,1900-01-01 01:45:00,13.583333333333334
19717,569,Long,1900-01-01 16:40:00,1900-01-01 04:55:00,12.25
19718,569,Long,1900-01-01 12:45:00,1900-01-01 00:50:00,12.083333333333334
19803,1125,Long,1900-01-01 14:30:00,1900-01-01 15:20:00,0.8333333333333334
19804,1127,Long,1900-01-01 21:55:00,1900-01-01 23:50:00,1.9166666666666667
19805,1084,Long,1900-01-01 14:30:00,1900-01-01 12:15:00,21.75
19806,1086,Long,1900-01-01 14:35:00,1900-01-01 11:10:00,20.583333333333332
19807,238,Medium,1900-01-01 00:05:00,1900-01-01 04:45:00,4.666666666666667
19808,239,Medium,1900-01-01 00:30:00,1900-01-01 05:20:00,4.833333333333333
20501,2412,Long,1900-01-01 18:30:00,1900-01-01 11:20:00,16.833333333333332
20502,2413,Long,1900-01-01 19:50:00,1900-01-01 13:30:00,17.666666666666668
20601,558,Long,1900-01-01 22:30:00,1900-01-01 07:20:00,8.833333333333334
20602,554,Long,1900-01-01 22:45:00,1900-01-01 07:40:00,8.916666666666666
20651,273,Medium,1900-01-01 15:00:00,1900-01-01 19:55:00,4.916666666666667
20652,273,Medium,1900-01-01 06:40:00,1900-01-01 11:35:00,4.916666666666667
20809,1486,Long,1900-01-01 11:15:00,1900-01-01 14:20:00,3.0833333333333335
20810,1484,Long,1900-01-01 16:35:00,1900-01-01 19:30:00,2.9166666666666665
20811,981,Long,1900-01-01 20:45:00,1900-01-01 14:20:00,17.583333333333332
20812,978,Long,1900-01-01 16:35:00,1900-01-01 10:15:00,17.666666666666668
20813,2433,Long,1900-01-01 16:00:00,1900-01-01 12:00:00,20.0
20814,2426,Long,1900-01-01 14:00:00,1900-01-01 10:00:00,20.0
20815,862,Long,1900-01-01 13:00:00,1900-01-01 04:30:00,15.5
20816,862,Long,1900-01-01 17:50:00,1900-01-01 09:30:00,15.666666666666666
20817,1893,Long,1900-01-01 07:10:00,1900-01-01 10:40:00,3.5
20818,1894,Long,1900-01-01 17:05:00,1900-01-01 20:35:00,3.5
20889,1234,Long,1900-01-01 12:40:00,1900-01-01 07:45:00,19.083333333333332
20890,1233,Long,1900-01-01 23:05:00,1900-01-01 18:30:00,19.416666666666668
20901,185,Short,1900-01-01 13:40:00,1900-01-01 17:15:00,3.5833333333333335
20902,185,Short,1900-01-01 20:05:00,1900-01-01 23:15:00,3.1666666666666665
20903,1536,Long,1900-01-01 19:40:00,1900-01-01 22:20:00,2.6666666666666665
20904,1535,Long,1900-01-01 06:10:00,1900-01-01 09:40:00,3.5
21067,95,Short,1900-01-01 06:21:00,1900-01-01 08:20:00,1.9833333333333334
21068,95,Short,1900-01-01 16:15:00,1900-01-01 17:55:00,1.6666666666666667
21107,63,Short,1900-01-01 23:50:00,1900-01-01 00:50:00,1.0
21108,63,Short,1900-01-01 04:10:00,1900-01-01 05:20:00,1.1666666666666667
21125,643,Long,1900-01-01 20:05:00,1900-01-01 09:50:00,13.75
21126,643,Long,1900-01-01 17:10:00,1900-01-01 07:55:00,14.75
22101,260,Medium,1900-01-01 18:45:00,1900-01-01 23:25:00,4.666666666666667
22102,260,Medium,1900-01-01 05:25:00,1900-01-01 10:07:00,4.7
22103,1600,Long,1900-01-01 14:30:00,1900-01-01 17:50:00,3.3333333333333335
22104,1599,Long,1900-01-01 23:55:00,1900-01-01 05:00:00,5.083333333333333
22105,191,Short,1900-01-01 05:40:00,1900-01-01 09:05:00,3.4166666666666665
22106,191,Short,1900-01-01 18:35:00,1900-01-01 22:00:00,3.4166666666666665
22109,1501,Long,1900-01-01 14:30:00,1900-01-01 10:25:00,19.916666666666668
22110,1504,Long,1900-01-01 15:45:00,1900-01-01 11:45:00,20.0
22111,603,Long,1900-01-01 05:35:00,1900-01-01 16:10:00,10.583333333333334
22112,604,Long,1900-01-01 07:20:00,1900-01-01 17:45:00,10.416666666666666
22113,1513,Long,1900-01-01 16:55:00,1900-01-01 20:25:00,3.5
22114,1517,Long,1900-01-01 00:35:00,1900-01-01 04:10:00,3.5833333333333335
22115,545,Long,1900-01-01 01:10:00,1900-01-01 11:00:00,9.833333333333334
22116,547,Long,1900-01-01 14:00:00,1900-01-01 23:55:00,9.916666666666666
22117,730,Long,1900-01-01 15:15:00,1900-01-01 03:15:00,12.0
22118,730,Long,1900-01-01 18:35:00,1900-01-01 07:40:00,13.083333333333334
22119,561,Long,1900-01-01 05:00:00,1900-01-01 13:20:00,8.333333333333334
22120,563,Long,1900-01-01 14:30:00,1900-01-01 23:00:00,8.5
22121,1411,Long,1900-01-01 14:20:00,1900-01-01 13:45:00,23.416666666666668
22122,1411,Long,1900-01-01 16:20:00,1900-01-01 17:30:00,1.1666666666666667
22123,892,Long,1900-01-01 15:15:00,1900-01-01 05:15:00,14.0
22124,892,Long,1900-01-01 19:50:00,1900-01-01 11:45:00,15.916666666666666
22125,1518,Long,1900-01-01 17:50:00,1900-01-01 21:05:00,3.25
22126,1521,Long,1900-01-01 04:10:00,1900-01-01 04:25:00,0.25
22127,1122,Long,1900-01-01 11:30:00,1900-01-01 06:45:00,19.25
22128,1123,Long,1900-01-01 18:30:00,1900-01-01 13:45:00,19.25
22131,1543,Long,1900-01-01 16:15:00,1900-01-01 19:20:00,3.0833333333333335
22132,1543,Long,1900-01-01 04:15:00,1900-01-01 08:05:00,3.8333333333333335
22133,644,Long,1900-01-01 19:20:00,1900-01-01 07:10:00,11.833333333333334
22134,644,Long,1900-01-01 20:50:00,1900-01-01 08:40:00,11.833333333333334
22135,780,Long,1900-01-01 07:20:00,1900-01-01 19:50:00,12.5
22136,780,Long,1900-01-01 20:50:00,1900-01-01 10:55:00,14.083333333333334
22137,961,Long,1900-01-01 10:30:00,1900-01-01 03:25:00,16.916666666666668
22138,961,Long,1900-01-01 17:25:00,1900-01-01 10:40:00,17.25
22140,457,Medium,1900-01-01 21:10:00,1900-01-01 05:10:00,8.0
22143,667,Long,1900-01-01 21:00:00,1900-01-01 09:15:00,12.25
22144,667,Long,1900-01-01 19:50:00,1900-01-01 07:55:00,12.083333333333334
22145,136,Short,1900-01-01 21:16:00,1900-01-01 23:45:00,2.4833333333333334
22146,136,Short,1900-01-01 18:25:00,1900-01-01 20:54:00,2.4833333333333334
22147,330,Medium,1900-01-01 21:45:00,1900-01-01 03:45:00,6.0
22148,330,Medium,1900-01-01 09:20:00,1900-01-01 15:20:00,6.0
22149,1371,Long,1900-01-01 05:15:00,1900-01-01 05:50:00,0.5833333333333334
22150,1366,Long,1900-01-01 18:45:00,1900-01-01 18:50:00,0.08333333333333333
22151,1191,Long,1900-01-01 21:45:00,1900-01-01 18:35:00,20.833333333333332
22152,1193,Long,1900-01-01 13:30:00,1900-01-01 11:05:00,21.583333333333332
22161,290,Medium,1900-01-01 17:55:00,1900-01-01 22:45:00,4.833333333333333
22162,292,Medium,1900-01-01 05:00:00,1900-01-01 10:05:00,5.083333333333333
22163,367,Medium,1900-01-01 06:50:00,1900-01-01 13:30:00,6.666666666666667
22164,367,Medium,1900-01-01 16:15:00,1900-01-01 22:55:00,6.666666666666667
22165,656,Long,1900-01-01 21:00:00,1900-01-01 08:45:00,11.75
22166,655,Long,1900-01-01 20:20:00,1900-01-01 08:20:00,12.0
22168,1050,Long,1900-01-01 00:05:00,1900-01-01 18:40:00,18.583333333333332
22181,883,Long,1900-01-01 15:00:00,1900-01-01 05:15:00,14.25
22182,886,Long,1900-01-01 17:50:00,1900-01-01 08:20:00,14.5
22187,330,Medium,1900-01-01 06:50:00,1900-01-01 12:20:00,5.5
22188,330,Medium,1900-01-01 16:10:00,1900-01-01 22:15:00,6.083333333333333
22189,238,Medium,1900-01-01 17:05:00,1900-01-01 21:20:00,4.25
22190,238,Medium,1900-01-01 06:00:00,1900-01-01 10:15:00,4.25
22191,554,Long,1900-01-01 18:40:00,1900-01-01 04:40:00,10.0
22192,554,Long,1900-01-01 23:55:00,1900-01-01 09:55:00,10.0
22201,527,Long,1900-01-01 20:00:00,1900-01-01 03:55:00,7.916666666666667
22202,526,Long,1900-01-01 19:45:00,1900-01-01 04:00:00,8.25
22203,708,Long,1900-01-01 19:45:00,1900-01-01 06:15:00,10.5
22204,708,Long,1900-01-01 20:15:00,1900-01-01 06:30:00,10.25
22205,553,Long,1900-01-01 22:30:00,1900-01-01 07:10:00,8.666666666666666
22206,555,Long,1900-01-01 22:45:00,1900-01-01 07:20:00,8.583333333333334
22207,901,Long,1900-01-01 16:25:00,1900-01-01 06:45:00,14.333333333333334
22208,904,Long,1900-01-01 21:30:00,1900-01-01 12:00:00,14.5
22209,1373,Long,1900-01-01 23:15:00,1900-01-01 16:30:00,17.25
22210,1376,Long,1900-01-01 23:25:00,1900-01-01 16:15:00,16.833333333333332
22213,538,Long,1900-01-01 22:05:00,1900-01-01 06:40:00,8.583333333333334
22214,539,Long,1900-01-01 20:45:00,1900-01-01 05:40:00,8.916666666666666
22307,172,Short,1900-01-01 05:00:00,1900-01-01 08:45:00,3.75
22308,173,Short,1900-01-01 18:45:00,1900-01-01 21:35:00,2.8333333333333335
22309,560,Long,1900-01-01 23:05:00,1900-01-01 09:00:00,9.916666666666666
22310,560,Long,1900-01-01 12:35:00,1900-01-01 22:50:00,10.25
22321,239,Medium,1900-01-01 06:45:00,1900-01-01 11:05:00,4.333333333333333
22322,240,Medium,1900-01-01 13:40:00,1900-01-01 18:00:00,4.333333333333333
22323,757,Long,1900-01-01 22:45:00,1900-01-01 12:25:00,13.666666666666666
22324,758,Long,1900-01-01 23:30:00,1900-01-01 13:15:00,13.75
22351,2706,Long,1900-01-01 20:15:00,1900-01-01 20:55:00,0.6666666666666666
22352,2712,Long,1900-01-01 09:55:00,1900-01-01 10:00:00,0.08333333333333333
22356,1142,Long,1900-01-01 22:05:00,1900-01-01 19:15:00,21.166666666666668
22387,269,Medium,1900-01-01 06:15:00,1900-01-01 11:10:00,4.916666666666667
22388,270,Medium,1900-01-01 16:25:00,1900-01-01 21:20:00,4.916666666666667
22401,630,Long,1900-01-01 22:15:00,1900-01-01 08:55:00,10.666666666666666
22402,630,Long,1900-01-01 18:00:00,1900-01-01 04:20:00,10.333333333333334
22403,2364,Long,1900-01-01 09:15:00,1900-01-01 02:10:00,16.916666666666668
22404,2363,Long,1900-01-01 23:45:00,1900-01-01 17:55:00,18.166666666666668
22405,1193,Long,1900-01-01 13:30:00,1900-01-01 08:20:00,18.833333333333332
22406,1193,Long,1900-01-01 16:55:00,1900-01-01 10:45:00,17.833333333333332
22407,780,Long,1900-01-01 19:30:00,1900-01-01 10:15:00,14.75
22408,780,Long,1900-01-01 18:15:00,1900-01-01 08:05:00,13.833333333333334
22409,968,Long,1900-01-01 19:30:00,1900-01-01 11:50:00,16.333333333333332
22410,968,Long,1900-01-01 19:10:00,1900-01-01 09:50:00,14.666666666666666
22411,2127,Long,1900-01-01 21:35:00,1900-01-01 11:40:00,14.083333333333334
22412,2130,Long,1900-01-01 15:50:00,1900-01-01 05:55:00,14.083333333333334
22413,1908,Long,1900-01-01 10:00:00,1900-01-01 12:40:00,2.6666666666666665
22414,1907,Long,1900-01-01 10:55:00,1900-01-01 12:50:00,1.9166666666666667
22415,2083,Long,1900-01-01 08:35:00,1900-01-01 19:05:00,10.5
22416,2083,Long,1900-01-01 06:25:00,1900-01-01 17:50:00,11.416666666666666
22417,768,Long,1900-01-01 18:55:00,1900-01-01 08:25:00,13.5
22418,768,Long,1900-01-01 18:35:00,1900-01-01 08:25:00,13.833333333333334
22419,809,Long,1900-01-01 17:20:00,1900-01-01 08:10:00,14.833333333333334
22420,809,Long,1900-01-01 18:45:00,1900-01-01 09:30:00,14.75
22421,623,Long,1900-01-01 07:05:00,1900-01-01 18:20:00,11.25
22422,624,Long,1900-01-01 10:55:00,1900-01-01 22:10:00,11.25
22423,1086,Long,1900-01-01 10:45:00,1900-01-01 06:30:00,19.75
22424,1087,Long,1900-01-01 12:35:00,1900-01-01 08:05:00,19.5
22427,876,Long,1900-01-01 22:10:00,1900-01-01 12:50:00,14.666666666666666
22428,876,Long,1900-01-01 23:55:00,1900-01-01 15:25:00,15.5
22429,553,Long,1900-01-01 08:25:00,1900-01-01 18:30:00,10.083333333333334
22430,553,Long,1900-01-01 07:00:00,1900-01-01 17:00:00,10.0
22431,1255,Long,1900-01-01 14:45:00,1900-01-01 13:30:00,22.75
22432,1255,Long,1900-01-01 16:15:00,1900-01-01 14:55:00,22.666666666666668
22433,822,Long,1900-01-01 16:00:00,1900-01-01 07:10:00,15.166666666666666
22434,824,Long,1900-01-01 19:10:00,1900-01-01 09:30:00,14.333333333333334
22439,655,Long,1900-01-01 06:00:00,1900-01-01 14:00:00,8.0
22441,194,Short,1900-01-01 18:30:00,1900-01-01 21:40:00,3.1666666666666665
22442,194,Short,1900-01-01 06:30:00,1900-01-01 09:40:00,3.1666666666666665
22443,1607,Long,1900-01-01 18:20:00,1900-01-01 23:05:00,4.75
22444,1608,Long,1900-01-01 05:10:00,1900-01-01 08:35:00,3.4166666666666665
22445,897,Long,1900-01-01 17:20:00,1900-01-01 09:35:00,16.25
22446,897,Long,1900-01-01 12:35:00,1900-01-01 04:50:00,16.25
22447,63,Short,1900-01-01 18:20:00,1900-01-01 19:35:00,1.25
22448,63,Short,1900-01-01 05:25:00,1900-01-01 06:35:00,1.1666666666666667
22451,1580,Long,1900-01-01 12:15:00,1900-01-01 16:20:00,4.083333333333333
22452,1583,Long,1900-01-01 05:45:00,1900-01-01 09:20:00,3.5833333333333335
22453,458,Medium,1900-01-01 14:40:00,1900-01-01 22:35:00,7.916666666666667
22454,458,Medium,1900-01-01 04:55:00,1900-01-01 13:10:00,8.25
22455,1615,Long,1900-01-01 10:00:00,1900-01-01 12:30:00,2.5
22456,1618,Long,1900-01-01 19:00:00,1900-01-01 22:15:00,3.25
22457,1849,Long,1900-01-01 11:00:00,1900-01-01 20:50:00,9.833333333333334
22458,1852,Long,1900-01-01 15:45:00,1900-01-01 23:45:00,8.0
22461,654,Long,1900-01-01 17:30:00,1900-01-01 05:10:00,11.666666666666666
22462,654,Long,1900-01-01 23:05:00,1900-01-01 10:35:00,11.5
22463,172,Short,1900-01-01 06:50:00,1900-01-01 10:30:00,3.6666666666666665
22464,173,Short,1900-01-01 17:05:00,1900-01-01 19:55:00,2.8333333333333335
22471,455,Medium,1900-01-01 09:30:00,1900-01-01 17:25:00,7.916666666666667
22472,455,Medium,1900-01-01 08:40:00,1900-01-01 16:35:00,7.916666666666667
22473,1211,Long,1900-01-01 14:50:00,1900-01-01 12:45:00,21.916666666666668
22474,1209,Long,1900-01-01 14:35:00,1900-01-01 12:35:00,22.0
22475,2478,Long,1900-01-01 07:10:00,1900-01-01 02:50:00,19.666666666666668
22476,2482,Long,1900-01-01 15:20:00,1900-01-01 12:25:00,21.083333333333332
22477,312,Medium,1900-01-01 16:25:00,1900-01-01 21:15:00,4.833333333333333
22478,311,Medium,1900-01-01 06:00:00,1900-01-01 10:50:00,4.833333333333333
22481,620,Long,1900-01-01 18:45:00,1900-01-01 05:20:00,10.583333333333334
22482,619,Long,1900-01-01 23:15:00,1900-01-01 10:00:00,10.75
22483,558,Long,1900-01-01 19:10:00,1900-01-01 04:55:00,9.75
22484,558,Long,1900-01-01 22:45:00,1900-01-01 08:00:00,9.25
22487,91,Short,1900-01-01 20:00:00,1900-01-01 22:20:00,2.3333333333333335
22488,91,Short,1900-01-01 05:45:00,1900-01-01 08:20:00,2.5833333333333335
22497,3101,Long,1900-01-01 02:00:00,1900-01-01 11:20:00,9.333333333333334
22501,3617,Long,1900-01-01 03:10:00,1900-01-01 20:45:00,17.583333333333332
22502,3617,Long,1900-01-01 17:55:00,1900-01-01 11:30:00,17.583333333333332
22511,3011,Long,1900-01-01 11:30:00,1900-01-01 18:25:00,6.916666666666667
22512,3006,Long,1900-01-01 18:00:00,1900-01-01 23:15:00,5.25
22531,879,Long,1900-01-01 05:30:00,1900-01-01 21:30:00,16.0
22532,884,Long,1900-01-01 23:50:00,1900-01-01 15:55:00,16.083333333333332
22601,1391,Long,1900-01-01 10:10:00,1900-01-01 11:30:00,1.3333333333333333
22602,1391,Long,1900-01-01 08:25:00,1900-01-01 09:40:00,1.25
22603,1779,Long,1900-01-01 14:05:00,1900-01-01 21:20:00,7.25
22604,1782,Long,1900-01-01 11:40:00,1900-01-01 19:25:00,7.75
22605,1984,Long,1900-01-01 10:35:00,1900-01-01 21:20:00,10.75
22606,1986,Long,1900-01-01 11:40:00,1900-01-01 23:05:00,11.416666666666666
22607,617,Long,1900-01-01 17:00:00,1900-01-01 04:15:00,11.25
22608,616,Long,1900-01-01 18:50:00,1900-01-01 06:00:00,11.166666666666666
22609,404,Medium,1900-01-01 11:45:00,1900-01-01 19:05:00,7.333333333333333
22610,405,Medium,1900-01-01 06:40:00,1900-01-01 13:50:00,7.166666666666667
22611,2295,Long,1900-01-01 11:00:00,1900-01-01 04:30:00,17.5
22612,2295,Long,1900-01-01 21:10:00,1900-01-01 14:55:00,17.75
22613,1661,Long,1900-01-01 14:40:00,1900-01-01 18:30:00,3.8333333333333335
22614,1662,Long,1900-01-01 11:30:00,1900-01-01 15:35:00,4.083333333333333
22615,466,Medium,1900-01-01 14:50:00,1900-01-01 22:40:00,7.833333333333333
22616,469,Medium,1900-01-01 06:00:00,1900-01-01 13:40:00,7.666666666666667
22617,336,Medium,1900-01-01 07:40:00,1900-01-01 13:40:00,6.0
22618,336,Medium,1900-01-01 14:50:00,1900-01-01 20:40:00,5.833333333333333
22619,2494,Long,1900-01-01 08:10:00,1900-01-01 05:15:00,21.083333333333332
22620,2494,Long,1900-01-01 01:15:00,1900-01-01 21:35:00,20.333333333333332
22621,399,Medium,1900-01-01 20:45:00,1900-01-01 04:05:00,7.333333333333333
22622,398,Medium,1900-01-01 22:00:00,1900-01-01 05:20:00,7.333333333333333
22623,556,Long,1900-01-01 22:40:00,1900-01-01 08:40:00,10.0
22624,557,Long,1900-01-01 21:15:00,1900-01-01 07:20:00,10.083333333333334
22625,360,Medium,1900-01-01 07:25:00,1900-01-01 13:10:00,5.75
22626,361,Medium,1900-01-01 14:30:00,1900-01-01 20:30:00,6.0
22627,457,Medium,1900-01-01 07:05:00,1900-01-01 15:25:00,8.333333333333334
22628,457,Medium,1900-01-01 11:50:00,1900-01-01 20:10:00,8.333333333333334
22629,1758,Long,1900-01-01 20:40:00,1900-01-01 04:00:00,7.333333333333333
22630,1763,Long,1900-01-01 07:20:00,1900-01-01 15:10:00,7.833333333333333
22631,2560,Long,1900-01-01 21:10:00,1900-01-01 17:45:00,20.583333333333332
22632,2558,Long,1900-01-01 14:50:00,1900-01-01 10:10:00,19.333333333333332
22633,2841,Long,1900-01-01 14:15:00,1900-01-01 14:15:00,0.0
22634,2840,Long,1900-01-01 23:35:00,1900-01-01 02:40:00,3.0833333333333335
22635,319,Medium,1900-01-01 16:15:00,1900-01-01 22:00:00,5.75
22636,320,Medium,1900-01-01 08:15:00,1900-01-01 14:00:00,5.75
22637,896,Long,1900-01-01 12:05:00,1900-01-01 04:30:00,16.416666666666668
22638,898,Long,1900-01-01 22:20:00,1900-01-01 14:40:00,16.333333333333332
22639,753,Long,1900-01-01 20:55:00,1900-01-01 10:40:00,13.75
22640,755,Long,1900-01-01 16:05:00,1900-01-01 05:50:00,13.75
22641,2565,Long,1900-01-01 16:55:00,1900-01-01 13:50:00,20.916666666666668
22642,2564,Long,1900-01-01 23:05:00,1900-01-01 20:45:00,21.666666666666668
22643,2785,Long,1900-01-01 17:15:00,1900-01-01 20:00:00,2.75
22644,2782,Long,1900-01-01 14:00:00,1900-01-01 16:15:00,2.25
22645,2643,Long,1900-01-01 16:50:00,1900-01-01 17:15:00,0.4166666666666667
22646,2648,Long,1900-01-01 06:15:00,1900-01-01 05:15:00,23.0
22647,2510,Long,1900-01-01 19:40:00,1900-01-01 17:15:00,21.583333333333332
22648,2508,Long,1900-01-01 06:15:00,1900-01-01 03:30:00,21.25
22649,390,Medium,1900-01-01 22:40:00,1900-01-01 05:50:00,7.166666666666667
22650,393,Medium,1900-01-01 21:00:00,1900-01-01 04:05:00,7.083333333333333
22651,669,Long,1900-01-01 21:40:00,1900-01-01 11:00:00,13.333333333333334
22652,671,Long,1900-01-01 15:00:00,1900-01-01 04:15:00,13.25
22653,2854,Long,1900-01-01 00:30:00,1900-01-01 01:40:00,1.1666666666666667
22654,2852,Long,1900-01-01 10:05:00,1900-01-01 14:20:00,4.25
22655,2841,Long,1900-01-01 01:00:00,1900-01-01 01:40:00,0.6666666666666666
22656,2840,Long,1900-01-01 10:05:00,1900-01-01 14:20:00,4.25
22659,3154,Long,1900-01-01 08:45:00,1900-01-01 18:10:00,9.416666666666666
22660,3152,Long,1900-01-01 05:50:00,1900-01-01 15:15:00,9.416666666666666
22661,592,Long,1900-01-01 17:50:00,1900-01-01 04:35:00,10.75
22662,592,Long,1900-01-01 20:15:00,1900-01-01 07:05:00,10.833333333333334
22663,2353,Long,1900-01-01 15:15:00,1900-01-01 10:00:00,18.75
22664,2352,Long,1900-01-01 21:35:00,1900-01-01 16:25:00,18.833333333333332
22667,531,Long,1900-01-01 21:30:00,1900-01-01 07:00:00,9.5
22668,532,Long,1900-01-01 19:30:00,1900-01-01 04:50:00,9.333333333333334
22669,31,Short,1900-01-01 22:35:00,1900-01-01 23:15:00,0.6666666666666666
22670,31,Short,1900-01-01 03:15:00,1900-01-01 03:55:00,0.6666666666666666
22677,844,Long,1900-01-01 15:20:00,1900-01-01 06:50:00,15.5
22678,845,Long,1900-01-01 12:50:00,1900-01-01 04:15:00,15.416666666666666
22679,226,Medium,1900-01-01 18:15:00,1900-01-01 21:25:00,3.1666666666666665
22680,211,Medium,1900-01-01 06:10:00,1900-01-01 09:20:00,3.1666666666666665
22681,499,Medium,1900-01-01 20:10:00,1900-01-01 05:15:00,9.083333333333334
22682,498,Medium,1900-01-01 23:30:00,1900-01-01 08:20:00,8.833333333333334
22683,2352,Long,1900-01-01 23:40:00,1900-01-01 18:40:00,19.0
22684,2338,Long,1900-01-01 18:30:00,1900-01-01 13:30:00,19.0
22685,2846,Long,1900-01-01 13:45:00,1900-01-01 18:20:00,4.583333333333333
22686,2845,Long,1900-01-01 03:25:00,1900-01-01 06:20:00,2.9166666666666665
22687,126,Short,1900-01-01 02:00:00,1900-01-01 04:25:00,2.4166666666666665
22688,126,Short,1900-01-01 07:50:00,1900-01-01 10:05:00,2.25
22691,2337,Long,1900-01-01 20:00:00,1900-01-01 05:55:00,9.916666666666666
22692,2355,Long,1900-01-01 20:45:00,1900-01-01 06:40:00,9.916666666666666
22697,828,Long,1900-01-01 20:25:00,1900-01-01 11:45:00,15.333333333333334
22698,829,Long,1900-01-01 15:00:00,1900-01-01 06:20:00,15.333333333333334
22705,2964,Long,1900-01-01 17:15:00,1900-01-01 21:10:00,3.9166666666666665
22706,2965,Long,1900-01-01 05:30:00,1900-01-01 11:25:00,5.916666666666667
22707,760,Long,1900-01-01 22:25:00,1900-01-01 11:35:00,13.166666666666666
22708,759,Long,1900-01-01 21:50:00,1900-01-01 11:00:00,13.166666666666666
22801,804,Long,1900-01-01 18:55:00,1900-01-01 09:30:00,14.583333333333334
22803,664,Long,1900-01-01 20:55:00,1900-01-01 07:40:00,10.75
22804,663,Long,1900-01-01 20:05:00,1900-01-01 07:05:00,11.0
22805,1871,Long,1900-01-01 12:45:00,1900-01-01 20:50:00,8.083333333333334
22806,1869,Long,1900-01-01 07:05:00,1900-01-01 16:05:00,9.0
22807,1657,Long,1900-01-01 19:00:00,1900-01-01 22:45:00,3.75
22808,1656,Long,1900-01-01 08:10:00,1900-01-01 10:25:00,2.25
22809,552,Long,1900-01-01 23:00:00,1900-01-01 08:20:00,9.333333333333334
22810,552,Long,1900-01-01 23:50:00,1900-01-01 09:05:00,9.25
22811,1717,Long,1900-01-01 11:40:00,1900-01-01 10:40:00,23.0
22812,1718,Long,1900-01-01 17:05:00,1900-01-01 15:50:00,22.75
22813,490,Medium,1900-01-01 20:40:00,1900-01-01 03:55:00,7.25
22814,489,Medium,1900-01-01 23:55:00,1900-01-01 08:45:00,8.833333333333334
22815,2144,Long,1900-01-01 08:10:00,1900-01-01 21:30:00,13.333333333333334
22816,2145,Long,1900-01-01 08:50:00,1900-01-01 21:35:00,12.75
22817,2106,Long,1900-01-01 16:10:00,1900-01-01 03:45:00,11.583333333333334
22818,2107,Long,1900-01-01 00:30:00,1900-01-01 14:50:00,14.333333333333334
22819,442,Medium,1900-01-01 07:35:00,1900-01-01 14:55:00,7.333333333333333
22821,188,Short,1900-01-01 10:50:00,1900-01-01 14:10:00,3.3333333333333335
22822,189,Short,1900-01-01 14:40:00,1900-01-01 17:55:00,3.25
22823,1802,Long,1900-01-01 09:30:00,1900-01-01 10:40:00,1.1666666666666667
22824,1802,Long,1900-01-01 17:05:00,1900-01-01 17:25:00,0.3333333333333333
22825,1662,Long,1900-01-01 12:10:00,1900-01-01 15:35:00,3.4166666666666665
22826,1661,Long,1900-01-01 16:25:00,1900-01-01 21:30:00,5.083333333333333
22827,1766,Long,1900-01-01 19:45:00,1900-01-01 03:20:00,7.583333333333333
22828,1759,Long,1900-01-01 08:30:00,1900-01-01 16:10:00,7.666666666666667
22829,2431,Long,1900-01-01 14:20:00,1900-01-01 09:55:00,19.583333333333332
22830,2431,Long,1900-01-01 20:22:00,1900-01-01 16:35:00,20.216666666666665
22831,1765,Long,1900-01-01 15:35:00,1900-01-01 22:25:00,6.833333333333333
22832,1764,Long,1900-01-01 07:40:00,1900-01-01 14:50:00,7.166666666666667
22833,1511,Long,1900-01-01 12:00:00,1900-01-01 13:00:00,1.0
22834,1514,Long,1900-01-01 16:05:00,1900-01-01 17:50:00,1.75
22835,502,Long,1900-01-01 20:55:00,1900-01-01 05:40:00,8.75
22836,500,Medium,1900-01-01 22:15:00,1900-01-01 07:10:00,8.916666666666666
22837,2234,Long,1900-01-01 18:15:00,1900-01-01 10:55:00,16.666666666666668
22838,2238,Long,1900-01-01 00:25:00,1900-01-01 17:05:00,16.666666666666668
22839,417,Medium,1900-01-01 05:10:00,1900-01-01 12:30:00,7.333333333333333
22840,417,Medium,1900-01-01 14:10:00,1900-01-01 21:40:00,7.5
22843,966,Long,1900-01-01 20:30:00,1900-01-01 14:05:00,17.583333333333332
22844,964,Long,1900-01-01 23:55:00,1900-01-01 17:25:00,17.5
22845,1771,Long,1900-01-01 10:45:00,1900-01-01 17:05:00,6.333333333333333
22846,1779,Long,1900-01-01 20:00:00,1900-01-01 02:45:00,6.75
22847,1662,Long,1900-01-01 09:00:00,1900-01-01 13:35:00,4.583333333333333
22848,1655,Long,1900-01-01 00:15:00,1900-01-01 05:20:00,5.083333333333333
22849,1590,Long,1900-01-01 12:10:00,1900-01-01 14:25:00,2.25
22850,1589,Long,1900-01-01 05:40:00,1900-01-01 09:05:00,3.4166666666666665
22851,2485,Long,1900-01-01 15:50:00,1900-01-01 09:30:00,17.666666666666668
22852,2485,Long,1900-01-01 23:00:00,1900-01-01 18:00:00,19.0
22853,882,Long,1900-01-01 18:15:00,1900-01-01 08:20:00,14.083333333333334
22854,880,Long,1900-01-01 17:50:00,1900-01-01 09:05:00,15.25
22855,1613,Long,1900-01-01 15:50:00,1900-01-01 17:40:00,1.8333333333333333
22856,1612,Long,1900-01-01 19:50:00,1900-01-01 22:20:00,2.5
22857,1567,Long,1900-01-01 08:55:00,1900-01-01 11:50:00,2.9166666666666665
22858,1566,Long,1900-01-01 13:45:00,1900-01-01 16:55:00,3.1666666666666665
22859,1247,Long,1900-01-01 17:30:00,1900-01-01 14:55:00,21.416666666666668
22860,1247,Long,1900-01-01 16:25:00,1900-01-01 14:55:00,22.5
22861,288,Medium,1900-01-01 06:30:00,1900-01-01 11:20:00,4.833333333333333
22862,288,Medium,1900-01-01 11:55:00,1900-01-01 17:05:00,5.166666666666667
22863,1957,Long,1900-01-01 10:55:00,1900-01-01 16:00:00,5.083333333333333
22864,1959,Long,1900-01-01 11:00:00,1900-01-01 16:15:00,5.25
22865,1853,Long,1900-01-01 00:15:00,1900-01-01 08:45:00,8.5
22866,1860,Long,1900-01-01 05:30:00,1900-01-01 13:35:00,8.083333333333334
22867,1255,Long,1900-01-01 07:10:00,1900-01-01 04:30:00,21.333333333333332
22868,1266,Long,1900-01-01 08:25:00,1900-01-01 06:30:00,22.083333333333332
22869,780,Long,1900-01-01 19:05:00,1900-01-01 08:55:00,13.833333333333334
22870,780,Long,1900-01-01 21:10:00,1900-01-01 10:25:00,13.25
22871,1178,Long,1900-01-01 12:00:00,1900-01-01 08:45:00,20.75
22872,1178,Long,1900-01-01 12:15:00,1900-01-01 09:35:00,21.333333333333332
22873,930,Long,1900-01-01 17:15:00,1900-01-01 08:20:00,15.083333333333334
22874,930,Long,1900-01-01 17:50:00,1900-01-01 09:25:00,15.583333333333334
22875,207,Medium,1900-01-01 07:25:00,1900-01-01 11:20:00,3.9166666666666665
22876,207,Medium,1900-01-01 11:55:00,1900-01-01 15:50:00,3.9166666666666665
22877,2289,Long,1900-01-01 17:00:00,1900-01-01 06:00:00,13.0
22878,2293,Long,1900-01-01 00:25:00,1900-01-01 14:50:00,14.416666666666666
22879,1178,Long,1900-01-01 12:00:00,1900-01-01 08:45:00,20.75
22880,1178,Long,1900-01-01 12:15:00,1900-01-01 09:35:00,21.333333333333332
22881,1705,Long,1900-01-01 11:15:00,1900-01-01 17:20:00,6.083333333333333
22882,1706,Long,1900-01-01 22:20:00,1900-01-01 05:00:00,6.666666666666667
22883,1493,Long,1900-01-01 15:00:00,1900-01-01 20:00:00,5.0
22884,1504,Long,1900-01-01 22:40:00,1900-01-01 05:40:00,7.0
22885,1701,Long,1900-01-01 13:20:00,1900-01-01 14:20:00,1.0
22886,1704,Long,1900-01-01 21:55:00,1900-01-01 23:45:00,1.8333333333333333
22887,1970,Long,1900-01-01 12:40:00,1900-01-01 21:35:00,8.916666666666666
22888,1973,Long,1900-01-01 09:55:00,1900-01-01 18:30:00,8.583333333333334
22889,550,Long,1900-01-01 17:15:00,1900-01-01 03:10:00,9.916666666666666
22890,550,Long,1900-01-01 23:45:00,1900-01-01 09:25:00,9.666666666666666
22891,469,Medium,1900-01-01 12:50:00,1900-01-01 21:10:00,8.333333333333334
22892,466,Medium,1900-01-01 06:55:00,1900-01-01 15:15:00,8.333333333333334
22893,1795,Long,1900-01-01 13:55:00,1900-01-01 19:30:00,5.583333333333333
22894,1801,Long,1900-01-01 14:35:00,1900-01-01 20:00:00,5.416666666666667
22897,185,Short,1900-01-01 14:15:00,1900-01-01 17:37:00,3.3666666666666667
22898,186,Short,1900-01-01 18:15:00,1900-01-01 21:37:00,3.3666666666666667
22901,944,Long,1900-01-01 23:25:00,1900-01-01 16:20:00,16.916666666666668
22902,945,Long,1900-01-01 21:00:00,1900-01-01 13:40:00,16.666666666666668
22903,838,Long,1900-01-01 23:45:00,1900-01-01 12:30:00,12.75
22904,838,Long,1900-01-01 16:00:00,1900-01-01 05:15:00,13.25
22905,176,Short,1900-01-01 07:05:00,1900-01-01 10:05:00,3.0
22906,176,Short,1900-01-01 16:20:00,1900-01-01 20:00:00,3.6666666666666665
22907,1352,Long,1900-01-01 10:40:00,1900-01-01 10:20:00,23.666666666666668
22908,1348,Long,1900-01-01 03:15:00,1900-01-01 04:30:00,1.25
22909,2073,Long,1900-01-01 20:15:00,1900-01-01 09:45:00,13.5
22910,2075,Long,1900-01-01 06:30:00,1900-01-01 19:50:00,13.333333333333334
22911,1744,Long,1900-01-01 23:30:00,1900-01-01 06:45:00,7.25
22912,1745,Long,1900-01-01 17:45:00,1900-01-01 01:35:00,7.833333333333333
22914,1846,Long,1900-01-01 23:10:00,1900-01-01 07:35:00,8.416666666666666
22915,1404,Long,1900-01-01 12:55:00,1900-01-01 13:25:00,0.5
22916,1405,Long,1900-01-01 15:45:00,1900-01-01 16:45:00,1.0
22917,1610,Long,1900-01-01 11:45:00,1900-01-01 15:50:00,4.083333333333333
22918,1613,Long,1900-01-01 18:45:00,1900-01-01 22:00:00,3.25
22919,1721,Long,1900-01-01 20:10:00,1900-01-01 03:15:00,7.083333333333333
22920,1719,Long,1900-01-01 15:30:00,1900-01-01 22:35:00,7.083333333333333
22925,69,Short,1900-01-01 15:15:00,1900-01-01 16:45:00,1.5
22926,69,Short,1900-01-01 10:20:00,1900-01-01 12:05:00,1.75
22927,480,Medium,1900-01-01 19:40:00,1900-01-01 04:20:00,8.666666666666666
22928,480,Medium,1900-01-01 21:10:00,1900-01-01 05:50:00,8.666666666666666
22929,234,Medium,1900-01-01 16:25:00,1900-01-01 20:35:00,4.166666666666667
22930,234,Medium,1900-01-01 07:00:00,1900-01-01 11:05:00,4.083333333333333
22931,1226,Long,1900-01-01 14:35:00,1900-01-01 12:50:00,22.25
22932,1227,Long,1900-01-01 19:20:00,1900-01-01 17:35:00,22.25
22933,1146,Long,1900-01-01 15:50:00,1900-01-01 10:45:00,18.916666666666668
22934,1147,Long,1900-01-01 12:45:00,1900-01-01 07:35:00,18.833333333333332
22935,787,Long,1900-01-01 15:25:00,1900-01-01 05:30:00,14.083333333333334
22936,787,Long,1900-01-01 20:05:00,1900-01-01 10:20:00,14.25
22937,1600,Long,1900-01-01 13:30:00,1900-01-01 16:45:00,3.25
22938,1600,Long,1900-01-01 18:30:00,1900-01-01 22:50:00,4.333333333333333
22939,1689,Long,1900-01-01 22:25:00,1900-01-01 04:50:00,6.416666666666667
22940,1697,Long,1900-01-01 08:10:00,1900-01-01 14:50:00,6.666666666666667
22941,1393,Long,1900-01-01 23:55:00,1900-01-01 01:25:00,1.5
22942,1396,Long,1900-01-01 05:00:00,1900-01-01 05:15:00,0.25
22943,963,Long,1900-01-01 15:35:00,1900-01-01 08:30:00,16.916666666666668
22944,963,Long,1900-01-01 14:35:00,1900-01-01 08:05:00,17.5
22945,986,Long,1900-01-01 21:35:00,1900-01-01 15:35:00,18.0
22946,986,Long,1900-01-01 13:10:00,1900-01-01 07:10:00,18.0
22949,1342,Long,1900-01-01 12:55:00,1900-01-01 13:20:00,0.4166666666666667
22951,853,Long,1900-01-01 23:55:00,1900-01-01 15:30:00,15.583333333333334
22952,853,Long,1900-01-01 06:50:00,1900-01-01 22:25:00,15.583333333333334
22953,490,Medium,1900-01-01 05:45:00,1900-01-01 14:40:00,8.916666666666666
22954,490,Medium,1900-01-01 07:00:00,1900-01-01 15:55:00,8.916666666666666
22955,838,Long,1900-01-01 17:45:00,1900-01-01 08:50:00,15.083333333333334
22956,838,Long,1900-01-01 20:15:00,1900-01-01 11:25:00,15.166666666666666
22957,430,Medium,1900-01-01 22:10:00,1900-01-01 06:00:00,7.833333333333333
22959,556,Long,1900-01-01 13:30:00,1900-01-01 23:40:00,10.166666666666666
22960,556,Long,1900-01-01 04:45:00,1900-01-01 14:50:00,10.083333333333334
22961,547,Long,1900-01-01 13:30:00,1900-01-01 23:15:00,9.75
22962,547,Long,1900-01-01 04:55:00,1900-01-01 14:50:00,9.916666666666666
22963,780,Long,1900-01-01 15:25:00,1900-01-01 05:20:00,13.916666666666666
22964,780,Long,1900-01-01 17:30:00,1900-01-01 07:35:00,14.083333333333334
22965,929,Long,1900-01-01 23:55:00,1900-01-01 16:50:00,16.916666666666668
22966,931,Long,1900-01-01 19:40:00,1900-01-01 12:45:00,17.083333333333332
22967,1488,Long,1900-01-01 14:00:00,1900-01-01 16:40:00,2.6666666666666665
22968,1487,Long,1900-01-01 21:00:00,1900-01-01 00:05:00,3.0833333333333335
22969,2023,Long,1900-01-01 13:45:00,1900-01-01 02:50:00,13.083333333333334
22970,2024,Long,1900-01-01 21:55:00,1900-01-01 08:50:00,10.916666666666666
22971,1847,Long,1900-01-01 16:35:00,1900-01-01 02:05:00,9.5
22972,1846,Long,1900-01-01 23:10:00,1900-01-01 07:33:00,8.383333333333333
22973,2436,Long,1900-01-01 23:00:00,1900-01-01 19:00:00,20.0
22974,2443,Long,1900-01-01 10:30:00,1900-01-01 06:40:00,20.166666666666668
22981,918,Long,1900-01-01 17:20:00,1900-01-01 10:00:00,16.666666666666668
22982,919,Long,1900-01-01 17:40:00,1900-01-01 09:50:00,16.166666666666668
22983,432,Medium,1900-01-01 06:30:00,1900-01-01 14:15:00,7.75
22989,881,Long,1900-01-01 11:45:00,1900-01-01 03:20:00,15.583333333333334
22990,881,Long,1900-01-01 13:00:00,1900-01-01 04:45:00,15.75
22991,910,Long,1900-01-01 12:45:00,1900-01-01 04:35:00,15.833333333333334
22992,910,Long,1900-01-01 12:45:00,1900-01-01 05:15:00,16.5
22993,881,Long,1900-01-01 15:25:00,1900-01-01 07:10:00,15.75
22994,881,Long,1900-01-01 19:55:00,1900-01-01 11:55:00,16.0
22995,185,Short,1900-01-01 06:20:00,1900-01-01 09:50:00,3.5
22996,185,Short,1900-01-01 20:30:00,1900-01-01 23:40:00,3.1666666666666665
23141,30,Short,1900-01-01 04:15:00,1900-01-01 05:05:00,0.8333333333333334
23142,30,Short,1900-01-01 13:35:00,1900-01-01 14:20:00,0.75
23225,109,Short,1900-01-01 12:40:00,1900-01-01 15:50:00,3.1666666666666665
23226,109,Short,1900-01-01 10:35:00,1900-01-01 14:15:00,3.6666666666666665
23345,81,Short,1900-01-01 19:35:00,1900-01-01 22:00:00,2.4166666666666665
23346,81,Short,1900-01-01 05:00:00,1900-01-01 06:55:00,1.9166666666666667
23347,204,Medium,1900-01-01 17:00:00,1900-01-01 23:00:00,6.0
23348,204,Medium,1900-01-01 03:20:00,1900-01-01 09:00:00,5.666666666666667
24041,24,Short,1900-01-01 05:35:00,1900-01-01 06:25:00,0.8333333333333334
24042,24,Short,1900-01-01 22:05:00,1900-01-01 23:00:00,0.9166666666666666
24227,349,Medium,1900-01-01 04:45:00,1900-01-01 11:35:00,6.833333333333333
24228,349,Medium,1900-01-01 16:00:00,1900-01-01 23:30:00,7.5
24369,740,Long,1900-01-01 15:55:00,1900-01-01 12:35:00,20.666666666666668
24370,740,Long,1900-01-01 12:10:00,1900-01-01 08:10:00,20.0
24887,157,Short,1900-01-01 19:10:00,1900-01-01 22:40:00,3.5
24888,157,Short,1900-01-01 04:45:00,1900-01-01 09:05:00,4.333333333333333
25013,76,Short,1900-01-01 02:20:00,1900-01-01 04:50:00,2.5
25014,76,Short,1900-01-01 22:00:00,1900-01-01 00:05:00,2.0833333333333335
25035,76,Short,1900-01-01 19:15:00,1900-01-01 20:45:00,1.5
25036,76,Short,1900-01-01 09:50:00,1900-01-01 11:45:00,1.9166666666666667
25201,58,Short,1900-01-01 22:20:00,1900-01-01 23:55:00,1.5833333333333333
25202,58,Short,1900-01-01 04:35:00,1900-01-01 05:50:00,1.25
25631,173,Short,1900-01-01 00:05:00,1900-01-01 03:15:00,3.1666666666666665
25632,172,Short,1900-01-01 03:20:00,1900-01-01 07:10:00,3.8333333333333335
25657,1358,Long,1900-01-01 06:35:00,1900-01-01 16:15:00,9.666666666666666
25658,1357,Long,1900-01-01 10:30:00,1900-01-01 19:25:00,8.916666666666666
28181,179,Short,1900-01-01 09:20:00,1900-01-01 14:15:00,4.916666666666667
28182,179,Short,1900-01-01 15:00:00,1900-01-01 19:30:00,4.5
29019,276,Medium,1900-01-01 14:05:00,1900-01-01 18:45:00,4.666666666666667
29020,276,Medium,1900-01-01 08:45:00,1900-01-01 13:40:00,4.916666666666667
30111,45,Short,1900-01-01 18:14:00,1900-01-01 20:18:00,2.066666666666667
30112,33,Short,1900-01-01 17:20:00,1900-01-01 19:07:00,1.7833333333333334
30116,25,Short,1900-01-01 09:34:00,1900-01-01 10:25:00,0.85
30121,51,Short,1900-01-01 11:00:00,1900-01-01 12:56:00,1.9333333333333333
30122,60,Short,1900-01-01 15:15:00,1900-01-01 17:28:00,2.216666666666667
30123,49,Short,1900-01-01 19:43:00,1900-01-01 21:22:00,1.65
30128,66,Short,1900-01-01 08:14:00,1900-01-01 10:41:00,2.45
30135,84,Short,1900-01-01 18:14:00,1900-01-01 20:55:00,2.683333333333333
30142,128,Short,1900-01-01 05:37:00,1900-01-01 08:50:00,3.216666666666667
30145,102,Short,1900-01-01 08:25:00,1900-01-01 11:02:00,2.6166666666666667
30152,53,Short,1900-01-01 16:18:00,1900-01-01 17:59:00,1.6833333333333333
30154,53,Short,1900-01-01 17:52:00,1900-01-01 19:27:00,1.5833333333333333
30211,9,Short,1900-01-01 10:33:00,1900-01-01 11:02:00,0.48333333333333334
30311,28,Short,1900-01-01 13:10:00,1900-01-01 14:25:00,1.25
30312,33,Short,1900-01-01 15:50:00,1900-01-01 17:22:00,1.5333333333333334
30313,33,Short,1900-01-01 20:10:00,1900-01-01 21:38:00,1.4666666666666666
30314,41,Short,1900-01-01 18:08:00,1900-01-01 19:40:00,1.5333333333333334
30317,41,Short,1900-01-01 16:33:00,1900-01-01 18:22:00,1.8166666666666667
30321,85,Short,1900-01-01 09:23:00,1900-01-01 12:30:00,3.1166666666666667
30322,77,Short,1900-01-01 05:47:00,1900-01-01 08:10:00,2.3833333333333333
30324,80,Short,1900-01-01 08:35:00,1900-01-01 11:39:00,3.066666666666667
30331,55,Short,1900-01-01 17:30:00,1900-01-01 19:34:00,2.066666666666667
30332,55,Short,1900-01-01 14:15:00,1900-01-01 16:29:00,2.2333333333333334
30333,55,Short,1900-01-01 11:48:00,1900-01-01 13:50:00,2.033333333333333
30342,87,Short,1900-01-01 06:35:00,1900-01-01 09:12:00,2.6166666666666667
30344,87,Short,1900-01-01 07:30:00,1900-01-01 10:08:00,2.6333333333333333
30346,87,Short,1900-01-01 09:50:00,1900-01-01 12:35:00,2.75
30351,37,Short,1900-01-01 10:12:00,1900-01-01 11:32:00,1.3333333333333333
30353,45,Short,1900-01-01 16:30:00,1900-01-01 17:58:00,1.4666666666666666
30357,33,Short,1900-01-01 08:56:00,1900-01-01 10:25:00,1.4833333333333334
30358,33,Short,1900-01-01 10:35:00,1900-01-01 11:47:00,1.2
30361,90,Short,1900-01-01 12:38:00,1900-01-01 15:18:00,2.6666666666666665
30411,24,Short,1900-01-01 10:40:00,1900-01-01 12:00:00,1.3333333333333333
30412,24,Short,1900-01-01 09:02:00,1900-01-01 10:05:00,1.05
30413,24,Short,1900-01-01 11:05:00,1900-01-01 12:30:00,1.4166666666666667
30414,24,Short,1900-01-01 09:35:00,1900-01-01 10:36:00,1.0166666666666666
30416,24,Short,1900-01-01 17:10:00,1900-01-01 18:11:00,1.0166666666666666
30451,24,Short,1900-01-01 18:19:00,1900-01-01 19:25:00,1.1
30452,31,Short,1900-01-01 15:25:00,1900-01-01 16:55:00,1.5
30511,30,Short,1900-01-01 08:08:00,1900-01-01 09:14:00,1.1
30552,37,Short,1900-01-01 19:08:00,1900-01-01 20:44:00,1.6
30612,46,Short,1900-01-01 17:10:00,1900-01-01 19:33:00,2.3833333333333333
30711,67,Short,1900-01-01 14:34:00,1900-01-01 16:31:00,1.95
30712,67,Short,1900-01-01 09:40:00,1900-01-01 11:46:00,2.1
31051,67,Short,1900-01-01 07:12:00,1900-01-01 09:17:00,2.0833333333333335
31053,67,Short,1900-01-01 14:05:00,1900-01-01 16:06:00,2.0166666666666666
31055,67,Short,1900-01-01 17:52:00,1900-01-01 20:00:00,2.1333333333333333
31111,154,Short,1900-01-01 08:06:00,1900-01-01 11:40:00,3.566666666666667
31112,154,Short,1900-01-01 15:50:00,1900-01-01 19:30:00,3.6666666666666665
31151,116,Short,1900-01-01 10:15:00,1900-01-01 13:03:00,2.8
31152,116,Short,1900-01-01 14:40:00,1900-01-01 17:40:00,3.0
31191,15,Short,1900-01-01 04:10:00,1900-01-01 04:40:00,0.5
31192,15,Short,1900-01-01 23:46:00,1900-01-01 00:10:00,0.4
31211,25,Short,1900-01-01 05:50:00,1900-01-01 06:30:00,0.6666666666666666
31212,25,Short,1900-01-01 06:40:00,1900-01-01 07:23:00,0.7166666666666667
31213,25,Short,1900-01-01 06:48:00,1900-01-01 07:25:00,0.6166666666666667
31214,25,Short,1900-01-01 07:40:00,1900-01-01 08:20:00,0.6666666666666666
31215,25,Short,1900-01-01 07:33:00,1900-01-01 08:10:00,0.6166666666666667
31216,25,Short,1900-01-01 08:22:00,1900-01-01 09:05:00,0.7166666666666667
31217,25,Short,1900-01-01 07:46:00,1900-01-01 08:27:00,0.6833333333333333
31218,25,Short,1900-01-01 08:35:00,1900-01-01 09:17:00,0.7
31219,25,Short,1900-01-01 08:00:00,1900-01-01 08:38:00,0.6333333333333333
31220,25,Short,1900-01-01 08:48:00,1900-01-01 09:33:00,0.75
31221,25,Short,1900-01-01 08:38:00,1900-01-01 09:18:00,0.6666666666666666
31222,25,Short,1900-01-01 09:02:00,1900-01-01 09:45:00,0.7166666666666667
31223,25,Short,1900-01-01 09:10:00,1900-01-01 09:48:00,0.6333333333333333
31224,25,Short,1900-01-01 09:57:00,1900-01-01 10:38:00,0.6833333333333333
31225,25,Short,1900-01-01 09:34:00,1900-01-01 10:14:00,0.6666666666666666
31226,25,Short,1900-01-01 10:25:00,1900-01-01 11:05:00,0.6666666666666666
31227,25,Short,1900-01-01 09:40:00,1900-01-01 10:20:00,0.6666666666666666
31228,25,Short,1900-01-01 10:32:00,1900-01-01 11:14:00,0.7
31229,25,Short,1900-01-01 10:05:00,1900-01-01 10:45:00,0.6666666666666666
31230,25,Short,1900-01-01 11:00:00,1900-01-01 11:42:00,0.7
31231,25,Short,1900-01-01 13:42:00,1900-01-01 14:22:00,0.6666666666666666
31232,25,Short,1900-01-01 14:42:00,1900-01-01 15:20:00,0.6333333333333333
31233,25,Short,1900-01-01 14:50:00,1900-01-01 15:30:00,0.6666666666666666
31234,25,Short,1900-01-01 15:45:00,1900-01-01 16:25:00,0.6666666666666666
31235,25,Short,1900-01-01 16:08:00,1900-01-01 16:48:00,0.6666666666666666
31236,25,Short,1900-01-01 18:30:00,1900-01-01 19:10:00,0.6666666666666666
31237,25,Short,1900-01-01 18:28:00,1900-01-01 19:10:00,0.7
31238,25,Short,1900-01-01 19:25:00,1900-01-01 20:05:00,0.6666666666666666
31239,25,Short,1900-01-01 18:28:00,1900-01-01 19:10:00,0.7
31240,25,Short,1900-01-01 20:27:00,1900-01-01 21:07:00,0.6666666666666666
31241,25,Short,1900-01-01 08:13:00,1900-01-01 08:52:00,0.65
31261,20,Short,1900-01-01 17:42:00,1900-01-01 18:18:00,0.6
31311,55,Short,1900-01-01 04:12:00,1900-01-01 05:43:00,1.5166666666666666
31312,55,Short,1900-01-01 05:02:00,1900-01-01 06:30:00,1.4666666666666666
31313,55,Short,1900-01-01 05:30:00,1900-01-01 07:00:00,1.5
31314,55,Short,1900-01-01 06:02:00,1900-01-01 07:30:00,1.4666666666666666
31315,55,Short,1900-01-01 06:30:00,1900-01-01 07:58:00,1.4666666666666666
31316,55,Short,1900-01-01 07:10:00,1900-01-01 08:40:00,1.5
31317,55,Short,1900-01-01 07:18:00,1900-01-01 08:48:00,1.5
31318,55,Short,1900-01-01 09:15:00,1900-01-01 10:45:00,1.5
31319,55,Short,1900-01-01 08:30:00,1900-01-01 10:00:00,1.5
31320,55,Short,1900-01-01 10:12:00,1900-01-01 11:35:00,1.3833333333333333
31321,55,Short,1900-01-01 09:20:00,1900-01-01 10:52:00,1.5333333333333334
31322,55,Short,1900-01-01 13:18:00,1900-01-01 15:06:00,1.8
31323,55,Short,1900-01-01 11:22:00,1900-01-01 12:52:00,1.5
31324,55,Short,1900-01-01 14:16:00,1900-01-01 15:45:00,1.4833333333333334
31325,55,Short,1900-01-01 12:30:00,1900-01-01 14:03:00,1.55
31326,55,Short,1900-01-01 15:20:00,1900-01-01 16:50:00,1.5
31327,55,Short,1900-01-01 13:35:00,1900-01-01 15:07:00,1.5333333333333334
31328,55,Short,1900-01-01 16:32:00,1900-01-01 18:00:00,1.4666666666666666
31329,55,Short,1900-01-01 14:40:00,1900-01-01 16:10:00,1.5
31330,55,Short,1900-01-01 17:32:00,1900-01-01 19:02:00,1.5
31331,55,Short,1900-01-01 15:35:00,1900-01-01 17:06:00,1.5166666666666666
31332,55,Short,1900-01-01 19:07:00,1900-01-01 20:35:00,1.4666666666666666
31333,55,Short,1900-01-01 16:50:00,1900-01-01 18:20:00,1.5
31334,55,Short,1900-01-01 20:02:00,1900-01-01 21:32:00,1.5
31335,55,Short,1900-01-01 18:12:00,1900-01-01 19:46:00,1.5666666666666667
31336,55,Short,1900-01-01 21:14:00,1900-01-01 22:45:00,1.5166666666666666
31337,55,Short,1900-01-01 19:10:00,1900-01-01 20:34:00,1.4
31338,55,Short,1900-01-01 22:12:00,1900-01-01 23:42:00,1.5
31339,55,Short,1900-01-01 20:10:00,1900-01-01 21:43:00,1.55
31411,40,Short,1900-01-01 04:40:00,1900-01-01 05:40:00,1.0
31412,40,Short,1900-01-01 04:05:00,1900-01-01 05:10:00,1.0833333333333333
31413,40,Short,1900-01-01 06:38:00,1900-01-01 07:42:00,1.0666666666666667
31414,40,Short,1900-01-01 04:50:00,1900-01-01 05:55:00,1.0833333333333333
31415,40,Short,1900-01-01 07:52:00,1900-01-01 08:55:00,1.05
31416,40,Short,1900-01-01 07:52:00,1900-01-01 08:58:00,1.1
31417,40,Short,1900-01-01 09:28:00,1900-01-01 10:30:00,1.0333333333333334
31418,40,Short,1900-01-01 08:30:00,1900-01-01 09:38:00,1.1333333333333333
31420,40,Short,1900-01-01 09:10:00,1900-01-01 10:13:00,1.05
31421,40,Short,1900-01-01 10:45:00,1900-01-01 11:48:00,1.05
31422,40,Short,1900-01-01 09:27:00,1900-01-01 10:30:00,1.05
31423,40,Short,1900-01-01 11:15:00,1900-01-01 12:18:00,1.05
31424,40,Short,1900-01-01 10:45:00,1900-01-01 11:50:00,1.0833333333333333
31425,40,Short,1900-01-01 12:20:00,1900-01-01 13:25:00,1.0833333333333333
31426,40,Short,1900-01-01 12:00:00,1900-01-01 13:05:00,1.0833333333333333
31427,40,Short,1900-01-01 13:07:00,1900-01-01 14:12:00,1.0833333333333333
31428,40,Short,1900-01-01 12:28:00,1900-01-01 13:32:00,1.0666666666666667
31429,40,Short,1900-01-01 13:52:00,1900-01-01 14:57:00,1.0833333333333333
31430,40,Short,1900-01-01 13:20:00,1900-01-01 14:25:00,1.0833333333333333
31431,40,Short,1900-01-01 16:02:00,1900-01-01 17:07:00,1.0833333333333333
31432,40,Short,1900-01-01 13:40:00,1900-01-01 14:42:00,1.0333333333333334
31433,40,Short,1900-01-01 16:32:00,1900-01-01 17:38:00,1.1
31434,40,Short,1900-01-01 14:50:00,1900-01-01 15:55:00,1.0833333333333333
31435,40,Short,1900-01-01 17:22:00,1900-01-01 18:27:00,1.0833333333333333
31436,40,Short,1900-01-01 17:22:00,1900-01-01 18:25:00,1.05
31437,40,Short,1900-01-01 18:05:00,1900-01-01 19:10:00,1.0833333333333333
31438,40,Short,1900-01-01 19:20:00,1900-01-01 20:24:00,1.0666666666666667
31439,40,Short,1900-01-01 18:35:00,1900-01-01 19:39:00,1.0666666666666667
31440,40,Short,1900-01-01 19:47:00,1900-01-01 20:48:00,1.0166666666666666
31441,40,Short,1900-01-01 19:42:00,1900-01-01 20:45:00,1.05
31442,40,Short,1900-01-01 20:15:00,1900-01-01 21:20:00,1.0833333333333333
31443,40,Short,1900-01-01 20:52:00,1900-01-01 21:55:00,1.05
31444,40,Short,1900-01-01 21:08:00,1900-01-01 22:13:00,1.0833333333333333
31445,40,Short,1900-01-01 21:20:00,1900-01-01 22:25:00,1.0833333333333333
31446,40,Short,1900-01-01 21:32:00,1900-01-01 22:35:00,1.05
31447,40,Short,1900-01-01 22:22:00,1900-01-01 23:27:00,1.0833333333333333
31448,40,Short,1900-01-01 22:08:00,1900-01-01 23:12:00,1.0666666666666667
31449,40,Short,1900-01-01 23:15:00,1900-01-01 00:18:00,1.05
31450,40,Short,1900-01-01 23:15:00,1900-01-01 00:20:00,1.0833333333333333
31451,40,Short,1900-01-01 23:15:00,1900-01-01 00:18:00,1.05
31471,35,Short,1900-01-01 07:15:00,1900-01-01 08:12:00,0.95
31511,96,Short,1900-01-01 04:35:00,1900-01-01 06:55:00,2.3333333333333335
31512,96,Short,1900-01-01 03:22:00,1900-01-01 05:40:00,2.3
31513,96,Short,1900-01-01 06:00:00,1900-01-01 08:15:00,2.25
31514,96,Short,1900-01-01 04:46:00,1900-01-01 07:05:00,2.316666666666667
31515,96,Short,1900-01-01 07:25:00,1900-01-01 09:42:00,2.283333333333333
31516,96,Short,1900-01-01 05:52:00,1900-01-01 08:07:00,2.25
31517,96,Short,1900-01-01 08:50:00,1900-01-01 11:08:00,2.3
31518,96,Short,1900-01-01 07:28:00,1900-01-01 09:40:00,2.2
31519,96,Short,1900-01-01 10:32:00,1900-01-01 12:50:00,2.3
31520,96,Short,1900-01-01 08:37:00,1900-01-01 10:52:00,2.25
31521,96,Short,1900-01-01 11:35:00,1900-01-01 13:58:00,2.3833333333333333
31522,96,Short,1900-01-01 10:05:00,1900-01-01 12:22:00,2.283333333333333
31523,96,Short,1900-01-01 13:00:00,1900-01-01 15:20:00,2.3333333333333335
31524,96,Short,1900-01-01 11:30:00,1900-01-01 13:42:00,2.2
31525,96,Short,1900-01-01 14:20:00,1900-01-01 16:38:00,2.3
31526,96,Short,1900-01-01 13:12:00,1900-01-01 15:32:00,2.3333333333333335
31527,96,Short,1900-01-01 15:45:00,1900-01-01 18:05:00,2.3333333333333335
31528,96,Short,1900-01-01 14:27:00,1900-01-01 16:40:00,2.216666666666667
31529,96,Short,1900-01-01 16:57:00,1900-01-01 19:18:00,2.35
31530,96,Short,1900-01-01 15:40:00,1900-01-01 17:55:00,2.25
31531,96,Short,1900-01-01 17:52:00,1900-01-01 20:00:00,2.1333333333333333
31532,96,Short,1900-01-01 17:10:00,1900-01-01 19:25:00,2.25
31533,96,Short,1900-01-01 18:50:00,1900-01-01 21:10:00,2.3333333333333335
31534,96,Short,1900-01-01 18:28:00,1900-01-01 20:45:00,2.283333333333333
31535,96,Short,1900-01-01 19:50:00,1900-01-01 22:10:00,2.3333333333333335
31536,96,Short,1900-01-01 19:52:00,1900-01-01 22:05:00,2.216666666666667
31537,96,Short,1900-01-01 20:45:00,1900-01-01 23:03:00,2.3
31538,96,Short,1900-01-01 20:55:00,1900-01-01 23:15:00,2.3333333333333335
31539,96,Short,1900-01-01 21:50:00,1900-01-01 00:05:00,2.25
31540,96,Short,1900-01-01 21:30:00,1900-01-01 23:50:00,2.3333333333333335
31541,96,Short,1900-01-01 22:40:00,1900-01-01 00:55:00,2.25
31542,96,Short,1900-01-01 22:45:00,1900-01-01 00:58:00,2.216666666666667
31571,35,Short,1900-01-01 05:47:00,1900-01-01 06:52:00,1.0833333333333333
31584,15,Short,1900-01-01 07:02:00,1900-01-01 07:40:00,0.6333333333333333
31585,15,Short,1900-01-01 08:35:00,1900-01-01 09:13:00,0.6333333333333333
31586,15,Short,1900-01-01 09:25:00,1900-01-01 10:02:00,0.6166666666666667
31601,76,Short,1900-01-01 17:52:00,1900-01-01 19:40:00,1.8
31602,76,Short,1900-01-01 07:45:00,1900-01-01 09:26:00,1.6833333333333333
31611,76,Short,1900-01-01 05:05:00,1900-01-01 06:55:00,1.8333333333333333
31612,76,Short,1900-01-01 04:20:00,1900-01-01 06:05:00,1.75
31613,76,Short,1900-01-01 05:37:00,1900-01-01 07:25:00,1.8
31614,76,Short,1900-01-01 06:05:00,1900-01-01 07:50:00,1.75
31615,76,Short,1900-01-01 06:20:00,1900-01-01 08:10:00,1.8333333333333333
31616,76,Short,1900-01-01 07:20:00,1900-01-01 09:10:00,1.8333333333333333
31617,76,Short,1900-01-01 08:00:00,1900-01-01 09:48:00,1.8
31618,76,Short,1900-01-01 07:30:00,1900-01-01 09:10:00,1.6666666666666667
31619,76,Short,1900-01-01 09:50:00,1900-01-01 11:28:00,1.6333333333333333
31620,76,Short,1900-01-01 08:35:00,1900-01-01 10:18:00,1.7166666666666666
31621,76,Short,1900-01-01 11:45:00,1900-01-01 13:37:00,1.8666666666666667
31622,76,Short,1900-01-01 10:12:00,1900-01-01 11:58:00,1.7666666666666666
31623,76,Short,1900-01-01 15:00:00,1900-01-01 16:48:00,1.8
31624,76,Short,1900-01-01 12:50:00,1900-01-01 14:36:00,1.7666666666666666
31625,76,Short,1900-01-01 16:25:00,1900-01-01 18:12:00,1.7833333333333334
31626,76,Short,1900-01-01 15:30:00,1900-01-01 17:02:00,1.5333333333333334
31627,76,Short,1900-01-01 20:25:00,1900-01-01 22:15:00,1.8333333333333333
31628,76,Short,1900-01-01 17:25:00,1900-01-01 19:10:00,1.75
31629,76,Short,1900-01-01 21:40:00,1900-01-01 23:28:00,1.8
31630,76,Short,1900-01-01 18:42:00,1900-01-01 20:30:00,1.8
31631,76,Short,1900-01-01 22:50:00,1900-01-01 00:38:00,1.8
31632,76,Short,1900-01-01 19:25:00,1900-01-01 21:15:00,1.8333333333333333
31633,76,Short,1900-01-01 23:40:00,1900-01-01 01:28:00,1.8
31634,76,Short,1900-01-01 20:08:00,1900-01-01 21:55:00,1.7833333333333334
31636,76,Short,1900-01-01 21:37:00,1900-01-01 23:25:00,1.8
31711,35,Short,1900-01-01 05:00:00,1900-01-01 05:42:00,0.7
31712,35,Short,1900-01-01 04:05:00,1900-01-01 04:47:00,0.7
31713,35,Short,1900-01-01 12:32:00,1900-01-01 13:12:00,0.6666666666666666
31714,35,Short,1900-01-01 11:40:00,1900-01-01 12:20:00,0.6666666666666666
31721,26,Short,1900-01-01 04:42:00,1900-01-01 05:11:00,0.48333333333333334
31722,26,Short,1900-01-01 07:58:00,1900-01-01 08:32:00,0.5666666666666667
31723,26,Short,1900-01-01 06:05:00,1900-01-01 06:38:00,0.55
31724,26,Short,1900-01-01 20:44:00,1900-01-01 21:15:00,0.5166666666666667
31725,26,Short,1900-01-01 22:20:00,1900-01-01 22:50:00,0.5
31726,26,Short,1900-01-01 23:25:00,1900-01-01 23:58:00,0.55
31741,43,Short,1900-01-01 04:42:00,1900-01-01 05:32:00,0.8333333333333334
31742,43,Short,1900-01-01 06:22:00,1900-01-01 07:12:00,0.8333333333333334
31743,43,Short,1900-01-01 05:27:00,1900-01-01 06:14:00,0.7833333333333333
31744,43,Short,1900-01-01 07:38:00,1900-01-01 08:28:00,0.8333333333333334
31745,43,Short,1900-01-01 07:30:00,1900-01-01 08:20:00,0.8333333333333334
31746,43,Short,1900-01-01 09:52:00,1900-01-01 10:45:00,0.8833333333333333
31747,43,Short,1900-01-01 08:50:00,1900-01-01 09:40:00,0.8333333333333334
31748,43,Short,1900-01-01 11:55:00,1900-01-01 12:48:00,0.8833333333333333
31749,43,Short,1900-01-01 10:53:00,1900-01-01 11:47:00,0.9
31750,43,Short,1900-01-01 16:30:00,1900-01-01 17:20:00,0.8333333333333334
31751,43,Short,1900-01-01 13:40:00,1900-01-01 14:30:00,0.8333333333333334
31752,43,Short,1900-01-01 17:30:00,1900-01-01 18:20:00,0.8333333333333334
31753,43,Short,1900-01-01 15:20:00,1900-01-01 16:10:00,0.8333333333333334
31754,43,Short,1900-01-01 18:30:00,1900-01-01 19:20:00,0.8333333333333334
31755,43,Short,1900-01-01 17:50:00,1900-01-01 18:40:00,0.8333333333333334
31756,43,Short,1900-01-01 20:50:00,1900-01-01 21:40:00,0.8333333333333334
31757,43,Short,1900-01-01 19:45:00,1900-01-01 20:35:00,0.8333333333333334
31758,43,Short,1900-01-01 21:58:00,1900-01-01 22:47:00,0.8166666666666667
31765,154,Short,1900-01-01 05:00:00,1900-01-01 08:15:00,3.25
31766,153,Short,1900-01-01 08:25:00,1900-01-01 11:45:00,3.3333333333333335
31767,154,Short,1900-01-01 07:35:00,1900-01-01 10:50:00,3.25
31768,153,Short,1900-01-01 03:25:00,1900-01-01 06:55:00,3.5
31770,153,Short,1900-01-01 11:55:00,1900-01-01 15:35:00,3.6666666666666665
31771,154,Short,1900-01-01 17:05:00,1900-01-01 20:20:00,3.25
31772,153,Short,1900-01-01 19:30:00,1900-01-01 23:03:00,3.55
31781,20,Short,1900-01-01 08:15:00,1900-01-01 08:42:00,0.45
31782,19,Short,1900-01-01 08:58:00,1900-01-01 09:25:00,0.45
31783,20,Short,1900-01-01 13:05:00,1900-01-01 13:32:00,0.45
31784,19,Short,1900-01-01 10:46:00,1900-01-01 11:15:00,0.48333333333333334
31786,19,Short,1900-01-01 14:07:00,1900-01-01 14:35:00,0.4666666666666667
31801,102,Short,1900-01-01 17:05:00,1900-01-01 19:29:00,2.4
31802,102,Short,1900-01-01 08:42:00,1900-01-01 11:00:00,2.3
31811,102,Short,1900-01-01 03:20:00,1900-01-01 05:48:00,2.466666666666667
31812,102,Short,1900-01-01 04:20:00,1900-01-01 06:45:00,2.4166666666666665
31813,102,Short,1900-01-01 05:20:00,1900-01-01 07:42:00,2.3666666666666667
31814,102,Short,1900-01-01 05:00:00,1900-01-01 07:12:00,2.2
31815,102,Short,1900-01-01 06:10:00,1900-01-01 08:34:00,2.4
31816,102,Short,1900-01-01 06:07:00,1900-01-01 08:27:00,2.3333333333333335
31817,102,Short,1900-01-01 06:55:00,1900-01-01 09:22:00,2.45
31818,102,Short,1900-01-01 07:04:00,1900-01-01 09:22:00,2.3
31819,102,Short,1900-01-01 09:35:00,1900-01-01 11:50:00,2.25
31820,102,Short,1900-01-01 09:04:00,1900-01-01 11:24:00,2.3333333333333335
31821,102,Short,1900-01-01 10:52:00,1900-01-01 13:15:00,2.3833333333333333
31822,102,Short,1900-01-01 09:50:00,1900-01-01 12:10:00,2.3333333333333335
31823,102,Short,1900-01-01 12:05:00,1900-01-01 14:26:00,2.35
31824,102,Short,1900-01-01 12:07:00,1900-01-01 14:25:00,2.3
31825,102,Short,1900-01-01 13:15:00,1900-01-01 15:35:00,2.3333333333333335
31826,102,Short,1900-01-01 13:50:00,1900-01-01 16:00:00,2.1666666666666665
31827,102,Short,1900-01-01 15:25:00,1900-01-01 17:50:00,2.4166666666666665
31828,102,Short,1900-01-01 15:20:00,1900-01-01 17:37:00,2.283333333333333
31829,102,Short,1900-01-01 16:15:00,1900-01-01 18:35:00,2.3333333333333335
31830,102,Short,1900-01-01 16:27:00,1900-01-01 18:45:00,2.3
31831,102,Short,1900-01-01 17:36:00,1900-01-01 19:49:00,2.216666666666667
31832,102,Short,1900-01-01 18:32:00,1900-01-01 20:58:00,2.433333333333333
31833,102,Short,1900-01-01 18:42:00,1900-01-01 20:59:00,2.283333333333333
31834,102,Short,1900-01-01 19:24:00,1900-01-01 21:43:00,2.316666666666667
31835,102,Short,1900-01-01 19:35:00,1900-01-01 21:57:00,2.3666666666666667
31836,102,Short,1900-01-01 20:00:00,1900-01-01 22:25:00,2.4166666666666665
31837,102,Short,1900-01-01 21:00:00,1900-01-01 23:22:00,2.3666666666666667
31838,102,Short,1900-01-01 22:17:00,1900-01-01 00:40:00,2.3833333333333333
31839,102,Short,1900-01-01 07:46:00,1900-01-01 09:58:00,2.2
31840,102,Short,1900-01-01 20:25:00,1900-01-01 22:55:00,2.5
31841,102,Short,1900-01-01 10:28:00,1900-01-01 12:35:00,2.1166666666666667
31842,102,Short,1900-01-01 21:10:00,1900-01-01 23:25:00,2.25
31843,102,Short,1900-01-01 19:30:00,1900-01-01 21:40:00,2.1666666666666665
31844,102,Short,1900-01-01 14:17:00,1900-01-01 16:15:00,1.9666666666666666
31861,128,Short,1900-01-01 10:28:00,1900-01-01 13:10:00,2.7
31862,127,Short,1900-01-01 16:55:00,1900-01-01 19:55:00,3.0
31863,128,Short,1900-01-01 13:05:00,1900-01-01 15:45:00,2.6666666666666665
31864,127,Short,1900-01-01 17:55:00,1900-01-01 20:40:00,2.75
31865,128,Short,1900-01-01 22:10:00,1900-01-01 00:40:00,2.5
31866,127,Short,1900-01-01 11:05:00,1900-01-01 13:47:00,2.7
31911,119,Short,1900-01-01 04:20:00,1900-01-01 07:02:00,2.7
31912,119,Short,1900-01-01 03:50:00,1900-01-01 06:25:00,2.5833333333333335
31913,119,Short,1900-01-01 07:40:00,1900-01-01 10:28:00,2.8
31914,119,Short,1900-01-01 05:05:00,1900-01-01 07:37:00,2.533333333333333
31915,119,Short,1900-01-01 09:58:00,1900-01-01 12:39:00,2.683333333333333
31916,119,Short,1900-01-01 07:12:00,1900-01-01 09:52:00,2.6666666666666665
31917,119,Short,1900-01-01 12:45:00,1900-01-01 15:40:00,2.9166666666666665
31918,119,Short,1900-01-01 08:52:00,1900-01-01 11:30:00,2.6333333333333333
31919,119,Short,1900-01-01 14:05:00,1900-01-01 16:46:00,2.683333333333333
31920,119,Short,1900-01-01 10:40:00,1900-01-01 13:14:00,2.566666666666667
31921,119,Short,1900-01-01 17:15:00,1900-01-01 19:58:00,2.716666666666667
31922,119,Short,1900-01-01 14:05:00,1900-01-01 17:00:00,2.9166666666666665
31923,119,Short,1900-01-01 18:20:00,1900-01-01 21:04:00,2.7333333333333334
31924,119,Short,1900-01-01 15:35:00,1900-01-01 18:12:00,2.6166666666666667
31925,119,Short,1900-01-01 19:17:00,1900-01-01 21:54:00,2.6166666666666667
31926,119,Short,1900-01-01 19:54:00,1900-01-01 22:35:00,2.683333333333333
31927,119,Short,1900-01-01 20:32:00,1900-01-01 23:15:00,2.716666666666667
31928,119,Short,1900-01-01 21:25:00,1900-01-01 00:02:00,2.6166666666666667
31929,119,Short,1900-01-01 21:30:00,1900-01-01 00:11:00,2.683333333333333
32211,28,Short,1900-01-01 04:07:00,1900-01-01 04:50:00,0.7166666666666667
32212,28,Short,1900-01-01 05:00:00,1900-01-01 05:45:00,0.75
32213,28,Short,1900-01-01 04:57:00,1900-01-01 05:44:00,0.7833333333333333
32214,28,Short,1900-01-01 05:52:00,1900-01-01 06:35:00,0.7166666666666667
32215,28,Short,1900-01-01 05:42:00,1900-01-01 06:25:00,0.7166666666666667
32216,28,Short,1900-01-01 06:35:00,1900-01-01 07:18:00,0.7166666666666667
32217,28,Short,1900-01-01 06:05:00,1900-01-01 06:52:00,0.7833333333333333
32218,28,Short,1900-01-01 07:02:00,1900-01-01 07:46:00,0.7333333333333333
32219,28,Short,1900-01-01 06:42:00,1900-01-01 07:25:00,0.7166666666666667
32220,28,Short,1900-01-01 07:40:00,1900-01-01 08:27:00,0.7833333333333333
32221,28,Short,1900-01-01 07:52:00,1900-01-01 08:35:00,0.7166666666666667
32222,28,Short,1900-01-01 08:44:00,1900-01-01 09:28:00,0.7333333333333333
32223,28,Short,1900-01-01 08:23:00,1900-01-01 09:07:00,0.7333333333333333
32224,28,Short,1900-01-01 09:15:00,1900-01-01 10:00:00,0.75
32225,28,Short,1900-01-01 08:48:00,1900-01-01 09:31:00,0.7166666666666667
32226,28,Short,1900-01-01 09:50:00,1900-01-01 10:35:00,0.75
32227,28,Short,1900-01-01 09:50:00,1900-01-01 10:32:00,0.7
32228,28,Short,1900-01-01 10:58:00,1900-01-01 11:45:00,0.7833333333333333
32229,28,Short,1900-01-01 10:15:00,1900-01-01 11:02:00,0.7833333333333333
32230,28,Short,1900-01-01 11:25:00,1900-01-01 12:10:00,0.75
32231,28,Short,1900-01-01 10:50:00,1900-01-01 11:35:00,0.75
32232,28,Short,1900-01-01 12:08:00,1900-01-01 12:52:00,0.7333333333333333
32233,28,Short,1900-01-01 12:12:00,1900-01-01 12:57:00,0.75
32234,28,Short,1900-01-01 13:10:00,1900-01-01 14:05:00,0.9166666666666666
32235,28,Short,1900-01-01 13:25:00,1900-01-01 14:07:00,0.7
32236,28,Short,1900-01-01 14:22:00,1900-01-01 15:05:00,0.7166666666666667
32237,28,Short,1900-01-01 15:26:00,1900-01-01 16:10:00,0.7333333333333333
32238,28,Short,1900-01-01 16:25:00,1900-01-01 17:07:00,0.7
32239,28,Short,1900-01-01 16:05:00,1900-01-01 16:45:00,0.6666666666666666
32240,28,Short,1900-01-01 17:10:00,1900-01-01 17:55:00,0.75
32241,28,Short,1900-01-01 17:17:00,1900-01-01 18:02:00,0.75
32242,28,Short,1900-01-01 18:10:00,1900-01-01 18:55:00,0.75
32243,28,Short,1900-01-01 18:06:00,1900-01-01 18:49:00,0.7166666666666667
32244,28,Short,1900-01-01 18:30:00,1900-01-01 19:15:00,0.75
32245,28,Short,1900-01-01 19:05:00,1900-01-01 19:50:00,0.75
32246,28,Short,1900-01-01 19:15:00,1900-01-01 19:58:00,0.7166666666666667
32247,28,Short,1900-01-01 21:32:00,1900-01-01 22:15:00,0.7166666666666667
32248,28,Short,1900-01-01 20:32:00,1900-01-01 21:20:00,0.8
32249,28,Short,1900-01-01 22:22:00,1900-01-01 23:07:00,0.75
32250,28,Short,1900-01-01 22:32:00,1900-01-01 23:20:00,0.8
32252,28,Short,1900-01-01 23:45:00,1900-01-01 00:28:00,0.7166666666666667
32411,39,Short,1900-01-01 14:12:00,1900-01-01 15:12:00,1.0
32412,39,Short,1900-01-01 15:23:00,1900-01-01 16:30:00,1.1166666666666667
32413,39,Short,1900-01-01 20:40:00,1900-01-01 21:50:00,1.1666666666666667
32414,39,Short,1900-01-01 22:50:00,1900-01-01 23:50:00,1.0
33061,66,Short,1900-01-01 14:32:00,1900-01-01 16:44:00,2.2
33212,9,Short,1900-01-01 11:33:00,1900-01-01 11:50:00,0.2833333333333333
33231,15,Short,1900-01-01 18:17:00,1900-01-01 18:42:00,0.4166666666666667
33232,15,Short,1900-01-01 18:52:00,1900-01-01 19:17:00,0.4166666666666667
33262,15,Short,1900-01-01 17:12:00,1900-01-01 17:40:00,0.4666666666666667
33271,50,Short,1900-01-01 19:25:00,1900-01-01 20:45:00,1.3333333333333333
33282,67,Short,1900-01-01 16:15:00,1900-01-01 18:05:00,1.8333333333333333
33291,18,Short,1900-01-01 17:50:00,1900-01-01 18:18:00,0.4666666666666667
33311,52,Short,1900-01-01 04:03:00,1900-01-01 05:33:00,1.5
33312,52,Short,1900-01-01 05:10:00,1900-01-01 06:32:00,1.3666666666666667
33313,52,Short,1900-01-01 04:50:00,1900-01-01 06:15:00,1.4166666666666667
33314,52,Short,1900-01-01 09:28:00,1900-01-01 10:46:00,1.3
33315,52,Short,1900-01-01 07:52:00,1900-01-01 09:12:00,1.3333333333333333
33316,52,Short,1900-01-01 19:40:00,1900-01-01 21:04:00,1.4
33317,52,Short,1900-01-01 17:05:00,1900-01-01 18:30:00,1.4166666666666667
33318,52,Short,1900-01-01 22:24:00,1900-01-01 23:40:00,1.2666666666666666
33319,52,Short,1900-01-01 18:10:00,1900-01-01 19:32:00,1.3666666666666667
33320,52,Short,1900-01-01 20:28:00,1900-01-01 21:48:00,1.3333333333333333
33321,52,Short,1900-01-01 19:47:00,1900-01-01 21:10:00,1.3833333333333333
33323,52,Short,1900-01-01 22:13:00,1900-01-01 23:32:00,1.3166666666666667
33325,52,Short,1900-01-01 21:30:00,1900-01-01 22:55:00,1.4166666666666667
33351,22,Short,1900-01-01 15:42:00,1900-01-01 16:15:00,0.55
33357,7,Short,1900-01-01 07:02:00,1900-01-01 07:15:00,0.21666666666666667
33361,54,Short,1900-01-01 07:45:00,1900-01-01 08:55:00,1.1666666666666667
33362,54,Short,1900-01-01 09:25:00,1900-01-01 10:30:00,1.0833333333333333
33363,54,Short,1900-01-01 08:25:00,1900-01-01 09:30:00,1.0833333333333333
33364,54,Short,1900-01-01 20:08:00,1900-01-01 21:22:00,1.2333333333333334
33365,54,Short,1900-01-01 11:30:00,1900-01-01 12:35:00,1.0833333333333333
33366,54,Short,1900-01-01 22:10:00,1900-01-01 23:20:00,1.1666666666666667
33367,54,Short,1900-01-01 17:40:00,1900-01-01 18:48:00,1.1333333333333333
33382,35,Short,1900-01-01 22:15:00,1900-01-01 23:03:00,0.8
33401,24,Short,1900-01-01 18:12:00,1900-01-01 18:57:00,0.75
33402,25,Short,1900-01-01 09:35:00,1900-01-01 10:20:00,0.75
33411,12,Short,1900-01-01 09:28:00,1900-01-01 09:49:00,0.35
33412,12,Short,1900-01-01 10:03:00,1900-01-01 10:25:00,0.36666666666666664
33421,20,Short,1900-01-01 07:32:00,1900-01-01 08:12:00,0.6666666666666666
33422,20,Short,1900-01-01 08:52:00,1900-01-01 09:35:00,0.7166666666666667
33431,24,Short,1900-01-01 08:58:00,1900-01-01 09:45:00,0.7833333333333333
33432,25,Short,1900-01-01 05:16:00,1900-01-01 06:05:00,0.8166666666666667
33433,24,Short,1900-01-01 09:40:00,1900-01-01 10:26:00,0.7666666666666667
33434,25,Short,1900-01-01 08:15:00,1900-01-01 09:02:00,0.7833333333333333
33435,24,Short,1900-01-01 10:22:00,1900-01-01 11:12:00,0.8333333333333334
33436,25,Short,1900-01-01 10:40:00,1900-01-01 11:27:00,0.7833333333333333
33437,24,Short,1900-01-01 10:34:00,1900-01-01 11:22:00,0.8
33438,25,Short,1900-01-01 14:40:00,1900-01-01 15:25:00,0.75
33439,24,Short,1900-01-01 10:56:00,1900-01-01 11:42:00,0.7666666666666667
33440,25,Short,1900-01-01 16:12:00,1900-01-01 16:57:00,0.75
33441,24,Short,1900-01-01 16:16:00,1900-01-01 17:00:00,0.7333333333333333
33443,24,Short,1900-01-01 20:38:00,1900-01-01 21:24:00,0.7666666666666667
33445,24,Short,1900-01-01 21:12:00,1900-01-01 21:56:00,0.7333333333333333
33447,24,Short,1900-01-01 21:25:00,1900-01-01 22:10:00,0.75
33511,77,Short,1900-01-01 05:18:00,1900-01-01 07:28:00,2.1666666666666665
33512,77,Short,1900-01-01 03:03:00,1900-01-01 05:30:00,2.45
33513,77,Short,1900-01-01 06:12:00,1900-01-01 08:18:00,2.1
33514,77,Short,1900-01-01 04:48:00,1900-01-01 06:55:00,2.1166666666666667
33515,77,Short,1900-01-01 07:40:00,1900-01-01 09:55:00,2.25
33516,77,Short,1900-01-01 06:46:00,1900-01-01 08:55:00,2.15
33517,77,Short,1900-01-01 08:20:00,1900-01-01 10:30:00,2.1666666666666665
33518,77,Short,1900-01-01 07:42:00,1900-01-01 09:52:00,2.1666666666666665
33519,77,Short,1900-01-01 09:18:00,1900-01-01 11:30:00,2.2
33520,77,Short,1900-01-01 10:47:00,1900-01-01 13:00:00,2.216666666666667
33521,77,Short,1900-01-01 11:05:00,1900-01-01 13:08:00,2.05
33522,77,Short,1900-01-01 11:32:00,1900-01-01 13:40:00,2.1333333333333333
33523,77,Short,1900-01-01 12:15:00,1900-01-01 14:20:00,2.0833333333333335
33524,77,Short,1900-01-01 12:05:00,1900-01-01 14:10:00,2.0833333333333335
33525,77,Short,1900-01-01 14:17:00,1900-01-01 16:38:00,2.35
33526,77,Short,1900-01-01 13:15:00,1900-01-01 15:18:00,2.05
33527,77,Short,1900-01-01 14:52:00,1900-01-01 17:08:00,2.2666666666666666
33528,77,Short,1900-01-01 13:42:00,1900-01-01 15:47:00,2.0833333333333335
33529,77,Short,1900-01-01 18:00:00,1900-01-01 20:05:00,2.0833333333333335
33530,77,Short,1900-01-01 14:54:00,1900-01-01 17:12:00,2.3
33531,77,Short,1900-01-01 19:45:00,1900-01-01 21:50:00,2.0833333333333335
33532,77,Short,1900-01-01 17:22:00,1900-01-01 19:37:00,2.25
33533,77,Short,1900-01-01 22:15:00,1900-01-01 00:26:00,2.183333333333333
33534,77,Short,1900-01-01 18:02:00,1900-01-01 20:07:00,2.0833333333333335
33536,77,Short,1900-01-01 18:53:00,1900-01-01 21:10:00,2.283333333333333
33538,77,Short,1900-01-01 21:26:00,1900-01-01 23:35:00,2.15
33611,32,Short,1900-01-01 05:02:00,1900-01-01 06:04:00,1.0333333333333334
33612,32,Short,1900-01-01 05:42:00,1900-01-01 06:40:00,0.9666666666666667
33613,32,Short,1900-01-01 07:25:00,1900-01-01 08:25:00,1.0
33614,32,Short,1900-01-01 06:25:00,1900-01-01 07:25:00,1.0
33615,32,Short,1900-01-01 08:30:00,1900-01-01 09:30:00,1.0
33616,32,Short,1900-01-01 07:32:00,1900-01-01 08:32:00,1.0
33617,32,Short,1900-01-01 09:57:00,1900-01-01 10:57:00,1.0
33618,32,Short,1900-01-01 08:45:00,1900-01-01 09:45:00,1.0
33619,32,Short,1900-01-01 16:24:00,1900-01-01 17:25:00,1.0166666666666666
33620,32,Short,1900-01-01 09:43:00,1900-01-01 10:45:00,1.0333333333333334
33621,32,Short,1900-01-01 18:47:00,1900-01-01 19:46:00,0.9833333333333333
33622,32,Short,1900-01-01 11:10:00,1900-01-01 12:05:00,0.9166666666666666
33623,32,Short,1900-01-01 19:50:00,1900-01-01 20:52:00,1.0333333333333334
33624,32,Short,1900-01-01 17:35:00,1900-01-01 18:32:00,0.95
33626,32,Short,1900-01-01 18:45:00,1900-01-01 19:45:00,1.0
33628,32,Short,1900-01-01 20:15:00,1900-01-01 21:15:00,1.0
33630,32,Short,1900-01-01 21:05:00,1900-01-01 22:03:00,0.9666666666666667
33651,47,Short,1900-01-01 04:45:00,1900-01-01 06:03:00,1.3
33652,47,Short,1900-01-01 06:35:00,1900-01-01 07:55:00,1.3333333333333333
33653,47,Short,1900-01-01 06:48:00,1900-01-01 08:08:00,1.3333333333333333
33654,47,Short,1900-01-01 08:55:00,1900-01-01 10:15:00,1.3333333333333333
33655,47,Short,1900-01-01 11:20:00,1900-01-01 12:37:00,1.2833333333333334
33656,47,Short,1900-01-01 12:47:00,1900-01-01 14:03:00,1.2666666666666666
33657,47,Short,1900-01-01 11:57:00,1900-01-01 13:15:00,1.3
33658,47,Short,1900-01-01 13:40:00,1900-01-01 15:00:00,1.3333333333333333
33659,47,Short,1900-01-01 13:32:00,1900-01-01 14:50:00,1.3
33660,47,Short,1900-01-01 14:58:00,1900-01-01 16:15:00,1.2833333333333334
33664,47,Short,1900-01-01 16:35:00,1900-01-01 17:50:00,1.25
33666,47,Short,1900-01-01 20:05:00,1900-01-01 21:27:00,1.3666666666666667
33681,59,Short,1900-01-01 09:10:00,1900-01-01 10:47:00,1.6166666666666667
33682,60,Short,1900-01-01 11:37:00,1900-01-01 13:10:00,1.55
33685,59,Short,1900-01-01 20:23:00,1900-01-01 21:57:00,1.5666666666666667
33686,60,Short,1900-01-01 21:20:00,1900-01-01 22:54:00,1.5666666666666667
33687,59,Short,1900-01-01 14:05:00,1900-01-01 15:40:00,1.5833333333333333
33688,60,Short,1900-01-01 15:55:00,1900-01-01 17:35:00,1.6666666666666667
33711,32,Short,1900-01-01 04:25:00,1900-01-01 05:08:00,0.7166666666666667
33712,32,Short,1900-01-01 04:22:00,1900-01-01 05:08:00,0.7666666666666667
33713,32,Short,1900-01-01 06:22:00,1900-01-01 07:08:00,0.7666666666666667
33714,32,Short,1900-01-01 06:20:00,1900-01-01 07:05:00,0.75
33715,32,Short,1900-01-01 07:22:00,1900-01-01 08:10:00,0.8
33716,32,Short,1900-01-01 07:20:00,1900-01-01 08:05:00,0.75
33717,32,Short,1900-01-01 08:34:00,1900-01-01 09:15:00,0.6833333333333333
33718,32,Short,1900-01-01 09:23:00,1900-01-01 10:09:00,0.7666666666666667
33719,32,Short,1900-01-01 09:27:00,1900-01-01 10:08:00,0.6833333333333333
33720,32,Short,1900-01-01 10:20:00,1900-01-01 11:05:00,0.75
33721,32,Short,1900-01-01 10:22:00,1900-01-01 11:06:00,0.7333333333333333
33722,32,Short,1900-01-01 12:20:00,1900-01-01 13:00:00,0.6666666666666666
33723,32,Short,1900-01-01 11:20:00,1900-01-01 12:05:00,0.75
33724,32,Short,1900-01-01 13:00:00,1900-01-01 13:45:00,0.75
33725,32,Short,1900-01-01 14:20:00,1900-01-01 15:05:00,0.75
33726,32,Short,1900-01-01 14:15:00,1900-01-01 14:57:00,0.7
33727,32,Short,1900-01-01 15:25:00,1900-01-01 16:10:00,0.75
33728,32,Short,1900-01-01 15:20:00,1900-01-01 16:03:00,0.7166666666666667
33729,32,Short,1900-01-01 16:34:00,1900-01-01 17:20:00,0.7666666666666667
33730,32,Short,1900-01-01 16:30:00,1900-01-01 17:12:00,0.7
33731,32,Short,1900-01-01 18:05:00,1900-01-01 18:50:00,0.75
33732,32,Short,1900-01-01 18:00:00,1900-01-01 18:42:00,0.7
33733,32,Short,1900-01-01 18:50:00,1900-01-01 19:32:00,0.7
33734,32,Short,1900-01-01 19:36:00,1900-01-01 20:17:00,0.6833333333333333
33735,32,Short,1900-01-01 19:40:00,1900-01-01 20:26:00,0.7666666666666667
33736,32,Short,1900-01-01 20:54:00,1900-01-01 21:37:00,0.7166666666666667
33737,32,Short,1900-01-01 20:58:00,1900-01-01 21:43:00,0.75
33738,32,Short,1900-01-01 23:09:00,1900-01-01 23:52:00,0.7166666666666667
33739,32,Short,1900-01-01 23:12:00,1900-01-01 23:58:00,0.7666666666666667
33751,52,Short,1900-01-01 12:36:00,1900-01-01 13:45:00,1.15
33752,52,Short,1900-01-01 11:16:00,1900-01-01 12:28:00,1.2
33801,79,Short,1900-01-01 17:30:00,1900-01-01 19:26:00,1.9333333333333333
33802,79,Short,1900-01-01 07:15:00,1900-01-01 09:15:00,2.0
33811,79,Short,1900-01-01 03:15:00,1900-01-01 05:02:00,1.7833333333333334
33812,79,Short,1900-01-01 02:58:00,1900-01-01 05:05:00,2.1166666666666667
33813,79,Short,1900-01-01 04:15:00,1900-01-01 06:08:00,1.8833333333333333
33814,79,Short,1900-01-01 04:25:00,1900-01-01 06:17:00,1.8666666666666667
33815,79,Short,1900-01-01 04:55:00,1900-01-01 06:50:00,1.9166666666666667
33816,79,Short,1900-01-01 05:15:00,1900-01-01 07:05:00,1.8333333333333333
33817,79,Short,1900-01-01 05:56:00,1900-01-01 07:45:00,1.8166666666666667
33818,79,Short,1900-01-01 05:40:00,1900-01-01 07:36:00,1.9333333333333333
33819,79,Short,1900-01-01 07:10:00,1900-01-01 09:10:00,2.0
33820,79,Short,1900-01-01 06:15:00,1900-01-01 08:05:00,1.8333333333333333
33821,79,Short,1900-01-01 08:10:00,1900-01-01 10:05:00,1.9166666666666667
33822,79,Short,1900-01-01 06:50:00,1900-01-01 08:48:00,1.9666666666666666
33823,79,Short,1900-01-01 08:42:00,1900-01-01 10:37:00,1.9166666666666667
33824,79,Short,1900-01-01 08:08:00,1900-01-01 10:05:00,1.95
33825,79,Short,1900-01-01 10:05:00,1900-01-01 12:00:00,1.9166666666666667
33826,79,Short,1900-01-01 08:32:00,1900-01-01 10:30:00,1.9666666666666666
33827,79,Short,1900-01-01 11:28:00,1900-01-01 13:25:00,1.95
33828,79,Short,1900-01-01 09:05:00,1900-01-01 11:05:00,2.0
33829,79,Short,1900-01-01 12:27:00,1900-01-01 14:20:00,1.8833333333333333
33830,79,Short,1900-01-01 10:28:00,1900-01-01 12:30:00,2.033333333333333
33831,79,Short,1900-01-01 12:47:00,1900-01-01 14:40:00,1.8833333333333333
33832,79,Short,1900-01-01 11:30:00,1900-01-01 13:58:00,2.466666666666667
33833,79,Short,1900-01-01 13:55:00,1900-01-01 15:50:00,1.9166666666666667
33834,79,Short,1900-01-01 12:47:00,1900-01-01 14:45:00,1.9666666666666666
33835,79,Short,1900-01-01 15:10:00,1900-01-01 17:05:00,1.9166666666666667
33836,79,Short,1900-01-01 14:12:00,1900-01-01 16:05:00,1.8833333333333333
33837,79,Short,1900-01-01 15:50:00,1900-01-01 17:45:00,1.9166666666666667
33838,79,Short,1900-01-01 14:55:00,1900-01-01 16:48:00,1.8833333333333333
33839,79,Short,1900-01-01 16:42:00,1900-01-01 18:35:00,1.8833333333333333
33840,79,Short,1900-01-01 15:22:00,1900-01-01 17:20:00,1.9666666666666666
33841,79,Short,1900-01-01 17:10:00,1900-01-01 19:05:00,1.9166666666666667
33842,79,Short,1900-01-01 16:55:00,1900-01-01 18:50:00,1.9166666666666667
33843,79,Short,1900-01-01 17:45:00,1900-01-01 19:45:00,2.0
33844,79,Short,1900-01-01 17:30:00,1900-01-01 19:30:00,2.0
33845,79,Short,1900-01-01 18:36:00,1900-01-01 20:30:00,1.9
33846,79,Short,1900-01-01 18:28:00,1900-01-01 20:25:00,1.95
33847,79,Short,1900-01-01 18:55:00,1900-01-01 20:50:00,1.9166666666666667
33848,79,Short,1900-01-01 18:57:00,1900-01-01 20:53:00,1.9333333333333333
33849,79,Short,1900-01-01 19:25:00,1900-01-01 21:25:00,2.0
33850,79,Short,1900-01-01 19:40:00,1900-01-01 21:37:00,1.95
33851,79,Short,1900-01-01 20:05:00,1900-01-01 22:00:00,1.9166666666666667
33852,79,Short,1900-01-01 20:40:00,1900-01-01 22:40:00,2.0
33853,79,Short,1900-01-01 21:02:00,1900-01-01 22:55:00,1.8833333333333333
33854,79,Short,1900-01-01 21:15:00,1900-01-01 23:10:00,1.9166666666666667
33855,79,Short,1900-01-01 21:45:00,1900-01-01 23:40:00,1.9166666666666667
33856,79,Short,1900-01-01 21:35:00,1900-01-01 23:30:00,1.9166666666666667
33857,79,Short,1900-01-01 22:32:00,1900-01-01 00:25:00,1.8833333333333333
33858,79,Short,1900-01-01 22:40:00,1900-01-01 00:30:00,1.8333333333333333
33859,79,Short,1900-01-01 22:58:00,1900-01-01 00:50:00,1.8666666666666667
33860,79,Short,1900-01-01 16:15:00,1900-01-01 18:12:00,1.95
33861,79,Short,1900-01-01 23:40:00,1900-01-01 01:35:00,1.9166666666666667
33863,79,Short,1900-01-01 14:25:00,1900-01-01 16:25:00,2.0
33895,65,Short,1900-01-01 15:32:00,1900-01-01 17:02:00,1.5
33896,65,Short,1900-01-01 18:15:00,1900-01-01 19:50:00,1.5833333333333333
34052,67,Short,1900-01-01 05:52:00,1900-01-01 07:52:00,2.0
34054,67,Short,1900-01-01 18:38:00,1900-01-01 20:42:00,2.066666666666667
34056,82,Short,1900-01-01 11:07:00,1900-01-01 13:40:00,2.55
34062,120,Short,1900-01-01 10:47:00,1900-01-01 14:14:00,3.45
34111,30,Short,1900-01-01 04:40:00,1900-01-01 05:30:00,0.8333333333333334
34112,30,Short,1900-01-01 03:40:00,1900-01-01 04:30:00,0.8333333333333334
34113,30,Short,1900-01-01 05:45:00,1900-01-01 06:42:00,0.95
34114,30,Short,1900-01-01 04:36:00,1900-01-01 05:30:00,0.9
34115,30,Short,1900-01-01 06:35:00,1900-01-01 07:30:00,0.9166666666666666
34116,30,Short,1900-01-01 05:32:00,1900-01-01 06:25:00,0.8833333333333333
34117,30,Short,1900-01-01 08:05:00,1900-01-01 09:02:00,0.95
34118,30,Short,1900-01-01 06:10:00,1900-01-01 07:03:00,0.8833333333333333
34119,30,Short,1900-01-01 08:25:00,1900-01-01 09:20:00,0.9166666666666666
34120,30,Short,1900-01-01 07:20:00,1900-01-01 08:15:00,0.9166666666666666
34121,30,Short,1900-01-01 09:06:00,1900-01-01 09:59:00,0.8833333333333333
34122,30,Short,1900-01-01 08:10:00,1900-01-01 08:58:00,0.8
34123,30,Short,1900-01-01 09:37:00,1900-01-01 10:32:00,0.9166666666666666
34124,30,Short,1900-01-01 08:35:00,1900-01-01 09:26:00,0.85
34125,30,Short,1900-01-01 10:23:00,1900-01-01 11:15:00,0.8666666666666667
34126,30,Short,1900-01-01 09:22:00,1900-01-01 10:15:00,0.8833333333333333
34127,30,Short,1900-01-01 10:55:00,1900-01-01 11:50:00,0.9166666666666666
34128,30,Short,1900-01-01 09:45:00,1900-01-01 10:40:00,0.9166666666666666
34129,30,Short,1900-01-01 11:23:00,1900-01-01 12:20:00,0.95
34130,30,Short,1900-01-01 10:18:00,1900-01-01 11:12:00,0.9
34131,30,Short,1900-01-01 11:58:00,1900-01-01 13:02:00,1.0666666666666667
34132,30,Short,1900-01-01 10:50:00,1900-01-01 11:45:00,0.9166666666666666
34133,30,Short,1900-01-01 12:34:00,1900-01-01 13:28:00,0.9
34134,30,Short,1900-01-01 11:32:00,1900-01-01 12:25:00,0.8833333333333333
34135,30,Short,1900-01-01 12:57:00,1900-01-01 13:52:00,0.9166666666666666
34136,30,Short,1900-01-01 11:56:00,1900-01-01 12:49:00,0.8833333333333333
34137,30,Short,1900-01-01 13:30:00,1900-01-01 14:20:00,0.8333333333333334
34138,30,Short,1900-01-01 12:18:00,1900-01-01 13:10:00,0.8666666666666667
34139,30,Short,1900-01-01 14:20:00,1900-01-01 15:12:00,0.8666666666666667
34140,30,Short,1900-01-01 13:15:00,1900-01-01 14:10:00,0.9166666666666666
34141,30,Short,1900-01-01 14:58:00,1900-01-01 15:52:00,0.9
34142,30,Short,1900-01-01 13:55:00,1900-01-01 14:47:00,0.8666666666666667
34143,30,Short,1900-01-01 15:32:00,1900-01-01 16:25:00,0.8833333333333333
34144,30,Short,1900-01-01 14:32:00,1900-01-01 15:23:00,0.85
34145,30,Short,1900-01-01 16:19:00,1900-01-01 17:08:00,0.8166666666666667
34146,30,Short,1900-01-01 15:08:00,1900-01-01 16:02:00,0.9
34147,30,Short,1900-01-01 17:00:00,1900-01-01 17:50:00,0.8333333333333334
34148,30,Short,1900-01-01 15:57:00,1900-01-01 16:49:00,0.8666666666666667
34149,30,Short,1900-01-01 18:13:00,1900-01-01 19:04:00,0.85
34150,30,Short,1900-01-01 16:30:00,1900-01-01 17:26:00,0.9333333333333333
34151,30,Short,1900-01-01 19:00:00,1900-01-01 19:55:00,0.9166666666666666
34152,30,Short,1900-01-01 17:00:00,1900-01-01 17:55:00,0.9166666666666666
34153,30,Short,1900-01-01 19:28:00,1900-01-01 20:22:00,0.9
34154,30,Short,1900-01-01 17:45:00,1900-01-01 18:40:00,0.9166666666666666
34155,30,Short,1900-01-01 20:12:00,1900-01-01 21:04:00,0.8666666666666667
34156,30,Short,1900-01-01 18:25:00,1900-01-01 19:20:00,0.9166666666666666
34157,30,Short,1900-01-01 20:55:00,1900-01-01 21:49:00,0.9
34158,30,Short,1900-01-01 19:12:00,1900-01-01 20:04:00,0.8666666666666667
34159,30,Short,1900-01-01 21:40:00,1900-01-01 22:35:00,0.9166666666666666
34160,30,Short,1900-01-01 20:35:00,1900-01-01 21:30:00,0.9166666666666666
34161,30,Short,1900-01-01 22:18:00,1900-01-01 23:06:00,0.8
34162,30,Short,1900-01-01 21:15:00,1900-01-01 22:08:00,0.8833333333333333
34163,30,Short,1900-01-01 23:03:00,1900-01-01 23:55:00,0.8666666666666667
34164,30,Short,1900-01-01 22:02:00,1900-01-01 22:55:00,0.8833333333333333
34165,30,Short,1900-01-01 23:55:00,1900-01-01 00:43:00,0.8
34166,30,Short,1900-01-01 23:00:00,1900-01-01 23:48:00,0.8
34311,8,Short,1900-01-01 21:15:00,1900-01-01 21:30:00,0.25
34312,8,Short,1900-01-01 08:55:00,1900-01-01 09:10:00,0.25
34313,8,Short,1900-01-01 22:00:00,1900-01-01 22:15:00,0.25
34331,36,Short,1900-01-01 08:20:00,1900-01-01 09:12:00,0.8666666666666667
34332,36,Short,1900-01-01 18:30:00,1900-01-01 19:25:00,0.9166666666666666
34334,36,Short,1900-01-01 07:15:00,1900-01-01 08:10:00,0.9166666666666666
34351,29,Short,1900-01-01 06:24:00,1900-01-01 07:10:00,0.7666666666666667
34352,28,Short,1900-01-01 04:50:00,1900-01-01 05:32:00,0.7
34353,29,Short,1900-01-01 07:55:00,1900-01-01 08:38:00,0.7166666666666667
34354,29,Short,1900-01-01 05:30:00,1900-01-01 06:12:00,0.7
34355,29,Short,1900-01-01 21:55:00,1900-01-01 22:32:00,0.6166666666666667
34356,29,Short,1900-01-01 05:57:00,1900-01-01 06:38:00,0.6833333333333333
34358,29,Short,1900-01-01 06:40:00,1900-01-01 07:20:00,0.6666666666666666
34360,28,Short,1900-01-01 07:20:00,1900-01-01 08:02:00,0.7
34411,16,Short,1900-01-01 04:30:00,1900-01-01 05:02:00,0.5333333333333333
34412,16,Short,1900-01-01 04:15:00,1900-01-01 04:43:00,0.4666666666666667
34413,16,Short,1900-01-01 07:20:00,1900-01-01 07:54:00,0.5666666666666667
34414,16,Short,1900-01-01 08:20:00,1900-01-01 08:52:00,0.5333333333333333
34415,16,Short,1900-01-01 08:42:00,1900-01-01 09:15:00,0.55
34416,16,Short,1900-01-01 08:40:00,1900-01-01 09:12:00,0.5333333333333333
34417,16,Short,1900-01-01 09:22:00,1900-01-01 09:54:00,0.5333333333333333
34418,16,Short,1900-01-01 09:30:00,1900-01-01 10:01:00,0.5166666666666667
34419,16,Short,1900-01-01 10:11:00,1900-01-01 10:44:00,0.55
34420,16,Short,1900-01-01 09:50:00,1900-01-01 10:22:00,0.5333333333333333
34421,16,Short,1900-01-01 14:35:00,1900-01-01 15:07:00,0.5333333333333333
34422,16,Short,1900-01-01 10:30:00,1900-01-01 11:02:00,0.5333333333333333
34423,16,Short,1900-01-01 16:05:00,1900-01-01 16:37:00,0.5333333333333333
34424,16,Short,1900-01-01 10:45:00,1900-01-01 11:17:00,0.5333333333333333
34425,16,Short,1900-01-01 17:05:00,1900-01-01 17:38:00,0.55
34426,16,Short,1900-01-01 10:55:00,1900-01-01 11:24:00,0.48333333333333334
34427,16,Short,1900-01-01 17:40:00,1900-01-01 18:15:00,0.5833333333333334
34428,16,Short,1900-01-01 11:08:00,1900-01-01 11:39:00,0.5166666666666667
34429,16,Short,1900-01-01 18:04:00,1900-01-01 18:37:00,0.55
34430,16,Short,1900-01-01 13:47:00,1900-01-01 14:20:00,0.55
34431,16,Short,1900-01-01 19:17:00,1900-01-01 19:50:00,0.55
34432,16,Short,1900-01-01 17:20:00,1900-01-01 17:49:00,0.48333333333333334
34434,16,Short,1900-01-01 18:30:00,1900-01-01 19:00:00,0.5
34436,16,Short,1900-01-01 22:27:00,1900-01-01 22:57:00,0.5
34501,45,Short,1900-01-01 08:33:00,1900-01-01 09:48:00,1.25
34502,45,Short,1900-01-01 18:20:00,1900-01-01 19:35:00,1.25
34511,45,Short,1900-01-01 03:50:00,1900-01-01 05:10:00,1.3333333333333333
34512,45,Short,1900-01-01 05:45:00,1900-01-01 06:57:00,1.2
34513,45,Short,1900-01-01 04:32:00,1900-01-01 05:47:00,1.25
34514,45,Short,1900-01-01 06:30:00,1900-01-01 07:44:00,1.2333333333333334
34515,45,Short,1900-01-01 05:17:00,1900-01-01 06:35:00,1.3
34516,45,Short,1900-01-01 07:42:00,1900-01-01 08:56:00,1.2333333333333334
34517,45,Short,1900-01-01 06:00:00,1900-01-01 07:17:00,1.2833333333333334
34518,45,Short,1900-01-01 08:28:00,1900-01-01 09:44:00,1.2666666666666666
34519,45,Short,1900-01-01 06:55:00,1900-01-01 08:15:00,1.3333333333333333
34520,45,Short,1900-01-01 09:10:00,1900-01-01 10:25:00,1.25
34521,45,Short,1900-01-01 07:23:00,1900-01-01 08:37:00,1.2333333333333334
34522,45,Short,1900-01-01 10:24:00,1900-01-01 11:40:00,1.2666666666666666
34523,45,Short,1900-01-01 08:15:00,1900-01-01 09:30:00,1.25
34524,45,Short,1900-01-01 11:25:00,1900-01-01 12:40:00,1.25
34525,45,Short,1900-01-01 09:08:00,1900-01-01 10:22:00,1.2333333333333334
34526,45,Short,1900-01-01 12:10:00,1900-01-01 13:25:00,1.25
34527,45,Short,1900-01-01 10:05:00,1900-01-01 11:20:00,1.25
34528,45,Short,1900-01-01 13:40:00,1900-01-01 14:55:00,1.25
34529,45,Short,1900-01-01 10:50:00,1900-01-01 12:05:00,1.25
34530,45,Short,1900-01-01 14:02:00,1900-01-01 15:15:00,1.2166666666666666
34531,45,Short,1900-01-01 12:05:00,1900-01-01 13:23:00,1.3
34532,45,Short,1900-01-01 14:48:00,1900-01-01 16:04:00,1.2666666666666666
34533,45,Short,1900-01-01 13:10:00,1900-01-01 14:40:00,1.5
34534,45,Short,1900-01-01 15:33:00,1900-01-01 16:50:00,1.2833333333333334
34535,45,Short,1900-01-01 14:00:00,1900-01-01 15:17:00,1.2833333333333334
34536,45,Short,1900-01-01 16:35:00,1900-01-01 17:50:00,1.25
34537,45,Short,1900-01-01 15:08:00,1900-01-01 16:20:00,1.2
34538,45,Short,1900-01-01 17:15:00,1900-01-01 18:30:00,1.25
34539,45,Short,1900-01-01 15:45:00,1900-01-01 17:02:00,1.2833333333333334
34540,45,Short,1900-01-01 17:52:00,1900-01-01 19:07:00,1.25
34541,45,Short,1900-01-01 16:14:00,1900-01-01 17:30:00,1.2666666666666666
34542,45,Short,1900-01-01 18:38:00,1900-01-01 19:52:00,1.2333333333333334
34543,45,Short,1900-01-01 17:08:00,1900-01-01 18:25:00,1.2833333333333334
34544,45,Short,1900-01-01 19:30:00,1900-01-01 20:44:00,1.2333333333333334
34545,45,Short,1900-01-01 18:18:00,1900-01-01 19:35:00,1.2833333333333334
34546,45,Short,1900-01-01 20:10:00,1900-01-01 21:25:00,1.25
34547,45,Short,1900-01-01 18:45:00,1900-01-01 20:02:00,1.2833333333333334
34548,45,Short,1900-01-01 20:48:00,1900-01-01 22:02:00,1.2333333333333334
34549,45,Short,1900-01-01 19:20:00,1900-01-01 20:34:00,1.2333333333333334
34550,45,Short,1900-01-01 21:36:00,1900-01-01 22:57:00,1.35
34551,45,Short,1900-01-01 20:05:00,1900-01-01 21:20:00,1.25
34552,45,Short,1900-01-01 22:35:00,1900-01-01 23:49:00,1.2333333333333334
34553,45,Short,1900-01-01 21:05:00,1900-01-01 22:20:00,1.25
34554,45,Short,1900-01-01 23:18:00,1900-01-01 00:30:00,1.2
34555,45,Short,1900-01-01 21:35:00,1900-01-01 22:50:00,1.25
34557,45,Short,1900-01-01 22:20:00,1900-01-01 23:36:00,1.2666666666666666
34601,24,Short,1900-01-01 09:42:00,1900-01-01 10:27:00,0.75
34602,24,Short,1900-01-01 17:35:00,1900-01-01 18:17:00,0.7
34611,24,Short,1900-01-01 06:13:00,1900-01-01 07:00:00,0.7833333333333333
34612,24,Short,1900-01-01 05:05:00,1900-01-01 05:47:00,0.7
34613,24,Short,1900-01-01 06:58:00,1900-01-01 07:45:00,0.7833333333333333
34614,24,Short,1900-01-01 06:02:00,1900-01-01 06:44:00,0.7
34615,24,Short,1900-01-01 07:35:00,1900-01-01 08:22:00,0.7833333333333333
34616,24,Short,1900-01-01 06:40:00,1900-01-01 07:25:00,0.75
34617,24,Short,1900-01-01 07:58:00,1900-01-01 08:45:00,0.7833333333333333
34618,24,Short,1900-01-01 07:08:00,1900-01-01 07:50:00,0.7
34619,24,Short,1900-01-01 08:22:00,1900-01-01 09:08:00,0.7666666666666667
34620,24,Short,1900-01-01 07:30:00,1900-01-01 08:14:00,0.7333333333333333
34621,24,Short,1900-01-01 08:58:00,1900-01-01 09:43:00,0.75
34622,24,Short,1900-01-01 08:00:00,1900-01-01 08:45:00,0.75
34623,24,Short,1900-01-01 09:24:00,1900-01-01 10:10:00,0.7666666666666667
34624,24,Short,1900-01-01 08:50:00,1900-01-01 09:35:00,0.75
34625,24,Short,1900-01-01 09:50:00,1900-01-01 10:38:00,0.8
34626,24,Short,1900-01-01 09:40:00,1900-01-01 10:22:00,0.7
34627,24,Short,1900-01-01 10:40:00,1900-01-01 11:27:00,0.7833333333333333
34628,24,Short,1900-01-01 10:12:00,1900-01-01 10:56:00,0.7333333333333333
34629,24,Short,1900-01-01 11:08:00,1900-01-01 11:55:00,0.7833333333333333
34630,24,Short,1900-01-01 11:15:00,1900-01-01 12:00:00,0.75
34631,24,Short,1900-01-01 12:10:00,1900-01-01 12:57:00,0.7833333333333333
34632,24,Short,1900-01-01 12:25:00,1900-01-01 13:09:00,0.7333333333333333
34633,24,Short,1900-01-01 13:18:00,1900-01-01 14:05:00,0.7833333333333333
34634,24,Short,1900-01-01 13:32:00,1900-01-01 14:17:00,0.75
34635,24,Short,1900-01-01 14:40:00,1900-01-01 15:27:00,0.7833333333333333
34636,24,Short,1900-01-01 15:02:00,1900-01-01 15:47:00,0.75
34637,24,Short,1900-01-01 16:10:00,1900-01-01 16:57:00,0.7833333333333333
34638,24,Short,1900-01-01 16:18:00,1900-01-01 17:02:00,0.7333333333333333
34639,24,Short,1900-01-01 17:10:00,1900-01-01 17:57:00,0.7833333333333333
34640,24,Short,1900-01-01 17:05:00,1900-01-01 17:49:00,0.7333333333333333
34641,24,Short,1900-01-01 17:58:00,1900-01-01 18:44:00,0.7666666666666667
34642,24,Short,1900-01-01 17:40:00,1900-01-01 18:25:00,0.75
34643,24,Short,1900-01-01 18:42:00,1900-01-01 19:30:00,0.8
34644,24,Short,1900-01-01 19:18:00,1900-01-01 20:02:00,0.7333333333333333
34645,24,Short,1900-01-01 19:43:00,1900-01-01 20:28:00,0.75
34646,24,Short,1900-01-01 20:00:00,1900-01-01 20:45:00,0.75
34647,24,Short,1900-01-01 20:40:00,1900-01-01 21:27:00,0.7833333333333333
34648,24,Short,1900-01-01 20:40:00,1900-01-01 21:25:00,0.75
34711,61,Short,1900-01-01 03:00:00,1900-01-01 04:50:00,1.8333333333333333
34712,61,Short,1900-01-01 04:00:00,1900-01-01 05:36:00,1.6
34713,61,Short,1900-01-01 03:35:00,1900-01-01 05:20:00,1.75
34714,61,Short,1900-01-01 04:30:00,1900-01-01 06:10:00,1.6666666666666667
34715,61,Short,1900-01-01 04:15:00,1900-01-01 05:58:00,1.7166666666666666
34716,61,Short,1900-01-01 05:12:00,1900-01-01 06:52:00,1.6666666666666667
34717,61,Short,1900-01-01 04:44:00,1900-01-01 06:20:00,1.6
34718,61,Short,1900-01-01 05:55:00,1900-01-01 07:33:00,1.6333333333333333
34719,61,Short,1900-01-01 05:44:00,1900-01-01 07:23:00,1.65
34720,61,Short,1900-01-01 07:14:00,1900-01-01 08:56:00,1.7
34721,61,Short,1900-01-01 06:28:00,1900-01-01 08:08:00,1.6666666666666667
34722,61,Short,1900-01-01 08:15:00,1900-01-01 09:57:00,1.7
34723,61,Short,1900-01-01 07:10:00,1900-01-01 08:52:00,1.7
34724,61,Short,1900-01-01 09:16:00,1900-01-01 10:58:00,1.7
34725,61,Short,1900-01-01 07:55:00,1900-01-01 09:37:00,1.7
34726,61,Short,1900-01-01 11:02:00,1900-01-01 12:42:00,1.6666666666666667
34727,61,Short,1900-01-01 08:35:00,1900-01-01 10:17:00,1.7
34728,61,Short,1900-01-01 11:50:00,1900-01-01 13:30:00,1.6666666666666667
34729,61,Short,1900-01-01 09:26:00,1900-01-01 11:03:00,1.6166666666666667
34730,61,Short,1900-01-01 12:50:00,1900-01-01 14:30:00,1.6666666666666667
34731,61,Short,1900-01-01 10:30:00,1900-01-01 12:15:00,1.75
34732,61,Short,1900-01-01 14:20:00,1900-01-01 16:00:00,1.6666666666666667
34733,61,Short,1900-01-01 11:27:00,1900-01-01 13:17:00,1.8333333333333333
34734,61,Short,1900-01-01 15:15:00,1900-01-01 16:57:00,1.7
34735,61,Short,1900-01-01 13:10:00,1900-01-01 14:50:00,1.6666666666666667
34736,61,Short,1900-01-01 15:50:00,1900-01-01 17:34:00,1.7333333333333334
34737,61,Short,1900-01-01 13:58:00,1900-01-01 15:37:00,1.65
34738,61,Short,1900-01-01 16:48:00,1900-01-01 18:30:00,1.7
34739,61,Short,1900-01-01 15:08:00,1900-01-01 16:46:00,1.6333333333333333
34740,61,Short,1900-01-01 17:28:00,1900-01-01 19:10:00,1.7
34741,61,Short,1900-01-01 16:23:00,1900-01-01 18:04:00,1.6833333333333333
34742,61,Short,1900-01-01 18:15:00,1900-01-01 19:58:00,1.7166666666666666
34743,61,Short,1900-01-01 17:10:00,1900-01-01 18:55:00,1.75
34744,61,Short,1900-01-01 18:57:00,1900-01-01 20:36:00,1.65
34745,61,Short,1900-01-01 18:05:00,1900-01-01 19:44:00,1.65
34746,61,Short,1900-01-01 19:35:00,1900-01-01 21:15:00,1.6666666666666667
34747,61,Short,1900-01-01 18:38:00,1900-01-01 20:17:00,1.65
34748,61,Short,1900-01-01 21:00:00,1900-01-01 22:40:00,1.6666666666666667
34749,61,Short,1900-01-01 19:35:00,1900-01-01 21:14:00,1.65
34750,61,Short,1900-01-01 21:45:00,1900-01-01 23:25:00,1.6666666666666667
34751,61,Short,1900-01-01 20:12:00,1900-01-01 21:55:00,1.7166666666666666
34752,61,Short,1900-01-01 22:20:00,1900-01-01 00:00:00,1.6666666666666667
34753,61,Short,1900-01-01 20:48:00,1900-01-01 22:28:00,1.6666666666666667
34754,61,Short,1900-01-01 23:05:00,1900-01-01 00:43:00,1.6333333333333333
34755,61,Short,1900-01-01 21:45:00,1900-01-01 23:30:00,1.75
34757,61,Short,1900-01-01 22:20:00,1900-01-01 00:02:00,1.7
34782,94,Short,1900-01-01 20:30:00,1900-01-01 22:56:00,2.433333333333333
34791,108,Short,1900-01-01 04:10:00,1900-01-01 06:52:00,2.7
34792,108,Short,1900-01-01 13:20:00,1900-01-01 16:02:00,2.7
34793,108,Short,1900-01-01 16:33:00,1900-01-01 19:18:00,2.75
34794,108,Short,1900-01-01 21:30:00,1900-01-01 00:15:00,2.75
34811,59,Short,1900-01-01 03:00:00,1900-01-01 04:45:00,1.75
34812,59,Short,1900-01-01 03:54:00,1900-01-01 05:20:00,1.4333333333333333
34813,59,Short,1900-01-01 04:00:00,1900-01-01 05:35:00,1.5833333333333333
34814,59,Short,1900-01-01 04:45:00,1900-01-01 06:20:00,1.5833333333333333
34815,59,Short,1900-01-01 04:40:00,1900-01-01 06:14:00,1.5666666666666667
34816,59,Short,1900-01-01 05:25:00,1900-01-01 07:00:00,1.5833333333333333
34817,59,Short,1900-01-01 05:30:00,1900-01-01 07:08:00,1.6333333333333333
34818,59,Short,1900-01-01 06:20:00,1900-01-01 08:00:00,1.6666666666666667
34819,59,Short,1900-01-01 05:52:00,1900-01-01 07:36:00,1.7333333333333334
34820,59,Short,1900-01-01 06:55:00,1900-01-01 08:35:00,1.6666666666666667
34821,59,Short,1900-01-01 06:52:00,1900-01-01 08:30:00,1.6333333333333333
34822,59,Short,1900-01-01 07:25:00,1900-01-01 09:00:00,1.5833333333333333
34823,59,Short,1900-01-01 07:42:00,1900-01-01 09:25:00,1.7166666666666666
34824,59,Short,1900-01-01 07:50:00,1900-01-01 09:30:00,1.6666666666666667
34825,59,Short,1900-01-01 08:25:00,1900-01-01 10:05:00,1.6666666666666667
34826,59,Short,1900-01-01 08:57:00,1900-01-01 10:35:00,1.6333333333333333
34827,59,Short,1900-01-01 09:15:00,1900-01-01 10:52:00,1.6166666666666667
34828,59,Short,1900-01-01 09:57:00,1900-01-01 11:35:00,1.6333333333333333
34829,59,Short,1900-01-01 09:37:00,1900-01-01 11:08:00,1.5166666666666666
34830,59,Short,1900-01-01 10:38:00,1900-01-01 12:17:00,1.65
34831,59,Short,1900-01-01 10:08:00,1900-01-01 11:45:00,1.6166666666666667
34832,59,Short,1900-01-01 11:42:00,1900-01-01 13:20:00,1.6333333333333333
34833,59,Short,1900-01-01 11:02:00,1900-01-01 12:40:00,1.6333333333333333
34834,59,Short,1900-01-01 12:35:00,1900-01-01 14:15:00,1.6666666666666667
34835,59,Short,1900-01-01 11:55:00,1900-01-01 13:38:00,1.7166666666666666
34836,59,Short,1900-01-01 13:26:00,1900-01-01 15:05:00,1.65
34837,59,Short,1900-01-01 12:50:00,1900-01-01 14:28:00,1.6333333333333333
34838,59,Short,1900-01-01 14:10:00,1900-01-01 15:50:00,1.6666666666666667
34839,59,Short,1900-01-01 14:00:00,1900-01-01 16:00:00,2.0
34840,59,Short,1900-01-01 15:40:00,1900-01-01 17:20:00,1.6666666666666667
34841,59,Short,1900-01-01 14:50:00,1900-01-01 16:30:00,1.6666666666666667
34842,59,Short,1900-01-01 16:55:00,1900-01-01 18:32:00,1.6166666666666667
34843,59,Short,1900-01-01 15:40:00,1900-01-01 17:18:00,1.6333333333333333
34844,59,Short,1900-01-01 18:02:00,1900-01-01 19:40:00,1.6333333333333333
34845,59,Short,1900-01-01 16:05:00,1900-01-01 17:45:00,1.6666666666666667
34846,59,Short,1900-01-01 18:45:00,1900-01-01 20:23:00,1.6333333333333333
34847,59,Short,1900-01-01 17:32:00,1900-01-01 19:10:00,1.6333333333333333
34848,59,Short,1900-01-01 19:45:00,1900-01-01 21:20:00,1.5833333333333333
34849,59,Short,1900-01-01 19:07:00,1900-01-01 20:45:00,1.6333333333333333
34850,59,Short,1900-01-01 20:20:00,1900-01-01 21:58:00,1.6333333333333333
34851,59,Short,1900-01-01 20:07:00,1900-01-01 21:44:00,1.6166666666666667
34852,59,Short,1900-01-01 21:10:00,1900-01-01 22:50:00,1.6666666666666667
34853,59,Short,1900-01-01 21:00:00,1900-01-01 22:40:00,1.6666666666666667
34854,59,Short,1900-01-01 21:55:00,1900-01-01 23:32:00,1.6166666666666667
34855,59,Short,1900-01-01 21:40:00,1900-01-01 23:19:00,1.65
34856,59,Short,1900-01-01 22:45:00,1900-01-01 00:20:00,1.5833333333333333
34857,59,Short,1900-01-01 22:15:00,1900-01-01 23:50:00,1.5833333333333333
34858,59,Short,1900-01-01 23:42:00,1900-01-01 01:12:00,1.5
34859,59,Short,1900-01-01 16:53:00,1900-01-01 18:31:00,1.6333333333333333
34860,59,Short,1900-01-01 14:55:00,1900-01-01 16:35:00,1.6666666666666667
34881,43,Short,1900-01-01 10:45:00,1900-01-01 11:50:00,1.0833333333333333
34882,43,Short,1900-01-01 04:50:00,1900-01-01 05:55:00,1.0833333333333333
34891,34,Short,1900-01-01 06:13:00,1900-01-01 07:05:00,0.8666666666666667
34892,34,Short,1900-01-01 09:22:00,1900-01-01 10:15:00,0.8833333333333333
34898,39,Short,1900-01-01 19:05:00,1900-01-01 20:10:00,1.0833333333333333
34899,39,Short,1900-01-01 21:00:00,1900-01-01 22:10:00,1.1666666666666667
34911,46,Short,1900-01-01 04:37:00,1900-01-01 05:42:00,1.0833333333333333
34912,46,Short,1900-01-01 03:08:00,1900-01-01 04:05:00,0.95
34913,46,Short,1900-01-01 05:55:00,1900-01-01 06:55:00,1.0
34914,46,Short,1900-01-01 04:10:00,1900-01-01 05:15:00,1.0833333333333333
34915,46,Short,1900-01-01 07:26:00,1900-01-01 08:31:00,1.0833333333333333
34916,46,Short,1900-01-01 05:55:00,1900-01-01 06:57:00,1.0333333333333334
34917,46,Short,1900-01-01 08:12:00,1900-01-01 09:08:00,0.9333333333333333
34918,46,Short,1900-01-01 07:01:00,1900-01-01 08:00:00,0.9833333333333333
34919,46,Short,1900-01-01 10:20:00,1900-01-01 11:18:00,0.9666666666666667
34920,46,Short,1900-01-01 09:10:00,1900-01-01 10:08:00,0.9666666666666667
34921,46,Short,1900-01-01 12:28:00,1900-01-01 13:30:00,1.0333333333333334
34922,46,Short,1900-01-01 11:20:00,1900-01-01 12:18:00,0.9666666666666667
34923,46,Short,1900-01-01 13:32:00,1900-01-01 14:32:00,1.0
34924,46,Short,1900-01-01 12:05:00,1900-01-01 13:05:00,1.0
34925,46,Short,1900-01-01 15:00:00,1900-01-01 16:00:00,1.0
34926,46,Short,1900-01-01 13:32:00,1900-01-01 14:34:00,1.0333333333333334
34927,46,Short,1900-01-01 17:32:00,1900-01-01 18:30:00,0.9666666666666667
34928,46,Short,1900-01-01 16:06:00,1900-01-01 17:08:00,1.0333333333333334
34929,46,Short,1900-01-01 19:40:00,1900-01-01 20:42:00,1.0333333333333334
34930,46,Short,1900-01-01 18:32:00,1900-01-01 19:31:00,0.9833333333333333
34931,46,Short,1900-01-01 20:46:00,1900-01-01 21:48:00,1.0333333333333334
34932,46,Short,1900-01-01 19:15:00,1900-01-01 20:16:00,1.0166666666666666
34933,46,Short,1900-01-01 22:10:00,1900-01-01 23:11:00,1.0166666666666666
34934,46,Short,1900-01-01 20:45:00,1900-01-01 21:45:00,1.0
34981,33,Short,1900-01-01 23:30:00,1900-01-01 00:16:00,0.7666666666666667
35011,26,Short,1900-01-01 05:10:00,1900-01-01 05:45:00,0.5833333333333334
35012,26,Short,1900-01-01 06:15:00,1900-01-01 06:50:00,0.5833333333333334
35013,26,Short,1900-01-01 07:25:00,1900-01-01 08:00:00,0.5833333333333334
35014,26,Short,1900-01-01 07:25:00,1900-01-01 08:00:00,0.5833333333333334
35015,26,Short,1900-01-01 07:25:00,1900-01-01 08:00:00,0.5833333333333334
35016,26,Short,1900-01-01 10:40:00,1900-01-01 11:15:00,0.5833333333333334
35017,46,Short,1900-01-01 14:00:00,1900-01-01 15:10:00,1.1666666666666667
35018,46,Short,1900-01-01 16:10:00,1900-01-01 17:20:00,1.1666666666666667
35019,26,Short,1900-01-01 18:15:00,1900-01-01 18:50:00,0.5833333333333334
35020,26,Short,1900-01-01 19:10:00,1900-01-01 19:45:00,0.5833333333333334
35021,26,Short,1900-01-01 20:20:00,1900-01-01 20:55:00,0.5833333333333334
35022,26,Short,1900-01-01 21:10:00,1900-01-01 21:45:00,0.5833333333333334
36011,26,Short,1900-01-01 09:40:00,1900-01-01 10:20:00,0.6666666666666666
36012,26,Short,1900-01-01 10:54:00,1900-01-01 11:35:00,0.6833333333333333
36031,40,Short,1900-01-01 08:45:00,1900-01-01 09:44:00,0.9833333333333333
36032,40,Short,1900-01-01 09:57:00,1900-01-01 11:05:00,1.1333333333333333
36033,40,Short,1900-01-01 10:30:00,1900-01-01 11:28:00,0.9666666666666667
36034,40,Short,1900-01-01 11:50:00,1900-01-01 12:55:00,1.0833333333333333
36035,40,Short,1900-01-01 13:50:00,1900-01-01 14:52:00,1.0333333333333334
36036,40,Short,1900-01-01 15:05:00,1900-01-01 16:05:00,1.0
36037,40,Short,1900-01-01 17:55:00,1900-01-01 18:54:00,0.9833333333333333
36038,40,Short,1900-01-01 19:33:00,1900-01-01 20:35:00,1.0333333333333334
36071,58,Short,1900-01-01 05:05:00,1900-01-01 06:30:00,1.4166666666666667
36072,58,Short,1900-01-01 07:07:00,1900-01-01 08:32:00,1.4166666666666667
36081,72,Short,1900-01-01 05:40:00,1900-01-01 07:36:00,1.9333333333333333
36082,72,Short,1900-01-01 08:06:00,1900-01-01 09:45:00,1.65
36083,72,Short,1900-01-01 15:05:00,1900-01-01 16:50:00,1.75
36084,72,Short,1900-01-01 17:27:00,1900-01-01 19:15:00,1.8
36085,72,Short,1900-01-01 16:30:00,1900-01-01 18:15:00,1.75
36086,72,Short,1900-01-01 18:25:00,1900-01-01 20:05:00,1.6666666666666667
36087,72,Short,1900-01-01 19:20:00,1900-01-01 21:07:00,1.7833333333333334
36088,72,Short,1900-01-01 22:06:00,1900-01-01 23:42:00,1.6
36811,94,Short,1900-01-01 03:55:00,1900-01-01 06:00:00,2.0833333333333335
36812,94,Short,1900-01-01 02:50:00,1900-01-01 05:20:00,2.5
36813,94,Short,1900-01-01 04:55:00,1900-01-01 07:00:00,2.0833333333333335
36814,94,Short,1900-01-01 04:00:00,1900-01-01 06:15:00,2.25
36815,94,Short,1900-01-01 06:10:00,1900-01-01 08:18:00,2.1333333333333333
36816,94,Short,1900-01-01 04:56:00,1900-01-01 07:04:00,2.1333333333333333
36817,94,Short,1900-01-01 07:07:00,1900-01-01 09:15:00,2.1333333333333333
36818,94,Short,1900-01-01 05:40:00,1900-01-01 07:45:00,2.0833333333333335
36819,94,Short,1900-01-01 08:25:00,1900-01-01 10:40:00,2.25
36820,94,Short,1900-01-01 06:10:00,1900-01-01 08:15:00,2.0833333333333335
36821,94,Short,1900-01-01 09:20:00,1900-01-01 11:40:00,2.3333333333333335
36822,94,Short,1900-01-01 06:48:00,1900-01-01 08:57:00,2.15
36823,94,Short,1900-01-01 10:15:00,1900-01-01 12:20:00,2.0833333333333335
36824,94,Short,1900-01-01 07:22:00,1900-01-01 09:25:00,2.05
36825,94,Short,1900-01-01 11:22:00,1900-01-01 13:38:00,2.2666666666666666
36826,94,Short,1900-01-01 07:35:00,1900-01-01 09:37:00,2.033333333333333
36827,94,Short,1900-01-01 12:05:00,1900-01-01 14:15:00,2.1666666666666665
36828,94,Short,1900-01-01 08:10:00,1900-01-01 10:15:00,2.0833333333333335
36829,94,Short,1900-01-01 13:32:00,1900-01-01 15:45:00,2.216666666666667
36830,94,Short,1900-01-01 08:35:00,1900-01-01 10:05:00,1.5
36831,94,Short,1900-01-01 14:45:00,1900-01-01 16:50:00,2.0833333333333335
36832,94,Short,1900-01-01 09:18:00,1900-01-01 11:20:00,2.033333333333333
36833,94,Short,1900-01-01 15:30:00,1900-01-01 17:35:00,2.0833333333333335
36834,94,Short,1900-01-01 10:00:00,1900-01-01 12:05:00,2.0833333333333335
36835,94,Short,1900-01-01 17:27:00,1900-01-01 18:55:00,1.4666666666666666
36836,94,Short,1900-01-01 11:10:00,1900-01-01 13:15:00,2.0833333333333335
36837,94,Short,1900-01-01 17:33:00,1900-01-01 19:40:00,2.1166666666666667
36838,94,Short,1900-01-01 11:45:00,1900-01-01 14:15:00,2.5
36839,94,Short,1900-01-01 18:05:00,1900-01-01 20:15:00,2.1666666666666665
36840,94,Short,1900-01-01 13:10:00,1900-01-01 15:25:00,2.25
36841,94,Short,1900-01-01 18:30:00,1900-01-01 20:40:00,2.1666666666666665
36842,94,Short,1900-01-01 14:20:00,1900-01-01 16:20:00,2.0
36843,94,Short,1900-01-01 18:57:00,1900-01-01 21:11:00,2.2333333333333334
36844,94,Short,1900-01-01 15:25:00,1900-01-01 17:30:00,2.0833333333333335
36845,94,Short,1900-01-01 19:47:00,1900-01-01 22:00:00,2.216666666666667
36846,94,Short,1900-01-01 16:40:00,1900-01-01 18:45:00,2.0833333333333335
36847,94,Short,1900-01-01 20:20:00,1900-01-01 22:34:00,2.2333333333333334
36848,94,Short,1900-01-01 17:50:00,1900-01-01 19:55:00,2.0833333333333335
36849,94,Short,1900-01-01 20:48:00,1900-01-01 23:00:00,2.2
36850,94,Short,1900-01-01 18:45:00,1900-01-01 20:47:00,2.033333333333333
36851,94,Short,1900-01-01 21:42:00,1900-01-01 00:03:00,2.35
36852,94,Short,1900-01-01 19:20:00,1900-01-01 21:40:00,2.3333333333333335
36853,94,Short,1900-01-01 22:10:00,1900-01-01 00:20:00,2.1666666666666665
36854,94,Short,1900-01-01 20:05:00,1900-01-01 22:10:00,2.0833333333333335
36855,94,Short,1900-01-01 23:15:00,1900-01-01 01:25:00,2.1666666666666665
36856,94,Short,1900-01-01 20:20:00,1900-01-01 22:25:00,2.0833333333333335
36858,94,Short,1900-01-01 20:43:00,1900-01-01 22:45:00,2.033333333333333
36860,94,Short,1900-01-01 22:00:00,1900-01-01 00:03:00,2.05
37011,19,Short,1900-01-01 07:45:00,1900-01-01 08:16:00,0.5166666666666667
37012,19,Short,1900-01-01 08:40:00,1900-01-01 09:15:00,0.5833333333333334
37013,19,Short,1900-01-01 09:20:00,1900-01-01 09:53:00,0.55
37014,19,Short,1900-01-01 10:00:00,1900-01-01 10:36:00,0.6
37017,19,Short,1900-01-01 11:20:00,1900-01-01 11:52:00,0.5333333333333333
37018,19,Short,1900-01-01 12:30:00,1900-01-01 13:08:00,0.6333333333333333
37019,19,Short,1900-01-01 14:35:00,1900-01-01 15:07:00,0.5333333333333333
37020,19,Short,1900-01-01 15:20:00,1900-01-01 15:55:00,0.5833333333333334
37021,19,Short,1900-01-01 17:15:00,1900-01-01 17:49:00,0.5666666666666667
37022,19,Short,1900-01-01 17:59:00,1900-01-01 18:35:00,0.6
37041,22,Short,1900-01-01 07:30:00,1900-01-01 08:08:00,0.6333333333333333
37042,22,Short,1900-01-01 08:20:00,1900-01-01 09:00:00,0.6666666666666666
37043,22,Short,1900-01-01 08:12:00,1900-01-01 08:50:00,0.6333333333333333
37044,22,Short,1900-01-01 09:01:00,1900-01-01 09:40:00,0.65
37045,22,Short,1900-01-01 08:50:00,1900-01-01 09:30:00,0.6666666666666666
37046,22,Short,1900-01-01 09:50:00,1900-01-01 10:30:00,0.6666666666666666
37047,22,Short,1900-01-01 09:15:00,1900-01-01 09:53:00,0.6333333333333333
37048,22,Short,1900-01-01 10:15:00,1900-01-01 10:56:00,0.6833333333333333
37049,22,Short,1900-01-01 09:40:00,1900-01-01 10:17:00,0.6166666666666667
37050,22,Short,1900-01-01 10:32:00,1900-01-01 11:10:00,0.6333333333333333
37053,22,Short,1900-01-01 11:00:00,1900-01-01 11:37:00,0.6166666666666667
37054,22,Short,1900-01-01 12:15:00,1900-01-01 12:57:00,0.7
37055,22,Short,1900-01-01 11:52:00,1900-01-01 12:27:00,0.5833333333333334
37056,22,Short,1900-01-01 12:40:00,1900-01-01 13:30:00,0.8333333333333334
37057,22,Short,1900-01-01 15:50:00,1900-01-01 16:28:00,0.6333333333333333
37058,22,Short,1900-01-01 16:40:00,1900-01-01 17:23:00,0.7166666666666667
37060,22,Short,1900-01-01 17:18:00,1900-01-01 18:02:00,0.7333333333333333
37061,22,Short,1900-01-01 16:50:00,1900-01-01 17:27:00,0.6166666666666667
37062,22,Short,1900-01-01 17:38:00,1900-01-01 18:20:00,0.7
37063,22,Short,1900-01-01 17:00:00,1900-01-01 17:42:00,0.7
37064,22,Short,1900-01-01 18:13:00,1900-01-01 18:55:00,0.7
37065,22,Short,1900-01-01 18:25:00,1900-01-01 19:03:00,0.6333333333333333
37066,22,Short,1900-01-01 19:22:00,1900-01-01 20:05:00,0.7166666666666667
37067,22,Short,1900-01-01 10:25:00,1900-01-01 11:03:00,0.6333333333333333
37068,22,Short,1900-01-01 11:25:00,1900-01-01 12:05:00,0.6666666666666666
37111,6,Short,1900-01-01 07:40:00,1900-01-01 08:05:00,0.4166666666666667
37112,6,Short,1900-01-01 08:23:00,1900-01-01 08:48:00,0.4166666666666667
37113,6,Short,1900-01-01 08:55:00,1900-01-01 09:20:00,0.4166666666666667
37114,6,Short,1900-01-01 09:28:00,1900-01-01 09:55:00,0.45
37115,6,Short,1900-01-01 10:10:00,1900-01-01 10:32:00,0.36666666666666664
37116,6,Short,1900-01-01 10:55:00,1900-01-01 11:20:00,0.4166666666666667
37117,6,Short,1900-01-01 16:05:00,1900-01-01 16:30:00,0.4166666666666667
37118,6,Short,1900-01-01 16:45:00,1900-01-01 17:10:00,0.4166666666666667
37119,6,Short,1900-01-01 17:20:00,1900-01-01 17:46:00,0.43333333333333335
37120,6,Short,1900-01-01 18:00:00,1900-01-01 18:25:00,0.4166666666666667
37121,6,Short,1900-01-01 18:30:00,1900-01-01 19:00:00,0.5
37122,6,Short,1900-01-01 19:10:00,1900-01-01 19:35:00,0.4166666666666667
37201,39,Short,1900-01-01 18:55:00,1900-01-01 19:55:00,1.0
37202,39,Short,1900-01-01 08:40:00,1900-01-01 09:43:00,1.05
37211,39,Short,1900-01-01 04:47:00,1900-01-01 05:45:00,0.9666666666666667
37212,39,Short,1900-01-01 03:07:00,1900-01-01 04:08:00,1.0166666666666666
37213,39,Short,1900-01-01 05:16:00,1900-01-01 06:15:00,0.9833333333333333
37214,39,Short,1900-01-01 03:50:00,1900-01-01 04:50:00,1.0
37215,39,Short,1900-01-01 06:26:00,1900-01-01 07:27:00,1.0166666666666666
37216,39,Short,1900-01-01 04:45:00,1900-01-01 05:50:00,1.0833333333333333
37217,39,Short,1900-01-01 07:05:00,1900-01-01 08:05:00,1.0
37218,39,Short,1900-01-01 05:10:00,1900-01-01 06:12:00,1.0333333333333334
37219,39,Short,1900-01-01 07:35:00,1900-01-01 08:40:00,1.0833333333333333
37220,39,Short,1900-01-01 05:40:00,1900-01-01 06:45:00,1.0833333333333333
37221,39,Short,1900-01-01 08:20:00,1900-01-01 09:20:00,1.0
37222,39,Short,1900-01-01 06:30:00,1900-01-01 07:35:00,1.0833333333333333
37223,39,Short,1900-01-01 08:45:00,1900-01-01 09:45:00,1.0
37224,39,Short,1900-01-01 06:48:00,1900-01-01 07:52:00,1.0666666666666667
37225,39,Short,1900-01-01 09:10:00,1900-01-01 10:10:00,1.0
37226,39,Short,1900-01-01 07:15:00,1900-01-01 08:18:00,1.05
37227,39,Short,1900-01-01 09:25:00,1900-01-01 10:25:00,1.0
37228,39,Short,1900-01-01 08:05:00,1900-01-01 09:05:00,1.0
37229,39,Short,1900-01-01 09:50:00,1900-01-01 10:50:00,1.0
37230,39,Short,1900-01-01 08:32:00,1900-01-01 09:34:00,1.0333333333333334
37231,39,Short,1900-01-01 10:15:00,1900-01-01 11:15:00,1.0
37232,39,Short,1900-01-01 08:52:00,1900-01-01 09:55:00,1.05
37233,39,Short,1900-01-01 10:30:00,1900-01-01 11:28:00,0.9666666666666667
37234,39,Short,1900-01-01 09:08:00,1900-01-01 10:09:00,1.0166666666666666
37235,39,Short,1900-01-01 10:45:00,1900-01-01 11:44:00,0.9833333333333333
37236,39,Short,1900-01-01 09:46:00,1900-01-01 10:48:00,1.0333333333333334
37237,39,Short,1900-01-01 10:55:00,1900-01-01 11:55:00,1.0
37238,39,Short,1900-01-01 10:30:00,1900-01-01 11:32:00,1.0333333333333334
37239,39,Short,1900-01-01 11:15:00,1900-01-01 12:18:00,1.05
37240,39,Short,1900-01-01 10:45:00,1900-01-01 11:50:00,1.0833333333333333
37241,39,Short,1900-01-01 12:00:00,1900-01-01 13:00:00,1.0
37242,39,Short,1900-01-01 11:22:00,1900-01-01 12:25:00,1.05
37243,39,Short,1900-01-01 12:20:00,1900-01-01 13:20:00,1.0
37244,39,Short,1900-01-01 12:15:00,1900-01-01 13:20:00,1.0833333333333333
37245,39,Short,1900-01-01 12:55:00,1900-01-01 13:55:00,1.0
37246,39,Short,1900-01-01 12:30:00,1900-01-01 13:47:00,1.2833333333333334
37247,39,Short,1900-01-01 13:15:00,1900-01-01 14:13:00,0.9666666666666667
37248,39,Short,1900-01-01 13:15:00,1900-01-01 14:20:00,1.0833333333333333
37249,39,Short,1900-01-01 13:25:00,1900-01-01 14:24:00,0.9833333333333333
37250,39,Short,1900-01-01 13:35:00,1900-01-01 14:35:00,1.0
37251,39,Short,1900-01-01 13:33:00,1900-01-01 14:30:00,0.95
37252,39,Short,1900-01-01 14:12:00,1900-01-01 15:16:00,1.0666666666666667
37253,39,Short,1900-01-01 14:40:00,1900-01-01 15:40:00,1.0
37254,39,Short,1900-01-01 14:50:00,1900-01-01 15:57:00,1.1166666666666667
37255,39,Short,1900-01-01 15:00:00,1900-01-01 16:05:00,1.0833333333333333
37256,39,Short,1900-01-01 15:10:00,1900-01-01 16:10:00,1.0
37257,39,Short,1900-01-01 15:35:00,1900-01-01 16:35:00,1.0
37258,39,Short,1900-01-01 15:35:00,1900-01-01 16:38:00,1.05
37259,39,Short,1900-01-01 16:16:00,1900-01-01 17:20:00,1.0666666666666667
37260,39,Short,1900-01-01 16:05:00,1900-01-01 17:08:00,1.05
37261,39,Short,1900-01-01 16:55:00,1900-01-01 17:55:00,1.0
37262,39,Short,1900-01-01 16:40:00,1900-01-01 17:42:00,1.0333333333333334
37263,39,Short,1900-01-01 17:47:00,1900-01-01 18:48:00,1.0166666666666666
37264,39,Short,1900-01-01 16:48:00,1900-01-01 17:50:00,1.0333333333333334
37265,39,Short,1900-01-01 18:15:00,1900-01-01 19:14:00,0.9833333333333333
37266,39,Short,1900-01-01 17:12:00,1900-01-01 18:12:00,1.0
37267,39,Short,1900-01-01 18:20:00,1900-01-01 19:20:00,1.0
37268,39,Short,1900-01-01 17:30:00,1900-01-01 18:30:00,1.0
37269,39,Short,1900-01-01 18:45:00,1900-01-01 19:45:00,1.0
37270,39,Short,1900-01-01 18:05:00,1900-01-01 19:10:00,1.0833333333333333
37271,39,Short,1900-01-01 19:30:00,1900-01-01 20:28:00,0.9666666666666667
37272,39,Short,1900-01-01 18:20:00,1900-01-01 19:22:00,1.0333333333333334
37273,39,Short,1900-01-01 19:40:00,1900-01-01 20:40:00,1.0
37274,39,Short,1900-01-01 18:50:00,1900-01-01 19:55:00,1.0833333333333333
37275,39,Short,1900-01-01 20:10:00,1900-01-01 21:10:00,1.0
37276,39,Short,1900-01-01 19:30:00,1900-01-01 20:36:00,1.1
37277,39,Short,1900-01-01 21:05:00,1900-01-01 22:04:00,0.9833333333333333
37278,39,Short,1900-01-01 19:45:00,1900-01-01 20:48:00,1.05
37279,39,Short,1900-01-01 21:10:00,1900-01-01 22:10:00,1.0
37280,39,Short,1900-01-01 20:33:00,1900-01-01 21:35:00,1.0333333333333334
37281,39,Short,1900-01-01 21:30:00,1900-01-01 22:30:00,1.0
37282,39,Short,1900-01-01 21:00:00,1900-01-01 22:00:00,1.0
37283,39,Short,1900-01-01 21:50:00,1900-01-01 22:50:00,1.0
37284,39,Short,1900-01-01 21:45:00,1900-01-01 22:50:00,1.0833333333333333
37285,39,Short,1900-01-01 22:20:00,1900-01-01 23:20:00,1.0
37286,39,Short,1900-01-01 22:18:00,1900-01-01 23:20:00,1.0333333333333334
37287,39,Short,1900-01-01 22:30:00,1900-01-01 23:28:00,0.9666666666666667
37288,39,Short,1900-01-01 22:30:00,1900-01-01 23:33:00,1.05
37289,39,Short,1900-01-01 23:15:00,1900-01-01 00:20:00,1.0833333333333333
37290,39,Short,1900-01-01 22:45:00,1900-01-01 23:45:00,1.0
37291,39,Short,1900-01-01 23:45:00,1900-01-01 00:45:00,1.0
37303,33,Short,1900-01-01 05:32:00,1900-01-01 06:30:00,0.9666666666666667
37304,33,Short,1900-01-01 08:12:00,1900-01-01 09:09:00,0.95
37305,33,Short,1900-01-01 19:15:00,1900-01-01 20:17:00,1.0333333333333334
37306,33,Short,1900-01-01 21:05:00,1900-01-01 22:10:00,1.0833333333333333
37307,44,Short,1900-01-01 06:52:00,1900-01-01 08:02:00,1.1666666666666667
37308,44,Short,1900-01-01 08:30:00,1900-01-01 09:48:00,1.3
37311,57,Short,1900-01-01 05:55:00,1900-01-01 07:25:00,1.5
37312,57,Short,1900-01-01 03:50:00,1900-01-01 05:20:00,1.5
37313,57,Short,1900-01-01 06:32:00,1900-01-01 08:05:00,1.55
37314,57,Short,1900-01-01 04:50:00,1900-01-01 06:20:00,1.5
37315,57,Short,1900-01-01 08:25:00,1900-01-01 09:55:00,1.5
37316,57,Short,1900-01-01 05:35:00,1900-01-01 07:05:00,1.5
37317,57,Short,1900-01-01 09:05:00,1900-01-01 10:32:00,1.45
37318,57,Short,1900-01-01 06:20:00,1900-01-01 07:55:00,1.5833333333333333
37319,57,Short,1900-01-01 10:20:00,1900-01-01 11:48:00,1.4666666666666666
37320,57,Short,1900-01-01 07:05:00,1900-01-01 08:40:00,1.5833333333333333
37321,57,Short,1900-01-01 10:50:00,1900-01-01 12:20:00,1.5
37322,57,Short,1900-01-01 07:55:00,1900-01-01 09:24:00,1.4833333333333334
37323,57,Short,1900-01-01 11:36:00,1900-01-01 13:05:00,1.4833333333333334
37324,57,Short,1900-01-01 09:32:00,1900-01-01 11:02:00,1.5
37325,57,Short,1900-01-01 13:20:00,1900-01-01 14:50:00,1.5
37326,57,Short,1900-01-01 10:25:00,1900-01-01 11:58:00,1.55
37327,57,Short,1900-01-01 13:38:00,1900-01-01 15:03:00,1.4166666666666667
37328,57,Short,1900-01-01 11:15:00,1900-01-01 12:47:00,1.5333333333333334
37329,57,Short,1900-01-01 14:10:00,1900-01-01 15:40:00,1.5
37330,57,Short,1900-01-01 12:00:00,1900-01-01 13:35:00,1.5833333333333333
37331,57,Short,1900-01-01 15:05:00,1900-01-01 16:40:00,1.5833333333333333
37332,57,Short,1900-01-01 12:40:00,1900-01-01 14:12:00,1.5333333333333334
37333,57,Short,1900-01-01 16:10:00,1900-01-01 17:40:00,1.5
37334,57,Short,1900-01-01 13:25:00,1900-01-01 15:00:00,1.5833333333333333
37335,57,Short,1900-01-01 17:42:00,1900-01-01 19:15:00,1.55
37336,57,Short,1900-01-01 14:18:00,1900-01-01 15:50:00,1.5333333333333334
37337,57,Short,1900-01-01 18:10:00,1900-01-01 19:40:00,1.5
37338,57,Short,1900-01-01 15:15:00,1900-01-01 16:45:00,1.5
37339,57,Short,1900-01-01 19:05:00,1900-01-01 20:38:00,1.55
37340,57,Short,1900-01-01 16:18:00,1900-01-01 17:43:00,1.4166666666666667
37341,57,Short,1900-01-01 19:50:00,1900-01-01 21:20:00,1.5
37342,57,Short,1900-01-01 17:05:00,1900-01-01 18:40:00,1.5833333333333333
37343,57,Short,1900-01-01 20:05:00,1900-01-01 21:35:00,1.5
37344,57,Short,1900-01-01 18:07:00,1900-01-01 19:42:00,1.5833333333333333
37345,57,Short,1900-01-01 20:40:00,1900-01-01 22:05:00,1.4166666666666667
37346,57,Short,1900-01-01 19:00:00,1900-01-01 20:28:00,1.4666666666666666
37347,57,Short,1900-01-01 21:15:00,1900-01-01 22:42:00,1.45
37348,57,Short,1900-01-01 19:33:00,1900-01-01 21:05:00,1.5333333333333334
37349,57,Short,1900-01-01 22:05:00,1900-01-01 23:34:00,1.4833333333333334
37350,57,Short,1900-01-01 20:55:00,1900-01-01 22:35:00,1.6666666666666667
37351,57,Short,1900-01-01 23:00:00,1900-01-01 00:30:00,1.5
37352,57,Short,1900-01-01 21:38:00,1900-01-01 23:08:00,1.5
37354,57,Short,1900-01-01 22:50:00,1900-01-01 00:20:00,1.5
37361,81,Short,1900-01-01 05:10:00,1900-01-01 07:40:00,2.5
37362,81,Short,1900-01-01 08:30:00,1900-01-01 10:45:00,2.25
37363,81,Short,1900-01-01 09:55:00,1900-01-01 12:00:00,2.0833333333333335
37364,81,Short,1900-01-01 12:20:00,1900-01-01 14:40:00,2.3333333333333335
37365,81,Short,1900-01-01 12:15:00,1900-01-01 14:40:00,2.4166666666666665
37366,81,Short,1900-01-01 14:50:00,1900-01-01 17:02:00,2.2
37367,81,Short,1900-01-01 17:10:00,1900-01-01 19:15:00,2.0833333333333335
37368,81,Short,1900-01-01 19:46:00,1900-01-01 21:53:00,2.1166666666666667
37371,81,Short,1900-01-01 04:22:00,1900-01-01 06:42:00,2.3333333333333335
37372,81,Short,1900-01-01 07:45:00,1900-01-01 10:02:00,2.283333333333333
37373,81,Short,1900-01-01 07:25:00,1900-01-01 09:44:00,2.316666666666667
37374,81,Short,1900-01-01 13:25:00,1900-01-01 15:30:00,2.0833333333333335
37375,81,Short,1900-01-01 10:35:00,1900-01-01 12:44:00,2.15
37376,81,Short,1900-01-01 19:20:00,1900-01-01 21:28:00,2.1333333333333333
37378,81,Short,1900-01-01 21:40:00,1900-01-01 23:58:00,2.3
37379,81,Short,1900-01-01 18:40:00,1900-01-01 20:57:00,2.283333333333333
37385,24,Short,1900-01-01 03:50:00,1900-01-01 04:30:00,0.6666666666666666
37386,24,Short,1900-01-01 04:40:00,1900-01-01 05:20:00,0.6666666666666666
37387,24,Short,1900-01-01 05:32:00,1900-01-01 06:08:00,0.6
37388,24,Short,1900-01-01 06:18:00,1900-01-01 06:58:00,0.6666666666666666
37389,24,Short,1900-01-01 16:00:00,1900-01-01 16:34:00,0.5666666666666667
37390,24,Short,1900-01-01 10:25:00,1900-01-01 11:00:00,0.5833333333333334
37391,24,Short,1900-01-01 22:25:00,1900-01-01 23:05:00,0.6666666666666666
37392,24,Short,1900-01-01 17:20:00,1900-01-01 17:58:00,0.6333333333333333
37394,24,Short,1900-01-01 23:15:00,1900-01-01 23:55:00,0.6666666666666666
37411,34,Short,1900-01-01 05:15:00,1900-01-01 06:05:00,0.8333333333333334
37412,34,Short,1900-01-01 04:15:00,1900-01-01 05:05:00,0.8333333333333334
37413,34,Short,1900-01-01 23:10:00,1900-01-01 23:58:00,0.8
37414,34,Short,1900-01-01 22:00:00,1900-01-01 22:48:00,0.8
37511,30,Short,1900-01-01 17:50:00,1900-01-01 18:37:00,0.7833333333333333
37512,30,Short,1900-01-01 16:25:00,1900-01-01 17:10:00,0.75
37521,8,Short,1900-01-01 04:40:00,1900-01-01 05:00:00,0.3333333333333333
37522,8,Short,1900-01-01 04:10:00,1900-01-01 04:30:00,0.3333333333333333
37523,8,Short,1900-01-01 06:18:00,1900-01-01 06:37:00,0.31666666666666665
37524,8,Short,1900-01-01 05:32:00,1900-01-01 05:50:00,0.3
37525,8,Short,1900-01-01 07:30:00,1900-01-01 07:50:00,0.3333333333333333
37526,8,Short,1900-01-01 06:45:00,1900-01-01 07:04:00,0.31666666666666665
37527,8,Short,1900-01-01 07:55:00,1900-01-01 08:14:00,0.31666666666666665
37528,8,Short,1900-01-01 07:21:00,1900-01-01 07:42:00,0.35
37529,8,Short,1900-01-01 08:33:00,1900-01-01 08:52:00,0.31666666666666665
37530,8,Short,1900-01-01 08:02:00,1900-01-01 08:22:00,0.3333333333333333
37531,8,Short,1900-01-01 09:42:00,1900-01-01 10:02:00,0.3333333333333333
37532,8,Short,1900-01-01 09:12:00,1900-01-01 09:32:00,0.3333333333333333
37533,8,Short,1900-01-01 10:45:00,1900-01-01 11:05:00,0.3333333333333333
37534,8,Short,1900-01-01 10:15:00,1900-01-01 10:35:00,0.3333333333333333
37535,8,Short,1900-01-01 12:10:00,1900-01-01 12:30:00,0.3333333333333333
37536,8,Short,1900-01-01 11:42:00,1900-01-01 12:02:00,0.3333333333333333
37537,8,Short,1900-01-01 13:30:00,1900-01-01 13:50:00,0.3333333333333333
37538,8,Short,1900-01-01 12:52:00,1900-01-01 13:14:00,0.36666666666666664
37539,8,Short,1900-01-01 15:08:00,1900-01-01 15:28:00,0.3333333333333333
37540,8,Short,1900-01-01 14:39:00,1900-01-01 14:58:00,0.31666666666666665
37541,8,Short,1900-01-01 15:50:00,1900-01-01 16:10:00,0.3333333333333333
37542,8,Short,1900-01-01 15:00:00,1900-01-01 15:20:00,0.3333333333333333
37543,8,Short,1900-01-01 16:08:00,1900-01-01 16:28:00,0.3333333333333333
37544,8,Short,1900-01-01 15:41:00,1900-01-01 16:00:00,0.31666666666666665
37545,8,Short,1900-01-01 17:18:00,1900-01-01 17:37:00,0.31666666666666665
37546,8,Short,1900-01-01 16:50:00,1900-01-01 17:10:00,0.3333333333333333
37547,8,Short,1900-01-01 18:32:00,1900-01-01 18:52:00,0.3333333333333333
37548,8,Short,1900-01-01 17:45:00,1900-01-01 18:07:00,0.36666666666666664
37549,8,Short,1900-01-01 19:15:00,1900-01-01 19:33:00,0.3
37550,8,Short,1900-01-01 18:40:00,1900-01-01 19:00:00,0.3333333333333333
37551,8,Short,1900-01-01 19:50:00,1900-01-01 20:10:00,0.3333333333333333
37552,8,Short,1900-01-01 19:20:00,1900-01-01 19:42:00,0.36666666666666664
37553,8,Short,1900-01-01 21:15:00,1900-01-01 21:33:00,0.3
37554,8,Short,1900-01-01 20:35:00,1900-01-01 20:57:00,0.36666666666666664
37555,8,Short,1900-01-01 22:15:00,1900-01-01 22:35:00,0.3333333333333333
37556,8,Short,1900-01-01 21:45:00,1900-01-01 22:05:00,0.3333333333333333
37557,8,Short,1900-01-01 23:58:00,1900-01-01 00:20:00,0.36666666666666664
37558,8,Short,1900-01-01 23:26:00,1900-01-01 23:45:00,0.31666666666666665
37611,60,Short,1900-01-01 11:42:00,1900-01-01 13:10:00,1.4666666666666666
37612,60,Short,1900-01-01 08:55:00,1900-01-01 10:15:00,1.3333333333333333
37614,60,Short,1900-01-01 13:30:00,1900-01-01 15:08:00,1.6333333333333333
37651,81,Short,1900-01-01 08:40:00,1900-01-01 10:25:00,1.75
37652,81,Short,1900-01-01 11:10:00,1900-01-01 13:15:00,2.0833333333333335
37653,81,Short,1900-01-01 11:31:00,1900-01-01 13:22:00,1.85
37654,81,Short,1900-01-01 13:45:00,1900-01-01 15:40:00,1.9166666666666667
37655,81,Short,1900-01-01 12:45:00,1900-01-01 14:37:00,1.8666666666666667
37656,81,Short,1900-01-01 14:55:00,1900-01-01 16:52:00,1.95
37657,81,Short,1900-01-01 13:43:00,1900-01-01 15:30:00,1.7833333333333334
37658,81,Short,1900-01-01 16:00:00,1900-01-01 17:55:00,1.9166666666666667
37711,21,Short,1900-01-01 08:20:00,1900-01-01 08:45:00,0.4166666666666667
37731,42,Short,1900-01-01 19:40:00,1900-01-01 20:25:00,0.75
37732,42,Short,1900-01-01 21:50:00,1900-01-01 22:40:00,0.8333333333333334
37741,104,Short,1900-01-01 03:05:00,1900-01-01 05:35:00,2.5
37742,104,Short,1900-01-01 04:40:00,1900-01-01 06:50:00,2.1666666666666665
37743,104,Short,1900-01-01 04:30:00,1900-01-01 06:40:00,2.1666666666666665
37744,104,Short,1900-01-01 08:45:00,1900-01-01 11:00:00,2.25
37745,104,Short,1900-01-01 05:40:00,1900-01-01 07:50:00,2.1666666666666665
37746,104,Short,1900-01-01 11:10:00,1900-01-01 13:40:00,2.5
37747,104,Short,1900-01-01 08:10:00,1900-01-01 10:25:00,2.25
37748,104,Short,1900-01-01 13:00:00,1900-01-01 15:15:00,2.25
37750,104,Short,1900-01-01 17:35:00,1900-01-01 19:40:00,2.0833333333333335
37751,104,Short,1900-01-01 14:40:00,1900-01-01 17:10:00,2.5
37752,104,Short,1900-01-01 19:50:00,1900-01-01 22:05:00,2.25
37753,104,Short,1900-01-01 16:20:00,1900-01-01 18:35:00,2.25
37754,104,Short,1900-01-01 20:50:00,1900-01-01 23:00:00,2.1666666666666665
37756,104,Short,1900-01-01 21:20:00,1900-01-01 23:35:00,2.25
37757,104,Short,1900-01-01 23:25:00,1900-01-01 01:35:00,2.1666666666666665
37758,104,Short,1900-01-01 21:50:00,1900-01-01 23:57:00,2.1166666666666667
37781,67,Short,1900-01-01 03:45:00,1900-01-01 05:02:00,1.2833333333333334
37782,67,Short,1900-01-01 06:45:00,1900-01-01 08:00:00,1.25
37783,67,Short,1900-01-01 04:20:00,1900-01-01 05:37:00,1.2833333333333334
37784,67,Short,1900-01-01 21:00:00,1900-01-01 22:20:00,1.3333333333333333
37785,67,Short,1900-01-01 05:45:00,1900-01-01 07:05:00,1.3333333333333333
37786,67,Short,1900-01-01 03:35:00,1900-01-01 04:50:00,1.25
37811,106,Short,1900-01-01 04:15:00,1900-01-01 06:35:00,2.3333333333333335
37812,106,Short,1900-01-01 03:05:00,1900-01-01 05:27:00,2.3666666666666667
37813,106,Short,1900-01-01 05:00:00,1900-01-01 07:20:00,2.3333333333333335
37814,106,Short,1900-01-01 04:05:00,1900-01-01 06:35:00,2.5
37815,106,Short,1900-01-01 05:25:00,1900-01-01 07:35:00,2.1666666666666665
37816,106,Short,1900-01-01 05:05:00,1900-01-01 07:28:00,2.3833333333333333
37817,106,Short,1900-01-01 06:20:00,1900-01-01 08:47:00,2.45
37818,106,Short,1900-01-01 05:42:00,1900-01-01 08:08:00,2.433333333333333
37819,106,Short,1900-01-01 06:58:00,1900-01-01 09:25:00,2.45
37820,106,Short,1900-01-01 06:18:00,1900-01-01 08:35:00,2.283333333333333
37821,106,Short,1900-01-01 08:05:00,1900-01-01 10:24:00,2.316666666666667
37822,106,Short,1900-01-01 06:35:00,1900-01-01 08:30:00,1.9166666666666667
37823,106,Short,1900-01-01 09:00:00,1900-01-01 11:25:00,2.4166666666666665
37824,106,Short,1900-01-01 07:00:00,1900-01-01 09:17:00,2.283333333333333
37825,106,Short,1900-01-01 10:05:00,1900-01-01 12:30:00,2.4166666666666665
37826,106,Short,1900-01-01 07:38:00,1900-01-01 09:50:00,2.2
37827,106,Short,1900-01-01 11:25:00,1900-01-01 13:50:00,2.4166666666666665
37828,106,Short,1900-01-01 08:22:00,1900-01-01 10:38:00,2.2666666666666666
37829,106,Short,1900-01-01 12:30:00,1900-01-01 14:50:00,2.3333333333333335
37830,106,Short,1900-01-01 08:46:00,1900-01-01 11:05:00,2.316666666666667
37831,106,Short,1900-01-01 14:20:00,1900-01-01 16:38:00,2.3
37832,106,Short,1900-01-01 10:05:00,1900-01-01 12:40:00,2.5833333333333335
37833,106,Short,1900-01-01 14:45:00,1900-01-01 17:10:00,2.4166666666666665
37834,106,Short,1900-01-01 11:22:00,1900-01-01 13:50:00,2.466666666666667
37835,106,Short,1900-01-01 14:46:00,1900-01-01 17:11:00,2.4166666666666665
37836,106,Short,1900-01-01 12:25:00,1900-01-01 14:46:00,2.35
37837,106,Short,1900-01-01 15:30:00,1900-01-01 17:50:00,2.3333333333333335
37838,106,Short,1900-01-01 13:40:00,1900-01-01 16:05:00,2.4166666666666665
37839,106,Short,1900-01-01 16:45:00,1900-01-01 19:00:00,2.25
37840,106,Short,1900-01-01 15:15:00,1900-01-01 17:35:00,2.3333333333333335
37841,106,Short,1900-01-01 17:30:00,1900-01-01 19:36:00,2.1
37842,106,Short,1900-01-01 16:30:00,1900-01-01 19:02:00,2.533333333333333
37843,106,Short,1900-01-01 17:55:00,1900-01-01 19:50:00,1.9166666666666667
37844,106,Short,1900-01-01 17:25:00,1900-01-01 19:48:00,2.3833333333333333
37845,106,Short,1900-01-01 18:05:00,1900-01-01 20:25:00,2.3333333333333335
37846,106,Short,1900-01-01 17:24:00,1900-01-01 19:49:00,2.4166666666666665
37847,106,Short,1900-01-01 18:35:00,1900-01-01 20:50:00,2.25
37848,106,Short,1900-01-01 18:00:00,1900-01-01 20:20:00,2.3333333333333335
37849,106,Short,1900-01-01 19:00:00,1900-01-01 21:00:00,2.0
37850,106,Short,1900-01-01 18:40:00,1900-01-01 20:58:00,2.3
37851,106,Short,1900-01-01 19:10:00,1900-01-01 21:28:00,2.3
37852,106,Short,1900-01-01 19:55:00,1900-01-01 22:15:00,2.3333333333333335
37853,106,Short,1900-01-01 20:20:00,1900-01-01 22:47:00,2.45
37854,106,Short,1900-01-01 20:40:00,1900-01-01 23:12:00,2.533333333333333
37855,106,Short,1900-01-01 20:47:00,1900-01-01 23:10:00,2.3833333333333333
37857,106,Short,1900-01-01 22:10:00,1900-01-01 00:30:00,2.3333333333333335
37911,143,Short,1900-01-01 05:38:00,1900-01-01 08:50:00,3.2
37912,144,Short,1900-01-01 03:45:00,1900-01-01 07:00:00,3.25
37913,143,Short,1900-01-01 08:00:00,1900-01-01 11:10:00,3.1666666666666665
37914,144,Short,1900-01-01 05:40:00,1900-01-01 08:43:00,3.05
37915,144,Short,1900-01-01 10:00:00,1900-01-01 13:15:00,3.25
37916,144,Short,1900-01-01 06:20:00,1900-01-01 09:25:00,3.0833333333333335
37917,143,Short,1900-01-01 12:10:00,1900-01-01 15:25:00,3.25
37918,144,Short,1900-01-01 07:00:00,1900-01-01 10:20:00,3.3333333333333335
37919,144,Short,1900-01-01 14:30:00,1900-01-01 17:40:00,3.1666666666666665
37920,144,Short,1900-01-01 07:45:00,1900-01-01 10:55:00,3.1666666666666665
37921,143,Short,1900-01-01 17:05:00,1900-01-01 20:18:00,3.216666666666667
37922,144,Short,1900-01-01 10:20:00,1900-01-01 14:05:00,3.75
37923,144,Short,1900-01-01 18:00:00,1900-01-01 21:05:00,3.0833333333333335
37924,144,Short,1900-01-01 14:45:00,1900-01-01 18:08:00,3.3833333333333333
37925,144,Short,1900-01-01 19:25:00,1900-01-01 22:30:00,3.0833333333333335
37926,144,Short,1900-01-01 15:30:00,1900-01-01 18:48:00,3.3
37927,143,Short,1900-01-01 20:30:00,1900-01-01 23:45:00,3.25
37928,144,Short,1900-01-01 19:20:00,1900-01-01 22:42:00,3.3666666666666667
38031,5,Short,1900-01-01 08:45:00,1900-01-01 09:00:00,0.25
38032,5,Short,1900-01-01 09:30:00,1900-01-01 09:43:00,0.21666666666666667
38033,5,Short,1900-01-01 17:15:00,1900-01-01 17:30:00,0.25
38034,5,Short,1900-01-01 15:40:00,1900-01-01 15:55:00,0.25
38036,5,Short,1900-01-01 18:10:00,1900-01-01 18:30:00,0.3333333333333333
38051,140,Short,1900-01-01 06:05:00,1900-01-01 09:45:00,3.6666666666666665
38052,139,Short,1900-01-01 06:05:00,1900-01-01 09:20:00,3.25
38053,136,Short,1900-01-01 09:35:00,1900-01-01 12:45:00,3.1666666666666665
38054,68,Short,1900-01-01 10:00:00,1900-01-01 11:35:00,1.5833333333333333
38055,68,Short,1900-01-01 15:15:00,1900-01-01 16:55:00,1.6666666666666667
38056,137,Short,1900-01-01 14:50:00,1900-01-01 18:02:00,3.2
38057,140,Short,1900-01-01 18:00:00,1900-01-01 21:38:00,3.6333333333333333
38058,139,Short,1900-01-01 17:20:00,1900-01-01 20:50:00,3.5
38101,24,Short,1900-01-01 05:35:00,1900-01-01 06:15:00,0.6666666666666666
38102,24,Short,1900-01-01 06:50:00,1900-01-01 07:35:00,0.75
38103,32,Short,1900-01-01 07:02:00,1900-01-01 08:03:00,1.0166666666666666
38104,32,Short,1900-01-01 08:17:00,1900-01-01 09:18:00,1.0166666666666666
38105,32,Short,1900-01-01 08:27:00,1900-01-01 09:35:00,1.1333333333333333
38106,32,Short,1900-01-01 09:47:00,1900-01-01 10:50:00,1.05
38107,24,Short,1900-01-01 16:40:00,1900-01-01 17:22:00,0.7
38108,32,Short,1900-01-01 17:52:00,1900-01-01 19:08:00,1.2666666666666666
38202,45,Short,1900-01-01 07:30:00,1900-01-01 08:42:00,1.2
38204,45,Short,1900-01-01 08:20:00,1900-01-01 09:37:00,1.2833333333333334
38206,37,Short,1900-01-01 18:45:00,1900-01-01 19:40:00,0.9166666666666666
38301,50,Short,1900-01-01 06:10:00,1900-01-01 07:25:00,1.25
38302,58,Short,1900-01-01 03:05:00,1900-01-01 04:35:00,1.5
38303,58,Short,1900-01-01 07:35:00,1900-01-01 09:12:00,1.6166666666666667
38304,58,Short,1900-01-01 03:50:00,1900-01-01 05:20:00,1.5
38305,56,Short,1900-01-01 10:30:00,1900-01-01 12:10:00,1.6666666666666667
38306,58,Short,1900-01-01 04:35:00,1900-01-01 06:05:00,1.5
38307,58,Short,1900-01-01 12:30:00,1900-01-01 14:02:00,1.5333333333333334
38308,58,Short,1900-01-01 06:15:00,1900-01-01 07:45:00,1.5
38310,55,Short,1900-01-01 07:03:00,1900-01-01 08:30:00,1.45
38312,58,Short,1900-01-01 09:50:00,1900-01-01 11:25:00,1.5833333333333333
38314,58,Short,1900-01-01 13:27:00,1900-01-01 15:05:00,1.6333333333333333
38316,50,Short,1900-01-01 14:10:00,1900-01-01 15:30:00,1.3333333333333333
38318,58,Short,1900-01-01 14:27:00,1900-01-01 16:00:00,1.55
38321,58,Short,1900-01-01 22:55:00,1900-01-01 00:40:00,1.75
38401,71,Short,1900-01-01 05:22:00,1900-01-01 07:10:00,1.8
38402,70,Short,1900-01-01 03:05:00,1900-01-01 04:52:00,1.7833333333333334
38403,71,Short,1900-01-01 05:45:00,1900-01-01 07:33:00,1.8
38404,70,Short,1900-01-01 03:22:00,1900-01-01 05:10:00,1.8
38405,71,Short,1900-01-01 06:43:00,1900-01-01 08:30:00,1.7833333333333334
38406,70,Short,1900-01-01 04:03:00,1900-01-01 05:52:00,1.8166666666666667
38407,63,Short,1900-01-01 07:45:00,1900-01-01 09:15:00,1.5
38408,70,Short,1900-01-01 04:32:00,1900-01-01 06:20:00,1.8
38409,71,Short,1900-01-01 07:45:00,1900-01-01 09:45:00,2.0
38410,70,Short,1900-01-01 05:05:00,1900-01-01 06:52:00,1.7833333333333334
38411,71,Short,1900-01-01 08:13:00,1900-01-01 10:12:00,1.9833333333333334
38412,70,Short,1900-01-01 05:43:00,1900-01-01 07:30:00,1.7833333333333334
38413,71,Short,1900-01-01 09:00:00,1900-01-01 10:50:00,1.8333333333333333
38414,70,Short,1900-01-01 06:25:00,1900-01-01 08:20:00,1.9166666666666667
38416,70,Short,1900-01-01 07:25:00,1900-01-01 09:10:00,1.75
38419,71,Short,1900-01-01 10:10:00,1900-01-01 12:10:00,2.0
38421,71,Short,1900-01-01 11:15:00,1900-01-01 13:08:00,1.8833333333333333
38423,71,Short,1900-01-01 13:10:00,1900-01-01 14:57:00,1.7833333333333334
38425,71,Short,1900-01-01 13:55:00,1900-01-01 15:45:00,1.8333333333333333
38427,71,Short,1900-01-01 14:40:00,1900-01-01 16:25:00,1.75
38431,71,Short,1900-01-01 15:45:00,1900-01-01 17:35:00,1.8333333333333333
38433,71,Short,1900-01-01 16:15:00,1900-01-01 18:05:00,1.8333333333333333
38437,71,Short,1900-01-01 17:35:00,1900-01-01 19:23:00,1.8
38447,71,Short,1900-01-01 19:48:00,1900-01-01 21:38:00,1.8333333333333333
38449,71,Short,1900-01-01 20:22:00,1900-01-01 22:12:00,1.8333333333333333
38451,71,Short,1900-01-01 21:10:00,1900-01-01 23:10:00,2.0
38452,70,Short,1900-01-01 19:10:00,1900-01-01 21:07:00,1.95
38453,71,Short,1900-01-01 22:25:00,1900-01-01 00:15:00,1.8333333333333333
38454,70,Short,1900-01-01 20:18:00,1900-01-01 22:10:00,1.8666666666666667
38455,71,Short,1900-01-01 23:35:00,1900-01-01 01:25:00,1.8333333333333333
38456,70,Short,1900-01-01 21:22:00,1900-01-01 23:15:00,1.8833333333333333
38501,90,Short,1900-01-01 11:28:00,1900-01-01 13:45:00,2.283333333333333
38502,91,Short,1900-01-01 14:05:00,1900-01-01 16:30:00,2.4166666666666665
38601,54,Short,1900-01-01 09:25:00,1900-01-01 11:00:00,1.5833333333333333
38602,54,Short,1900-01-01 11:10:00,1900-01-01 12:43:00,1.55
38701,115,Short,1900-01-01 03:05:00,1900-01-01 05:15:00,2.1666666666666665
38702,115,Short,1900-01-01 03:00:00,1900-01-01 05:35:00,2.5833333333333335
38703,115,Short,1900-01-01 03:25:00,1900-01-01 06:00:00,2.5833333333333335
38704,115,Short,1900-01-01 03:50:00,1900-01-01 06:32:00,2.7
38705,115,Short,1900-01-01 04:55:00,1900-01-01 07:28:00,2.55
38706,115,Short,1900-01-01 05:25:00,1900-01-01 08:00:00,2.5833333333333335
38707,115,Short,1900-01-01 07:15:00,1900-01-01 10:05:00,2.8333333333333335
38708,115,Short,1900-01-01 06:55:00,1900-01-01 09:30:00,2.5833333333333335
38709,107,Short,1900-01-01 11:00:00,1900-01-01 13:30:00,2.5
38710,115,Short,1900-01-01 07:10:00,1900-01-01 09:45:00,2.5833333333333335
38711,115,Short,1900-01-01 10:50:00,1900-01-01 13:43:00,2.8833333333333333
38713,115,Short,1900-01-01 11:55:00,1900-01-01 14:40:00,2.75
38719,115,Short,1900-01-01 14:10:00,1900-01-01 17:02:00,2.8666666666666667
38726,115,Short,1900-01-01 17:38:00,1900-01-01 20:40:00,3.033333333333333
38728,115,Short,1900-01-01 18:45:00,1900-01-01 21:47:00,3.033333333333333
38730,115,Short,1900-01-01 20:40:00,1900-01-01 23:25:00,2.75
38801,128,Short,1900-01-01 02:40:00,1900-01-01 05:35:00,2.9166666666666665
38802,128,Short,1900-01-01 04:05:00,1900-01-01 07:12:00,3.1166666666666667
38803,128,Short,1900-01-01 04:25:00,1900-01-01 07:30:00,3.0833333333333335
38804,128,Short,1900-01-01 05:42:00,1900-01-01 08:50:00,3.1333333333333333
38805,128,Short,1900-01-01 05:35:00,1900-01-01 08:50:00,3.25
38806,128,Short,1900-01-01 06:10:00,1900-01-01 09:00:00,2.8333333333333335
38807,128,Short,1900-01-01 06:30:00,1900-01-01 09:50:00,3.3333333333333335
38808,128,Short,1900-01-01 06:35:00,1900-01-01 09:35:00,3.0
38809,128,Short,1900-01-01 08:00:00,1900-01-01 11:25:00,3.4166666666666665
38810,128,Short,1900-01-01 07:45:00,1900-01-01 11:00:00,3.25
38811,128,Short,1900-01-01 08:50:00,1900-01-01 12:00:00,3.1666666666666665
38812,128,Short,1900-01-01 09:10:00,1900-01-01 12:32:00,3.3666666666666667
38813,128,Short,1900-01-01 09:47:00,1900-01-01 12:55:00,3.1333333333333333
38814,128,Short,1900-01-01 11:00:00,1900-01-01 14:27:00,3.45
38815,128,Short,1900-01-01 10:25:00,1900-01-01 13:40:00,3.25
38816,128,Short,1900-01-01 11:47:00,1900-01-01 15:20:00,3.55
38817,128,Short,1900-01-01 12:15:00,1900-01-01 15:30:00,3.25
38818,128,Short,1900-01-01 13:02:00,1900-01-01 16:20:00,3.3
38819,128,Short,1900-01-01 13:35:00,1900-01-01 17:08:00,3.55
38820,128,Short,1900-01-01 14:20:00,1900-01-01 17:42:00,3.3666666666666667
38821,128,Short,1900-01-01 16:00:00,1900-01-01 18:45:00,2.75
38822,128,Short,1900-01-01 15:30:00,1900-01-01 18:48:00,3.3
38823,128,Short,1900-01-01 17:20:00,1900-01-01 20:20:00,3.0
38824,128,Short,1900-01-01 16:00:00,1900-01-01 19:25:00,3.4166666666666665
38825,129,Short,1900-01-01 18:15:00,1900-01-01 21:00:00,2.75
38826,128,Short,1900-01-01 17:50:00,1900-01-01 21:22:00,3.533333333333333
38827,128,Short,1900-01-01 18:35:00,1900-01-01 21:30:00,2.9166666666666665
38828,128,Short,1900-01-01 19:10:00,1900-01-01 22:27:00,3.283333333333333
38829,128,Short,1900-01-01 19:35:00,1900-01-01 22:32:00,2.95
38830,128,Short,1900-01-01 20:52:00,1900-01-01 00:05:00,3.216666666666667
38831,128,Short,1900-01-01 20:10:00,1900-01-01 23:25:00,3.25
38832,12,Short,1900-01-01 22:25:00,1900-01-01 22:55:00,0.5
38902,44,Short,1900-01-01 04:00:00,1900-01-01 05:15:00,1.25
38905,51,Short,1900-01-01 06:15:00,1900-01-01 07:55:00,1.6666666666666667
38908,49,Short,1900-01-01 08:05:00,1900-01-01 09:40:00,1.5833333333333333
38909,51,Short,1900-01-01 10:35:00,1900-01-01 12:15:00,1.6666666666666667
38923,51,Short,1900-01-01 21:42:00,1900-01-01 23:18:00,1.6
38924,49,Short,1900-01-01 21:10:00,1900-01-01 22:43:00,1.55
40001,29,Short,1900-01-01 04:20:00,1900-01-01 05:15:00,0.9166666666666666
40002,29,Short,1900-01-01 04:00:00,1900-01-01 04:55:00,0.9166666666666666
40003,29,Short,1900-01-01 06:20:00,1900-01-01 07:15:00,0.9166666666666666
40004,29,Short,1900-01-01 04:20:00,1900-01-01 05:15:00,0.9166666666666666
40005,29,Short,1900-01-01 07:15:00,1900-01-01 08:10:00,0.9166666666666666
40006,29,Short,1900-01-01 04:35:00,1900-01-01 05:30:00,0.9166666666666666
40007,29,Short,1900-01-01 07:22:00,1900-01-01 08:17:00,0.9166666666666666
40008,29,Short,1900-01-01 05:15:00,1900-01-01 06:10:00,0.9166666666666666
40009,29,Short,1900-01-01 07:30:00,1900-01-01 08:25:00,0.9166666666666666
40010,29,Short,1900-01-01 06:00:00,1900-01-01 06:55:00,0.9166666666666666
40011,29,Short,1900-01-01 07:46:00,1900-01-01 08:41:00,0.9166666666666666
40012,29,Short,1900-01-01 06:20:00,1900-01-01 07:15:00,0.9166666666666666
40013,29,Short,1900-01-01 07:53:00,1900-01-01 08:48:00,0.9166666666666666
40014,29,Short,1900-01-01 06:30:00,1900-01-01 07:25:00,0.9166666666666666
40015,29,Short,1900-01-01 08:00:00,1900-01-01 08:55:00,0.9166666666666666
40016,29,Short,1900-01-01 06:38:00,1900-01-01 07:33:00,0.9166666666666666
40017,29,Short,1900-01-01 08:10:00,1900-01-01 09:05:00,0.9166666666666666
40018,29,Short,1900-01-01 06:52:00,1900-01-01 07:47:00,0.9166666666666666
40019,23,Short,1900-01-01 08:17:00,1900-01-01 08:57:00,0.6666666666666666
40020,29,Short,1900-01-01 07:00:00,1900-01-01 07:55:00,0.9166666666666666
40021,17,Short,1900-01-01 08:32:00,1900-01-01 08:58:00,0.43333333333333335
40022,29,Short,1900-01-01 07:10:00,1900-01-01 08:05:00,0.9166666666666666
40023,29,Short,1900-01-01 08:40:00,1900-01-01 09:35:00,0.9166666666666666
40025,29,Short,1900-01-01 08:47:00,1900-01-01 09:42:00,0.9166666666666666
40026,29,Short,1900-01-01 07:44:00,1900-01-01 08:39:00,0.9166666666666666
40027,29,Short,1900-01-01 09:02:00,1900-01-01 09:57:00,0.9166666666666666
40028,29,Short,1900-01-01 07:56:00,1900-01-01 08:51:00,0.9166666666666666
40029,29,Short,1900-01-01 09:08:00,1900-01-01 10:03:00,0.9166666666666666
40030,29,Short,1900-01-01 08:06:00,1900-01-01 09:01:00,0.9166666666666666
40031,29,Short,1900-01-01 09:14:00,1900-01-01 10:09:00,0.9166666666666666
40032,29,Short,1900-01-01 08:15:00,1900-01-01 09:10:00,0.9166666666666666
40033,29,Short,1900-01-01 09:20:00,1900-01-01 10:15:00,0.9166666666666666
40034,29,Short,1900-01-01 08:24:00,1900-01-01 09:19:00,0.9166666666666666
40035,29,Short,1900-01-01 09:26:00,1900-01-01 10:21:00,0.9166666666666666
40036,29,Short,1900-01-01 08:30:00,1900-01-01 09:25:00,0.9166666666666666
40037,29,Short,1900-01-01 09:32:00,1900-01-01 10:27:00,0.9166666666666666
40038,29,Short,1900-01-01 08:38:00,1900-01-01 09:33:00,0.9166666666666666
40039,29,Short,1900-01-01 09:44:00,1900-01-01 10:39:00,0.9166666666666666
40040,29,Short,1900-01-01 08:47:00,1900-01-01 09:42:00,0.9166666666666666
40041,29,Short,1900-01-01 09:56:00,1900-01-01 10:51:00,0.9166666666666666
40042,17,Short,1900-01-01 09:10:00,1900-01-01 09:45:00,0.5833333333333334
40043,29,Short,1900-01-01 10:02:00,1900-01-01 10:57:00,0.9166666666666666
40044,23,Short,1900-01-01 09:03:00,1900-01-01 09:47:00,0.7333333333333333
40045,29,Short,1900-01-01 10:08:00,1900-01-01 11:03:00,0.9166666666666666
40046,29,Short,1900-01-01 08:56:00,1900-01-01 09:51:00,0.9166666666666666
40047,29,Short,1900-01-01 10:20:00,1900-01-01 11:15:00,0.9166666666666666
40048,29,Short,1900-01-01 09:05:00,1900-01-01 10:00:00,0.9166666666666666
40049,29,Short,1900-01-01 10:26:00,1900-01-01 11:21:00,0.9166666666666666
40050,29,Short,1900-01-01 09:15:00,1900-01-01 10:10:00,0.9166666666666666
40051,29,Short,1900-01-01 10:32:00,1900-01-01 11:27:00,0.9166666666666666
40052,29,Short,1900-01-01 09:40:00,1900-01-01 10:35:00,0.9166666666666666
40053,29,Short,1900-01-01 10:38:00,1900-01-01 11:33:00,0.9166666666666666
40054,29,Short,1900-01-01 09:50:00,1900-01-01 10:45:00,0.9166666666666666
40055,29,Short,1900-01-01 10:44:00,1900-01-01 11:39:00,0.9166666666666666
40056,29,Short,1900-01-01 10:02:00,1900-01-01 10:57:00,0.9166666666666666
40057,29,Short,1900-01-01 10:50:00,1900-01-01 11:45:00,0.9166666666666666
40058,29,Short,1900-01-01 10:10:00,1900-01-01 11:05:00,0.9166666666666666
40059,29,Short,1900-01-01 10:56:00,1900-01-01 11:51:00,0.9166666666666666
40060,29,Short,1900-01-01 10:20:00,1900-01-01 11:15:00,0.9166666666666666
40061,29,Short,1900-01-01 11:10:00,1900-01-01 12:05:00,0.9166666666666666
40062,29,Short,1900-01-01 10:28:00,1900-01-01 11:23:00,0.9166666666666666
40063,29,Short,1900-01-01 11:20:00,1900-01-01 12:15:00,0.9166666666666666
40064,29,Short,1900-01-01 10:45:00,1900-01-01 11:40:00,0.9166666666666666
40065,29,Short,1900-01-01 11:30:00,1900-01-01 12:25:00,0.9166666666666666
40066,29,Short,1900-01-01 11:10:00,1900-01-01 12:05:00,0.9166666666666666
40067,29,Short,1900-01-01 11:37:00,1900-01-01 12:32:00,0.9166666666666666
40068,29,Short,1900-01-01 11:20:00,1900-01-01 12:15:00,0.9166666666666666
40069,29,Short,1900-01-01 11:45:00,1900-01-01 12:40:00,0.9166666666666666
40070,29,Short,1900-01-01 11:30:00,1900-01-01 12:25:00,0.9166666666666666
40071,29,Short,1900-01-01 12:10:00,1900-01-01 13:05:00,0.9166666666666666
40072,29,Short,1900-01-01 11:58:00,1900-01-01 12:53:00,0.9166666666666666
40073,29,Short,1900-01-01 12:20:00,1900-01-01 13:15:00,0.9166666666666666
40074,29,Short,1900-01-01 12:12:00,1900-01-01 13:07:00,0.9166666666666666
40075,29,Short,1900-01-01 12:43:00,1900-01-01 13:38:00,0.9166666666666666
40076,29,Short,1900-01-01 12:47:00,1900-01-01 13:42:00,0.9166666666666666
40077,29,Short,1900-01-01 12:56:00,1900-01-01 13:51:00,0.9166666666666666
40078,29,Short,1900-01-01 13:17:00,1900-01-01 14:12:00,0.9166666666666666
40079,29,Short,1900-01-01 13:22:00,1900-01-01 14:17:00,0.9166666666666666
40080,29,Short,1900-01-01 13:32:00,1900-01-01 14:27:00,0.9166666666666666
40081,29,Short,1900-01-01 14:01:00,1900-01-01 14:56:00,0.9166666666666666
40082,29,Short,1900-01-01 14:02:00,1900-01-01 14:57:00,0.9166666666666666
40083,29,Short,1900-01-01 14:23:00,1900-01-01 15:18:00,0.9166666666666666
40084,29,Short,1900-01-01 14:15:00,1900-01-01 15:10:00,0.9166666666666666
40085,29,Short,1900-01-01 14:32:00,1900-01-01 15:27:00,0.9166666666666666
40086,29,Short,1900-01-01 14:25:00,1900-01-01 15:20:00,0.9166666666666666
40087,29,Short,1900-01-01 15:02:00,1900-01-01 15:57:00,0.9166666666666666
40088,29,Short,1900-01-01 14:45:00,1900-01-01 15:40:00,0.9166666666666666
40089,29,Short,1900-01-01 15:15:00,1900-01-01 16:10:00,0.9166666666666666
40090,29,Short,1900-01-01 14:55:00,1900-01-01 15:50:00,0.9166666666666666
40091,29,Short,1900-01-01 15:45:00,1900-01-01 16:40:00,0.9166666666666666
40092,29,Short,1900-01-01 15:05:00,1900-01-01 16:00:00,0.9166666666666666
40093,29,Short,1900-01-01 15:55:00,1900-01-01 16:50:00,0.9166666666666666
40094,29,Short,1900-01-01 15:23:00,1900-01-01 16:18:00,0.9166666666666666
40095,29,Short,1900-01-01 16:05:00,1900-01-01 17:00:00,0.9166666666666666
40096,29,Short,1900-01-01 15:32:00,1900-01-01 16:27:00,0.9166666666666666
40097,29,Short,1900-01-01 16:23:00,1900-01-01 17:18:00,0.9166666666666666
40098,29,Short,1900-01-01 15:38:00,1900-01-01 16:33:00,0.9166666666666666
40099,29,Short,1900-01-01 16:40:00,1900-01-01 17:35:00,0.9166666666666666
40100,29,Short,1900-01-01 15:50:00,1900-01-01 16:45:00,0.9166666666666666
40101,29,Short,1900-01-01 17:00:00,1900-01-01 17:55:00,0.9166666666666666
40102,29,Short,1900-01-01 16:08:00,1900-01-01 17:03:00,0.9166666666666666
40103,29,Short,1900-01-01 17:10:00,1900-01-01 18:05:00,0.9166666666666666
40104,29,Short,1900-01-01 16:18:00,1900-01-01 17:13:00,0.9166666666666666
40105,29,Short,1900-01-01 17:30:00,1900-01-01 18:25:00,0.9166666666666666
40106,29,Short,1900-01-01 16:36:00,1900-01-01 17:31:00,0.9166666666666666
40107,29,Short,1900-01-01 17:45:00,1900-01-01 18:40:00,0.9166666666666666
40108,29,Short,1900-01-01 16:43:00,1900-01-01 17:38:00,0.9166666666666666
40109,29,Short,1900-01-01 17:53:00,1900-01-01 18:48:00,0.9166666666666666
40110,29,Short,1900-01-01 16:50:00,1900-01-01 17:45:00,0.9166666666666666
40111,29,Short,1900-01-01 18:00:00,1900-01-01 18:55:00,0.9166666666666666
40112,29,Short,1900-01-01 16:57:00,1900-01-01 17:52:00,0.9166666666666666
40113,29,Short,1900-01-01 18:20:00,1900-01-01 19:15:00,0.9166666666666666
40114,29,Short,1900-01-01 17:04:00,1900-01-01 17:59:00,0.9166666666666666
40115,29,Short,1900-01-01 18:27:00,1900-01-01 19:22:00,0.9166666666666666
40116,29,Short,1900-01-01 17:11:00,1900-01-01 18:06:00,0.9166666666666666
40117,29,Short,1900-01-01 18:48:00,1900-01-01 19:43:00,0.9166666666666666
40118,29,Short,1900-01-01 17:18:00,1900-01-01 18:13:00,0.9166666666666666
40119,29,Short,1900-01-01 18:55:00,1900-01-01 19:50:00,0.9166666666666666
40120,29,Short,1900-01-01 17:32:00,1900-01-01 18:27:00,0.9166666666666666
40121,29,Short,1900-01-01 19:02:00,1900-01-01 19:57:00,0.9166666666666666
40122,29,Short,1900-01-01 17:39:00,1900-01-01 18:34:00,0.9166666666666666
40123,29,Short,1900-01-01 19:16:00,1900-01-01 20:11:00,0.9166666666666666
40124,29,Short,1900-01-01 17:53:00,1900-01-01 18:48:00,0.9166666666666666
40125,29,Short,1900-01-01 19:24:00,1900-01-01 20:19:00,0.9166666666666666
40126,29,Short,1900-01-01 18:00:00,1900-01-01 18:55:00,0.9166666666666666
40127,29,Short,1900-01-01 19:40:00,1900-01-01 20:35:00,0.9166666666666666
40128,29,Short,1900-01-01 18:08:00,1900-01-01 19:03:00,0.9166666666666666
40129,29,Short,1900-01-01 19:48:00,1900-01-01 20:43:00,0.9166666666666666
40130,29,Short,1900-01-01 18:25:00,1900-01-01 19:20:00,0.9166666666666666
40131,29,Short,1900-01-01 20:04:00,1900-01-01 20:59:00,0.9166666666666666
40132,29,Short,1900-01-01 18:35:00,1900-01-01 19:30:00,0.9166666666666666
40133,29,Short,1900-01-01 20:12:00,1900-01-01 21:07:00,0.9166666666666666
40134,29,Short,1900-01-01 18:45:00,1900-01-01 19:40:00,0.9166666666666666
40135,29,Short,1900-01-01 20:28:00,1900-01-01 21:23:00,0.9166666666666666
40136,29,Short,1900-01-01 19:03:00,1900-01-01 19:58:00,0.9166666666666666
40137,29,Short,1900-01-01 20:36:00,1900-01-01 21:31:00,0.9166666666666666
40138,29,Short,1900-01-01 19:11:00,1900-01-01 20:06:00,0.9166666666666666
40139,29,Short,1900-01-01 20:44:00,1900-01-01 21:39:00,0.9166666666666666
40140,29,Short,1900-01-01 19:27:00,1900-01-01 20:22:00,0.9166666666666666
40141,29,Short,1900-01-01 21:00:00,1900-01-01 21:55:00,0.9166666666666666
40142,29,Short,1900-01-01 19:43:00,1900-01-01 20:38:00,0.9166666666666666
40143,29,Short,1900-01-01 21:10:00,1900-01-01 22:05:00,0.9166666666666666
40144,29,Short,1900-01-01 20:00:00,1900-01-01 20:55:00,0.9166666666666666
40145,29,Short,1900-01-01 21:30:00,1900-01-01 22:25:00,0.9166666666666666
40146,29,Short,1900-01-01 20:20:00,1900-01-01 21:15:00,0.9166666666666666
40147,29,Short,1900-01-01 22:05:00,1900-01-01 23:00:00,0.9166666666666666
40148,29,Short,1900-01-01 20:30:00,1900-01-01 21:25:00,0.9166666666666666
40150,29,Short,1900-01-01 21:20:00,1900-01-01 22:15:00,0.9166666666666666
40151,29,Short,1900-01-01 22:25:00,1900-01-01 23:20:00,0.9166666666666666
40152,29,Short,1900-01-01 21:35:00,1900-01-01 22:30:00,0.9166666666666666
40153,29,Short,1900-01-01 23:05:00,1900-01-01 00:00:00,0.9166666666666666
40154,29,Short,1900-01-01 22:25:00,1900-01-01 23:20:00,0.9166666666666666
40155,29,Short,1900-01-01 23:30:00,1900-01-01 00:25:00,0.9166666666666666
40156,29,Short,1900-01-01 22:45:00,1900-01-01 23:40:00,0.9166666666666666
40157,29,Short,1900-01-01 23:59:00,1900-01-01 00:54:00,0.9166666666666666
40158,29,Short,1900-01-01 23:30:00,1900-01-01 00:25:00,0.9166666666666666
40301,29,Short,1900-01-01 04:15:00,1900-01-01 05:10:00,0.9166666666666666
40302,29,Short,1900-01-01 04:00:00,1900-01-01 04:55:00,0.9166666666666666
40303,29,Short,1900-01-01 05:40:00,1900-01-01 06:35:00,0.9166666666666666
40304,29,Short,1900-01-01 04:20:00,1900-01-01 05:15:00,0.9166666666666666
40305,29,Short,1900-01-01 06:15:00,1900-01-01 07:10:00,0.9166666666666666
40306,29,Short,1900-01-01 04:35:00,1900-01-01 05:30:00,0.9166666666666666
40307,29,Short,1900-01-01 06:55:00,1900-01-01 07:50:00,0.9166666666666666
40308,29,Short,1900-01-01 05:15:00,1900-01-01 06:10:00,0.9166666666666666
40309,29,Short,1900-01-01 07:15:00,1900-01-01 08:10:00,0.9166666666666666
40310,29,Short,1900-01-01 06:00:00,1900-01-01 06:55:00,0.9166666666666666
40311,29,Short,1900-01-01 07:25:00,1900-01-01 08:20:00,0.9166666666666666
40312,29,Short,1900-01-01 06:30:00,1900-01-01 07:25:00,0.9166666666666666
40313,29,Short,1900-01-01 07:50:00,1900-01-01 08:45:00,0.9166666666666666
40314,29,Short,1900-01-01 07:00:00,1900-01-01 07:55:00,0.9166666666666666
40315,29,Short,1900-01-01 08:00:00,1900-01-01 08:55:00,0.9166666666666666
40316,29,Short,1900-01-01 07:30:00,1900-01-01 08:25:00,0.9166666666666666
40317,29,Short,1900-01-01 08:15:00,1900-01-01 09:10:00,0.9166666666666666
40318,29,Short,1900-01-01 08:10:00,1900-01-01 09:05:00,0.9166666666666666
40319,29,Short,1900-01-01 08:38:00,1900-01-01 09:33:00,0.9166666666666666
40320,29,Short,1900-01-01 08:50:00,1900-01-01 09:45:00,0.9166666666666666
40321,29,Short,1900-01-01 08:50:00,1900-01-01 09:45:00,0.9166666666666666
40322,29,Short,1900-01-01 09:20:00,1900-01-01 10:15:00,0.9166666666666666
40323,29,Short,1900-01-01 09:12:00,1900-01-01 10:07:00,0.9166666666666666
40324,29,Short,1900-01-01 09:35:00,1900-01-01 10:30:00,0.9166666666666666
40325,29,Short,1900-01-01 09:25:00,1900-01-01 10:20:00,0.9166666666666666
40326,29,Short,1900-01-01 09:50:00,1900-01-01 10:45:00,0.9166666666666666
40327,29,Short,1900-01-01 09:42:00,1900-01-01 10:37:00,0.9166666666666666
40328,29,Short,1900-01-01 10:00:00,1900-01-01 10:55:00,0.9166666666666666
40329,29,Short,1900-01-01 10:00:00,1900-01-01 10:55:00,0.9166666666666666
40330,29,Short,1900-01-01 10:10:00,1900-01-01 11:05:00,0.9166666666666666
40331,29,Short,1900-01-01 10:20:00,1900-01-01 11:15:00,0.9166666666666666
40332,29,Short,1900-01-01 10:20:00,1900-01-01 11:15:00,0.9166666666666666
40333,29,Short,1900-01-01 10:30:00,1900-01-01 11:25:00,0.9166666666666666
40334,29,Short,1900-01-01 10:40:00,1900-01-01 11:35:00,0.9166666666666666
40335,29,Short,1900-01-01 10:40:00,1900-01-01 11:35:00,0.9166666666666666
40336,29,Short,1900-01-01 10:50:00,1900-01-01 11:45:00,0.9166666666666666
40337,29,Short,1900-01-01 10:45:00,1900-01-01 11:40:00,0.9166666666666666
40338,29,Short,1900-01-01 11:00:00,1900-01-01 11:55:00,0.9166666666666666
40339,29,Short,1900-01-01 10:50:00,1900-01-01 11:45:00,0.9166666666666666
40340,29,Short,1900-01-01 11:10:00,1900-01-01 12:05:00,0.9166666666666666
40341,29,Short,1900-01-01 11:10:00,1900-01-01 12:05:00,0.9166666666666666
40342,29,Short,1900-01-01 11:20:00,1900-01-01 12:15:00,0.9166666666666666
40343,29,Short,1900-01-01 11:20:00,1900-01-01 12:15:00,0.9166666666666666
40344,29,Short,1900-01-01 11:30:00,1900-01-01 12:25:00,0.9166666666666666
40345,29,Short,1900-01-01 11:30:00,1900-01-01 12:25:00,0.9166666666666666
40346,29,Short,1900-01-01 11:50:00,1900-01-01 12:45:00,0.9166666666666666
40347,29,Short,1900-01-01 11:40:00,1900-01-01 12:35:00,0.9166666666666666
40348,29,Short,1900-01-01 12:00:00,1900-01-01 12:55:00,0.9166666666666666
40349,29,Short,1900-01-01 11:50:00,1900-01-01 12:45:00,0.9166666666666666
40350,29,Short,1900-01-01 12:10:00,1900-01-01 13:05:00,0.9166666666666666
40351,29,Short,1900-01-01 12:10:00,1900-01-01 13:05:00,0.9166666666666666
40352,29,Short,1900-01-01 12:30:00,1900-01-01 13:25:00,0.9166666666666666
40353,29,Short,1900-01-01 12:20:00,1900-01-01 13:15:00,0.9166666666666666
40354,29,Short,1900-01-01 12:50:00,1900-01-01 13:45:00,0.9166666666666666
40355,29,Short,1900-01-01 12:40:00,1900-01-01 13:35:00,0.9166666666666666
40356,29,Short,1900-01-01 13:15:00,1900-01-01 14:10:00,0.9166666666666666
40357,29,Short,1900-01-01 12:50:00,1900-01-01 13:45:00,0.9166666666666666
40358,29,Short,1900-01-01 13:30:00,1900-01-01 14:25:00,0.9166666666666666
40359,29,Short,1900-01-01 13:00:00,1900-01-01 13:55:00,0.9166666666666666
40360,29,Short,1900-01-01 14:00:00,1900-01-01 14:55:00,0.9166666666666666
40361,29,Short,1900-01-01 14:00:00,1900-01-01 14:55:00,0.9166666666666666
40362,29,Short,1900-01-01 14:15:00,1900-01-01 15:10:00,0.9166666666666666
40363,29,Short,1900-01-01 14:30:00,1900-01-01 15:25:00,0.9166666666666666
40364,29,Short,1900-01-01 14:30:00,1900-01-01 15:25:00,0.9166666666666666
40365,29,Short,1900-01-01 15:00:00,1900-01-01 15:55:00,0.9166666666666666
40366,29,Short,1900-01-01 15:00:00,1900-01-01 15:55:00,0.9166666666666666
40367,29,Short,1900-01-01 15:15:00,1900-01-01 16:10:00,0.9166666666666666
40368,29,Short,1900-01-01 15:20:00,1900-01-01 16:15:00,0.9166666666666666
40369,29,Short,1900-01-01 15:30:00,1900-01-01 16:25:00,0.9166666666666666
40370,29,Short,1900-01-01 15:30:00,1900-01-01 16:25:00,0.9166666666666666
40371,29,Short,1900-01-01 15:50:00,1900-01-01 16:45:00,0.9166666666666666
40372,29,Short,1900-01-01 15:50:00,1900-01-01 16:45:00,0.9166666666666666
40373,29,Short,1900-01-01 16:00:00,1900-01-01 16:55:00,0.9166666666666666
40374,29,Short,1900-01-01 16:10:00,1900-01-01 17:05:00,0.9166666666666666
40375,29,Short,1900-01-01 16:20:00,1900-01-01 17:15:00,0.9166666666666666
40376,29,Short,1900-01-01 16:20:00,1900-01-01 17:15:00,0.9166666666666666
40377,29,Short,1900-01-01 16:30:00,1900-01-01 17:25:00,0.9166666666666666
40378,29,Short,1900-01-01 16:40:00,1900-01-01 17:35:00,0.9166666666666666
40379,29,Short,1900-01-01 16:40:00,1900-01-01 17:35:00,0.9166666666666666
40380,29,Short,1900-01-01 16:50:00,1900-01-01 17:45:00,0.9166666666666666
40381,29,Short,1900-01-01 17:00:00,1900-01-01 17:55:00,0.9166666666666666
40382,29,Short,1900-01-01 17:00:00,1900-01-01 17:55:00,0.9166666666666666
40383,29,Short,1900-01-01 17:10:00,1900-01-01 18:05:00,0.9166666666666666
40384,29,Short,1900-01-01 17:10:00,1900-01-01 18:05:00,0.9166666666666666
40385,29,Short,1900-01-01 17:30:00,1900-01-01 18:25:00,0.9166666666666666
40386,29,Short,1900-01-01 17:20:00,1900-01-01 18:15:00,0.9166666666666666
40387,29,Short,1900-01-01 17:50:00,1900-01-01 18:45:00,0.9166666666666666
40388,29,Short,1900-01-01 17:40:00,1900-01-01 18:35:00,0.9166666666666666
40389,29,Short,1900-01-01 18:20:00,1900-01-01 19:15:00,0.9166666666666666
40390,29,Short,1900-01-01 18:00:00,1900-01-01 18:55:00,0.9166666666666666
40391,29,Short,1900-01-01 18:40:00,1900-01-01 19:35:00,0.9166666666666666
40392,29,Short,1900-01-01 18:20:00,1900-01-01 19:15:00,0.9166666666666666
40393,29,Short,1900-01-01 19:00:00,1900-01-01 19:55:00,0.9166666666666666
40394,29,Short,1900-01-01 18:30:00,1900-01-01 19:25:00,0.9166666666666666
40395,29,Short,1900-01-01 19:20:00,1900-01-01 20:15:00,0.9166666666666666
40396,29,Short,1900-01-01 18:40:00,1900-01-01 19:35:00,0.9166666666666666
40397,29,Short,1900-01-01 19:30:00,1900-01-01 20:25:00,0.9166666666666666
40398,29,Short,1900-01-01 18:50:00,1900-01-01 19:45:00,0.9166666666666666
40399,29,Short,1900-01-01 19:50:00,1900-01-01 20:45:00,0.9166666666666666
40400,29,Short,1900-01-01 19:07:00,1900-01-01 20:02:00,0.9166666666666666
40401,29,Short,1900-01-01 20:00:00,1900-01-01 20:55:00,0.9166666666666666
40402,29,Short,1900-01-01 19:20:00,1900-01-01 20:15:00,0.9166666666666666
40403,29,Short,1900-01-01 20:15:00,1900-01-01 21:10:00,0.9166666666666666
40404,29,Short,1900-01-01 19:40:00,1900-01-01 20:35:00,0.9166666666666666
40405,29,Short,1900-01-01 20:30:00,1900-01-01 21:25:00,0.9166666666666666
40406,29,Short,1900-01-01 19:50:00,1900-01-01 20:45:00,0.9166666666666666
40407,29,Short,1900-01-01 20:40:00,1900-01-01 21:35:00,0.9166666666666666
40408,29,Short,1900-01-01 20:00:00,1900-01-01 20:55:00,0.9166666666666666
40409,29,Short,1900-01-01 21:00:00,1900-01-01 21:55:00,0.9166666666666666
40410,29,Short,1900-01-01 20:20:00,1900-01-01 21:15:00,0.9166666666666666
40411,29,Short,1900-01-01 21:15:00,1900-01-01 22:10:00,0.9166666666666666
40412,29,Short,1900-01-01 20:30:00,1900-01-01 21:25:00,0.9166666666666666
40413,29,Short,1900-01-01 22:00:00,1900-01-01 22:55:00,0.9166666666666666
40414,29,Short,1900-01-01 20:50:00,1900-01-01 21:45:00,0.9166666666666666
40415,29,Short,1900-01-01 22:15:00,1900-01-01 23:10:00,0.9166666666666666
40416,29,Short,1900-01-01 21:00:00,1900-01-01 21:55:00,0.9166666666666666
40417,29,Short,1900-01-01 22:30:00,1900-01-01 23:25:00,0.9166666666666666
40418,29,Short,1900-01-01 21:30:00,1900-01-01 22:25:00,0.9166666666666666
40419,29,Short,1900-01-01 23:20:00,1900-01-01 00:15:00,0.9166666666666666
40420,29,Short,1900-01-01 22:30:00,1900-01-01 23:25:00,0.9166666666666666
40421,29,Short,1900-01-01 23:59:00,1900-01-01 00:54:00,0.9166666666666666
40422,29,Short,1900-01-01 23:30:00,1900-01-01 00:25:00,0.9166666666666666
40501,59,Short,1900-01-01 03:55:00,1900-01-01 05:35:00,1.6666666666666667
40502,59,Short,1900-01-01 03:55:00,1900-01-01 05:50:00,1.9166666666666667
40503,59,Short,1900-01-01 04:40:00,1900-01-01 06:25:00,1.75
40504,59,Short,1900-01-01 04:35:00,1900-01-01 06:25:00,1.8333333333333333
40505,59,Short,1900-01-01 05:00:00,1900-01-01 06:45:00,1.75
40506,59,Short,1900-01-01 04:55:00,1900-01-01 06:40:00,1.75
40507,59,Short,1900-01-01 05:20:00,1900-01-01 07:05:00,1.75
40508,59,Short,1900-01-01 05:10:00,1900-01-01 07:05:00,1.9166666666666667
40509,59,Short,1900-01-01 05:55:00,1900-01-01 07:35:00,1.6666666666666667
40510,59,Short,1900-01-01 05:50:00,1900-01-01 07:40:00,1.8333333333333333
40511,59,Short,1900-01-01 06:10:00,1900-01-01 07:50:00,1.6666666666666667
40512,59,Short,1900-01-01 06:40:00,1900-01-01 08:27:00,1.7833333333333334
40513,59,Short,1900-01-01 06:30:00,1900-01-01 08:15:00,1.75
40514,59,Short,1900-01-01 07:00:00,1900-01-01 08:32:00,1.5333333333333334
40515,59,Short,1900-01-01 06:45:00,1900-01-01 08:25:00,1.6666666666666667
40516,59,Short,1900-01-01 07:25:00,1900-01-01 08:57:00,1.5333333333333334
40517,59,Short,1900-01-01 06:55:00,1900-01-01 08:35:00,1.6666666666666667
40518,59,Short,1900-01-01 07:50:00,1900-01-01 09:20:00,1.5
40519,59,Short,1900-01-01 07:38:00,1900-01-01 09:20:00,1.7
40520,59,Short,1900-01-01 08:05:00,1900-01-01 09:47:00,1.7
40522,59,Short,1900-01-01 08:25:00,1900-01-01 09:55:00,1.5
40523,59,Short,1900-01-01 08:56:00,1900-01-01 10:40:00,1.7333333333333334
40524,59,Short,1900-01-01 08:40:00,1900-01-01 10:20:00,1.6666666666666667
40525,59,Short,1900-01-01 09:38:00,1900-01-01 11:25:00,1.7833333333333334
40526,59,Short,1900-01-01 08:50:00,1900-01-01 10:20:00,1.5
40527,59,Short,1900-01-01 10:14:00,1900-01-01 12:00:00,1.7666666666666666
40528,59,Short,1900-01-01 09:40:00,1900-01-01 11:30:00,1.8333333333333333
40529,59,Short,1900-01-01 11:02:00,1900-01-01 12:45:00,1.7166666666666666
40531,59,Short,1900-01-01 11:55:00,1900-01-01 13:35:00,1.6666666666666667
40532,59,Short,1900-01-01 10:50:00,1900-01-01 12:38:00,1.8
40533,59,Short,1900-01-01 12:30:00,1900-01-01 14:10:00,1.6666666666666667
40534,59,Short,1900-01-01 11:50:00,1900-01-01 13:30:00,1.6666666666666667
40535,59,Short,1900-01-01 13:09:00,1900-01-01 15:00:00,1.85
40536,59,Short,1900-01-01 12:15:00,1900-01-01 13:55:00,1.6666666666666667
40538,59,Short,1900-01-01 13:00:00,1900-01-01 14:42:00,1.7
40539,59,Short,1900-01-01 13:47:00,1900-01-01 15:30:00,1.7166666666666666
40540,59,Short,1900-01-01 13:50:00,1900-01-01 15:30:00,1.6666666666666667
40541,59,Short,1900-01-01 14:13:00,1900-01-01 16:00:00,1.7833333333333334
40542,59,Short,1900-01-01 14:25:00,1900-01-01 16:10:00,1.75
40543,59,Short,1900-01-01 14:47:00,1900-01-01 16:30:00,1.7166666666666666
40544,59,Short,1900-01-01 15:15:00,1900-01-01 16:55:00,1.6666666666666667
40545,59,Short,1900-01-01 15:35:00,1900-01-01 17:20:00,1.75
40547,59,Short,1900-01-01 16:15:00,1900-01-01 17:55:00,1.6666666666666667
40548,59,Short,1900-01-01 15:40:00,1900-01-01 17:22:00,1.7
40549,59,Short,1900-01-01 16:32:00,1900-01-01 18:25:00,1.8833333333333333
40550,59,Short,1900-01-01 16:35:00,1900-01-01 18:20:00,1.75
40551,59,Short,1900-01-01 16:50:00,1900-01-01 18:45:00,1.9166666666666667
40552,59,Short,1900-01-01 17:00:00,1900-01-01 18:41:00,1.6833333333333333
40553,59,Short,1900-01-01 17:20:00,1900-01-01 19:10:00,1.8333333333333333
40554,59,Short,1900-01-01 17:30:00,1900-01-01 19:10:00,1.6666666666666667
40555,59,Short,1900-01-01 17:38:00,1900-01-01 19:25:00,1.7833333333333334
40556,59,Short,1900-01-01 18:05:00,1900-01-01 19:50:00,1.75
40557,59,Short,1900-01-01 18:07:00,1900-01-01 19:50:00,1.7166666666666666
40558,59,Short,1900-01-01 18:40:00,1900-01-01 20:30:00,1.8333333333333333
40559,59,Short,1900-01-01 18:33:00,1900-01-01 20:10:00,1.6166666666666667
40560,59,Short,1900-01-01 19:00:00,1900-01-01 20:46:00,1.7666666666666666
40561,59,Short,1900-01-01 18:40:00,1900-01-01 20:30:00,1.8333333333333333
40562,59,Short,1900-01-01 19:25:00,1900-01-01 21:05:00,1.6666666666666667
40563,59,Short,1900-01-01 19:32:00,1900-01-01 21:30:00,1.9666666666666666
40564,59,Short,1900-01-01 19:45:00,1900-01-01 21:37:00,1.8666666666666667
40565,59,Short,1900-01-01 19:56:00,1900-01-01 21:40:00,1.7333333333333334
40566,59,Short,1900-01-01 20:10:00,1900-01-01 21:50:00,1.6666666666666667
40567,59,Short,1900-01-01 20:52:00,1900-01-01 22:40:00,1.8
40568,59,Short,1900-01-01 20:50:00,1900-01-01 22:45:00,1.9166666666666667
40569,59,Short,1900-01-01 21:20:00,1900-01-01 23:00:00,1.6666666666666667
40570,59,Short,1900-01-01 21:10:00,1900-01-01 23:00:00,1.8333333333333333
40571,59,Short,1900-01-01 21:45:00,1900-01-01 23:25:00,1.6666666666666667
40572,59,Short,1900-01-01 22:15:00,1900-01-01 00:00:00,1.75
40573,59,Short,1900-01-01 22:45:00,1900-01-01 00:45:00,2.0
40574,59,Short,1900-01-01 23:10:00,1900-01-01 00:50:00,1.6666666666666667
40601,59,Short,1900-01-01 03:55:00,1900-01-01 05:35:00,1.6666666666666667
40602,59,Short,1900-01-01 03:55:00,1900-01-01 05:50:00,1.9166666666666667
40603,59,Short,1900-01-01 04:40:00,1900-01-01 06:25:00,1.75
40604,59,Short,1900-01-01 04:35:00,1900-01-01 06:25:00,1.8333333333333333
40605,59,Short,1900-01-01 05:00:00,1900-01-01 06:45:00,1.75
40606,59,Short,1900-01-01 04:55:00,1900-01-01 06:40:00,1.75
40607,59,Short,1900-01-01 05:20:00,1900-01-01 07:05:00,1.75
40608,59,Short,1900-01-01 05:10:00,1900-01-01 07:05:00,1.9166666666666667
40609,59,Short,1900-01-01 05:55:00,1900-01-01 07:35:00,1.6666666666666667
40610,59,Short,1900-01-01 05:50:00,1900-01-01 07:40:00,1.8333333333333333
40612,59,Short,1900-01-01 06:40:00,1900-01-01 08:40:00,2.0
40613,59,Short,1900-01-01 06:30:00,1900-01-01 08:15:00,1.75
40614,59,Short,1900-01-01 07:00:00,1900-01-01 08:55:00,1.9166666666666667
40615,59,Short,1900-01-01 06:45:00,1900-01-01 08:25:00,1.6666666666666667
40616,59,Short,1900-01-01 07:25:00,1900-01-01 09:20:00,1.9166666666666667
40617,59,Short,1900-01-01 07:38:00,1900-01-01 09:30:00,1.8666666666666667
40618,59,Short,1900-01-01 07:50:00,1900-01-01 09:30:00,1.6666666666666667
40619,59,Short,1900-01-01 09:00:00,1900-01-01 10:40:00,1.6666666666666667
40621,59,Short,1900-01-01 09:35:00,1900-01-01 11:25:00,1.8333333333333333
40622,59,Short,1900-01-01 08:25:00,1900-01-01 10:05:00,1.6666666666666667
40623,59,Short,1900-01-01 10:15:00,1900-01-01 12:00:00,1.75
40624,59,Short,1900-01-01 08:45:00,1900-01-01 10:25:00,1.6666666666666667
40625,59,Short,1900-01-01 11:00:00,1900-01-01 12:45:00,1.75
40626,59,Short,1900-01-01 09:40:00,1900-01-01 11:25:00,1.75
40627,59,Short,1900-01-01 12:00:00,1900-01-01 13:40:00,1.6666666666666667
40628,59,Short,1900-01-01 10:50:00,1900-01-01 12:35:00,1.75
40629,59,Short,1900-01-01 12:30:00,1900-01-01 14:10:00,1.6666666666666667
40630,59,Short,1900-01-01 11:50:00,1900-01-01 13:35:00,1.75
40631,59,Short,1900-01-01 13:15:00,1900-01-01 15:00:00,1.75
40632,59,Short,1900-01-01 12:15:00,1900-01-01 13:55:00,1.6666666666666667
40633,59,Short,1900-01-01 13:45:00,1900-01-01 15:30:00,1.75
40634,59,Short,1900-01-01 13:00:00,1900-01-01 14:40:00,1.6666666666666667
40635,59,Short,1900-01-01 14:15:00,1900-01-01 16:00:00,1.75
40636,59,Short,1900-01-01 13:50:00,1900-01-01 15:40:00,1.8333333333333333
40637,59,Short,1900-01-01 14:45:00,1900-01-01 16:30:00,1.75
40638,59,Short,1900-01-01 14:25:00,1900-01-01 16:05:00,1.6666666666666667
40639,59,Short,1900-01-01 15:40:00,1900-01-01 17:20:00,1.6666666666666667
40640,59,Short,1900-01-01 15:15:00,1900-01-01 16:55:00,1.6666666666666667
40641,59,Short,1900-01-01 16:10:00,1900-01-01 17:55:00,1.75
40642,59,Short,1900-01-01 15:40:00,1900-01-01 17:25:00,1.75
40643,59,Short,1900-01-01 16:50:00,1900-01-01 18:45:00,1.9166666666666667
40644,59,Short,1900-01-01 16:35:00,1900-01-01 18:25:00,1.8333333333333333
40645,59,Short,1900-01-01 17:20:00,1900-01-01 19:10:00,1.8333333333333333
40646,59,Short,1900-01-01 17:00:00,1900-01-01 18:45:00,1.75
40647,59,Short,1900-01-01 17:40:00,1900-01-01 19:25:00,1.75
40648,59,Short,1900-01-01 17:30:00,1900-01-01 19:05:00,1.5833333333333333
40649,59,Short,1900-01-01 18:10:00,1900-01-01 20:00:00,1.8333333333333333
40650,59,Short,1900-01-01 18:05:00,1900-01-01 19:55:00,1.8333333333333333
40651,59,Short,1900-01-01 18:30:00,1900-01-01 20:15:00,1.75
40652,59,Short,1900-01-01 18:40:00,1900-01-01 20:25:00,1.75
40653,59,Short,1900-01-01 18:50:00,1900-01-01 20:30:00,1.6666666666666667
40654,59,Short,1900-01-01 19:25:00,1900-01-01 21:05:00,1.6666666666666667
40655,59,Short,1900-01-01 19:40:00,1900-01-01 21:30:00,1.8333333333333333
40656,59,Short,1900-01-01 19:45:00,1900-01-01 21:35:00,1.8333333333333333
40657,59,Short,1900-01-01 20:10:00,1900-01-01 21:50:00,1.6666666666666667
40658,59,Short,1900-01-01 20:25:00,1900-01-01 22:10:00,1.75
40659,59,Short,1900-01-01 20:52:00,1900-01-01 22:40:00,1.8
40660,59,Short,1900-01-01 20:50:00,1900-01-01 22:45:00,1.9166666666666667
40661,59,Short,1900-01-01 21:30:00,1900-01-01 23:15:00,1.75
40662,59,Short,1900-01-01 21:15:00,1900-01-01 23:00:00,1.75
40663,59,Short,1900-01-01 21:45:00,1900-01-01 23:25:00,1.6666666666666667
40664,59,Short,1900-01-01 22:15:00,1900-01-01 23:55:00,1.6666666666666667
40665,59,Short,1900-01-01 22:50:00,1900-01-01 00:45:00,1.9166666666666667
40666,59,Short,1900-01-01 23:10:00,1900-01-01 00:50:00,1.6666666666666667
40701,108,Short,1900-01-01 07:05:00,1900-01-01 10:05:00,3.0
40702,108,Short,1900-01-01 05:15:00,1900-01-01 08:12:00,2.95
40704,108,Short,1900-01-01 07:05:00,1900-01-01 09:30:00,2.4166666666666665
40705,108,Short,1900-01-01 13:35:00,1900-01-01 16:35:00,3.0
40706,108,Short,1900-01-01 08:00:00,1900-01-01 10:28:00,2.466666666666667
40707,108,Short,1900-01-01 18:13:00,1900-01-01 20:40:00,2.45
40708,108,Short,1900-01-01 10:25:00,1900-01-01 13:17:00,2.8666666666666667
40709,108,Short,1900-01-01 19:09:00,1900-01-01 22:15:00,3.1
40711,108,Short,1900-01-01 20:20:00,1900-01-01 23:05:00,2.75
40712,108,Short,1900-01-01 17:10:00,1900-01-01 20:14:00,3.066666666666667
40751,108,Short,1900-01-01 07:05:00,1900-01-01 10:05:00,3.0
40752,108,Short,1900-01-01 05:15:00,1900-01-01 08:10:00,2.9166666666666665
40754,108,Short,1900-01-01 07:05:00,1900-01-01 09:55:00,2.8333333333333335
40755,108,Short,1900-01-01 13:30:00,1900-01-01 16:35:00,3.0833333333333335
40756,108,Short,1900-01-01 08:00:00,1900-01-01 10:35:00,2.5833333333333335
40757,108,Short,1900-01-01 18:00:00,1900-01-01 20:40:00,2.6666666666666665
40758,108,Short,1900-01-01 10:25:00,1900-01-01 13:15:00,2.8333333333333335
40759,108,Short,1900-01-01 19:10:00,1900-01-01 22:15:00,3.0833333333333335
40761,108,Short,1900-01-01 20:20:00,1900-01-01 23:05:00,2.75
40762,108,Short,1900-01-01 17:10:00,1900-01-01 20:08:00,2.966666666666667
40801,95,Short,1900-01-01 05:40:00,1900-01-01 08:15:00,2.5833333333333335
40802,95,Short,1900-01-01 09:10:00,1900-01-01 11:51:00,2.683333333333333
40803,95,Short,1900-01-01 15:25:00,1900-01-01 18:00:00,2.5833333333333335
40804,95,Short,1900-01-01 19:20:00,1900-01-01 22:05:00,2.75
40901,48,Short,1900-01-01 05:15:00,1900-01-01 06:45:00,1.5
40902,48,Short,1900-01-01 21:00:00,1900-01-01 22:00:00,1.0
41001,14,Short,1900-01-01 03:55:00,1900-01-01 04:40:00,0.75
41003,14,Short,1900-01-01 04:40:00,1900-01-01 05:25:00,0.75
41006,14,Short,1900-01-01 05:45:00,1900-01-01 06:30:00,0.75
41008,14,Short,1900-01-01 06:25:00,1900-01-01 07:10:00,0.75
41009,14,Short,1900-01-01 05:50:00,1900-01-01 06:35:00,0.75
41012,14,Short,1900-01-01 06:40:00,1900-01-01 07:25:00,0.75
41013,14,Short,1900-01-01 06:20:00,1900-01-01 07:05:00,0.75
41014,14,Short,1900-01-01 06:55:00,1900-01-01 07:40:00,0.75
41015,14,Short,1900-01-01 06:40:00,1900-01-01 07:25:00,0.75
41016,14,Short,1900-01-01 07:10:00,1900-01-01 07:55:00,0.75
41017,14,Short,1900-01-01 07:15:00,1900-01-01 08:00:00,0.75
41020,14,Short,1900-01-01 07:35:00,1900-01-01 08:20:00,0.75
41021,14,Short,1900-01-01 07:30:00,1900-01-01 08:15:00,0.75
41022,14,Short,1900-01-01 07:55:00,1900-01-01 08:40:00,0.75
41023,14,Short,1900-01-01 07:45:00,1900-01-01 08:30:00,0.75
41024,14,Short,1900-01-01 08:05:00,1900-01-01 08:50:00,0.75
41028,14,Short,1900-01-01 08:35:00,1900-01-01 09:20:00,0.75
41029,14,Short,1900-01-01 08:25:00,1900-01-01 09:10:00,0.75
41033,14,Short,1900-01-01 08:45:00,1900-01-01 09:30:00,0.75
41035,14,Short,1900-01-01 08:55:00,1900-01-01 09:40:00,0.75
41036,14,Short,1900-01-01 09:25:00,1900-01-01 10:10:00,0.75
41038,14,Short,1900-01-01 09:35:00,1900-01-01 10:20:00,0.75
41040,14,Short,1900-01-01 09:50:00,1900-01-01 10:35:00,0.75
41042,14,Short,1900-01-01 10:05:00,1900-01-01 10:50:00,0.75
41043,14,Short,1900-01-01 09:35:00,1900-01-01 10:20:00,0.75
41046,14,Short,1900-01-01 10:30:00,1900-01-01 11:15:00,0.75
41048,14,Short,1900-01-01 10:45:00,1900-01-01 11:30:00,0.75
41050,14,Short,1900-01-01 11:00:00,1900-01-01 11:45:00,0.75
41051,14,Short,1900-01-01 10:15:00,1900-01-01 11:00:00,0.75
41055,14,Short,1900-01-01 10:45:00,1900-01-01 11:30:00,0.75
41056,14,Short,1900-01-01 11:55:00,1900-01-01 12:40:00,0.75
41057,14,Short,1900-01-01 11:00:00,1900-01-01 11:45:00,0.75
41060,14,Short,1900-01-01 12:35:00,1900-01-01 13:20:00,0.75
41061,14,Short,1900-01-01 11:30:00,1900-01-01 12:15:00,0.75
41063,14,Short,1900-01-01 11:45:00,1900-01-01 12:30:00,0.75
41064,14,Short,1900-01-01 13:15:00,1900-01-01 14:00:00,0.75
41065,14,Short,1900-01-01 12:05:00,1900-01-01 12:50:00,0.75
41069,14,Short,1900-01-01 12:45:00,1900-01-01 13:30:00,0.75
41070,14,Short,1900-01-01 14:15:00,1900-01-01 15:00:00,0.75
41073,14,Short,1900-01-01 13:25:00,1900-01-01 14:10:00,0.75
41076,14,Short,1900-01-01 15:05:00,1900-01-01 15:50:00,0.75
41077,14,Short,1900-01-01 14:05:00,1900-01-01 14:50:00,0.75
41078,14,Short,1900-01-01 15:25:00,1900-01-01 16:10:00,0.75
41079,14,Short,1900-01-01 14:25:00,1900-01-01 15:10:00,0.75
41080,14,Short,1900-01-01 15:45:00,1900-01-01 16:30:00,0.75
41081,14,Short,1900-01-01 14:45:00,1900-01-01 15:30:00,0.75
41082,14,Short,1900-01-01 16:00:00,1900-01-01 16:45:00,0.75
41084,14,Short,1900-01-01 16:10:00,1900-01-01 16:55:00,0.75
41085,14,Short,1900-01-01 15:25:00,1900-01-01 16:10:00,0.75
41086,14,Short,1900-01-01 16:25:00,1900-01-01 17:10:00,0.75
41089,14,Short,1900-01-01 16:00:00,1900-01-01 16:45:00,0.75
41091,14,Short,1900-01-01 16:15:00,1900-01-01 17:00:00,0.75
41092,14,Short,1900-01-01 17:05:00,1900-01-01 17:50:00,0.75
41093,14,Short,1900-01-01 16:30:00,1900-01-01 17:20:00,0.8333333333333334
41095,14,Short,1900-01-01 16:45:00,1900-01-01 17:30:00,0.75
41096,14,Short,1900-01-01 17:25:00,1900-01-01 18:10:00,0.75
41097,14,Short,1900-01-01 17:00:00,1900-01-01 17:45:00,0.75
41102,14,Short,1900-01-01 17:55:00,1900-01-01 18:40:00,0.75
41103,14,Short,1900-01-01 17:40:00,1900-01-01 18:25:00,0.75
41104,14,Short,1900-01-01 18:05:00,1900-01-01 18:50:00,0.75
41105,14,Short,1900-01-01 17:50:00,1900-01-01 18:35:00,0.75
41108,14,Short,1900-01-01 18:30:00,1900-01-01 19:15:00,0.75
41110,14,Short,1900-01-01 18:45:00,1900-01-01 19:30:00,0.75
41111,14,Short,1900-01-01 18:25:00,1900-01-01 19:10:00,0.75
41113,14,Short,1900-01-01 18:35:00,1900-01-01 19:20:00,0.75
41116,14,Short,1900-01-01 19:20:00,1900-01-01 20:05:00,0.75
41117,14,Short,1900-01-01 18:55:00,1900-01-01 19:40:00,0.75
41119,14,Short,1900-01-01 19:10:00,1900-01-01 19:55:00,0.75
41120,14,Short,1900-01-01 19:50:00,1900-01-01 20:35:00,0.75
41122,14,Short,1900-01-01 20:10:00,1900-01-01 20:55:00,0.75
41127,14,Short,1900-01-01 20:20:00,1900-01-01 21:05:00,0.75
41128,14,Short,1900-01-01 21:10:00,1900-01-01 21:55:00,0.75
41129,14,Short,1900-01-01 20:40:00,1900-01-01 21:25:00,0.75
41130,14,Short,1900-01-01 21:30:00,1900-01-01 22:15:00,0.75
41131,14,Short,1900-01-01 21:00:00,1900-01-01 21:45:00,0.75
41132,14,Short,1900-01-01 21:50:00,1900-01-01 22:35:00,0.75
41134,14,Short,1900-01-01 22:10:00,1900-01-01 22:55:00,0.75
41135,14,Short,1900-01-01 21:40:00,1900-01-01 22:25:00,0.75
41138,14,Short,1900-01-01 22:50:00,1900-01-01 23:35:00,0.75
41140,14,Short,1900-01-01 23:10:00,1900-01-01 23:55:00,0.75
41501,14,Short,1900-01-01 06:00:00,1900-01-01 06:45:00,0.75
41502,14,Short,1900-01-01 06:50:00,1900-01-01 07:35:00,0.75
41503,14,Short,1900-01-01 06:20:00,1900-01-01 07:05:00,0.75
41504,14,Short,1900-01-01 07:10:00,1900-01-01 07:55:00,0.75
41505,14,Short,1900-01-01 06:40:00,1900-01-01 07:25:00,0.75
41506,14,Short,1900-01-01 07:30:00,1900-01-01 08:15:00,0.75
41507,14,Short,1900-01-01 07:00:00,1900-01-01 07:45:00,0.75
41508,14,Short,1900-01-01 07:50:00,1900-01-01 08:35:00,0.75
41509,14,Short,1900-01-01 07:20:00,1900-01-01 08:05:00,0.75
41510,14,Short,1900-01-01 08:10:00,1900-01-01 08:55:00,0.75
41511,14,Short,1900-01-01 07:40:00,1900-01-01 08:25:00,0.75
41512,14,Short,1900-01-01 08:30:00,1900-01-01 09:15:00,0.75
41513,14,Short,1900-01-01 08:00:00,1900-01-01 08:45:00,0.75
41514,14,Short,1900-01-01 08:50:00,1900-01-01 09:35:00,0.75
41515,14,Short,1900-01-01 08:20:00,1900-01-01 09:05:00,0.75
41516,14,Short,1900-01-01 09:10:00,1900-01-01 09:55:00,0.75
41517,14,Short,1900-01-01 08:40:00,1900-01-01 09:25:00,0.75
41518,14,Short,1900-01-01 09:30:00,1900-01-01 10:15:00,0.75
41519,14,Short,1900-01-01 09:00:00,1900-01-01 09:45:00,0.75
41520,14,Short,1900-01-01 09:50:00,1900-01-01 10:35:00,0.75
41521,14,Short,1900-01-01 09:20:00,1900-01-01 10:05:00,0.75
41522,14,Short,1900-01-01 10:10:00,1900-01-01 10:55:00,0.75
41523,14,Short,1900-01-01 09:40:00,1900-01-01 10:25:00,0.75
41524,14,Short,1900-01-01 10:30:00,1900-01-01 11:15:00,0.75
41525,14,Short,1900-01-01 09:50:00,1900-01-01 10:35:00,0.75
41526,14,Short,1900-01-01 10:40:00,1900-01-01 11:25:00,0.75
41527,14,Short,1900-01-01 10:00:00,1900-01-01 10:45:00,0.75
41528,14,Short,1900-01-01 10:50:00,1900-01-01 11:35:00,0.75
41529,14,Short,1900-01-01 10:20:00,1900-01-01 11:05:00,0.75
41530,14,Short,1900-01-01 11:10:00,1900-01-01 11:55:00,0.75
41531,14,Short,1900-01-01 10:40:00,1900-01-01 11:25:00,0.75
41532,14,Short,1900-01-01 11:30:00,1900-01-01 12:15:00,0.75
41533,14,Short,1900-01-01 11:00:00,1900-01-01 11:45:00,0.75
41534,14,Short,1900-01-01 11:50:00,1900-01-01 12:35:00,0.75
41535,14,Short,1900-01-01 11:20:00,1900-01-01 12:05:00,0.75
41536,14,Short,1900-01-01 12:10:00,1900-01-01 12:55:00,0.75
41537,14,Short,1900-01-01 11:40:00,1900-01-01 12:25:00,0.75
41538,14,Short,1900-01-01 12:30:00,1900-01-01 13:15:00,0.75
41539,14,Short,1900-01-01 12:00:00,1900-01-01 12:45:00,0.75
41540,14,Short,1900-01-01 12:50:00,1900-01-01 13:35:00,0.75
41541,14,Short,1900-01-01 12:20:00,1900-01-01 13:05:00,0.75
41542,14,Short,1900-01-01 13:10:00,1900-01-01 13:55:00,0.75
41543,14,Short,1900-01-01 12:40:00,1900-01-01 13:25:00,0.75
41544,14,Short,1900-01-01 13:30:00,1900-01-01 14:15:00,0.75
41545,14,Short,1900-01-01 13:00:00,1900-01-01 13:45:00,0.75
41546,14,Short,1900-01-01 13:50:00,1900-01-01 14:35:00,0.75
41547,14,Short,1900-01-01 13:20:00,1900-01-01 14:05:00,0.75
41548,14,Short,1900-01-01 14:10:00,1900-01-01 14:55:00,0.75
41549,14,Short,1900-01-01 13:40:00,1900-01-01 14:25:00,0.75
41550,14,Short,1900-01-01 14:30:00,1900-01-01 15:15:00,0.75
41551,14,Short,1900-01-01 14:00:00,1900-01-01 14:45:00,0.75
41552,14,Short,1900-01-01 14:50:00,1900-01-01 15:35:00,0.75
41553,14,Short,1900-01-01 14:20:00,1900-01-01 15:05:00,0.75
41554,14,Short,1900-01-01 15:10:00,1900-01-01 15:55:00,0.75
41555,14,Short,1900-01-01 14:40:00,1900-01-01 15:25:00,0.75
41556,14,Short,1900-01-01 15:30:00,1900-01-01 16:15:00,0.75
41557,14,Short,1900-01-01 15:00:00,1900-01-01 15:45:00,0.75
41558,14,Short,1900-01-01 15:50:00,1900-01-01 16:35:00,0.75
41559,14,Short,1900-01-01 15:20:00,1900-01-01 16:05:00,0.75
41560,14,Short,1900-01-01 16:10:00,1900-01-01 16:55:00,0.75
41561,14,Short,1900-01-01 15:40:00,1900-01-01 16:25:00,0.75
41562,14,Short,1900-01-01 16:30:00,1900-01-01 17:15:00,0.75
41563,14,Short,1900-01-01 16:00:00,1900-01-01 16:45:00,0.75
41564,14,Short,1900-01-01 16:50:00,1900-01-01 17:35:00,0.75
41565,14,Short,1900-01-01 16:20:00,1900-01-01 17:05:00,0.75
41566,14,Short,1900-01-01 17:10:00,1900-01-01 17:55:00,0.75
41567,14,Short,1900-01-01 16:40:00,1900-01-01 17:25:00,0.75
41568,14,Short,1900-01-01 17:30:00,1900-01-01 18:15:00,0.75
41569,14,Short,1900-01-01 17:00:00,1900-01-01 17:45:00,0.75
41570,14,Short,1900-01-01 17:50:00,1900-01-01 18:35:00,0.75
41571,14,Short,1900-01-01 17:20:00,1900-01-01 18:05:00,0.75
41572,14,Short,1900-01-01 18:10:00,1900-01-01 18:55:00,0.75
41573,14,Short,1900-01-01 17:40:00,1900-01-01 18:25:00,0.75
41574,14,Short,1900-01-01 18:30:00,1900-01-01 19:15:00,0.75
41575,14,Short,1900-01-01 18:00:00,1900-01-01 18:45:00,0.75
41576,14,Short,1900-01-01 18:50:00,1900-01-01 19:35:00,0.75
41577,14,Short,1900-01-01 18:20:00,1900-01-01 19:05:00,0.75
41578,14,Short,1900-01-01 19:10:00,1900-01-01 19:55:00,0.75
41579,14,Short,1900-01-01 18:40:00,1900-01-01 19:25:00,0.75
41580,14,Short,1900-01-01 19:30:00,1900-01-01 20:15:00,0.75
41581,14,Short,1900-01-01 19:00:00,1900-01-01 19:45:00,0.75
41582,14,Short,1900-01-01 19:50:00,1900-01-01 20:35:00,0.75
41583,14,Short,1900-01-01 19:20:00,1900-01-01 20:05:00,0.75
41584,14,Short,1900-01-01 20:10:00,1900-01-01 20:55:00,0.75
41585,14,Short,1900-01-01 19:40:00,1900-01-01 20:25:00,0.75
41586,14,Short,1900-01-01 20:30:00,1900-01-01 21:15:00,0.75
41587,14,Short,1900-01-01 20:00:00,1900-01-01 20:45:00,0.75
41588,14,Short,1900-01-01 20:50:00,1900-01-01 21:35:00,0.75
41589,14,Short,1900-01-01 20:30:00,1900-01-01 21:15:00,0.75
41590,14,Short,1900-01-01 21:20:00,1900-01-01 22:05:00,0.75
41593,14,Short,1900-01-01 21:00:00,1900-01-01 21:45:00,0.75
41594,14,Short,1900-01-01 21:50:00,1900-01-01 22:35:00,0.75
41597,14,Short,1900-01-01 21:30:00,1900-01-01 22:15:00,0.75
41598,14,Short,1900-01-01 22:20:00,1900-01-01 23:05:00,0.75
41599,14,Short,1900-01-01 22:00:00,1900-01-01 22:45:00,0.75
41600,14,Short,1900-01-01 22:50:00,1900-01-01 23:35:00,0.75
42001,47,Short,1900-01-01 00:15:00,1900-01-01 01:35:00,1.3333333333333333
42002,47,Short,1900-01-01 02:45:00,1900-01-01 04:10:00,1.4166666666666667
42003,47,Short,1900-01-01 05:55:00,1900-01-01 07:40:00,1.75
42004,47,Short,1900-01-01 04:00:00,1900-01-01 05:30:00,1.5
42005,47,Short,1900-01-01 06:40:00,1900-01-01 08:10:00,1.5
42006,47,Short,1900-01-01 04:55:00,1900-01-01 06:35:00,1.6666666666666667
42007,47,Short,1900-01-01 07:00:00,1900-01-01 08:20:00,1.3333333333333333
42008,47,Short,1900-01-01 05:20:00,1900-01-01 06:50:00,1.5
42009,47,Short,1900-01-01 08:15:00,1900-01-01 09:35:00,1.3333333333333333
42010,47,Short,1900-01-01 05:50:00,1900-01-01 07:20:00,1.5
42011,47,Short,1900-01-01 09:00:00,1900-01-01 10:30:00,1.5
42012,47,Short,1900-01-01 06:55:00,1900-01-01 08:35:00,1.6666666666666667
42013,47,Short,1900-01-01 09:30:00,1900-01-01 11:10:00,1.6666666666666667
42014,47,Short,1900-01-01 07:55:00,1900-01-01 09:35:00,1.6666666666666667
42015,47,Short,1900-01-01 10:25:00,1900-01-01 11:50:00,1.4166666666666667
42016,47,Short,1900-01-01 08:25:00,1900-01-01 10:00:00,1.5833333333333333
42017,47,Short,1900-01-01 11:35:00,1900-01-01 13:10:00,1.5833333333333333
42018,47,Short,1900-01-01 09:50:00,1900-01-01 11:20:00,1.5
42019,47,Short,1900-01-01 12:20:00,1900-01-01 13:50:00,1.5
42020,47,Short,1900-01-01 10:50:00,1900-01-01 12:20:00,1.5
42021,47,Short,1900-01-01 13:25:00,1900-01-01 14:50:00,1.4166666666666667
42022,47,Short,1900-01-01 11:20:00,1900-01-01 12:50:00,1.5
42023,47,Short,1900-01-01 14:35:00,1900-01-01 16:05:00,1.5
42024,47,Short,1900-01-01 12:55:00,1900-01-01 14:25:00,1.5
42025,47,Short,1900-01-01 15:15:00,1900-01-01 16:50:00,1.5833333333333333
42026,47,Short,1900-01-01 13:35:00,1900-01-01 15:05:00,1.5
42027,47,Short,1900-01-01 16:30:00,1900-01-01 17:55:00,1.4166666666666667
42028,47,Short,1900-01-01 14:40:00,1900-01-01 16:15:00,1.5833333333333333
42029,47,Short,1900-01-01 17:05:00,1900-01-01 18:30:00,1.4166666666666667
42030,47,Short,1900-01-01 15:15:00,1900-01-01 16:45:00,1.5
42031,47,Short,1900-01-01 17:35:00,1900-01-01 19:15:00,1.6666666666666667
42032,47,Short,1900-01-01 15:40:00,1900-01-01 17:10:00,1.5
42033,47,Short,1900-01-01 18:35:00,1900-01-01 20:00:00,1.4166666666666667
42034,47,Short,1900-01-01 17:00:00,1900-01-01 18:25:00,1.4166666666666667
42035,47,Short,1900-01-01 19:35:00,1900-01-01 21:00:00,1.4166666666666667
42036,47,Short,1900-01-01 17:30:00,1900-01-01 18:55:00,1.4166666666666667
42037,47,Short,1900-01-01 20:15:00,1900-01-01 21:40:00,1.4166666666666667
42038,47,Short,1900-01-01 18:10:00,1900-01-01 19:35:00,1.4166666666666667
42039,47,Short,1900-01-01 21:15:00,1900-01-01 22:40:00,1.4166666666666667
42040,47,Short,1900-01-01 18:40:00,1900-01-01 20:05:00,1.4166666666666667
42041,47,Short,1900-01-01 21:45:00,1900-01-01 23:15:00,1.5
42042,47,Short,1900-01-01 19:30:00,1900-01-01 21:00:00,1.5
42043,47,Short,1900-01-01 22:45:00,1900-01-01 00:10:00,1.4166666666666667
42044,47,Short,1900-01-01 20:10:00,1900-01-01 21:35:00,1.4166666666666667
42045,47,Short,1900-01-01 23:20:00,1900-01-01 00:55:00,1.5833333333333333
42046,47,Short,1900-01-01 21:50:00,1900-01-01 23:25:00,1.5833333333333333
42301,34,Short,1900-01-01 14:15:00,1900-01-01 15:30:00,1.25
42302,34,Short,1900-01-01 08:00:00,1900-01-01 09:15:00,1.25
42401,82,Short,1900-01-01 04:20:00,1900-01-01 06:25:00,2.0833333333333335
42402,82,Short,1900-01-01 05:45:00,1900-01-01 08:00:00,2.25
42403,82,Short,1900-01-01 05:00:00,1900-01-01 07:10:00,2.1666666666666665
42404,82,Short,1900-01-01 06:40:00,1900-01-01 08:50:00,2.1666666666666665
42406,82,Short,1900-01-01 10:00:00,1900-01-01 12:10:00,2.1666666666666665
42407,82,Short,1900-01-01 07:30:00,1900-01-01 09:50:00,2.3333333333333335
42408,82,Short,1900-01-01 11:15:00,1900-01-01 13:20:00,2.0833333333333335
42409,82,Short,1900-01-01 08:35:00,1900-01-01 10:55:00,2.3333333333333335
42411,82,Short,1900-01-01 09:55:00,1900-01-01 12:10:00,2.25
42412,82,Short,1900-01-01 13:15:00,1900-01-01 15:30:00,2.25
42413,82,Short,1900-01-01 12:40:00,1900-01-01 14:55:00,2.25
42414,82,Short,1900-01-01 15:10:00,1900-01-01 17:40:00,2.5
42416,82,Short,1900-01-01 18:10:00,1900-01-01 20:25:00,2.25
42417,82,Short,1900-01-01 15:35:00,1900-01-01 17:50:00,2.25
42419,82,Short,1900-01-01 18:00:00,1900-01-01 20:15:00,2.25
42420,82,Short,1900-01-01 20:30:00,1900-01-01 22:35:00,2.0833333333333335
42421,82,Short,1900-01-01 19:05:00,1900-01-01 21:20:00,2.25
42422,82,Short,1900-01-01 21:40:00,1900-01-01 23:55:00,2.25
42423,82,Short,1900-01-01 20:35:00,1900-01-01 22:45:00,2.1666666666666665
42451,35,Short,1900-01-01 04:40:00,1900-01-01 05:30:00,0.8333333333333334
42452,35,Short,1900-01-01 23:00:00,1900-01-01 23:45:00,0.75
42601,47,Short,1900-01-01 09:40:00,1900-01-01 11:15:00,1.5833333333333333
42602,47,Short,1900-01-01 08:55:00,1900-01-01 10:20:00,1.4166666666666667
42603,47,Short,1900-01-01 15:45:00,1900-01-01 17:20:00,1.5833333333333333
42604,47,Short,1900-01-01 16:30:00,1900-01-01 18:00:00,1.5
42605,47,Short,1900-01-01 18:35:00,1900-01-01 20:10:00,1.5833333333333333
42606,47,Short,1900-01-01 20:20:00,1900-01-01 21:45:00,1.4166666666666667
42607,47,Short,1900-01-01 20:00:00,1900-01-01 21:30:00,1.5
42608,47,Short,1900-01-01 21:40:00,1900-01-01 23:15:00,1.5833333333333333
42651,62,Short,1900-01-01 08:50:00,1900-01-01 11:15:00,2.4166666666666665
42652,62,Short,1900-01-01 08:50:00,1900-01-01 11:15:00,2.4166666666666665
42653,62,Short,1900-01-01 14:55:00,1900-01-01 17:20:00,2.4166666666666665
42654,62,Short,1900-01-01 16:30:00,1900-01-01 18:45:00,2.25
42655,62,Short,1900-01-01 17:45:00,1900-01-01 20:05:00,2.3333333333333335
42656,62,Short,1900-01-01 20:20:00,1900-01-01 22:45:00,2.4166666666666665
42657,62,Short,1900-01-01 19:10:00,1900-01-01 21:30:00,2.3333333333333335
42701,35,Short,1900-01-01 05:35:00,1900-01-01 06:45:00,1.1666666666666667
42702,34,Short,1900-01-01 07:00:00,1900-01-01 08:05:00,1.0833333333333333
42751,50,Short,1900-01-01 04:45:00,1900-01-01 06:40:00,1.9166666666666667
42752,49,Short,1900-01-01 07:00:00,1900-01-01 08:55:00,1.9166666666666667
42801,82,Short,1900-01-01 14:40:00,1900-01-01 17:00:00,2.3333333333333335
42802,82,Short,1900-01-01 07:25:00,1900-01-01 09:45:00,2.3333333333333335
42804,82,Short,1900-01-01 17:20:00,1900-01-01 19:30:00,2.1666666666666665
42851,97,Short,1900-01-01 13:55:00,1900-01-01 17:05:00,3.1666666666666665
42852,97,Short,1900-01-01 07:25:00,1900-01-01 10:35:00,3.1666666666666665
42854,97,Short,1900-01-01 17:15:00,1900-01-01 20:25:00,3.1666666666666665
42901,16,Short,1900-01-01 05:40:00,1900-01-01 06:25:00,0.75
43001,20,Short,1900-01-01 00:15:00,1900-01-01 01:05:00,0.8333333333333334
43002,21,Short,1900-01-01 04:00:00,1900-01-01 04:50:00,0.8333333333333334
43003,20,Short,1900-01-01 07:50:00,1900-01-01 08:35:00,0.75
43005,20,Short,1900-01-01 08:55:00,1900-01-01 09:40:00,0.75
43006,21,Short,1900-01-01 05:10:00,1900-01-01 05:55:00,0.75
43007,20,Short,1900-01-01 09:00:00,1900-01-01 09:45:00,0.75
43008,21,Short,1900-01-01 05:25:00,1900-01-01 06:15:00,0.8333333333333334
43009,20,Short,1900-01-01 09:25:00,1900-01-01 10:10:00,0.75
43011,20,Short,1900-01-01 10:05:00,1900-01-01 10:55:00,0.8333333333333334
43013,20,Short,1900-01-01 10:15:00,1900-01-01 11:05:00,0.8333333333333334
43014,21,Short,1900-01-01 09:15:00,1900-01-01 10:15:00,1.0
43015,20,Short,1900-01-01 10:45:00,1900-01-01 11:35:00,0.8333333333333334
43016,21,Short,1900-01-01 09:55:00,1900-01-01 10:40:00,0.75
43017,20,Short,1900-01-01 12:35:00,1900-01-01 13:20:00,0.75
43018,21,Short,1900-01-01 11:05:00,1900-01-01 11:50:00,0.75
43019,20,Short,1900-01-01 16:00:00,1900-01-01 16:40:00,0.6666666666666666
43020,21,Short,1900-01-01 16:30:00,1900-01-01 17:20:00,0.8333333333333334
43021,20,Short,1900-01-01 22:00:00,1900-01-01 22:50:00,0.8333333333333334
43022,21,Short,1900-01-01 17:05:00,1900-01-01 17:55:00,0.8333333333333334
43023,20,Short,1900-01-01 23:25:00,1900-01-01 00:15:00,0.8333333333333334
43025,20,Short,1900-01-01 22:00:00,1900-01-01 22:50:00,0.8333333333333334
43029,20,Short,1900-01-01 23:25:00,1900-01-01 00:15:00,0.8333333333333334
43101,30,Short,1900-01-01 04:15:00,1900-01-01 05:20:00,1.0833333333333333
43102,31,Short,1900-01-01 03:20:00,1900-01-01 04:35:00,1.25
43103,30,Short,1900-01-01 05:00:00,1900-01-01 06:20:00,1.3333333333333333
43104,31,Short,1900-01-01 05:30:00,1900-01-01 06:45:00,1.25
43105,30,Short,1900-01-01 06:20:00,1900-01-01 07:30:00,1.1666666666666667
43106,31,Short,1900-01-01 06:35:00,1900-01-01 07:45:00,1.1666666666666667
43107,30,Short,1900-01-01 07:25:00,1900-01-01 08:35:00,1.1666666666666667
43108,31,Short,1900-01-01 07:40:00,1900-01-01 08:55:00,1.25
43109,30,Short,1900-01-01 11:15:00,1900-01-01 12:25:00,1.1666666666666667
43110,31,Short,1900-01-01 10:30:00,1900-01-01 11:35:00,1.0833333333333333
43111,30,Short,1900-01-01 12:20:00,1900-01-01 13:30:00,1.1666666666666667
43112,31,Short,1900-01-01 11:25:00,1900-01-01 12:35:00,1.1666666666666667
43113,30,Short,1900-01-01 13:00:00,1900-01-01 14:10:00,1.1666666666666667
43114,31,Short,1900-01-01 12:50:00,1900-01-01 14:05:00,1.25
43115,30,Short,1900-01-01 15:05:00,1900-01-01 16:15:00,1.1666666666666667
43116,31,Short,1900-01-01 13:40:00,1900-01-01 14:50:00,1.1666666666666667
43117,30,Short,1900-01-01 16:10:00,1900-01-01 17:20:00,1.1666666666666667
43118,31,Short,1900-01-01 14:20:00,1900-01-01 15:30:00,1.1666666666666667
43119,30,Short,1900-01-01 18:15:00,1900-01-01 19:25:00,1.1666666666666667
43120,31,Short,1900-01-01 15:10:00,1900-01-01 16:20:00,1.1666666666666667
43121,30,Short,1900-01-01 19:15:00,1900-01-01 20:25:00,1.1666666666666667
43122,31,Short,1900-01-01 16:25:00,1900-01-01 17:30:00,1.0833333333333333
43123,25,Short,1900-01-01 20:30:00,1900-01-01 21:40:00,1.1666666666666667
43124,31,Short,1900-01-01 17:30:00,1900-01-01 18:40:00,1.1666666666666667
43125,25,Short,1900-01-01 21:25:00,1900-01-01 22:35:00,1.1666666666666667
43126,31,Short,1900-01-01 18:50:00,1900-01-01 20:00:00,1.1666666666666667
43127,25,Short,1900-01-01 22:35:00,1900-01-01 23:45:00,1.1666666666666667
43128,31,Short,1900-01-01 19:36:00,1900-01-01 20:35:00,0.9833333333333333
43130,31,Short,1900-01-01 21:50:00,1900-01-01 23:00:00,1.1666666666666667
43132,31,Short,1900-01-01 22:45:00,1900-01-01 23:50:00,1.0833333333333333
43201,46,Short,1900-01-01 04:30:00,1900-01-01 05:50:00,1.3333333333333333
43202,46,Short,1900-01-01 03:50:00,1900-01-01 05:05:00,1.25
43203,46,Short,1900-01-01 05:15:00,1900-01-01 06:35:00,1.3333333333333333
43204,46,Short,1900-01-01 05:30:00,1900-01-01 06:50:00,1.3333333333333333
43205,46,Short,1900-01-01 05:55:00,1900-01-01 07:10:00,1.25
43206,46,Short,1900-01-01 05:55:00,1900-01-01 07:15:00,1.3333333333333333
43207,46,Short,1900-01-01 06:50:00,1900-01-01 08:05:00,1.25
43208,46,Short,1900-01-01 06:45:00,1900-01-01 08:05:00,1.3333333333333333
43209,46,Short,1900-01-01 07:45:00,1900-01-01 09:00:00,1.25
43210,46,Short,1900-01-01 07:15:00,1900-01-01 08:30:00,1.25
43211,46,Short,1900-01-01 08:05:00,1900-01-01 09:20:00,1.25
43212,46,Short,1900-01-01 07:45:00,1900-01-01 09:05:00,1.3333333333333333
43213,46,Short,1900-01-01 08:40:00,1900-01-01 09:55:00,1.25
43214,46,Short,1900-01-01 08:10:00,1900-01-01 09:30:00,1.3333333333333333
43215,46,Short,1900-01-01 09:15:00,1900-01-01 10:35:00,1.3333333333333333
43216,41,Short,1900-01-01 08:15:00,1900-01-01 09:20:00,1.0833333333333333
43217,46,Short,1900-01-01 09:30:00,1900-01-01 10:50:00,1.3333333333333333
43218,46,Short,1900-01-01 08:30:00,1900-01-01 09:50:00,1.3333333333333333
43219,46,Short,1900-01-01 09:45:00,1900-01-01 11:05:00,1.3333333333333333
43220,46,Short,1900-01-01 09:10:00,1900-01-01 10:30:00,1.3333333333333333
43221,46,Short,1900-01-01 11:30:00,1900-01-01 12:50:00,1.3333333333333333
43222,41,Short,1900-01-01 09:25:00,1900-01-01 10:20:00,0.9166666666666666
43223,46,Short,1900-01-01 12:10:00,1900-01-01 13:30:00,1.3333333333333333
43224,46,Short,1900-01-01 10:05:00,1900-01-01 11:25:00,1.3333333333333333
43225,46,Short,1900-01-01 13:20:00,1900-01-01 14:40:00,1.3333333333333333
43226,46,Short,1900-01-01 10:50:00,1900-01-01 12:10:00,1.3333333333333333
43227,41,Short,1900-01-01 14:00:00,1900-01-01 15:20:00,1.3333333333333333
43228,46,Short,1900-01-01 11:25:00,1900-01-01 12:45:00,1.3333333333333333
43229,46,Short,1900-01-01 14:40:00,1900-01-01 16:00:00,1.3333333333333333
43230,46,Short,1900-01-01 12:00:00,1900-01-01 13:25:00,1.4166666666666667
43231,46,Short,1900-01-01 15:00:00,1900-01-01 16:20:00,1.3333333333333333
43232,46,Short,1900-01-01 13:05:00,1900-01-01 14:25:00,1.3333333333333333
43233,46,Short,1900-01-01 15:45:00,1900-01-01 17:05:00,1.3333333333333333
43234,46,Short,1900-01-01 14:40:00,1900-01-01 16:00:00,1.3333333333333333
43235,46,Short,1900-01-01 16:30:00,1900-01-01 17:50:00,1.3333333333333333
43236,46,Short,1900-01-01 15:10:00,1900-01-01 16:30:00,1.3333333333333333
43237,46,Short,1900-01-01 16:55:00,1900-01-01 18:10:00,1.25
43238,46,Short,1900-01-01 15:40:00,1900-01-01 17:00:00,1.3333333333333333
43239,46,Short,1900-01-01 17:25:00,1900-01-01 18:45:00,1.3333333333333333
43240,46,Short,1900-01-01 16:00:00,1900-01-01 17:15:00,1.25
43241,46,Short,1900-01-01 17:55:00,1900-01-01 19:15:00,1.3333333333333333
43242,46,Short,1900-01-01 16:45:00,1900-01-01 18:05:00,1.3333333333333333
43243,46,Short,1900-01-01 18:30:00,1900-01-01 19:50:00,1.3333333333333333
43244,46,Short,1900-01-01 17:00:00,1900-01-01 18:20:00,1.3333333333333333
43245,46,Short,1900-01-01 18:50:00,1900-01-01 20:10:00,1.3333333333333333
43246,46,Short,1900-01-01 17:20:00,1900-01-01 18:40:00,1.3333333333333333
43247,41,Short,1900-01-01 20:00:00,1900-01-01 21:20:00,1.3333333333333333
43248,46,Short,1900-01-01 18:10:00,1900-01-01 19:30:00,1.3333333333333333
43250,46,Short,1900-01-01 18:55:00,1900-01-01 20:15:00,1.3333333333333333
43251,41,Short,1900-01-01 20:55:00,1900-01-01 22:15:00,1.3333333333333333
43252,46,Short,1900-01-01 19:35:00,1900-01-01 21:00:00,1.4166666666666667
43253,41,Short,1900-01-01 21:40:00,1900-01-01 23:00:00,1.3333333333333333
43254,46,Short,1900-01-01 20:00:00,1900-01-01 21:20:00,1.3333333333333333
43255,41,Short,1900-01-01 23:10:00,1900-01-01 00:30:00,1.3333333333333333
43256,46,Short,1900-01-01 20:30:00,1900-01-01 21:50:00,1.3333333333333333
43257,41,Short,1900-01-01 23:45:00,1900-01-01 01:05:00,1.3333333333333333
43258,46,Short,1900-01-01 20:50:00,1900-01-01 22:10:00,1.3333333333333333
43260,46,Short,1900-01-01 21:55:00,1900-01-01 23:15:00,1.3333333333333333
43401,68,Short,1900-01-01 05:30:00,1900-01-01 06:55:00,1.4166666666666667
43402,73,Short,1900-01-01 03:45:00,1900-01-01 05:45:00,2.0
43403,73,Short,1900-01-01 06:00:00,1900-01-01 08:00:00,2.0
43404,73,Short,1900-01-01 04:40:00,1900-01-01 06:40:00,2.0
43405,73,Short,1900-01-01 06:45:00,1900-01-01 08:45:00,2.0
43406,73,Short,1900-01-01 05:05:00,1900-01-01 06:55:00,1.8333333333333333
43407,73,Short,1900-01-01 08:20:00,1900-01-01 10:15:00,1.9166666666666667
43408,68,Short,1900-01-01 06:40:00,1900-01-01 08:25:00,1.75
43409,73,Short,1900-01-01 09:10:00,1900-01-01 11:10:00,2.0
43410,68,Short,1900-01-01 07:10:00,1900-01-01 09:00:00,1.8333333333333333
43411,73,Short,1900-01-01 11:05:00,1900-01-01 13:05:00,2.0
43412,73,Short,1900-01-01 08:10:00,1900-01-01 10:10:00,2.0
43413,73,Short,1900-01-01 12:50:00,1900-01-01 14:55:00,2.0833333333333335
43414,73,Short,1900-01-01 08:55:00,1900-01-01 10:55:00,2.0
43415,73,Short,1900-01-01 13:40:00,1900-01-01 15:45:00,2.0833333333333335
43418,73,Short,1900-01-01 12:00:00,1900-01-01 13:50:00,1.8333333333333333
43419,73,Short,1900-01-01 16:00:00,1900-01-01 18:00:00,2.0
43420,73,Short,1900-01-01 13:50:00,1900-01-01 15:50:00,2.0
43421,73,Short,1900-01-01 16:45:00,1900-01-01 18:45:00,2.0
43422,73,Short,1900-01-01 15:40:00,1900-01-01 17:40:00,2.0
43423,68,Short,1900-01-01 17:15:00,1900-01-01 19:10:00,1.9166666666666667
43424,68,Short,1900-01-01 16:50:00,1900-01-01 18:50:00,2.0
43425,73,Short,1900-01-01 18:05:00,1900-01-01 20:05:00,2.0
43426,68,Short,1900-01-01 18:10:00,1900-01-01 20:10:00,2.0
43427,73,Short,1900-01-01 18:05:00,1900-01-01 20:05:00,2.0
43428,73,Short,1900-01-01 18:55:00,1900-01-01 20:55:00,2.0
43429,68,Short,1900-01-01 18:40:00,1900-01-01 20:45:00,2.0833333333333335
43430,73,Short,1900-01-01 19:30:00,1900-01-01 21:30:00,2.0
43431,68,Short,1900-01-01 19:30:00,1900-01-01 21:00:00,1.5
43433,68,Short,1900-01-01 19:45:00,1900-01-01 21:50:00,2.0833333333333335
43434,73,Short,1900-01-01 20:25:00,1900-01-01 22:25:00,2.0
43435,68,Short,1900-01-01 20:10:00,1900-01-01 21:25:00,1.25
43436,73,Short,1900-01-01 21:25:00,1900-01-01 23:25:00,2.0
43437,68,Short,1900-01-01 21:15:00,1900-01-01 23:15:00,2.0
43438,73,Short,1900-01-01 21:45:00,1900-01-01 23:45:00,2.0
43439,68,Short,1900-01-01 22:10:00,1900-01-01 00:15:00,2.0833333333333335
43501,86,Short,1900-01-01 04:00:00,1900-01-01 06:15:00,2.25
43502,86,Short,1900-01-01 05:40:00,1900-01-01 08:00:00,2.3333333333333335
43503,86,Short,1900-01-01 07:05:00,1900-01-01 09:20:00,2.25
43504,86,Short,1900-01-01 06:30:00,1900-01-01 08:50:00,2.3333333333333335
43505,86,Short,1900-01-01 10:00:00,1900-01-01 12:20:00,2.3333333333333335
43506,86,Short,1900-01-01 09:40:00,1900-01-01 12:00:00,2.3333333333333335
43507,86,Short,1900-01-01 11:45:00,1900-01-01 14:05:00,2.3333333333333335
43508,86,Short,1900-01-01 13:15:00,1900-01-01 15:25:00,2.1666666666666665
43509,86,Short,1900-01-01 14:20:00,1900-01-01 16:40:00,2.3333333333333335
43510,86,Short,1900-01-01 14:30:00,1900-01-01 16:45:00,2.25
43511,86,Short,1900-01-01 15:30:00,1900-01-01 17:55:00,2.4166666666666665
43512,86,Short,1900-01-01 15:45:00,1900-01-01 18:00:00,2.25
43513,86,Short,1900-01-01 17:40:00,1900-01-01 20:10:00,2.5
43514,86,Short,1900-01-01 16:55:00,1900-01-01 19:15:00,2.3333333333333335
43515,86,Short,1900-01-01 19:00:00,1900-01-01 21:30:00,2.5
43516,86,Short,1900-01-01 18:05:00,1900-01-01 20:25:00,2.3333333333333335
43517,80,Short,1900-01-01 20:20:00,1900-01-01 22:40:00,2.3333333333333335
43518,81,Short,1900-01-01 20:20:00,1900-01-01 22:40:00,2.3333333333333335
43520,81,Short,1900-01-01 21:45:00,1900-01-01 23:59:00,2.2333333333333334
43551,12,Short,1900-01-01 04:15:00,1900-01-01 04:35:00,0.3333333333333333
43552,12,Short,1900-01-01 04:45:00,1900-01-01 05:05:00,0.3333333333333333
43553,12,Short,1900-01-01 05:10:00,1900-01-01 05:30:00,0.3333333333333333
43554,12,Short,1900-01-01 21:05:00,1900-01-01 21:30:00,0.4166666666666667
43556,12,Short,1900-01-01 23:00:00,1900-01-01 23:20:00,0.3333333333333333
43601,22,Short,1900-01-01 06:50:00,1900-01-01 07:50:00,1.0
43602,22,Short,1900-01-01 04:10:00,1900-01-01 05:05:00,0.9166666666666666
43603,22,Short,1900-01-01 08:10:00,1900-01-01 09:00:00,0.8333333333333334
43604,22,Short,1900-01-01 04:25:00,1900-01-01 05:15:00,0.8333333333333334
43605,22,Short,1900-01-01 11:05:00,1900-01-01 11:55:00,0.8333333333333334
43606,22,Short,1900-01-01 06:10:00,1900-01-01 07:00:00,0.8333333333333334
43607,22,Short,1900-01-01 19:35:00,1900-01-01 20:30:00,0.9166666666666666
43608,22,Short,1900-01-01 07:10:00,1900-01-01 08:00:00,0.8333333333333334
43610,22,Short,1900-01-01 08:15:00,1900-01-01 09:05:00,0.8333333333333334
43611,22,Short,1900-01-01 20:20:00,1900-01-01 21:10:00,0.8333333333333334
43612,22,Short,1900-01-01 08:45:00,1900-01-01 09:40:00,0.9166666666666666
43613,22,Short,1900-01-01 21:45:00,1900-01-01 22:40:00,0.9166666666666666
43614,22,Short,1900-01-01 12:10:00,1900-01-01 13:00:00,0.8333333333333334
43615,22,Short,1900-01-01 23:15:00,1900-01-01 00:05:00,0.8333333333333334
43616,22,Short,1900-01-01 14:40:00,1900-01-01 15:35:00,0.9166666666666666
43618,22,Short,1900-01-01 16:20:00,1900-01-01 17:10:00,0.8333333333333334
43620,22,Short,1900-01-01 16:40:00,1900-01-01 17:30:00,0.8333333333333334
43622,22,Short,1900-01-01 17:55:00,1900-01-01 18:45:00,0.8333333333333334
43650,22,Short,1900-01-01 07:40:00,1900-01-01 08:30:00,0.8333333333333334
43651,36,Short,1900-01-01 06:05:00,1900-01-01 07:50:00,1.75
43652,37,Short,1900-01-01 04:10:00,1900-01-01 05:55:00,1.75
43653,36,Short,1900-01-01 07:25:00,1900-01-01 09:05:00,1.6666666666666667
43654,37,Short,1900-01-01 04:25:00,1900-01-01 06:15:00,1.8333333333333333
43655,36,Short,1900-01-01 10:15:00,1900-01-01 12:00:00,1.75
43656,37,Short,1900-01-01 06:05:00,1900-01-01 07:45:00,1.6666666666666667
43657,36,Short,1900-01-01 19:30:00,1900-01-01 21:20:00,1.8333333333333333
43658,37,Short,1900-01-01 07:10:00,1900-01-01 08:45:00,1.5833333333333333
43659,36,Short,1900-01-01 20:30:00,1900-01-01 22:15:00,1.75
43660,37,Short,1900-01-01 07:40:00,1900-01-01 09:20:00,1.6666666666666667
43661,36,Short,1900-01-01 20:50:00,1900-01-01 22:40:00,1.8333333333333333
43662,37,Short,1900-01-01 08:15:00,1900-01-01 10:00:00,1.75
43663,36,Short,1900-01-01 22:30:00,1900-01-01 00:10:00,1.6666666666666667
43664,37,Short,1900-01-01 08:45:00,1900-01-01 10:30:00,1.75
43666,37,Short,1900-01-01 12:10:00,1900-01-01 13:50:00,1.6666666666666667
43668,37,Short,1900-01-01 14:40:00,1900-01-01 16:30:00,1.8333333333333333
43670,37,Short,1900-01-01 16:20:00,1900-01-01 18:00:00,1.6666666666666667
43672,37,Short,1900-01-01 16:40:00,1900-01-01 18:15:00,1.5833333333333333
43674,37,Short,1900-01-01 17:50:00,1900-01-01 19:30:00,1.6666666666666667
43701,48,Short,1900-01-01 05:35:00,1900-01-01 07:00:00,1.4166666666666667
43702,48,Short,1900-01-01 11:05:00,1900-01-01 12:30:00,1.4166666666666667
43703,48,Short,1900-01-01 06:20:00,1900-01-01 07:45:00,1.4166666666666667
43704,48,Short,1900-01-01 13:40:00,1900-01-01 15:05:00,1.4166666666666667
43705,48,Short,1900-01-01 09:50:00,1900-01-01 11:15:00,1.4166666666666667
43706,48,Short,1900-01-01 17:55:00,1900-01-01 19:20:00,1.4166666666666667
43707,48,Short,1900-01-01 13:05:00,1900-01-01 14:30:00,1.4166666666666667
43708,48,Short,1900-01-01 18:25:00,1900-01-01 19:45:00,1.3333333333333333
43709,48,Short,1900-01-01 15:30:00,1900-01-01 16:50:00,1.3333333333333333
43710,48,Short,1900-01-01 19:45:00,1900-01-01 21:10:00,1.4166666666666667
43711,48,Short,1900-01-01 17:40:00,1900-01-01 19:05:00,1.4166666666666667
43713,42,Short,1900-01-01 19:10:00,1900-01-01 20:35:00,1.4166666666666667
43715,48,Short,1900-01-01 19:50:00,1900-01-01 21:10:00,1.3333333333333333
43751,32,Short,1900-01-01 09:10:00,1900-01-01 10:20:00,1.1666666666666667
43752,32,Short,1900-01-01 08:40:00,1900-01-01 09:52:00,1.2
43753,32,Short,1900-01-01 10:05:00,1900-01-01 11:15:00,1.1666666666666667
43754,32,Short,1900-01-01 20:35:00,1900-01-01 21:55:00,1.3333333333333333
43755,32,Short,1900-01-01 13:50:00,1900-01-01 15:00:00,1.1666666666666667
43757,32,Short,1900-01-01 17:25:00,1900-01-01 18:30:00,1.0833333333333333
43761,57,Short,1900-01-01 05:30:00,1900-01-01 07:45:00,2.25
43762,57,Short,1900-01-01 11:05:00,1900-01-01 13:10:00,2.0833333333333335
43763,57,Short,1900-01-01 09:05:00,1900-01-01 11:15:00,2.1666666666666665
43764,57,Short,1900-01-01 13:40:00,1900-01-01 15:50:00,2.1666666666666665
43765,57,Short,1900-01-01 12:15:00,1900-01-01 14:30:00,2.25
43766,57,Short,1900-01-01 17:55:00,1900-01-01 20:10:00,2.25
43767,57,Short,1900-01-01 14:35:00,1900-01-01 16:50:00,2.25
43768,57,Short,1900-01-01 18:20:00,1900-01-01 20:45:00,2.4166666666666665
43769,57,Short,1900-01-01 16:55:00,1900-01-01 19:10:00,2.25
43770,57,Short,1900-01-01 19:45:00,1900-01-01 22:05:00,2.3333333333333335
43771,57,Short,1900-01-01 18:20:00,1900-01-01 20:35:00,2.25
43773,57,Short,1900-01-01 19:00:00,1900-01-01 21:15:00,2.25
43791,46,Short,1900-01-01 08:20:00,1900-01-01 10:20:00,2.0
43792,47,Short,1900-01-01 08:45:00,1900-01-01 10:50:00,2.0833333333333335
43793,46,Short,1900-01-01 09:15:00,1900-01-01 11:15:00,2.0
43794,42,Short,1900-01-01 20:35:00,1900-01-01 23:05:00,2.5
43795,46,Short,1900-01-01 12:55:00,1900-01-01 15:00:00,2.0833333333333335
43797,46,Short,1900-01-01 16:40:00,1900-01-01 18:40:00,2.0
43801,74,Short,1900-01-01 01:20:00,1900-01-01 03:30:00,2.1666666666666665
43802,75,Short,1900-01-01 04:00:00,1900-01-01 06:05:00,2.0833333333333335
43803,74,Short,1900-01-01 04:20:00,1900-01-01 06:30:00,2.1666666666666665
43804,70,Short,1900-01-01 07:50:00,1900-01-01 09:25:00,1.5833333333333333
43805,74,Short,1900-01-01 14:25:00,1900-01-01 16:35:00,2.1666666666666665
43806,70,Short,1900-01-01 16:10:00,1900-01-01 18:15:00,2.0833333333333335
43820,82,Short,1900-01-01 08:55:00,1900-01-01 11:15:00,2.3333333333333335
43821,82,Short,1900-01-01 12:10:00,1900-01-01 14:40:00,2.5
43823,82,Short,1900-01-01 18:25:00,1900-01-01 20:25:00,2.0
43831,20,Short,1900-01-01 07:15:00,1900-01-01 07:50:00,0.5833333333333334
43832,20,Short,1900-01-01 21:25:00,1900-01-01 21:55:00,0.5
43841,52,Short,1900-01-01 16:40:00,1900-01-01 18:00:00,1.3333333333333333
43842,47,Short,1900-01-01 11:20:00,1900-01-01 12:25:00,1.0833333333333333
43844,47,Short,1900-01-01 21:55:00,1900-01-01 23:10:00,1.25
43847,65,Short,1900-01-01 06:25:00,1900-01-01 08:20:00,1.9166666666666667
43851,70,Short,1900-01-01 15:40:00,1900-01-01 17:45:00,2.0833333333333335
43852,75,Short,1900-01-01 05:20:00,1900-01-01 07:50:00,2.5
43861,51,Short,1900-01-01 06:40:00,1900-01-01 08:20:00,1.6666666666666667
43872,29,Short,1900-01-01 08:42:00,1900-01-01 09:35:00,0.8833333333333333
43882,34,Short,1900-01-01 08:20:00,1900-01-01 09:15:00,0.9166666666666666
43891,4,Short,1900-01-01 02:50:00,1900-01-01 03:10:00,0.3333333333333333
43892,10,Short,1900-01-01 23:55:00,1900-01-01 00:15:00,0.3333333333333333
43901,52,Short,1900-01-01 10:30:00,1900-01-01 11:55:00,1.4166666666666667
43902,52,Short,1900-01-01 06:10:00,1900-01-01 07:35:00,1.4166666666666667
43903,52,Short,1900-01-01 12:00:00,1900-01-01 13:25:00,1.4166666666666667
43904,52,Short,1900-01-01 13:40:00,1900-01-01 15:05:00,1.4166666666666667
43912,53,Short,1900-01-01 12:05:00,1900-01-01 13:35:00,1.5
43921,5,Short,1900-01-01 05:50:00,1900-01-01 06:00:00,0.16666666666666666
43932,84,Short,1900-01-01 04:00:00,1900-01-01 06:50:00,2.8333333333333335
43934,84,Short,1900-01-01 06:55:00,1900-01-01 09:45:00,2.8333333333333335
43936,84,Short,1900-01-01 07:50:00,1900-01-01 10:10:00,2.3333333333333335
43938,84,Short,1900-01-01 16:15:00,1900-01-01 18:55:00,2.6666666666666665
43941,97,Short,1900-01-01 11:20:00,1900-01-01 14:45:00,3.4166666666666665
43942,97,Short,1900-01-01 08:50:00,1900-01-01 12:05:00,3.25
43943,97,Short,1900-01-01 17:35:00,1900-01-01 20:30:00,2.9166666666666665
43952,63,Short,1900-01-01 12:05:00,1900-01-01 14:30:00,2.4166666666666665
47100,25,Short,1900-01-01 04:35:00,1900-01-01 05:20:00,0.75
47101,25,Short,1900-01-01 05:40:00,1900-01-01 06:25:00,0.75
47102,25,Short,1900-01-01 06:20:00,1900-01-01 07:05:00,0.75
47103,25,Short,1900-01-01 07:00:00,1900-01-01 07:50:00,0.8333333333333334
47104,25,Short,1900-01-01 07:46:00,1900-01-01 08:31:00,0.75
47105,25,Short,1900-01-01 08:15:00,1900-01-01 09:05:00,0.8333333333333334
47106,25,Short,1900-01-01 09:00:00,1900-01-01 09:45:00,0.75
47107,25,Short,1900-01-01 09:36:00,1900-01-01 10:21:00,0.75
47108,25,Short,1900-01-01 10:12:00,1900-01-01 10:57:00,0.75
47109,25,Short,1900-01-01 10:55:00,1900-01-01 11:40:00,0.75
47110,25,Short,1900-01-01 11:22:00,1900-01-01 12:07:00,0.75
47111,25,Short,1900-01-01 12:00:00,1900-01-01 12:55:00,0.9166666666666666
47112,25,Short,1900-01-01 13:25:00,1900-01-01 14:10:00,0.75
47113,25,Short,1900-01-01 14:20:00,1900-01-01 15:05:00,0.75
47114,25,Short,1900-01-01 15:20:00,1900-01-01 16:05:00,0.75
47115,25,Short,1900-01-01 15:45:00,1900-01-01 16:30:00,0.75
47116,25,Short,1900-01-01 16:10:00,1900-01-01 17:05:00,0.9166666666666666
47117,25,Short,1900-01-01 17:05:00,1900-01-01 17:50:00,0.75
47118,25,Short,1900-01-01 17:40:00,1900-01-01 18:25:00,0.75
47119,25,Short,1900-01-01 18:08:00,1900-01-01 18:53:00,0.75
47120,25,Short,1900-01-01 18:57:00,1900-01-01 19:45:00,0.8
47121,25,Short,1900-01-01 19:35:00,1900-01-01 20:20:00,0.75
47122,25,Short,1900-01-01 20:00:00,1900-01-01 20:50:00,0.8333333333333334
47123,25,Short,1900-01-01 20:53:00,1900-01-01 21:38:00,0.75
47124,25,Short,1900-01-01 21:50:00,1900-01-01 22:35:00,0.75
47125,25,Short,1900-01-01 22:15:00,1900-01-01 23:00:00,0.75
47126,23,Short,1900-01-01 05:25:00,1900-01-01 06:10:00,0.75
47127,23,Short,1900-01-01 05:50:00,1900-01-01 06:40:00,0.8333333333333334
47128,23,Short,1900-01-01 06:38:00,1900-01-01 07:30:00,0.8666666666666667
47129,23,Short,1900-01-01 07:20:00,1900-01-01 08:05:00,0.75
47130,23,Short,1900-01-01 08:00:00,1900-01-01 08:50:00,0.8333333333333334
47131,23,Short,1900-01-01 08:43:00,1900-01-01 09:28:00,0.75
47132,23,Short,1900-01-01 09:19:00,1900-01-01 10:04:00,0.75
47133,23,Short,1900-01-01 09:55:00,1900-01-01 10:45:00,0.8333333333333334
47134,23,Short,1900-01-01 10:29:00,1900-01-01 11:14:00,0.75
47135,23,Short,1900-01-01 11:05:00,1900-01-01 11:52:00,0.7833333333333333
47136,23,Short,1900-01-01 11:48:00,1900-01-01 12:33:00,0.75
47137,23,Short,1900-01-01 12:30:00,1900-01-01 13:15:00,0.75
47138,23,Short,1900-01-01 13:05:00,1900-01-01 13:55:00,0.8333333333333334
47139,23,Short,1900-01-01 15:00:00,1900-01-01 15:45:00,0.75
47140,23,Short,1900-01-01 16:13:00,1900-01-01 17:00:00,0.7833333333333333
47141,23,Short,1900-01-01 17:15:00,1900-01-01 18:00:00,0.75
47142,23,Short,1900-01-01 18:00:00,1900-01-01 18:50:00,0.8333333333333334
47143,23,Short,1900-01-01 18:40:00,1900-01-01 19:25:00,0.75
47144,23,Short,1900-01-01 19:01:00,1900-01-01 19:46:00,0.75
47145,23,Short,1900-01-01 19:55:00,1900-01-01 20:45:00,0.8333333333333334
47146,23,Short,1900-01-01 21:00:00,1900-01-01 21:45:00,0.75
47147,23,Short,1900-01-01 21:55:00,1900-01-01 22:40:00,0.75
47148,23,Short,1900-01-01 22:45:00,1900-01-01 23:30:00,0.75
47149,37,Short,1900-01-01 04:25:00,1900-01-01 05:47:00,1.3666666666666667
47150,37,Short,1900-01-01 05:30:00,1900-01-01 06:47:00,1.2833333333333334
47151,37,Short,1900-01-01 05:50:00,1900-01-01 07:12:00,1.3666666666666667
47152,37,Short,1900-01-01 07:30:00,1900-01-01 08:45:00,1.25
47153,37,Short,1900-01-01 06:45:00,1900-01-01 08:15:00,1.5
47154,37,Short,1900-01-01 07:50:00,1900-01-01 09:07:00,1.2833333333333334
47155,37,Short,1900-01-01 09:12:00,1900-01-01 10:35:00,1.3833333333333333
47156,37,Short,1900-01-01 10:35:00,1900-01-01 11:52:00,1.2833333333333334
47157,37,Short,1900-01-01 10:55:00,1900-01-01 12:20:00,1.4166666666666667
47158,37,Short,1900-01-01 12:10:00,1900-01-01 13:30:00,1.3333333333333333
47159,37,Short,1900-01-01 21:10:00,1900-01-01 22:40:00,1.5
47160,37,Short,1900-01-01 13:25:00,1900-01-01 14:42:00,1.2833333333333334
47161,37,Short,1900-01-01 15:15:00,1900-01-01 16:35:00,1.3333333333333333
47162,37,Short,1900-01-01 16:14:00,1900-01-01 17:35:00,1.35
47163,37,Short,1900-01-01 17:10:00,1900-01-01 18:30:00,1.3333333333333333
47164,37,Short,1900-01-01 17:38:00,1900-01-01 19:03:00,1.4166666666666667
47165,37,Short,1900-01-01 09:55:00,1900-01-01 11:22:00,1.45
47166,37,Short,1900-01-01 18:48:00,1900-01-01 20:10:00,1.3666666666666667
47167,37,Short,1900-01-01 19:45:00,1900-01-01 21:05:00,1.3333333333333333
47168,14,Short,1900-01-01 22:50:00,1900-01-01 23:35:00,0.75
47169,37,Short,1900-01-01 13:02:00,1900-01-01 14:25:00,1.3833333333333333
47170,37,Short,1900-01-01 21:45:00,1900-01-01 23:10:00,1.4166666666666667
47171,37,Short,1900-01-01 04:25:00,1900-01-01 05:42:00,1.2833333333333334
47172,14,Short,1900-01-01 06:00:00,1900-01-01 06:30:00,0.5
47173,37,Short,1900-01-01 05:55:00,1900-01-01 07:12:00,1.2833333333333334
47174,37,Short,1900-01-01 07:05:00,1900-01-01 08:30:00,1.4166666666666667
47175,37,Short,1900-01-01 07:45:00,1900-01-01 09:02:00,1.2833333333333334
47176,37,Short,1900-01-01 08:23:00,1900-01-01 09:47:00,1.4
47177,37,Short,1900-01-01 09:00:00,1900-01-01 10:27:00,1.45
47178,37,Short,1900-01-01 09:25:00,1900-01-01 10:42:00,1.2833333333333334
47179,37,Short,1900-01-01 10:45:00,1900-01-01 12:02:00,1.2833333333333334
47180,37,Short,1900-01-01 12:00:00,1900-01-01 13:17:00,1.2833333333333334
47181,37,Short,1900-01-01 12:40:00,1900-01-01 14:00:00,1.3333333333333333
47182,37,Short,1900-01-01 13:20:00,1900-01-01 14:40:00,1.3333333333333333
47183,37,Short,1900-01-01 14:30:00,1900-01-01 15:52:00,1.3666666666666667
47184,37,Short,1900-01-01 14:50:00,1900-01-01 16:06:00,1.2666666666666666
47185,37,Short,1900-01-01 15:45:00,1900-01-01 17:02:00,1.2833333333333334
47186,37,Short,1900-01-01 16:25:00,1900-01-01 17:50:00,1.4166666666666667
47187,37,Short,1900-01-01 17:05:00,1900-01-01 18:30:00,1.4166666666666667
47188,37,Short,1900-01-01 18:10:00,1900-01-01 19:37:00,1.45
47189,37,Short,1900-01-01 11:30:00,1900-01-01 12:53:00,1.3833333333333333
47190,37,Short,1900-01-01 18:35:00,1900-01-01 20:00:00,1.4166666666666667
47191,37,Short,1900-01-01 19:15:00,1900-01-01 20:37:00,1.3666666666666667
47192,37,Short,1900-01-01 20:20:00,1900-01-01 21:37:00,1.2833333333333334
47193,37,Short,1900-01-01 20:45:00,1900-01-01 22:07:00,1.3666666666666667
47194,37,Short,1900-01-01 21:45:00,1900-01-01 23:15:00,1.5
47195,22,Short,1900-01-01 22:25:00,1900-01-01 23:20:00,0.9166666666666666
47196,9,Short,1900-01-01 04:50:00,1900-01-01 05:20:00,0.5
47197,24,Short,1900-01-01 08:40:00,1900-01-01 09:50:00,1.1666666666666667
47198,37,Short,1900-01-01 11:20:00,1900-01-01 12:50:00,1.5
47199,24,Short,1900-01-01 13:56:00,1900-01-01 15:03:00,1.1166666666666667
47200,24,Short,1900-01-01 14:15:00,1900-01-01 15:35:00,1.3333333333333333
47201,24,Short,1900-01-01 16:00:00,1900-01-01 17:05:00,1.0833333333333333
47202,24,Short,1900-01-01 20:10:00,1900-01-01 21:15:00,1.0833333333333333
47203,37,Short,1900-01-01 20:50:00,1900-01-01 22:10:00,1.3333333333333333
47204,14,Short,1900-01-01 22:30:00,1900-01-01 23:15:00,0.75
47205,14,Short,1900-01-01 04:30:00,1900-01-01 05:00:00,0.5
47206,25,Short,1900-01-01 05:48:00,1900-01-01 06:55:00,1.1166666666666667
47207,37,Short,1900-01-01 19:10:00,1900-01-01 20:30:00,1.3333333333333333
47208,25,Short,1900-01-01 10:05:00,1900-01-01 11:12:00,1.1166666666666667
47209,25,Short,1900-01-01 12:41:00,1900-01-01 13:48:00,1.1166666666666667
47210,37,Short,1900-01-01 17:35:00,1900-01-01 18:52:00,1.2833333333333334
47211,37,Short,1900-01-01 08:30:00,1900-01-01 09:50:00,1.3333333333333333
47212,37,Short,1900-01-01 10:05:00,1900-01-01 11:25:00,1.3333333333333333
47213,37,Short,1900-01-01 06:30:00,1900-01-01 07:50:00,1.3333333333333333
47214,37,Short,1900-01-01 11:35:00,1900-01-01 13:00:00,1.4166666666666667
47215,37,Short,1900-01-01 13:10:00,1900-01-01 14:30:00,1.3333333333333333
47216,37,Short,1900-01-01 14:40:00,1900-01-01 16:00:00,1.3333333333333333
47217,37,Short,1900-01-01 16:00:00,1900-01-01 17:20:00,1.3333333333333333
47218,37,Short,1900-01-01 18:00:00,1900-01-01 19:25:00,1.4166666666666667
47219,37,Short,1900-01-01 19:38:00,1900-01-01 20:55:00,1.2833333333333334
47220,37,Short,1900-01-01 21:05:00,1900-01-01 22:50:00,1.75
50101,251,Medium,1900-01-01 03:20:00,1900-01-01 09:55:00,6.583333333333333
50102,244,Medium,1900-01-01 19:10:00,1900-01-01 00:15:00,5.083333333333333
50103,347,Medium,1900-01-01 15:40:00,1900-01-01 00:25:00,8.75
50104,349,Medium,1900-01-01 05:30:00,1900-01-01 14:20:00,8.833333333333334
50105,486,Medium,1900-01-01 06:25:00,1900-01-01 17:50:00,11.416666666666666
50106,476,Medium,1900-01-01 08:30:00,1900-01-01 20:10:00,11.666666666666666
50107,78,Short,1900-01-01 17:55:00,1900-01-01 20:30:00,2.5833333333333335
50108,83,Short,1900-01-01 06:15:00,1900-01-01 08:25:00,2.1666666666666665
50119,27,Short,1900-01-01 00:20:00,1900-01-01 01:10:00,0.8333333333333334
50120,27,Short,1900-01-01 04:45:00,1900-01-01 05:30:00,0.75
51027,430,Medium,1900-01-01 22:55:00,1900-01-01 10:30:00,11.583333333333334
51028,430,Medium,1900-01-01 17:25:00,1900-01-01 04:10:00,10.75
51029,565,Long,1900-01-01 22:55:00,1900-01-01 12:20:00,13.416666666666666
51030,566,Long,1900-01-01 14:50:00,1900-01-01 04:10:00,13.333333333333334
51033,187,Short,1900-01-01 06:20:00,1900-01-01 10:55:00,4.583333333333333
51034,187,Short,1900-01-01 16:10:00,1900-01-01 20:50:00,4.666666666666667
51111,56,Short,1900-01-01 06:00:00,1900-01-01 07:15:00,1.25
51112,56,Short,1900-01-01 07:50:00,1900-01-01 09:05:00,1.25
51113,56,Short,1900-01-01 09:50:00,1900-01-01 11:05:00,1.25
51114,56,Short,1900-01-01 11:40:00,1900-01-01 12:55:00,1.25
51115,56,Short,1900-01-01 13:40:00,1900-01-01 14:55:00,1.25
51116,56,Short,1900-01-01 15:30:00,1900-01-01 16:45:00,1.25
51135,9,Short,1900-01-01 01:30:00,1900-01-01 01:45:00,0.25
51136,9,Short,1900-01-01 02:15:00,1900-01-01 02:30:00,0.25
51137,9,Short,1900-01-01 03:20:00,1900-01-01 03:35:00,0.25
51138,9,Short,1900-01-01 03:55:00,1900-01-01 04:10:00,0.25
51139,9,Short,1900-01-01 06:25:00,1900-01-01 06:40:00,0.25
51140,9,Short,1900-01-01 07:15:00,1900-01-01 07:30:00,0.25
51141,9,Short,1900-01-01 11:00:00,1900-01-01 11:15:00,0.25
51142,9,Short,1900-01-01 12:30:00,1900-01-01 12:45:00,0.25
51145,9,Short,1900-01-01 18:00:00,1900-01-01 18:15:00,0.25
51146,9,Short,1900-01-01 18:50:00,1900-01-01 19:05:00,0.25
51147,9,Short,1900-01-01 19:50:00,1900-01-01 20:05:00,0.25
51148,9,Short,1900-01-01 20:25:00,1900-01-01 20:40:00,0.25
51149,9,Short,1900-01-01 22:55:00,1900-01-01 23:10:00,0.25
51150,9,Short,1900-01-01 23:40:00,1900-01-01 23:55:00,0.25
51151,108,Short,1900-01-01 05:25:00,1900-01-01 08:45:00,3.3333333333333335
51152,109,Short,1900-01-01 18:00:00,1900-01-01 21:00:00,3.0
51153,444,Medium,1900-01-01 05:25:00,1900-01-01 17:55:00,12.5
51154,444,Medium,1900-01-01 07:05:00,1900-01-01 19:05:00,12.0
51157,306,Medium,1900-01-01 20:40:00,1900-01-01 06:15:00,9.583333333333334
51158,306,Medium,1900-01-01 19:20:00,1900-01-01 08:35:00,13.25
51181,262,Medium,1900-01-01 04:50:00,1900-01-01 10:05:00,5.25
51182,262,Medium,1900-01-01 17:15:00,1900-01-01 23:00:00,5.75
51183,361,Medium,1900-01-01 06:30:00,1900-01-01 16:00:00,9.5
51184,339,Medium,1900-01-01 09:15:00,1900-01-01 18:55:00,9.666666666666666
51187,642,Long,1900-01-01 09:30:00,1900-01-01 03:25:00,17.916666666666668
51188,642,Long,1900-01-01 22:20:00,1900-01-01 17:00:00,18.666666666666668
51189,610,Long,1900-01-01 11:30:00,1900-01-01 09:40:00,22.166666666666668
51190,609,Long,1900-01-01 19:20:00,1900-01-01 15:30:00,20.166666666666668
51195,132,Short,1900-01-01 06:00:00,1900-01-01 09:45:00,3.75
51196,132,Short,1900-01-01 17:30:00,1900-01-01 21:10:00,3.6666666666666665
51197,318,Medium,1900-01-01 14:30:00,1900-01-01 21:40:00,7.166666666666667
51198,318,Medium,1900-01-01 23:00:00,1900-01-01 08:00:00,9.0
51239,22,Short,1900-01-01 07:05:00,1900-01-01 07:40:00,0.5833333333333334
51240,22,Short,1900-01-01 17:35:00,1900-01-01 18:15:00,0.6666666666666666
51253,115,Short,1900-01-01 08:00:00,1900-01-01 12:00:00,4.0
51254,115,Short,1900-01-01 17:40:00,1900-01-01 20:50:00,3.1666666666666665
51255,88,Short,1900-01-01 15:05:00,1900-01-01 17:15:00,2.1666666666666665
51256,88,Short,1900-01-01 12:30:00,1900-01-01 14:40:00,2.1666666666666665
51259,78,Short,1900-01-01 18:10:00,1900-01-01 20:10:00,2.0
51260,78,Short,1900-01-01 08:00:00,1900-01-01 09:45:00,1.75
51261,104,Short,1900-01-01 15:10:00,1900-01-01 18:05:00,2.9166666666666665
51262,104,Short,1900-01-01 10:05:00,1900-01-01 14:20:00,4.25
51285,397,Medium,1900-01-01 19:30:00,1900-01-01 08:45:00,13.25
51286,397,Medium,1900-01-01 04:50:00,1900-01-01 14:55:00,10.083333333333334
51293,167,Short,1900-01-01 18:05:00,1900-01-01 22:30:00,4.416666666666667
51294,167,Short,1900-01-01 04:30:00,1900-01-01 09:15:00,4.75
51317,91,Short,1900-01-01 15:10:00,1900-01-01 18:15:00,3.0833333333333335
51318,91,Short,1900-01-01 11:15:00,1900-01-01 14:15:00,3.0
51347,120,Short,1900-01-01 18:45:00,1900-01-01 21:55:00,3.1666666666666665
51348,43,Short,1900-01-01 22:15:00,1900-01-01 23:30:00,1.25
51350,77,Short,1900-01-01 07:05:00,1900-01-01 08:50:00,1.75
51401,314,Medium,1900-01-01 00:30:00,1900-01-01 09:50:00,9.333333333333334
51402,311,Medium,1900-01-01 21:15:00,1900-01-01 07:30:00,10.25
51405,212,Medium,1900-01-01 17:25:00,1900-01-01 23:10:00,5.75
51406,212,Medium,1900-01-01 06:10:00,1900-01-01 11:30:00,5.333333333333333
51407,47,Short,1900-01-01 16:55:00,1900-01-01 18:10:00,1.25
51408,47,Short,1900-01-01 21:30:00,1900-01-01 22:50:00,1.3333333333333333
51409,325,Medium,1900-01-01 09:15:00,1900-01-01 19:30:00,10.25
51410,326,Medium,1900-01-01 04:45:00,1900-01-01 16:25:00,11.666666666666666
51411,229,Medium,1900-01-01 14:20:00,1900-01-01 20:50:00,6.5
51412,208,Medium,1900-01-01 07:45:00,1900-01-01 13:55:00,6.166666666666667
51419,278,Medium,1900-01-01 07:30:00,1900-01-01 15:00:00,7.5
51420,279,Medium,1900-01-01 12:40:00,1900-01-01 20:05:00,7.416666666666667
51421,769,Long,1900-01-01 14:25:00,1900-01-01 10:35:00,20.166666666666668
51422,769,Long,1900-01-01 23:40:00,1900-01-01 20:55:00,21.25
51423,123,Short,1900-01-01 17:45:00,1900-01-01 20:35:00,2.8333333333333335
51424,123,Short,1900-01-01 13:50:00,1900-01-01 17:15:00,3.4166666666666665
51425,427,Medium,1900-01-01 07:25:00,1900-01-01 18:20:00,10.916666666666666
51426,437,Medium,1900-01-01 20:30:00,1900-01-01 06:15:00,9.75
51427,47,Short,1900-01-01 13:50:00,1900-01-01 15:15:00,1.4166666666666667
51428,47,Short,1900-01-01 10:50:00,1900-01-01 12:05:00,1.25
51429,54,Short,1900-01-01 20:35:00,1900-01-01 22:15:00,1.6666666666666667
51430,54,Short,1900-01-01 18:35:00,1900-01-01 20:10:00,1.5833333333333333
51431,188,Short,1900-01-01 06:10:00,1900-01-01 11:25:00,5.25
51432,188,Short,1900-01-01 11:45:00,1900-01-01 16:25:00,4.666666666666667
51433,523,Long,1900-01-01 13:25:00,1900-01-01 05:00:00,15.583333333333334
51434,511,Long,1900-01-01 06:00:00,1900-01-01 23:05:00,17.083333333333332
51435,145,Short,1900-01-01 17:05:00,1900-01-01 21:40:00,4.583333333333333
51436,145,Short,1900-01-01 04:30:00,1900-01-01 08:50:00,4.333333333333333
51437,189,Short,1900-01-01 10:55:00,1900-01-01 15:30:00,4.583333333333333
51438,189,Short,1900-01-01 06:05:00,1900-01-01 10:25:00,4.333333333333333
51441,180,Short,1900-01-01 05:20:00,1900-01-01 09:55:00,4.583333333333333
51442,180,Short,1900-01-01 16:50:00,1900-01-01 21:50:00,5.0
51451,120,Short,1900-01-01 07:10:00,1900-01-01 10:20:00,3.1666666666666665
51452,121,Short,1900-01-01 10:40:00,1900-01-01 13:55:00,3.25
51458,20,Short,1900-01-01 22:10:00,1900-01-01 22:55:00,0.75
51461,137,Short,1900-01-01 09:50:00,1900-01-01 13:15:00,3.4166666666666665
51462,137,Short,1900-01-01 06:00:00,1900-01-01 09:10:00,3.1666666666666665
51463,137,Short,1900-01-01 19:25:00,1900-01-01 22:50:00,3.4166666666666665
51464,137,Short,1900-01-01 14:30:00,1900-01-01 18:00:00,3.5
51601,261,Medium,1900-01-01 08:00:00,1900-01-01 15:15:00,7.25
51602,264,Medium,1900-01-01 13:40:00,1900-01-01 21:50:00,8.166666666666666
51603,263,Medium,1900-01-01 13:30:00,1900-01-01 20:00:00,6.5
51604,266,Medium,1900-01-01 17:00:00,1900-01-01 00:40:00,7.666666666666667
51605,256,Medium,1900-01-01 16:30:00,1900-01-01 00:30:00,8.0
51606,253,Medium,1900-01-01 03:10:00,1900-01-01 11:25:00,8.25
51607,118,Short,1900-01-01 06:20:00,1900-01-01 09:15:00,2.9166666666666665
51608,118,Short,1900-01-01 09:45:00,1900-01-01 12:40:00,2.9166666666666665
51609,118,Short,1900-01-01 15:10:00,1900-01-01 18:05:00,2.9166666666666665
51610,118,Short,1900-01-01 18:55:00,1900-01-01 21:55:00,3.0
51611,303,Medium,1900-01-01 08:15:00,1900-01-01 17:05:00,8.833333333333334
51612,303,Medium,1900-01-01 10:00:00,1900-01-01 18:50:00,8.833333333333334
51671,434,Medium,1900-01-01 04:25:00,1900-01-01 14:10:00,9.75
51672,434,Medium,1900-01-01 11:10:00,1900-01-01 21:20:00,10.166666666666666
51673,434,Medium,1900-01-01 04:00:00,1900-01-01 12:40:00,8.666666666666666
51674,434,Medium,1900-01-01 13:30:00,1900-01-01 00:20:00,10.833333333333334
51675,316,Medium,1900-01-01 21:15:00,1900-01-01 06:20:00,9.083333333333334
51676,316,Medium,1900-01-01 21:00:00,1900-01-01 07:20:00,10.333333333333334
51678,81,Short,1900-01-01 14:00:00,1900-01-01 16:50:00,2.8333333333333335
51679,316,Medium,1900-01-01 10:15:00,1900-01-01 20:10:00,9.916666666666666
51680,316,Medium,1900-01-01 07:25:00,1900-01-01 17:05:00,9.666666666666666
51685,32,Short,1900-01-01 13:15:00,1900-01-01 14:05:00,0.8333333333333334
51686,33,Short,1900-01-01 09:45:00,1900-01-01 10:40:00,0.9166666666666666
51687,32,Short,1900-01-01 18:10:00,1900-01-01 19:05:00,0.9166666666666666
51688,33,Short,1900-01-01 15:15:00,1900-01-01 16:10:00,0.9166666666666666
51701,238,Medium,1900-01-01 07:20:00,1900-01-01 13:40:00,6.333333333333333
51702,238,Medium,1900-01-01 14:20:00,1900-01-01 20:30:00,6.166666666666667
51703,124,Short,1900-01-01 05:40:00,1900-01-01 09:40:00,4.0
51704,121,Short,1900-01-01 06:00:00,1900-01-01 09:35:00,3.5833333333333335
51705,121,Short,1900-01-01 10:55:00,1900-01-01 14:50:00,3.9166666666666665
51706,121,Short,1900-01-01 13:45:00,1900-01-01 17:30:00,3.75
51708,124,Short,1900-01-01 18:30:00,1900-01-01 22:40:00,4.166666666666667
51753,401,Medium,1900-01-01 18:00:00,1900-01-01 05:30:00,11.5
51754,403,Medium,1900-01-01 15:00:00,1900-01-01 04:40:00,13.666666666666666
51755,86,Short,1900-01-01 06:15:00,1900-01-01 09:10:00,2.9166666666666665
51756,86,Short,1900-01-01 11:00:00,1900-01-01 14:15:00,3.25
51763,77,Short,1900-01-01 06:00:00,1900-01-01 08:05:00,2.0833333333333335
51764,77,Short,1900-01-01 08:25:00,1900-01-01 11:10:00,2.75
51765,77,Short,1900-01-01 16:10:00,1900-01-01 19:15:00,3.0833333333333335
51766,77,Short,1900-01-01 19:40:00,1900-01-01 21:40:00,2.0
51803,221,Medium,1900-01-01 08:20:00,1900-01-01 14:35:00,6.25
51804,221,Medium,1900-01-01 06:10:00,1900-01-01 12:30:00,6.333333333333333
51805,291,Medium,1900-01-01 17:25:00,1900-01-01 00:30:00,7.083333333333333
51806,291,Medium,1900-01-01 02:20:00,1900-01-01 10:05:00,7.75
51807,191,Short,1900-01-01 12:30:00,1900-01-01 16:50:00,4.333333333333333
51811,151,Short,1900-01-01 15:00:00,1900-01-01 18:55:00,3.9166666666666665
51812,151,Short,1900-01-01 06:50:00,1900-01-01 11:00:00,4.166666666666667
51813,295,Medium,1900-01-01 02:50:00,1900-01-01 11:25:00,8.583333333333334
51814,295,Medium,1900-01-01 16:35:00,1900-01-01 00:25:00,7.833333333333333
51815,204,Medium,1900-01-01 07:30:00,1900-01-01 12:40:00,5.166666666666667
51816,204,Medium,1900-01-01 14:45:00,1900-01-01 20:15:00,5.5
51817,254,Medium,1900-01-01 07:10:00,1900-01-01 15:30:00,8.333333333333334
51818,254,Medium,1900-01-01 07:45:00,1900-01-01 15:00:00,7.25
51821,63,Short,1900-01-01 10:45:00,1900-01-01 12:00:00,1.25
51822,63,Short,1900-01-01 12:35:00,1900-01-01 13:50:00,1.25
51827,381,Medium,1900-01-01 18:10:00,1900-01-01 09:50:00,15.666666666666666
51828,381,Medium,1900-01-01 18:10:00,1900-01-01 11:20:00,17.166666666666668
51829,297,Medium,1900-01-01 08:00:00,1900-01-01 17:45:00,9.75
51830,297,Medium,1900-01-01 12:00:00,1900-01-01 20:35:00,8.583333333333334
51831,204,Medium,1900-01-01 16:00:00,1900-01-01 23:40:00,7.666666666666667
51832,204,Medium,1900-01-01 06:20:00,1900-01-01 11:25:00,5.083333333333333
51861,13,Short,1900-01-01 05:40:00,1900-01-01 06:15:00,0.5833333333333334
51862,13,Short,1900-01-01 06:35:00,1900-01-01 07:10:00,0.5833333333333334
51863,13,Short,1900-01-01 07:50:00,1900-01-01 08:25:00,0.5833333333333334
51864,13,Short,1900-01-01 08:45:00,1900-01-01 09:20:00,0.5833333333333334
51865,13,Short,1900-01-01 11:10:00,1900-01-01 11:45:00,0.5833333333333334
51866,13,Short,1900-01-01 14:25:00,1900-01-01 15:00:00,0.5833333333333334
51867,13,Short,1900-01-01 17:25:00,1900-01-01 18:00:00,0.5833333333333334
51868,13,Short,1900-01-01 19:50:00,1900-01-01 20:25:00,0.5833333333333334
51869,13,Short,1900-01-01 22:10:00,1900-01-01 22:45:00,0.5833333333333334
51870,13,Short,1900-01-01 04:00:00,1900-01-01 04:35:00,0.5833333333333334
51881,107,Short,1900-01-01 18:10:00,1900-01-01 21:30:00,3.3333333333333335
51882,107,Short,1900-01-01 07:35:00,1900-01-01 10:15:00,2.6666666666666665
51883,345,Medium,1900-01-01 12:05:00,1900-01-01 22:35:00,10.5
51884,345,Medium,1900-01-01 08:30:00,1900-01-01 17:45:00,9.25
51885,152,Short,1900-01-01 18:00:00,1900-01-01 21:50:00,3.8333333333333335
51886,154,Short,1900-01-01 05:45:00,1900-01-01 09:20:00,3.5833333333333335
51901,190,Short,1900-01-01 09:00:00,1900-01-01 16:00:00,7.0
51902,194,Short,1900-01-01 07:00:00,1900-01-01 13:25:00,6.416666666666667
51905,93,Short,1900-01-01 18:55:00,1900-01-01 22:15:00,3.3333333333333335
51906,90,Short,1900-01-01 02:00:00,1900-01-01 04:30:00,2.5
51907,70,Short,1900-01-01 18:45:00,1900-01-01 20:50:00,2.0833333333333335
51908,70,Short,1900-01-01 16:20:00,1900-01-01 18:15:00,1.9166666666666667
51909,163,Short,1900-01-01 05:20:00,1900-01-01 11:00:00,5.666666666666667
51910,163,Short,1900-01-01 06:55:00,1900-01-01 12:15:00,5.333333333333333
51911,163,Short,1900-01-01 12:45:00,1900-01-01 17:50:00,5.083333333333333
51912,163,Short,1900-01-01 18:15:00,1900-01-01 23:50:00,5.583333333333333
51913,163,Short,1900-01-01 18:05:00,1900-01-01 23:35:00,5.5
51914,160,Short,1900-01-01 03:15:00,1900-01-01 08:10:00,4.916666666666667
51915,52,Short,1900-01-01 00:10:00,1900-01-01 01:55:00,1.75
51916,51,Short,1900-01-01 04:10:00,1900-01-01 06:15:00,2.0833333333333335
51971,122,Short,1900-01-01 09:55:00,1900-01-01 13:00:00,3.0833333333333335
51972,123,Short,1900-01-01 13:50:00,1900-01-01 16:35:00,2.75
51973,273,Medium,1900-01-01 06:45:00,1900-01-01 13:55:00,7.166666666666667
51974,273,Medium,1900-01-01 14:20:00,1900-01-01 22:10:00,7.833333333333333
52073,202,Medium,1900-01-01 05:20:00,1900-01-01 11:30:00,6.166666666666667
52074,202,Medium,1900-01-01 18:50:00,1900-01-01 00:55:00,6.083333333333333
52075,202,Medium,1900-01-01 14:00:00,1900-01-01 20:00:00,6.0
52076,202,Medium,1900-01-01 07:00:00,1900-01-01 12:55:00,5.916666666666667
52171,186,Short,1900-01-01 06:30:00,1900-01-01 17:25:00,10.916666666666666
52172,186,Short,1900-01-01 06:10:00,1900-01-01 17:10:00,11.0
52173,92,Short,1900-01-01 15:20:00,1900-01-01 20:30:00,5.166666666666667
52174,92,Short,1900-01-01 06:15:00,1900-01-01 11:15:00,5.0
52175,92,Short,1900-01-01 09:30:00,1900-01-01 14:10:00,4.666666666666667
52176,92,Short,1900-01-01 15:15:00,1900-01-01 19:55:00,4.666666666666667
52177,103,Short,1900-01-01 06:10:00,1900-01-01 11:50:00,5.666666666666667
52178,103,Short,1900-01-01 14:05:00,1900-01-01 19:35:00,5.5
52179,70,Short,1900-01-01 04:00:00,1900-01-01 07:00:00,3.0
52180,70,Short,1900-01-01 07:20:00,1900-01-01 10:15:00,2.9166666666666665
52181,58,Short,1900-01-01 10:40:00,1900-01-01 13:05:00,2.4166666666666665
52182,27,Short,1900-01-01 13:20:00,1900-01-01 14:30:00,1.1666666666666667
52183,39,Short,1900-01-01 14:45:00,1900-01-01 16:25:00,1.6666666666666667
52184,70,Short,1900-01-01 16:40:00,1900-01-01 19:35:00,2.9166666666666665
52205,67,Short,1900-01-01 11:00:00,1900-01-01 13:15:00,2.25
52206,67,Short,1900-01-01 20:50:00,1900-01-01 23:00:00,2.1666666666666665
52207,67,Short,1900-01-01 07:40:00,1900-01-01 09:55:00,2.25
52208,67,Short,1900-01-01 13:30:00,1900-01-01 16:00:00,2.5
52221,67,Short,1900-01-01 15:00:00,1900-01-01 17:25:00,2.4166666666666665
52222,67,Short,1900-01-01 10:15:00,1900-01-01 12:40:00,2.4166666666666665
52223,67,Short,1900-01-01 17:40:00,1900-01-01 20:00:00,2.3333333333333335
52224,67,Short,1900-01-01 06:20:00,1900-01-01 08:35:00,2.25
52225,67,Short,1900-01-01 21:00:00,1900-01-01 23:00:00,2.0
52226,67,Short,1900-01-01 17:50:00,1900-01-01 20:05:00,2.25
52229,84,Short,1900-01-01 06:30:00,1900-01-01 09:20:00,2.8333333333333335
52230,84,Short,1900-01-01 09:30:00,1900-01-01 12:45:00,3.25
52231,84,Short,1900-01-01 07:20:00,1900-01-01 10:00:00,2.6666666666666665
52232,84,Short,1900-01-01 10:45:00,1900-01-01 13:35:00,2.8333333333333335
52233,83,Short,1900-01-01 14:00:00,1900-01-01 16:50:00,2.8333333333333335
52234,84,Short,1900-01-01 13:35:00,1900-01-01 16:50:00,3.25
52235,83,Short,1900-01-01 17:50:00,1900-01-01 20:55:00,3.0833333333333335
52236,84,Short,1900-01-01 17:30:00,1900-01-01 20:15:00,2.75
52239,78,Short,1900-01-01 06:20:00,1900-01-01 09:30:00,3.1666666666666665
52240,78,Short,1900-01-01 18:30:00,1900-01-01 21:00:00,2.5
52241,205,Medium,1900-01-01 06:15:00,1900-01-01 13:45:00,7.5
52242,205,Medium,1900-01-01 15:15:00,1900-01-01 22:15:00,7.0
52251,205,Medium,1900-01-01 10:45:00,1900-01-01 18:00:00,7.25
52252,205,Medium,1900-01-01 07:00:00,1900-01-01 14:15:00,7.25
52253,205,Medium,1900-01-01 13:15:00,1900-01-01 21:15:00,8.0
52254,205,Medium,1900-01-01 10:25:00,1900-01-01 17:15:00,6.833333333333333
52255,205,Medium,1900-01-01 18:00:00,1900-01-01 01:15:00,7.25
52256,205,Medium,1900-01-01 20:30:00,1900-01-01 03:00:00,6.5
52257,205,Medium,1900-01-01 23:00:00,1900-01-01 05:30:00,6.5
52258,205,Medium,1900-01-01 03:40:00,1900-01-01 10:00:00,6.333333333333333
52259,205,Medium,1900-01-01 04:30:00,1900-01-01 11:45:00,7.25
52260,205,Medium,1900-01-01 00:10:00,1900-01-01 07:00:00,6.833333333333333
52263,54,Short,1900-01-01 15:00:00,1900-01-01 17:00:00,2.0
52264,54,Short,1900-01-01 07:00:00,1900-01-01 09:00:00,2.0
52265,54,Short,1900-01-01 20:45:00,1900-01-01 22:45:00,2.0
52266,54,Short,1900-01-01 17:45:00,1900-01-01 19:45:00,2.0
52267,54,Short,1900-01-01 07:45:00,1900-01-01 10:00:00,2.25
52268,54,Short,1900-01-01 14:00:00,1900-01-01 16:00:00,2.0
52297,84,Short,1900-01-01 05:00:00,1900-01-01 07:15:00,2.25
52298,84,Short,1900-01-01 08:05:00,1900-01-01 10:50:00,2.75
52451,95,Short,1900-01-01 05:20:00,1900-01-01 10:00:00,4.666666666666667
52452,95,Short,1900-01-01 17:50:00,1900-01-01 22:35:00,4.75
52453,95,Short,1900-01-01 06:00:00,1900-01-01 11:05:00,5.083333333333333
52454,95,Short,1900-01-01 18:30:00,1900-01-01 23:30:00,5.0
52455,95,Short,1900-01-01 12:10:00,1900-01-01 17:30:00,5.333333333333333
52456,95,Short,1900-01-01 10:25:00,1900-01-01 16:10:00,5.75
52457,95,Short,1900-01-01 03:30:00,1900-01-01 08:55:00,5.416666666666667
52458,95,Short,1900-01-01 14:25:00,1900-01-01 20:10:00,5.75
52461,93,Short,1900-01-01 17:50:00,1900-01-01 21:45:00,3.9166666666666665
52462,104,Short,1900-01-01 04:45:00,1900-01-01 08:30:00,3.75
52463,156,Short,1900-01-01 04:00:00,1900-01-01 10:45:00,6.75
52464,176,Short,1900-01-01 04:00:00,1900-01-01 10:50:00,6.833333333333333
52465,162,Short,1900-01-01 06:45:00,1900-01-01 14:00:00,7.25
52466,185,Short,1900-01-01 07:20:00,1900-01-01 14:20:00,7.0
52467,162,Short,1900-01-01 13:20:00,1900-01-01 20:55:00,7.583333333333333
52468,185,Short,1900-01-01 14:10:00,1900-01-01 20:25:00,6.25
52469,164,Short,1900-01-01 15:50:00,1900-01-01 22:30:00,6.666666666666667
52470,169,Short,1900-01-01 17:35:00,1900-01-01 23:55:00,6.333333333333333
52471,192,Short,1900-01-01 02:15:00,1900-01-01 11:25:00,9.166666666666666
52472,215,Medium,1900-01-01 07:20:00,1900-01-01 17:30:00,10.166666666666666
52473,191,Short,1900-01-01 10:00:00,1900-01-01 19:45:00,9.75
52474,213,Medium,1900-01-01 12:20:00,1900-01-01 22:35:00,10.25
52540,87,Short,1900-01-01 08:00:00,1900-01-01 15:10:00,7.166666666666667
52541,87,Short,1900-01-01 08:30:00,1900-01-01 15:35:00,7.083333333333333
52570,30,Short,1900-01-01 09:15:00,1900-01-01 12:30:00,3.25
52571,30,Short,1900-01-01 14:00:00,1900-01-01 17:45:00,3.75
52587,30,Short,1900-01-01 06:30:00,1900-01-01 09:05:00,2.5833333333333335
52588,30,Short,1900-01-01 16:00:00,1900-01-01 18:30:00,2.5
52591,12,Short,1900-01-01 07:40:00,1900-01-01 09:25:00,1.75
52592,12,Short,1900-01-01 09:30:00,1900-01-01 11:35:00,2.0833333333333335
52593,12,Short,1900-01-01 09:40:00,1900-01-01 11:40:00,2.0
52594,12,Short,1900-01-01 10:00:00,1900-01-01 12:00:00,2.0
52595,12,Short,1900-01-01 12:10:00,1900-01-01 14:10:00,2.0
52596,12,Short,1900-01-01 12:20:00,1900-01-01 14:20:00,2.0
52597,12,Short,1900-01-01 12:45:00,1900-01-01 14:30:00,1.75
52598,12,Short,1900-01-01 16:05:00,1900-01-01 18:05:00,2.0
52599,12,Short,1900-01-01 16:20:00,1900-01-01 18:20:00,2.0
52911,134,Short,1900-01-01 05:30:00,1900-01-01 09:55:00,4.416666666666667
52912,134,Short,1900-01-01 17:35:00,1900-01-01 21:30:00,3.9166666666666665
52913,134,Short,1900-01-01 12:25:00,1900-01-01 17:15:00,4.833333333333333
52914,134,Short,1900-01-01 07:40:00,1900-01-01 11:55:00,4.25
52929,189,Short,1900-01-01 09:45:00,1900-01-01 16:45:00,7.0
52930,189,Short,1900-01-01 12:05:00,1900-01-01 18:00:00,5.916666666666667
52931,104,Short,1900-01-01 07:45:00,1900-01-01 10:20:00,2.5833333333333335
52932,104,Short,1900-01-01 17:30:00,1900-01-01 19:55:00,2.4166666666666665
52933,189,Short,1900-01-01 13:55:00,1900-01-01 20:15:00,6.333333333333333
52934,154,Short,1900-01-01 04:55:00,1900-01-01 09:40:00,4.75
52935,154,Short,1900-01-01 15:50:00,1900-01-01 20:15:00,4.416666666666667
52938,175,Short,1900-01-01 16:55:00,1900-01-01 21:55:00,5.0
52939,175,Short,1900-01-01 06:05:00,1900-01-01 11:15:00,5.166666666666667
52940,154,Short,1900-01-01 14:00:00,1900-01-01 18:45:00,4.75
52941,154,Short,1900-01-01 08:45:00,1900-01-01 13:10:00,4.416666666666667
52942,154,Short,1900-01-01 07:10:00,1900-01-01 10:50:00,3.6666666666666665
52943,154,Short,1900-01-01 17:55:00,1900-01-01 21:10:00,3.25
52944,154,Short,1900-01-01 04:30:00,1900-01-01 08:25:00,3.9166666666666665
52945,154,Short,1900-01-01 19:10:00,1900-01-01 22:55:00,3.75
52946,189,Short,1900-01-01 07:30:00,1900-01-01 13:15:00,5.75
52947,104,Short,1900-01-01 20:15:00,1900-01-01 22:35:00,2.3333333333333335
52948,104,Short,1900-01-01 07:05:00,1900-01-01 09:20:00,2.25
52949,95,Short,1900-01-01 16:20:00,1900-01-01 19:55:00,3.5833333333333335
52950,95,Short,1900-01-01 08:05:00,1900-01-01 11:20:00,3.25
52951,159,Short,1900-01-01 14:25:00,1900-01-01 20:35:00,6.166666666666667
52952,159,Short,1900-01-01 07:15:00,1900-01-01 13:20:00,6.083333333333333
52953,70,Short,1900-01-01 14:55:00,1900-01-01 18:40:00,3.75
52954,70,Short,1900-01-01 11:55:00,1900-01-01 14:30:00,2.5833333333333335
52955,133,Short,1900-01-01 06:10:00,1900-01-01 10:20:00,4.166666666666667
52956,133,Short,1900-01-01 18:00:00,1900-01-01 21:50:00,3.8333333333333335
52963,63,Short,1900-01-01 06:45:00,1900-01-01 09:05:00,2.3333333333333335
52964,63,Short,1900-01-01 14:00:00,1900-01-01 16:30:00,2.5
52973,63,Short,1900-01-01 19:30:00,1900-01-01 22:00:00,2.5
52974,63,Short,1900-01-01 06:05:00,1900-01-01 08:35:00,2.5
52975,63,Short,1900-01-01 14:00:00,1900-01-01 16:30:00,2.5
52976,63,Short,1900-01-01 18:45:00,1900-01-01 21:15:00,2.5
52987,63,Short,1900-01-01 19:30:00,1900-01-01 22:00:00,2.5
52988,63,Short,1900-01-01 06:05:00,1900-01-01 08:35:00,2.5
53001,209,Medium,1900-01-01 16:00:00,1900-01-01 22:00:00,6.0
53002,216,Medium,1900-01-01 21:05:00,1900-01-01 03:50:00,6.75
53005,65,Short,1900-01-01 08:05:00,1900-01-01 10:20:00,2.25
53006,72,Short,1900-01-01 03:30:00,1900-01-01 05:20:00,1.8333333333333333
53007,131,Short,1900-01-01 09:00:00,1900-01-01 13:30:00,4.5
53008,131,Short,1900-01-01 09:00:00,1900-01-01 14:30:00,5.5
53009,65,Short,1900-01-01 11:55:00,1900-01-01 14:00:00,2.0833333333333335
53010,72,Short,1900-01-01 04:40:00,1900-01-01 06:50:00,2.1666666666666665
53011,65,Short,1900-01-01 13:50:00,1900-01-01 15:50:00,2.0
53012,72,Short,1900-01-01 07:20:00,1900-01-01 09:35:00,2.25
53013,72,Short,1900-01-01 16:00:00,1900-01-01 18:00:00,2.0
53014,72,Short,1900-01-01 08:55:00,1900-01-01 10:55:00,2.0
53015,65,Short,1900-01-01 18:45:00,1900-01-01 20:45:00,2.0
53016,72,Short,1900-01-01 13:05:00,1900-01-01 15:25:00,2.3333333333333335
53017,72,Short,1900-01-01 19:20:00,1900-01-01 21:35:00,2.25
53018,72,Short,1900-01-01 15:15:00,1900-01-01 17:28:00,2.216666666666667
53019,65,Short,1900-01-01 21:55:00,1900-01-01 23:45:00,1.8333333333333333
53020,65,Short,1900-01-01 16:40:00,1900-01-01 18:42:00,2.033333333333333
53021,142,Short,1900-01-01 03:15:00,1900-01-01 08:25:00,5.166666666666667
53022,142,Short,1900-01-01 14:15:00,1900-01-01 19:30:00,5.25
53023,59,Short,1900-01-01 05:40:00,1900-01-01 07:35:00,1.9166666666666667
53024,59,Short,1900-01-01 22:25:00,1900-01-01 00:05:00,1.6666666666666667
53025,59,Short,1900-01-01 09:15:00,1900-01-01 11:05:00,1.8333333333333333
53026,59,Short,1900-01-01 17:50:00,1900-01-01 20:00:00,2.1666666666666665
53027,112,Short,1900-01-01 16:05:00,1900-01-01 19:45:00,3.6666666666666665
53028,112,Short,1900-01-01 07:10:00,1900-01-01 11:00:00,3.8333333333333335
53029,217,Medium,1900-01-01 16:25:00,1900-01-01 01:20:00,8.916666666666666
53030,217,Medium,1900-01-01 04:45:00,1900-01-01 12:55:00,8.166666666666666
53031,59,Short,1900-01-01 18:25:00,1900-01-01 20:25:00,2.0
53034,59,Short,1900-01-01 15:45:00,1900-01-01 17:30:00,1.75
53035,87,Short,1900-01-01 21:20:00,1900-01-01 01:35:00,4.25
53036,87,Short,1900-01-01 03:45:00,1900-01-01 06:30:00,2.75
53037,74,Short,1900-01-01 08:45:00,1900-01-01 11:05:00,2.3333333333333335
53038,74,Short,1900-01-01 11:40:00,1900-01-01 14:05:00,2.4166666666666665
53041,718,Long,1900-01-01 07:15:00,1900-01-01 12:35:00,5.333333333333333
53042,718,Long,1900-01-01 20:10:00,1900-01-01 23:00:00,2.8333333333333335
53043,653,Long,1900-01-01 11:10:00,1900-01-01 10:55:00,23.75
53044,653,Long,1900-01-01 12:30:00,1900-01-01 12:10:00,23.666666666666668
53045,286,Medium,1900-01-01 16:25:00,1900-01-01 22:15:00,5.833333333333333
53046,287,Medium,1900-01-01 05:30:00,1900-01-01 11:35:00,6.083333333333333
53047,218,Medium,1900-01-01 16:40:00,1900-01-01 21:25:00,4.75
53048,218,Medium,1900-01-01 05:10:00,1900-01-01 10:10:00,5.0
53049,453,Medium,1900-01-01 23:10:00,1900-01-01 11:10:00,12.0
53050,454,Medium,1900-01-01 12:10:00,1900-01-01 03:00:00,14.833333333333334
53061,348,Medium,1900-01-01 06:15:00,1900-01-01 18:10:00,11.916666666666666
53062,346,Medium,1900-01-01 07:55:00,1900-01-01 20:50:00,12.916666666666666
53063,194,Short,1900-01-01 06:30:00,1900-01-01 11:30:00,5.0
53064,194,Short,1900-01-01 14:45:00,1900-01-01 20:40:00,5.916666666666667
53068,111,Short,1900-01-01 09:35:00,1900-01-01 12:10:00,2.5833333333333335
53069,111,Short,1900-01-01 20:15:00,1900-01-01 22:55:00,2.6666666666666665
53073,137,Short,1900-01-01 20:45:00,1900-01-01 00:20:00,3.5833333333333335
53074,137,Short,1900-01-01 04:45:00,1900-01-01 08:20:00,3.5833333333333335
53075,82,Short,1900-01-01 23:00:00,1900-01-01 00:55:00,1.9166666666666667
53076,82,Short,1900-01-01 02:10:00,1900-01-01 04:20:00,2.1666666666666665
53081,64,Short,1900-01-01 11:30:00,1900-01-01 13:10:00,1.6666666666666667
53131,571,Long,1900-01-01 05:50:00,1900-01-01 00:15:00,18.416666666666668
53132,572,Long,1900-01-01 07:40:00,1900-01-01 03:25:00,19.75
53137,82,Short,1900-01-01 04:40:00,1900-01-01 06:35:00,1.9166666666666667
53138,82,Short,1900-01-01 09:50:00,1900-01-01 12:00:00,2.1666666666666665
53139,324,Medium,1900-01-01 22:25:00,1900-01-01 05:50:00,7.416666666666667
53140,325,Medium,1900-01-01 07:00:00,1900-01-01 13:35:00,6.583333333333333
53171,231,Medium,1900-01-01 03:45:00,1900-01-01 09:35:00,5.833333333333333
53172,229,Medium,1900-01-01 22:00:00,1900-01-01 04:30:00,6.5
53175,231,Medium,1900-01-01 12:40:00,1900-01-01 18:30:00,5.833333333333333
53176,229,Medium,1900-01-01 06:50:00,1900-01-01 12:37:00,5.783333333333333
53177,230,Medium,1900-01-01 16:40:00,1900-01-01 22:00:00,5.333333333333333
53178,229,Medium,1900-01-01 09:00:00,1900-01-01 15:10:00,6.166666666666667
53179,223,Medium,1900-01-01 14:00:00,1900-01-01 19:35:00,5.583333333333333
53180,222,Medium,1900-01-01 14:15:00,1900-01-01 20:20:00,6.083333333333333
53181,230,Medium,1900-01-01 23:30:00,1900-01-01 05:10:00,5.666666666666667
53186,229,Medium,1900-01-01 07:20:00,1900-01-01 12:45:00,5.416666666666667
53207,42,Short,1900-01-01 14:00:00,1900-01-01 16:20:00,2.3333333333333335
53208,42,Short,1900-01-01 11:30:00,1900-01-01 13:05:00,1.5833333333333333
53209,71,Short,1900-01-01 07:00:00,1900-01-01 10:30:00,3.5
53210,71,Short,1900-01-01 17:20:00,1900-01-01 21:10:00,3.8333333333333335
53211,146,Short,1900-01-01 15:10:00,1900-01-01 19:40:00,4.5
53212,146,Short,1900-01-01 05:30:00,1900-01-01 11:20:00,5.833333333333333
53213,94,Short,1900-01-01 14:00:00,1900-01-01 17:05:00,3.0833333333333335
53214,88,Short,1900-01-01 18:00:00,1900-01-01 21:10:00,3.1666666666666665
53221,53,Short,1900-01-01 21:40:00,1900-01-01 00:10:00,2.5
53222,53,Short,1900-01-01 16:00:00,1900-01-01 18:30:00,2.5
53223,53,Short,1900-01-01 09:30:00,1900-01-01 12:30:00,3.0
53224,53,Short,1900-01-01 05:45:00,1900-01-01 08:45:00,3.0
53225,140,Short,1900-01-01 14:05:00,1900-01-01 19:35:00,5.5
53226,140,Short,1900-01-01 08:07:00,1900-01-01 14:00:00,5.883333333333334
53229,108,Short,1900-01-01 05:00:00,1900-01-01 10:00:00,5.0
53230,108,Short,1900-01-01 18:20:00,1900-01-01 23:15:00,4.916666666666667
53231,154,Short,1900-01-01 15:30:00,1900-01-01 00:05:00,8.583333333333334
53232,154,Short,1900-01-01 08:35:00,1900-01-01 15:00:00,6.416666666666667
53323,27,Short,1900-01-01 08:30:00,1900-01-01 09:50:00,1.3333333333333333
53324,27,Short,1900-01-01 06:10:00,1900-01-01 07:35:00,1.4166666666666667
53327,56,Short,1900-01-01 13:40:00,1900-01-01 15:45:00,2.0833333333333335
53328,56,Short,1900-01-01 16:15:00,1900-01-01 18:30:00,2.25
53333,27,Short,1900-01-01 19:35:00,1900-01-01 21:05:00,1.5
53334,27,Short,1900-01-01 12:00:00,1900-01-01 13:10:00,1.1666666666666667
53343,460,Medium,1900-01-01 05:40:00,1900-01-01 19:00:00,13.333333333333334
53344,460,Medium,1900-01-01 06:35:00,1900-01-01 19:45:00,13.166666666666666
53345,223,Medium,1900-01-01 04:20:00,1900-01-01 12:55:00,8.583333333333334
53346,223,Medium,1900-01-01 14:50:00,1900-01-01 22:45:00,7.916666666666667
53347,258,Medium,1900-01-01 09:50:00,1900-01-01 16:50:00,7.0
53348,258,Medium,1900-01-01 05:50:00,1900-01-01 13:55:00,8.083333333333334
53349,159,Short,1900-01-01 17:20:00,1900-01-01 21:35:00,4.25
53350,159,Short,1900-01-01 05:35:00,1900-01-01 10:10:00,4.583333333333333
53351,304,Medium,1900-01-01 03:00:00,1900-01-01 11:55:00,8.916666666666666
53352,304,Medium,1900-01-01 14:00:00,1900-01-01 23:20:00,9.333333333333334
53357,316,Medium,1900-01-01 06:50:00,1900-01-01 15:00:00,8.166666666666666
53358,316,Medium,1900-01-01 15:40:00,1900-01-01 23:55:00,8.25
53363,85,Short,1900-01-01 10:10:00,1900-01-01 12:15:00,2.0833333333333335
53364,85,Short,1900-01-01 13:20:00,1900-01-01 15:30:00,2.1666666666666665
53365,87,Short,1900-01-01 09:30:00,1900-01-01 12:00:00,2.5
53366,87,Short,1900-01-01 06:00:00,1900-01-01 08:30:00,2.5
53369,87,Short,1900-01-01 18:15:00,1900-01-01 20:45:00,2.5
53370,87,Short,1900-01-01 14:45:00,1900-01-01 17:15:00,2.5
53371,139,Short,1900-01-01 06:00:00,1900-01-01 10:30:00,4.5
53372,139,Short,1900-01-01 06:00:00,1900-01-01 10:20:00,4.333333333333333
53373,139,Short,1900-01-01 12:50:00,1900-01-01 17:00:00,4.166666666666667
53374,139,Short,1900-01-01 18:00:00,1900-01-01 22:20:00,4.333333333333333
53401,103,Short,1900-01-01 06:00:00,1900-01-01 09:15:00,3.25
53402,103,Short,1900-01-01 16:20:00,1900-01-01 19:25:00,3.0833333333333335
53403,433,Medium,1900-01-01 05:40:00,1900-01-01 00:02:00,18.366666666666667
53404,174,Short,1900-01-01 06:20:00,1900-01-01 12:50:00,6.5
53405,137,Short,1900-01-01 07:45:00,1900-01-01 11:11:00,3.433333333333333
53406,137,Short,1900-01-01 19:25:00,1900-01-01 23:30:00,4.083333333333333
53408,259,Medium,1900-01-01 13:05:00,1900-01-01 21:50:00,8.75
53411,54,Short,1900-01-01 12:30:00,1900-01-01 14:00:00,1.5
53412,54,Short,1900-01-01 12:10:00,1900-01-01 13:40:00,1.5
53415,127,Short,1900-01-01 15:25:00,1900-01-01 19:55:00,4.5
53416,127,Short,1900-01-01 07:30:00,1900-01-01 11:35:00,4.083333333333333
53417,233,Medium,1900-01-01 05:00:00,1900-01-01 11:00:00,6.0
53418,233,Medium,1900-01-01 15:00:00,1900-01-01 21:40:00,6.666666666666667
53423,45,Short,1900-01-01 12:00:00,1900-01-01 13:15:00,1.25
53424,44,Short,1900-01-01 13:45:00,1900-01-01 15:10:00,1.4166666666666667
53431,127,Short,1900-01-01 07:05:00,1900-01-01 11:55:00,4.833333333333333
53432,127,Short,1900-01-01 15:30:00,1900-01-01 19:25:00,3.9166666666666665
53433,87,Short,1900-01-01 08:40:00,1900-01-01 11:55:00,3.25
53434,87,Short,1900-01-01 14:20:00,1900-01-01 17:05:00,2.75
53435,65,Short,1900-01-01 06:00:00,1900-01-01 08:20:00,2.3333333333333335
53436,65,Short,1900-01-01 18:40:00,1900-01-01 21:05:00,2.4166666666666665
53441,71,Short,1900-01-01 10:40:00,1900-01-01 13:35:00,2.9166666666666665
53442,72,Short,1900-01-01 04:00:00,1900-01-01 06:55:00,2.9166666666666665
53443,71,Short,1900-01-01 15:30:00,1900-01-01 18:15:00,2.75
53444,73,Short,1900-01-01 12:05:00,1900-01-01 15:05:00,3.0
53445,71,Short,1900-01-01 22:00:00,1900-01-01 01:00:00,3.0
53446,72,Short,1900-01-01 18:45:00,1900-01-01 21:40:00,2.9166666666666665
53447,50,Short,1900-01-01 19:40:00,1900-01-01 21:55:00,2.25
53448,51,Short,1900-01-01 16:45:00,1900-01-01 19:05:00,2.3333333333333335
53449,50,Short,1900-01-01 09:25:00,1900-01-01 11:40:00,2.25
53450,51,Short,1900-01-01 06:40:00,1900-01-01 09:00:00,2.3333333333333335
53451,41,Short,1900-01-01 09:15:00,1900-01-01 10:35:00,1.3333333333333333
53452,41,Short,1900-01-01 07:00:00,1900-01-01 08:25:00,1.4166666666666667
53479,45,Short,1900-01-01 05:20:00,1900-01-01 06:40:00,1.3333333333333333
53480,44,Short,1900-01-01 07:40:00,1900-01-01 09:05:00,1.4166666666666667
53481,11,Short,1900-01-01 03:50:00,1900-01-01 04:15:00,0.4166666666666667
53482,11,Short,1900-01-01 02:00:00,1900-01-01 02:25:00,0.4166666666666667
53483,11,Short,1900-01-01 05:45:00,1900-01-01 06:10:00,0.4166666666666667
53484,11,Short,1900-01-01 04:35:00,1900-01-01 05:00:00,0.4166666666666667
53485,11,Short,1900-01-01 09:50:00,1900-01-01 10:18:00,0.4666666666666667
53486,11,Short,1900-01-01 06:30:00,1900-01-01 06:55:00,0.4166666666666667
53487,11,Short,1900-01-01 13:47:00,1900-01-01 14:15:00,0.4666666666666667
53488,11,Short,1900-01-01 12:00:00,1900-01-01 12:25:00,0.4166666666666667
53489,11,Short,1900-01-01 16:20:00,1900-01-01 16:45:00,0.4166666666666667
53490,11,Short,1900-01-01 14:55:00,1900-01-01 15:20:00,0.4166666666666667
53491,11,Short,1900-01-01 19:10:00,1900-01-01 19:35:00,0.4166666666666667
53492,11,Short,1900-01-01 17:10:00,1900-01-01 17:38:00,0.4666666666666667
53493,11,Short,1900-01-01 21:30:00,1900-01-01 21:55:00,0.4166666666666667
53494,11,Short,1900-01-01 20:00:00,1900-01-01 20:25:00,0.4166666666666667
53495,11,Short,1900-01-01 23:30:00,1900-01-01 23:55:00,0.4166666666666667
53496,11,Short,1900-01-01 22:20:00,1900-01-01 22:45:00,0.4166666666666667
53497,52,Short,1900-01-01 21:25:00,1900-01-01 23:05:00,1.6666666666666667
53498,52,Short,1900-01-01 18:58:00,1900-01-01 21:05:00,2.1166666666666667
53511,38,Short,1900-01-01 03:20:00,1900-01-01 04:20:00,1.0
53512,37,Short,1900-01-01 04:50:00,1900-01-01 05:45:00,0.9166666666666666
53513,38,Short,1900-01-01 08:00:00,1900-01-01 09:00:00,1.0
53514,37,Short,1900-01-01 09:20:00,1900-01-01 10:20:00,1.0
53515,38,Short,1900-01-01 12:15:00,1900-01-01 13:15:00,1.0
53516,37,Short,1900-01-01 13:35:00,1900-01-01 14:35:00,1.0
53517,38,Short,1900-01-01 16:20:00,1900-01-01 17:20:00,1.0
53518,37,Short,1900-01-01 17:40:00,1900-01-01 18:35:00,0.9166666666666666
53519,38,Short,1900-01-01 21:35:00,1900-01-01 22:30:00,0.9166666666666666
53520,37,Short,1900-01-01 22:50:00,1900-01-01 23:45:00,0.9166666666666666
53523,188,Short,1900-01-01 16:30:00,1900-01-01 22:45:00,6.25
53524,188,Short,1900-01-01 03:00:00,1900-01-01 09:50:00,6.833333333333333
53525,453,Medium,1900-01-01 04:00:00,1900-01-01 17:40:00,13.666666666666666
53526,453,Medium,1900-01-01 07:00:00,1900-01-01 20:30:00,13.5
53551,70,Short,1900-01-01 09:25:00,1900-01-01 11:05:00,1.6666666666666667
53552,70,Short,1900-01-01 07:25:00,1900-01-01 09:05:00,1.6666666666666667
53553,70,Short,1900-01-01 13:25:00,1900-01-01 15:05:00,1.6666666666666667
53554,70,Short,1900-01-01 11:25:00,1900-01-01 13:05:00,1.6666666666666667
53555,70,Short,1900-01-01 18:00:00,1900-01-01 19:45:00,1.75
53556,70,Short,1900-01-01 15:50:00,1900-01-01 17:35:00,1.75
53611,159,Short,1900-01-01 05:30:00,1900-01-01 10:05:00,4.583333333333333
53612,159,Short,1900-01-01 19:05:00,1900-01-01 23:50:00,4.75
53615,174,Short,1900-01-01 08:15:00,1900-01-01 14:20:00,6.083333333333333
53616,174,Short,1900-01-01 15:00:00,1900-01-01 20:20:00,5.333333333333333
53623,183,Short,1900-01-01 14:00:00,1900-01-01 20:25:00,6.416666666666667
53624,183,Short,1900-01-01 05:05:00,1900-01-01 13:00:00,7.916666666666667
53625,129,Short,1900-01-01 04:55:00,1900-01-01 10:10:00,5.25
53626,129,Short,1900-01-01 07:20:00,1900-01-01 12:10:00,4.833333333333333
53627,129,Short,1900-01-01 06:10:00,1900-01-01 11:35:00,5.416666666666667
53628,129,Short,1900-01-01 11:15:00,1900-01-01 17:00:00,5.75
53629,129,Short,1900-01-01 13:15:00,1900-01-01 18:00:00,4.75
53630,129,Short,1900-01-01 19:00:00,1900-01-01 23:45:00,4.75
53631,129,Short,1900-01-01 18:00:00,1900-01-01 22:05:00,4.083333333333333
53632,129,Short,1900-01-01 20:55:00,1900-01-01 01:30:00,4.583333333333333
53641,53,Short,1900-01-01 19:20:00,1900-01-01 21:45:00,2.4166666666666665
53642,53,Short,1900-01-01 06:35:00,1900-01-01 08:05:00,1.5
53643,18,Short,1900-01-01 08:15:00,1900-01-01 09:15:00,1.0
53644,18,Short,1900-01-01 09:45:00,1900-01-01 10:45:00,1.0
53645,18,Short,1900-01-01 12:10:00,1900-01-01 13:10:00,1.0
53646,18,Short,1900-01-01 13:40:00,1900-01-01 14:40:00,1.0
53647,18,Short,1900-01-01 16:30:00,1900-01-01 17:30:00,1.0
53648,18,Short,1900-01-01 18:00:00,1900-01-01 19:00:00,1.0
54001,73,Short,1900-01-01 18:35:00,1900-01-01 21:15:00,2.6666666666666665
54002,73,Short,1900-01-01 06:15:00,1900-01-01 08:43:00,2.466666666666667
54005,119,Short,1900-01-01 04:15:00,1900-01-01 08:10:00,3.9166666666666665
54006,141,Short,1900-01-01 04:35:00,1900-01-01 09:10:00,4.583333333333333
54007,141,Short,1900-01-01 09:30:00,1900-01-01 13:50:00,4.333333333333333
54008,141,Short,1900-01-01 10:00:00,1900-01-01 14:10:00,4.166666666666667
54009,141,Short,1900-01-01 17:50:00,1900-01-01 22:30:00,4.666666666666667
54010,33,Short,1900-01-01 22:50:00,1900-01-01 23:35:00,0.75
54011,227,Medium,1900-01-01 17:45:00,1900-01-01 00:25:00,6.666666666666667
54012,227,Medium,1900-01-01 02:40:00,1900-01-01 09:08:00,6.466666666666667
54013,49,Short,1900-01-01 14:05:00,1900-01-01 15:10:00,1.0833333333333333
54014,49,Short,1900-01-01 07:25:00,1900-01-01 09:00:00,1.5833333333333333
54015,49,Short,1900-01-01 17:45:00,1900-01-01 19:20:00,1.5833333333333333
54016,49,Short,1900-01-01 09:50:00,1900-01-01 11:05:00,1.25
54018,49,Short,1900-01-01 15:55:00,1900-01-01 17:20:00,1.4166666666666667
54019,81,Short,1900-01-01 05:05:00,1900-01-01 06:45:00,1.6666666666666667
54023,57,Short,1900-01-01 07:00:00,1900-01-01 08:20:00,1.3333333333333333
54024,127,Short,1900-01-01 17:40:00,1900-01-01 22:15:00,4.583333333333333
54025,60,Short,1900-01-01 11:15:00,1900-01-01 14:00:00,2.75
54026,71,Short,1900-01-01 14:50:00,1900-01-01 16:35:00,1.75
54031,127,Short,1900-01-01 11:45:00,1900-01-01 15:20:00,3.5833333333333335
54032,127,Short,1900-01-01 07:20:00,1900-01-01 11:00:00,3.6666666666666665
54033,160,Short,1900-01-01 17:25:00,1900-01-01 22:25:00,5.0
54034,127,Short,1900-01-01 15:50:00,1900-01-01 19:45:00,3.9166666666666665
54035,199,Short,1900-01-01 15:40:00,1900-01-01 21:40:00,6.0
54036,199,Short,1900-01-01 04:45:00,1900-01-01 10:20:00,5.583333333333333
54037,120,Short,1900-01-01 07:45:00,1900-01-01 11:10:00,3.4166666666666665
54038,119,Short,1900-01-01 04:15:00,1900-01-01 07:15:00,3.0
54039,120,Short,1900-01-01 12:25:00,1900-01-01 15:40:00,3.25
54040,119,Short,1900-01-01 08:25:00,1900-01-01 11:30:00,3.0833333333333335
54041,120,Short,1900-01-01 18:20:00,1900-01-01 21:25:00,3.0833333333333335
54042,119,Short,1900-01-01 13:05:00,1900-01-01 16:15:00,3.1666666666666665
54043,327,Medium,1900-01-01 16:40:00,1900-01-01 00:40:00,8.0
54044,327,Medium,1900-01-01 05:00:00,1900-01-01 14:50:00,9.833333333333334
54045,257,Medium,1900-01-01 03:25:00,1900-01-01 12:35:00,9.166666666666666
54046,257,Medium,1900-01-01 14:40:00,1900-01-01 22:00:00,7.333333333333333
54047,120,Short,1900-01-01 21:50:00,1900-01-01 00:45:00,2.9166666666666665
54048,119,Short,1900-01-01 17:45:00,1900-01-01 21:05:00,3.3333333333333335
54049,141,Short,1900-01-01 04:05:00,1900-01-01 08:25:00,4.333333333333333
54050,141,Short,1900-01-01 16:05:00,1900-01-01 20:20:00,4.25
54051,123,Short,1900-01-01 10:05:00,1900-01-01 13:10:00,3.0833333333333335
54052,123,Short,1900-01-01 14:00:00,1900-01-01 16:50:00,2.8333333333333335
54053,128,Short,1900-01-01 05:20:00,1900-01-01 08:35:00,3.25
54054,128,Short,1900-01-01 18:50:00,1900-01-01 22:25:00,3.5833333333333335
54055,160,Short,1900-01-01 16:15:00,1900-01-01 22:10:00,5.916666666666667
54056,160,Short,1900-01-01 10:00:00,1900-01-01 15:35:00,5.583333333333333
54057,93,Short,1900-01-01 21:00:00,1900-01-01 00:40:00,3.6666666666666665
54058,93,Short,1900-01-01 03:15:00,1900-01-01 06:55:00,3.6666666666666665
54059,90,Short,1900-01-01 23:05:00,1900-01-01 01:35:00,2.5
54060,93,Short,1900-01-01 06:30:00,1900-01-01 10:10:00,3.6666666666666665
54075,408,Medium,1900-01-01 14:25:00,1900-01-01 03:40:00,13.25
54076,408,Medium,1900-01-01 23:50:00,1900-01-01 13:35:00,13.75
54077,110,Short,1900-01-01 17:55:00,1900-01-01 22:20:00,4.416666666666667
54078,110,Short,1900-01-01 04:45:00,1900-01-01 09:35:00,4.833333333333333
54085,82,Short,1900-01-01 06:55:00,1900-01-01 09:35:00,2.6666666666666665
54086,82,Short,1900-01-01 10:25:00,1900-01-01 13:35:00,3.1666666666666665
54091,24,Short,1900-01-01 20:05:00,1900-01-01 20:55:00,0.8333333333333334
54092,24,Short,1900-01-01 07:00:00,1900-01-01 07:50:00,0.8333333333333334
54101,208,Medium,1900-01-01 16:55:00,1900-01-01 23:10:00,6.25
54102,208,Medium,1900-01-01 02:55:00,1900-01-01 09:00:00,6.083333333333333
54103,120,Short,1900-01-01 06:10:00,1900-01-01 09:15:00,3.0833333333333335
54104,120,Short,1900-01-01 18:30:00,1900-01-01 21:40:00,3.1666666666666665
54107,113,Short,1900-01-01 17:00:00,1900-01-01 22:10:00,5.166666666666667
54108,113,Short,1900-01-01 05:35:00,1900-01-01 10:10:00,4.583333333333333
54109,214,Medium,1900-01-01 16:25:00,1900-01-01 23:20:00,6.916666666666667
54110,214,Medium,1900-01-01 03:20:00,1900-01-01 10:25:00,7.083333333333333
54152,77,Short,1900-01-01 18:05:00,1900-01-01 20:50:00,2.75
54153,167,Short,1900-01-01 02:50:00,1900-01-01 08:40:00,5.833333333333333
54154,167,Short,1900-01-01 16:32:00,1900-01-01 22:10:00,5.633333333333334
54155,138,Short,1900-01-01 12:40:00,1900-01-01 17:05:00,4.416666666666667
54156,139,Short,1900-01-01 10:10:00,1900-01-01 14:20:00,4.166666666666667
54158,136,Short,1900-01-01 20:55:00,1900-01-01 00:35:00,3.6666666666666665
54159,397,Medium,1900-01-01 07:10:00,1900-01-01 18:45:00,11.583333333333334
54161,261,Medium,1900-01-01 04:05:00,1900-01-01 10:40:00,6.583333333333333
54162,261,Medium,1900-01-01 16:20:00,1900-01-01 23:00:00,6.666666666666667
54201,37,Short,1900-01-01 13:30:00,1900-01-01 14:35:00,1.0833333333333333
54211,128,Short,1900-01-01 06:15:00,1900-01-01 10:35:00,4.333333333333333
54212,128,Short,1900-01-01 14:20:00,1900-01-01 19:00:00,4.666666666666667
54221,57,Short,1900-01-01 05:05:00,1900-01-01 06:55:00,1.8333333333333333
54222,57,Short,1900-01-01 07:25:00,1900-01-01 09:40:00,2.25
54223,57,Short,1900-01-01 17:30:00,1900-01-01 19:55:00,2.4166666666666665
54224,57,Short,1900-01-01 20:40:00,1900-01-01 22:40:00,2.0
54225,37,Short,1900-01-01 09:55:00,1900-01-01 10:45:00,0.8333333333333334
54226,37,Short,1900-01-01 08:35:00,1900-01-01 09:25:00,0.8333333333333334
54227,37,Short,1900-01-01 17:15:00,1900-01-01 18:30:00,1.25
54228,37,Short,1900-01-01 15:45:00,1900-01-01 16:35:00,0.8333333333333334
54231,127,Short,1900-01-01 05:40:00,1900-01-01 09:20:00,3.6666666666666665
54232,127,Short,1900-01-01 04:40:00,1900-01-01 08:55:00,4.25
54233,127,Short,1900-01-01 16:00:00,1900-01-01 19:10:00,3.1666666666666665
54234,127,Short,1900-01-01 17:05:00,1900-01-01 21:25:00,4.333333333333333
54237,46,Short,1900-01-01 20:20:00,1900-01-01 21:50:00,1.5
54238,45,Short,1900-01-01 04:45:00,1900-01-01 06:15:00,1.5
54239,38,Short,1900-01-01 08:25:00,1900-01-01 09:25:00,1.0
54240,38,Short,1900-01-01 09:55:00,1900-01-01 10:50:00,0.9166666666666666
54243,38,Short,1900-01-01 17:10:00,1900-01-01 18:10:00,1.0
54244,38,Short,1900-01-01 18:45:00,1900-01-01 19:50:00,1.0833333333333333
54251,508,Long,1900-01-01 20:00:00,1900-01-01 18:50:00,22.833333333333332
54252,518,Long,1900-01-01 08:15:00,1900-01-01 04:05:00,19.833333333333332
54253,225,Medium,1900-01-01 15:05:00,1900-01-01 00:15:00,9.166666666666666
54254,225,Medium,1900-01-01 04:50:00,1900-01-01 12:10:00,7.333333333333333
54255,301,Medium,1900-01-01 06:00:00,1900-01-01 14:55:00,8.916666666666666
54256,301,Medium,1900-01-01 11:10:00,1900-01-01 21:20:00,10.166666666666666
54261,75,Short,1900-01-01 19:30:00,1900-01-01 22:30:00,3.0
54262,57,Short,1900-01-01 03:15:00,1900-01-01 05:15:00,2.0
54263,143,Short,1900-01-01 07:00:00,1900-01-01 10:30:00,3.5
54264,143,Short,1900-01-01 06:35:00,1900-01-01 10:15:00,3.6666666666666665
54265,143,Short,1900-01-01 16:15:00,1900-01-01 20:10:00,3.9166666666666665
54266,143,Short,1900-01-01 18:30:00,1900-01-01 22:45:00,4.25
54267,18,Short,1900-01-01 08:55:00,1900-01-01 09:45:00,0.8333333333333334
54268,18,Short,1900-01-01 07:40:00,1900-01-01 08:30:00,0.8333333333333334
54270,18,Short,1900-01-01 18:25:00,1900-01-01 19:12:00,0.7833333333333333
54271,198,Short,1900-01-01 12:00:00,1900-01-01 19:10:00,7.166666666666667
54272,198,Short,1900-01-01 19:22:00,1900-01-01 01:10:00,5.8
54273,97,Short,1900-01-01 03:10:00,1900-01-01 06:35:00,3.4166666666666665
54274,97,Short,1900-01-01 07:00:00,1900-01-01 11:20:00,4.333333333333333
54281,139,Short,1900-01-01 05:30:00,1900-01-01 09:35:00,4.083333333333333
54282,139,Short,1900-01-01 06:05:00,1900-01-01 10:20:00,4.25
54283,139,Short,1900-01-01 19:30:00,1900-01-01 00:40:00,5.166666666666667
54284,139,Short,1900-01-01 18:55:00,1900-01-01 22:45:00,3.8333333333333335
54291,128,Short,1900-01-01 17:15:00,1900-01-01 20:55:00,3.6666666666666665
54292,128,Short,1900-01-01 05:05:00,1900-01-01 09:20:00,4.25
54293,172,Short,1900-01-01 06:35:00,1900-01-01 12:10:00,5.583333333333333
54294,172,Short,1900-01-01 13:50:00,1900-01-01 20:25:00,6.583333333333333
54303,266,Medium,1900-01-01 15:20:00,1900-01-01 23:50:00,8.5
54304,331,Medium,1900-01-01 07:05:00,1900-01-01 19:40:00,12.583333333333334
54307,160,Short,1900-01-01 17:00:00,1900-01-01 23:10:00,6.166666666666667
54308,160,Short,1900-01-01 01:40:00,1900-01-01 08:00:00,6.333333333333333
54309,82,Short,1900-01-01 05:20:00,1900-01-01 08:10:00,2.8333333333333335
54310,82,Short,1900-01-01 09:30:00,1900-01-01 12:20:00,2.8333333333333335
54311,110,Short,1900-01-01 12:20:00,1900-01-01 15:50:00,3.5
54312,110,Short,1900-01-01 07:50:00,1900-01-01 11:35:00,3.75
54313,43,Short,1900-01-01 18:55:00,1900-01-01 20:50:00,1.9166666666666667
54314,43,Short,1900-01-01 16:30:00,1900-01-01 18:15:00,1.75
54321,64,Short,1900-01-01 07:40:00,1900-01-01 12:33:00,4.883333333333334
54322,64,Short,1900-01-01 18:15:00,1900-01-01 21:05:00,2.8333333333333335
54323,98,Short,1900-01-01 15:40:00,1900-01-01 18:05:00,2.4166666666666665
54324,97,Short,1900-01-01 12:40:00,1900-01-01 15:00:00,2.3333333333333335
54325,176,Short,1900-01-01 11:00:00,1900-01-01 20:05:00,9.083333333333334
54326,176,Short,1900-01-01 05:15:00,1900-01-01 14:15:00,9.0
54327,86,Short,1900-01-01 17:40:00,1900-01-01 20:30:00,2.8333333333333335
54328,86,Short,1900-01-01 07:05:00,1900-01-01 09:25:00,2.3333333333333335
54329,95,Short,1900-01-01 17:50:00,1900-01-01 21:15:00,3.4166666666666665
54330,95,Short,1900-01-01 08:20:00,1900-01-01 11:35:00,3.25
54331,68,Short,1900-01-01 17:05:00,1900-01-01 19:30:00,2.4166666666666665
54332,68,Short,1900-01-01 07:20:00,1900-01-01 09:45:00,2.4166666666666665
54333,323,Medium,1900-01-01 03:45:00,1900-01-01 16:15:00,12.5
54334,323,Medium,1900-01-01 11:00:00,1900-01-01 21:40:00,10.666666666666666
54335,117,Short,1900-01-01 07:00:00,1900-01-01 10:50:00,3.8333333333333335
54336,117,Short,1900-01-01 14:40:00,1900-01-01 18:35:00,3.9166666666666665
54341,131,Short,1900-01-01 14:10:00,1900-01-01 20:35:00,6.416666666666667
54342,131,Short,1900-01-01 07:45:00,1900-01-01 13:05:00,5.333333333333333
54351,164,Short,1900-01-01 11:30:00,1900-01-01 17:40:00,6.166666666666667
54352,164,Short,1900-01-01 04:30:00,1900-01-01 10:15:00,5.75
54353,164,Short,1900-01-01 17:45:00,1900-01-01 23:35:00,5.833333333333333
54354,164,Short,1900-01-01 09:00:00,1900-01-01 14:50:00,5.833333333333333
54355,78,Short,1900-01-01 06:05:00,1900-01-01 08:20:00,2.25
54356,78,Short,1900-01-01 18:40:00,1900-01-01 21:50:00,3.1666666666666665
54371,150,Short,1900-01-01 04:00:00,1900-01-01 10:45:00,6.75
54372,150,Short,1900-01-01 13:20:00,1900-01-01 18:30:00,5.166666666666667
54373,150,Short,1900-01-01 07:45:00,1900-01-01 12:40:00,4.916666666666667
54374,150,Short,1900-01-01 17:45:00,1900-01-01 23:15:00,5.5
54375,107,Short,1900-01-01 06:50:00,1900-01-01 10:55:00,4.083333333333333
54376,107,Short,1900-01-01 17:00:00,1900-01-01 20:55:00,3.9166666666666665
54377,429,Medium,1900-01-01 00:55:00,1900-01-01 15:25:00,14.5
54378,429,Medium,1900-01-01 08:05:00,1900-01-01 23:35:00,15.5
54381,106,Short,1900-01-01 07:55:00,1900-01-01 11:40:00,3.75
54382,106,Short,1900-01-01 08:15:00,1900-01-01 12:50:00,4.583333333333333
54383,106,Short,1900-01-01 14:45:00,1900-01-01 18:45:00,4.0
54384,106,Short,1900-01-01 17:05:00,1900-01-01 20:55:00,3.8333333333333335
54385,24,Short,1900-01-01 08:55:00,1900-01-01 09:45:00,0.8333333333333334
54386,24,Short,1900-01-01 10:10:00,1900-01-01 11:00:00,0.8333333333333334
54387,24,Short,1900-01-01 11:25:00,1900-01-01 12:15:00,0.8333333333333334
54388,24,Short,1900-01-01 12:40:00,1900-01-01 13:30:00,0.8333333333333334
54389,24,Short,1900-01-01 17:15:00,1900-01-01 18:05:00,0.8333333333333334
54390,24,Short,1900-01-01 18:30:00,1900-01-01 19:20:00,0.8333333333333334
54391,142,Short,1900-01-01 04:55:00,1900-01-01 09:30:00,4.583333333333333
54392,142,Short,1900-01-01 17:20:00,1900-01-01 22:05:00,4.75
54393,53,Short,1900-01-01 10:00:00,1900-01-01 12:10:00,2.1666666666666665
54394,53,Short,1900-01-01 14:15:00,1900-01-01 16:35:00,2.3333333333333335
54395,159,Short,1900-01-01 19:10:00,1900-01-01 01:25:00,6.25
54396,159,Short,1900-01-01 03:35:00,1900-01-01 09:05:00,5.5
54397,47,Short,1900-01-01 16:05:00,1900-01-01 18:45:00,2.6666666666666665
54398,47,Short,1900-01-01 13:20:00,1900-01-01 15:40:00,2.3333333333333335
54401,92,Short,1900-01-01 06:00:00,1900-01-01 09:35:00,3.5833333333333335
54402,92,Short,1900-01-01 05:40:00,1900-01-01 10:00:00,4.333333333333333
54403,92,Short,1900-01-01 12:55:00,1900-01-01 16:05:00,3.1666666666666665
54404,92,Short,1900-01-01 10:45:00,1900-01-01 13:40:00,2.9166666666666665
54405,92,Short,1900-01-01 17:40:00,1900-01-01 21:10:00,3.5
54406,92,Short,1900-01-01 17:55:00,1900-01-01 20:50:00,2.9166666666666665
54411,160,Short,1900-01-01 14:55:00,1900-01-01 20:40:00,5.75
54412,160,Short,1900-01-01 06:45:00,1900-01-01 12:10:00,5.416666666666667
54413,82,Short,1900-01-01 03:15:00,1900-01-01 05:45:00,2.5
54414,82,Short,1900-01-01 07:05:00,1900-01-01 09:40:00,2.5833333333333335
54416,82,Short,1900-01-01 13:10:00,1900-01-01 15:40:00,2.5
54417,82,Short,1900-01-01 16:10:00,1900-01-01 18:45:00,2.5833333333333335
54420,82,Short,1900-01-01 19:25:00,1900-01-01 22:20:00,2.9166666666666665
54421,82,Short,1900-01-01 11:15:00,1900-01-01 14:25:00,3.1666666666666665
54423,119,Short,1900-01-01 17:00:00,1900-01-01 20:35:00,3.5833333333333335
54424,119,Short,1900-01-01 05:00:00,1900-01-01 08:40:00,3.6666666666666665
54461,415,Medium,1900-01-01 14:50:00,1900-01-01 06:30:00,15.666666666666666
54462,416,Medium,1900-01-01 21:15:00,1900-01-01 12:00:00,14.75
54463,233,Medium,1900-01-01 04:20:00,1900-01-01 14:00:00,9.666666666666666
54464,233,Medium,1900-01-01 11:45:00,1900-01-01 22:55:00,11.166666666666666
54465,142,Short,1900-01-01 15:45:00,1900-01-01 19:55:00,4.166666666666667
54466,142,Short,1900-01-01 05:45:00,1900-01-01 10:20:00,4.583333333333333
54467,73,Short,1900-01-01 05:40:00,1900-01-01 08:00:00,2.3333333333333335
54468,73,Short,1900-01-01 08:30:00,1900-01-01 10:10:00,1.6666666666666667
54469,73,Short,1900-01-01 10:50:00,1900-01-01 12:40:00,1.8333333333333333
54470,73,Short,1900-01-01 16:00:00,1900-01-01 17:50:00,1.8333333333333333
54471,283,Medium,1900-01-01 17:35:00,1900-01-01 04:40:00,11.083333333333334
54472,283,Medium,1900-01-01 05:55:00,1900-01-01 17:50:00,11.916666666666666
54473,189,Short,1900-01-01 18:15:00,1900-01-01 00:10:00,5.916666666666667
54474,189,Short,1900-01-01 03:55:00,1900-01-01 09:00:00,5.083333333333333
54475,243,Medium,1900-01-01 09:50:00,1900-01-01 21:50:00,12.0
54476,243,Medium,1900-01-01 04:20:00,1900-01-01 16:10:00,11.833333333333334
54481,22,Short,1900-01-01 04:10:00,1900-01-01 05:15:00,1.0833333333333333
54482,22,Short,1900-01-01 07:00:00,1900-01-01 08:00:00,1.0
54483,22,Short,1900-01-01 10:15:00,1900-01-01 11:15:00,1.0
54484,22,Short,1900-01-01 14:35:00,1900-01-01 15:45:00,1.1666666666666667
54485,22,Short,1900-01-01 16:50:00,1900-01-01 18:00:00,1.1666666666666667
54486,22,Short,1900-01-01 18:30:00,1900-01-01 19:25:00,0.9166666666666666
54531,69,Short,1900-01-01 18:30:00,1900-01-01 20:20:00,1.8333333333333333
54532,69,Short,1900-01-01 13:05:00,1900-01-01 14:45:00,1.6666666666666667
54539,272,Medium,1900-01-01 03:00:00,1900-01-01 14:15:00,11.25
54540,272,Medium,1900-01-01 14:35:00,1900-01-01 01:00:00,10.416666666666666
54541,194,Short,1900-01-01 05:15:00,1900-01-01 11:10:00,5.916666666666667
54542,194,Short,1900-01-01 16:25:00,1900-01-01 23:30:00,7.083333333333333
54551,201,Medium,1900-01-01 11:00:00,1900-01-01 16:05:00,5.083333333333333
54552,201,Medium,1900-01-01 07:30:00,1900-01-01 12:45:00,5.25
54553,106,Short,1900-01-01 15:55:00,1900-01-01 18:25:00,2.5
54555,95,Short,1900-01-01 06:15:00,1900-01-01 08:35:00,2.3333333333333335
54556,201,Medium,1900-01-01 17:50:00,1900-01-01 23:10:00,5.333333333333333
54557,53,Short,1900-01-01 07:40:00,1900-01-01 09:00:00,1.3333333333333333
54558,53,Short,1900-01-01 17:15:00,1900-01-01 18:35:00,1.3333333333333333
54559,116,Short,1900-01-01 09:25:00,1900-01-01 12:25:00,3.0
54560,116,Short,1900-01-01 12:45:00,1900-01-01 15:50:00,3.0833333333333335
54561,87,Short,1900-01-01 06:50:00,1900-01-01 08:55:00,2.0833333333333335
54562,87,Short,1900-01-01 06:35:00,1900-01-01 09:00:00,2.4166666666666665
54563,87,Short,1900-01-01 14:10:00,1900-01-01 16:20:00,2.1666666666666665
54564,87,Short,1900-01-01 17:40:00,1900-01-01 20:00:00,2.3333333333333335
54571,123,Short,1900-01-01 17:20:00,1900-01-01 20:45:00,3.4166666666666665
54572,123,Short,1900-01-01 11:00:00,1900-01-01 14:50:00,3.8333333333333335
54575,77,Short,1900-01-01 19:10:00,1900-01-01 21:35:00,2.4166666666666665
54576,77,Short,1900-01-01 05:50:00,1900-01-01 08:20:00,2.5
54581,43,Short,1900-01-01 18:00:00,1900-01-01 19:10:00,1.1666666666666667
54582,43,Short,1900-01-01 09:15:00,1900-01-01 10:30:00,1.25
54601,345,Medium,1900-01-01 00:40:00,1900-01-01 10:00:00,9.333333333333334
54602,415,Medium,1900-01-01 16:30:00,1900-01-01 05:00:00,12.5
54603,209,Medium,1900-01-01 04:30:00,1900-01-01 10:15:00,5.75
54604,209,Medium,1900-01-01 14:35:00,1900-01-01 20:10:00,5.583333333333333
54605,279,Medium,1900-01-01 06:30:00,1900-01-01 14:15:00,7.75
54606,209,Medium,1900-01-01 17:15:00,1900-01-01 23:00:00,5.75
54611,106,Short,1900-01-01 04:40:00,1900-01-01 07:35:00,2.9166666666666665
54612,106,Short,1900-01-01 05:15:00,1900-01-01 08:10:00,2.9166666666666665
54613,106,Short,1900-01-01 06:45:00,1900-01-01 09:45:00,3.0
54614,106,Short,1900-01-01 08:00:00,1900-01-01 11:00:00,3.0
54615,106,Short,1900-01-01 17:35:00,1900-01-01 20:55:00,3.3333333333333335
54616,106,Short,1900-01-01 17:15:00,1900-01-01 20:20:00,3.0833333333333335
54621,115,Short,1900-01-01 17:30:00,1900-01-01 20:30:00,3.0
54622,115,Short,1900-01-01 08:25:00,1900-01-01 11:45:00,3.3333333333333335
54625,87,Short,1900-01-01 05:00:00,1900-01-01 08:15:00,3.25
54626,87,Short,1900-01-01 17:10:00,1900-01-01 20:30:00,3.3333333333333335
54631,207,Medium,1900-01-01 16:05:00,1900-01-01 21:35:00,5.5
54632,229,Medium,1900-01-01 05:00:00,1900-01-01 11:15:00,6.25
54633,291,Medium,1900-01-01 11:40:00,1900-01-01 18:45:00,7.083333333333333
54634,269,Medium,1900-01-01 05:30:00,1900-01-01 13:45:00,8.25
54635,209,Medium,1900-01-01 16:00:00,1900-01-01 22:05:00,6.083333333333333
54636,209,Medium,1900-01-01 09:35:00,1900-01-01 15:10:00,5.583333333333333
54637,42,Short,1900-01-01 12:00:00,1900-01-01 13:30:00,1.5
54638,42,Short,1900-01-01 10:25:00,1900-01-01 11:35:00,1.1666666666666667
54641,384,Medium,1900-01-01 07:10:00,1900-01-01 19:35:00,12.416666666666666
54642,384,Medium,1900-01-01 11:30:00,1900-01-01 22:50:00,11.333333333333334
54643,117,Short,1900-01-01 14:50:00,1900-01-01 18:20:00,3.5
54644,117,Short,1900-01-01 06:25:00,1900-01-01 09:50:00,3.4166666666666665
54645,123,Short,1900-01-01 20:25:00,1900-01-01 23:15:00,2.8333333333333335
54646,123,Short,1900-01-01 05:10:00,1900-01-01 08:35:00,3.4166666666666665
54651,53,Short,1900-01-01 10:55:00,1900-01-01 12:15:00,1.3333333333333333
54654,53,Short,1900-01-01 18:25:00,1900-01-01 19:55:00,1.5
54701,319,Medium,1900-01-01 10:45:00,1900-01-01 18:15:00,7.5
54702,394,Medium,1900-01-01 08:30:00,1900-01-01 18:40:00,10.166666666666666
54703,661,Long,1900-01-01 19:10:00,1900-01-01 13:30:00,18.333333333333332
54704,601,Long,1900-01-01 14:35:00,1900-01-01 05:25:00,14.833333333333334
54751,413,Medium,1900-01-01 13:25:00,1900-01-01 01:00:00,11.583333333333334
54752,412,Medium,1900-01-01 01:25:00,1900-01-01 12:10:00,10.75
54753,126,Short,1900-01-01 10:40:00,1900-01-01 13:50:00,3.1666666666666665
54754,126,Short,1900-01-01 06:15:00,1900-01-01 09:20:00,3.0833333333333335
54755,126,Short,1900-01-01 07:15:00,1900-01-01 10:20:00,3.0833333333333335
54756,126,Short,1900-01-01 16:10:00,1900-01-01 19:20:00,3.1666666666666665
54757,327,Medium,1900-01-01 06:25:00,1900-01-01 15:55:00,9.5
54758,327,Medium,1900-01-01 10:55:00,1900-01-01 19:35:00,8.666666666666666
54759,137,Short,1900-01-01 09:00:00,1900-01-01 12:00:00,3.0
54760,125,Short,1900-01-01 12:30:00,1900-01-01 15:25:00,2.9166666666666665
54761,125,Short,1900-01-01 16:30:00,1900-01-01 19:30:00,3.0
54762,125,Short,1900-01-01 07:45:00,1900-01-01 10:45:00,3.0
54763,190,Short,1900-01-01 11:25:00,1900-01-01 17:35:00,6.166666666666667
54764,190,Short,1900-01-01 05:00:00,1900-01-01 10:45:00,5.75
54765,95,Short,1900-01-01 03:45:00,1900-01-01 06:00:00,2.25
54766,95,Short,1900-01-01 19:40:00,1900-01-01 22:20:00,2.6666666666666665
54781,300,Medium,1900-01-01 17:30:00,1900-01-01 01:50:00,8.333333333333334
54782,300,Medium,1900-01-01 09:10:00,1900-01-01 16:50:00,7.666666666666667
54783,422,Medium,1900-01-01 08:35:00,1900-01-01 20:50:00,12.25
54784,423,Medium,1900-01-01 04:40:00,1900-01-01 16:05:00,11.416666666666666
54785,88,Short,1900-01-01 05:35:00,1900-01-01 08:10:00,2.5833333333333335
54786,88,Short,1900-01-01 17:20:00,1900-01-01 19:45:00,2.4166666666666665
54787,82,Short,1900-01-01 06:40:00,1900-01-01 08:40:00,2.0
54788,82,Short,1900-01-01 21:45:00,1900-01-01 23:35:00,1.8333333333333333
54789,384,Medium,1900-01-01 04:45:00,1900-01-01 13:25:00,8.666666666666666
54790,384,Medium,1900-01-01 14:10:00,1900-01-01 22:55:00,8.75
54791,279,Medium,1900-01-01 13:30:00,1900-01-01 21:00:00,7.5
54792,279,Medium,1900-01-01 04:35:00,1900-01-01 12:40:00,8.083333333333334
54793,212,Medium,1900-01-01 05:05:00,1900-01-01 11:10:00,6.083333333333333
54794,212,Medium,1900-01-01 14:00:00,1900-01-01 19:45:00,5.75
54803,457,Medium,1900-01-01 08:45:00,1900-01-01 21:35:00,12.833333333333334
54804,455,Medium,1900-01-01 06:15:00,1900-01-01 20:25:00,14.166666666666666
54805,618,Long,1900-01-01 23:30:00,1900-01-01 22:50:00,23.333333333333332
54806,621,Long,1900-01-01 05:35:00,1900-01-01 03:45:00,22.166666666666668
54809,542,Long,1900-01-01 12:55:00,1900-01-01 01:50:00,12.916666666666666
54810,543,Long,1900-01-01 01:10:00,1900-01-01 14:45:00,13.583333333333334
54813,208,Medium,1900-01-01 09:00:00,1900-01-01 13:50:00,4.833333333333333
54819,300,Medium,1900-01-01 15:00:00,1900-01-01 22:00:00,7.0
54820,300,Medium,1900-01-01 07:00:00,1900-01-01 14:30:00,7.5
54822,21,Short,1900-01-01 09:15:00,1900-01-01 10:15:00,1.0
54825,88,Short,1900-01-01 18:00:00,1900-01-01 21:15:00,3.25
54826,87,Short,1900-01-01 05:00:00,1900-01-01 08:45:00,3.75
54833,367,Medium,1900-01-01 18:25:00,1900-01-01 04:05:00,9.666666666666666
54834,367,Medium,1900-01-01 23:35:00,1900-01-01 09:15:00,9.666666666666666
54835,142,Short,1900-01-01 06:30:00,1900-01-01 10:10:00,3.6666666666666665
54836,143,Short,1900-01-01 17:45:00,1900-01-01 21:30:00,3.75
54881,118,Short,1900-01-01 07:30:00,1900-01-01 09:40:00,2.1666666666666665
54882,118,Short,1900-01-01 10:30:00,1900-01-01 12:45:00,2.25
55001,164,Short,1900-01-01 07:40:00,1900-01-01 13:15:00,5.583333333333333
55002,164,Short,1900-01-01 13:45:00,1900-01-01 18:55:00,5.166666666666667
55007,290,Medium,1900-01-01 17:45:00,1900-01-01 04:30:00,10.75
55008,290,Medium,1900-01-01 01:20:00,1900-01-01 10:47:00,9.45
55009,108,Short,1900-01-01 17:45:00,1900-01-01 20:35:00,2.8333333333333335
55010,109,Short,1900-01-01 06:10:00,1900-01-01 09:55:00,3.75
55011,118,Short,1900-01-01 05:30:00,1900-01-01 09:15:00,3.75
55012,119,Short,1900-01-01 18:30:00,1900-01-01 22:20:00,3.8333333333333335
55013,200,Medium,1900-01-01 13:25:00,1900-01-01 21:35:00,8.166666666666666
55014,201,Medium,1900-01-01 04:50:00,1900-01-01 13:00:00,8.166666666666666
55017,132,Short,1900-01-01 17:25:00,1900-01-01 21:40:00,4.25
55018,134,Short,1900-01-01 04:59:00,1900-01-01 09:40:00,4.683333333333334
55019,178,Short,1900-01-01 11:20:00,1900-01-01 17:05:00,5.75
55020,179,Short,1900-01-01 08:30:00,1900-01-01 14:20:00,5.833333333333333
55021,225,Medium,1900-01-01 16:00:00,1900-01-01 23:20:00,7.333333333333333
55022,225,Medium,1900-01-01 04:00:00,1900-01-01 12:00:00,8.0
55025,152,Short,1900-01-01 05:20:00,1900-01-01 10:00:00,4.666666666666667
55026,153,Short,1900-01-01 04:15:00,1900-01-01 09:25:00,5.166666666666667
55027,152,Short,1900-01-01 18:15:00,1900-01-01 23:45:00,5.5
55028,153,Short,1900-01-01 17:20:00,1900-01-01 21:20:00,4.0
55029,150,Short,1900-01-01 19:15:00,1900-01-01 00:05:00,4.833333333333333
55030,150,Short,1900-01-01 18:05:00,1900-01-01 23:35:00,5.5
55031,339,Medium,1900-01-01 07:45:00,1900-01-01 21:20:00,13.583333333333334
55032,332,Medium,1900-01-01 17:25:00,1900-01-01 05:15:00,11.833333333333334
55033,160,Short,1900-01-01 11:20:00,1900-01-01 15:10:00,3.8333333333333335
55034,163,Short,1900-01-01 06:15:00,1900-01-01 11:25:00,5.166666666666667
55035,159,Short,1900-01-01 04:50:00,1900-01-01 09:05:00,4.25
55036,158,Short,1900-01-01 18:10:00,1900-01-01 22:30:00,4.333333333333333
55037,103,Short,1900-01-01 19:00:00,1900-01-01 21:55:00,2.9166666666666665
55038,97,Short,1900-01-01 15:35:00,1900-01-01 17:55:00,2.3333333333333335
55041,150,Short,1900-01-01 01:50:00,1900-01-01 06:05:00,4.25
55042,189,Short,1900-01-01 02:40:00,1900-01-01 08:15:00,5.583333333333333
55043,81,Short,1900-01-01 18:20:00,1900-01-01 21:35:00,3.25
55044,81,Short,1900-01-01 06:15:00,1900-01-01 09:35:00,3.3333333333333335
55045,90,Short,1900-01-01 09:15:00,1900-01-01 13:10:00,3.9166666666666665
55046,90,Short,1900-01-01 14:45:00,1900-01-01 18:00:00,3.25
55049,332,Medium,1900-01-01 22:45:00,1900-01-01 09:20:00,10.583333333333334
55050,340,Medium,1900-01-01 05:15:00,1900-01-01 18:00:00,12.75
55051,81,Short,1900-01-01 15:15:00,1900-01-01 18:25:00,3.1666666666666665
55052,81,Short,1900-01-01 19:55:00,1900-01-01 23:00:00,3.0833333333333335
55055,39,Short,1900-01-01 12:15:00,1900-01-01 14:30:00,2.25
55056,38,Short,1900-01-01 09:45:00,1900-01-01 10:45:00,1.0
55071,150,Short,1900-01-01 15:30:00,1900-01-01 20:30:00,5.0
55072,150,Short,1900-01-01 07:10:00,1900-01-01 12:05:00,4.916666666666667
55073,150,Short,1900-01-01 04:30:00,1900-01-01 09:30:00,5.0
55074,150,Short,1900-01-01 23:00:00,1900-01-01 03:30:00,4.5
55075,166,Short,1900-01-01 03:30:00,1900-01-01 10:00:00,6.5
55076,166,Short,1900-01-01 19:15:00,1900-01-01 01:20:00,6.083333333333333
55077,112,Short,1900-01-01 10:35:00,1900-01-01 14:30:00,3.9166666666666665
55078,112,Short,1900-01-01 15:20:00,1900-01-01 18:50:00,3.5
55079,189,Short,1900-01-01 08:45:00,1900-01-01 15:00:00,6.25
55080,150,Short,1900-01-01 12:30:00,1900-01-01 17:15:00,4.75
55081,150,Short,1900-01-01 23:00:00,1900-01-01 05:10:00,6.166666666666667
55082,150,Short,1900-01-01 17:25:00,1900-01-01 22:15:00,4.833333333333333
55101,30,Short,1900-01-01 05:10:00,1900-01-01 06:20:00,1.1666666666666667
55102,30,Short,1900-01-01 10:50:00,1900-01-01 12:25:00,1.5833333333333333
55103,30,Short,1900-01-01 15:30:00,1900-01-01 16:50:00,1.3333333333333333
55104,30,Short,1900-01-01 20:00:00,1900-01-01 21:15:00,1.25
55105,20,Short,1900-01-01 09:00:00,1900-01-01 09:55:00,0.9166666666666666
55106,20,Short,1900-01-01 06:50:00,1900-01-01 07:45:00,0.9166666666666666
55107,28,Short,1900-01-01 06:25:00,1900-01-01 07:15:00,0.8333333333333334
55108,28,Short,1900-01-01 08:00:00,1900-01-01 08:50:00,0.8333333333333334
55109,28,Short,1900-01-01 09:30:00,1900-01-01 10:30:00,1.0
55110,28,Short,1900-01-01 13:30:00,1900-01-01 14:25:00,0.9166666666666666
55111,28,Short,1900-01-01 15:40:00,1900-01-01 16:30:00,0.8333333333333334
55112,28,Short,1900-01-01 17:20:00,1900-01-01 18:10:00,0.8333333333333334
55113,28,Short,1900-01-01 18:55:00,1900-01-01 19:50:00,0.9166666666666666
55114,28,Short,1900-01-01 20:35:00,1900-01-01 21:30:00,0.9166666666666666
55115,108,Short,1900-01-01 07:40:00,1900-01-01 11:50:00,4.166666666666667
55116,109,Short,1900-01-01 17:30:00,1900-01-01 20:45:00,3.25
55119,227,Medium,1900-01-01 15:10:00,1900-01-01 23:30:00,8.333333333333334
55120,227,Medium,1900-01-01 11:25:00,1900-01-01 21:25:00,10.0
55122,164,Short,1900-01-01 06:30:00,1900-01-01 12:00:00,5.5
55123,156,Short,1900-01-01 14:05:00,1900-01-01 19:30:00,5.416666666666667
55125,118,Short,1900-01-01 06:05:00,1900-01-01 10:05:00,4.0
55126,118,Short,1900-01-01 06:35:00,1900-01-01 10:40:00,4.083333333333333
55127,118,Short,1900-01-01 12:10:00,1900-01-01 16:15:00,4.083333333333333
55128,118,Short,1900-01-01 12:20:00,1900-01-01 16:20:00,4.0
55129,118,Short,1900-01-01 17:50:00,1900-01-01 21:10:00,3.3333333333333335
55130,118,Short,1900-01-01 18:00:00,1900-01-01 22:10:00,4.166666666666667
55131,200,Medium,1900-01-01 07:30:00,1900-01-01 15:30:00,8.0
55132,201,Medium,1900-01-01 12:45:00,1900-01-01 20:10:00,7.416666666666667
55133,136,Short,1900-01-01 05:45:00,1900-01-01 09:25:00,3.6666666666666665
55134,136,Short,1900-01-01 16:10:00,1900-01-01 20:45:00,4.583333333333333
55135,131,Short,1900-01-01 05:00:00,1900-01-01 09:55:00,4.916666666666667
55136,131,Short,1900-01-01 18:10:00,1900-01-01 22:50:00,4.666666666666667
55137,167,Short,1900-01-01 05:25:00,1900-01-01 11:15:00,5.833333333333333
55138,168,Short,1900-01-01 06:10:00,1900-01-01 10:55:00,4.75
55139,167,Short,1900-01-01 17:10:00,1900-01-01 22:15:00,5.083333333333333
55140,168,Short,1900-01-01 15:20:00,1900-01-01 22:30:00,7.166666666666667
55141,81,Short,1900-01-01 08:00:00,1900-01-01 11:10:00,3.1666666666666665
55142,81,Short,1900-01-01 11:45:00,1900-01-01 14:30:00,2.75
55143,56,Short,1900-01-01 07:30:00,1900-01-01 09:15:00,1.75
55144,58,Short,1900-01-01 18:30:00,1900-01-01 20:00:00,1.5
55145,20,Short,1900-01-01 18:40:00,1900-01-01 19:30:00,0.8333333333333334
55146,20,Short,1900-01-01 17:20:00,1900-01-01 18:15:00,0.9166666666666666
55149,227,Medium,1900-01-01 23:20:00,1900-01-01 06:25:00,7.083333333333333
55150,227,Medium,1900-01-01 23:55:00,1900-01-01 07:25:00,7.5
55159,56,Short,1900-01-01 15:25:00,1900-01-01 17:10:00,1.75
55160,58,Short,1900-01-01 09:45:00,1900-01-01 11:15:00,1.5
55163,157,Short,1900-01-01 23:45:00,1900-01-01 05:40:00,5.916666666666667
55164,157,Short,1900-01-01 22:50:00,1900-01-01 04:45:00,5.916666666666667
55165,43,Short,1900-01-01 05:45:00,1900-01-01 06:55:00,1.1666666666666667
55166,43,Short,1900-01-01 20:20:00,1900-01-01 22:00:00,1.6666666666666667
55167,17,Short,1900-01-01 09:40:00,1900-01-01 10:05:00,0.4166666666666667
55168,17,Short,1900-01-01 10:40:00,1900-01-01 11:05:00,0.4166666666666667
55169,17,Short,1900-01-01 16:55:00,1900-01-01 17:25:00,0.5
55170,17,Short,1900-01-01 18:15:00,1900-01-01 18:35:00,0.3333333333333333
55171,6,Short,1900-01-01 07:35:00,1900-01-01 08:00:00,0.4166666666666667
55172,6,Short,1900-01-01 08:30:00,1900-01-01 08:55:00,0.4166666666666667
55173,6,Short,1900-01-01 11:25:00,1900-01-01 11:50:00,0.4166666666666667
55174,6,Short,1900-01-01 12:20:00,1900-01-01 12:45:00,0.4166666666666667
55175,6,Short,1900-01-01 13:15:00,1900-01-01 13:40:00,0.4166666666666667
55176,6,Short,1900-01-01 14:10:00,1900-01-01 14:35:00,0.4166666666666667
55177,6,Short,1900-01-01 15:05:00,1900-01-01 15:30:00,0.4166666666666667
55178,6,Short,1900-01-01 16:00:00,1900-01-01 16:25:00,0.4166666666666667
55179,6,Short,1900-01-01 18:45:00,1900-01-01 19:05:00,0.3333333333333333
55180,6,Short,1900-01-01 19:30:00,1900-01-01 19:55:00,0.4166666666666667
55181,106,Short,1900-01-01 09:15:00,1900-01-01 12:50:00,3.5833333333333335
55182,106,Short,1900-01-01 05:00:00,1900-01-01 08:35:00,3.5833333333333335
55183,106,Short,1900-01-01 18:30:00,1900-01-01 22:10:00,3.6666666666666665
55184,106,Short,1900-01-01 14:10:00,1900-01-01 17:50:00,3.6666666666666665
55207,159,Short,1900-01-01 02:10:00,1900-01-01 06:27:00,4.283333333333333
55208,159,Short,1900-01-01 20:00:00,1900-01-01 01:05:00,5.083333333333333
55209,159,Short,1900-01-01 15:30:00,1900-01-01 21:30:00,6.0
55211,129,Short,1900-01-01 08:35:00,1900-01-01 13:15:00,4.666666666666667
55212,129,Short,1900-01-01 14:15:00,1900-01-01 19:00:00,4.75
55213,159,Short,1900-01-01 12:50:00,1900-01-01 19:00:00,6.166666666666667
55214,159,Short,1900-01-01 22:45:00,1900-01-01 04:00:00,5.25
55215,74,Short,1900-01-01 07:55:00,1900-01-01 10:30:00,2.5833333333333335
55216,74,Short,1900-01-01 18:20:00,1900-01-01 21:30:00,3.1666666666666665
55217,74,Short,1900-01-01 15:00:00,1900-01-01 17:40:00,2.6666666666666665
55218,74,Short,1900-01-01 11:15:00,1900-01-01 14:25:00,3.1666666666666665
55220,159,Short,1900-01-01 08:25:00,1900-01-01 14:30:00,6.083333333333333
55221,179,Short,1900-01-01 17:35:00,1900-01-01 22:15:00,4.666666666666667
55222,179,Short,1900-01-01 03:25:00,1900-01-01 09:10:00,5.75
55223,267,Medium,1900-01-01 12:15:00,1900-01-01 21:57:00,9.7
55224,267,Medium,1900-01-01 03:15:00,1900-01-01 13:42:00,10.45
55225,129,Short,1900-01-01 18:30:00,1900-01-01 22:45:00,4.25
55226,129,Short,1900-01-01 05:55:00,1900-01-01 10:45:00,4.833333333333333
55227,51,Short,1900-01-01 06:32:00,1900-01-01 07:50:00,1.3
55228,51,Short,1900-01-01 21:35:00,1900-01-01 23:15:00,1.6666666666666667
55229,108,Short,1900-01-01 06:15:00,1900-01-01 10:10:00,3.9166666666666665
55230,108,Short,1900-01-01 17:05:00,1900-01-01 21:35:00,4.5
55231,12,Short,1900-01-01 11:30:00,1900-01-01 13:00:00,1.5
55232,12,Short,1900-01-01 15:50:00,1900-01-01 16:50:00,1.0
55237,50,Short,1900-01-01 06:50:00,1900-01-01 08:40:00,1.8333333333333333
55238,50,Short,1900-01-01 20:30:00,1900-01-01 22:00:00,1.5
55239,51,Short,1900-01-01 14:15:00,1900-01-01 16:25:00,2.1666666666666665
55240,51,Short,1900-01-01 17:55:00,1900-01-01 19:55:00,2.0
55301,116,Short,1900-01-01 14:15:00,1900-01-01 18:20:00,4.083333333333333
55302,116,Short,1900-01-01 07:20:00,1900-01-01 12:35:00,5.25
55303,125,Short,1900-01-01 06:30:00,1900-01-01 12:05:00,5.583333333333333
55304,125,Short,1900-01-01 16:35:00,1900-01-01 22:15:00,5.666666666666667
55305,76,Short,1900-01-01 04:30:00,1900-01-01 06:30:00,2.0
55306,85,Short,1900-01-01 07:20:00,1900-01-01 09:50:00,2.5
55307,76,Short,1900-01-01 10:25:00,1900-01-01 12:40:00,2.25
55308,85,Short,1900-01-01 11:15:00,1900-01-01 13:35:00,2.3333333333333335
55309,85,Short,1900-01-01 17:30:00,1900-01-01 20:00:00,2.5
55310,76,Short,1900-01-01 13:55:00,1900-01-01 16:05:00,2.1666666666666665
55311,58,Short,1900-01-01 13:40:00,1900-01-01 15:15:00,1.5833333333333333
55312,58,Short,1900-01-01 17:50:00,1900-01-01 19:30:00,1.6666666666666667
55313,27,Short,1900-01-01 15:35:00,1900-01-01 16:10:00,0.5833333333333334
55314,27,Short,1900-01-01 17:00:00,1900-01-01 17:35:00,0.5833333333333334
55315,54,Short,1900-01-01 08:45:00,1900-01-01 10:05:00,1.3333333333333333
55316,54,Short,1900-01-01 05:45:00,1900-01-01 07:05:00,1.3333333333333333
55317,54,Short,1900-01-01 14:00:00,1900-01-01 15:20:00,1.3333333333333333
55318,54,Short,1900-01-01 12:05:00,1900-01-01 13:20:00,1.25
55319,54,Short,1900-01-01 20:45:00,1900-01-01 22:00:00,1.25
55320,54,Short,1900-01-01 18:20:00,1900-01-01 19:50:00,1.5
55321,85,Short,1900-01-01 07:20:00,1900-01-01 09:35:00,2.25
55322,76,Short,1900-01-01 20:55:00,1900-01-01 23:20:00,2.4166666666666665
55323,76,Short,1900-01-01 20:45:00,1900-01-01 23:00:00,2.25
55324,76,Short,1900-01-01 03:45:00,1900-01-01 05:45:00,2.0
55325,319,Medium,1900-01-01 04:30:00,1900-01-01 14:45:00,10.25
55326,320,Medium,1900-01-01 15:05:00,1900-01-01 01:00:00,9.916666666666666
55327,138,Short,1900-01-01 19:00:00,1900-01-01 22:55:00,3.9166666666666665
55328,139,Short,1900-01-01 05:25:00,1900-01-01 09:30:00,4.083333333333333
55329,213,Medium,1900-01-01 16:00:00,1900-01-01 23:35:00,7.583333333333333
55330,214,Medium,1900-01-01 05:00:00,1900-01-01 10:50:00,5.833333333333333
55331,107,Short,1900-01-01 05:00:00,1900-01-01 07:35:00,2.5833333333333335
55332,107,Short,1900-01-01 17:35:00,1900-01-01 20:25:00,2.8333333333333335
55333,166,Short,1900-01-01 07:45:00,1900-01-01 12:30:00,4.75
55334,166,Short,1900-01-01 15:35:00,1900-01-01 20:40:00,5.083333333333333
55335,81,Short,1900-01-01 06:20:00,1900-01-01 08:35:00,2.25
55336,81,Short,1900-01-01 20:30:00,1900-01-01 22:45:00,2.25
55337,139,Short,1900-01-01 05:10:00,1900-01-01 09:10:00,4.0
55338,139,Short,1900-01-01 10:40:00,1900-01-01 14:40:00,4.0
55339,105,Short,1900-01-01 12:10:00,1900-01-01 14:45:00,2.5833333333333335
55340,105,Short,1900-01-01 21:05:00,1900-01-01 23:30:00,2.4166666666666665
55341,167,Short,1900-01-01 17:35:00,1900-01-01 23:00:00,5.416666666666667
55342,167,Short,1900-01-01 05:35:00,1900-01-01 11:10:00,5.583333333333333
55343,141,Short,1900-01-01 06:00:00,1900-01-01 09:30:00,3.5
55344,141,Short,1900-01-01 07:30:00,1900-01-01 11:00:00,3.5
55345,141,Short,1900-01-01 09:35:00,1900-01-01 13:05:00,3.5
55346,141,Short,1900-01-01 10:00:00,1900-01-01 13:40:00,3.6666666666666665
55347,81,Short,1900-01-01 10:30:00,1900-01-01 13:00:00,2.5
55348,81,Short,1900-01-01 07:30:00,1900-01-01 09:45:00,2.25
55349,81,Short,1900-01-01 17:25:00,1900-01-01 19:55:00,2.5
55350,81,Short,1900-01-01 13:50:00,1900-01-01 16:15:00,2.4166666666666665
55351,81,Short,1900-01-01 14:05:00,1900-01-01 16:30:00,2.4166666666666665
55352,81,Short,1900-01-01 10:15:00,1900-01-01 12:45:00,2.5
55353,105,Short,1900-01-01 21:15:00,1900-01-01 23:30:00,2.25
55354,105,Short,1900-01-01 06:00:00,1900-01-01 08:30:00,2.5
55355,141,Short,1900-01-01 12:55:00,1900-01-01 16:30:00,3.5833333333333335
55356,141,Short,1900-01-01 13:30:00,1900-01-01 16:50:00,3.3333333333333335
55357,141,Short,1900-01-01 17:10:00,1900-01-01 20:30:00,3.3333333333333335
55358,141,Short,1900-01-01 17:10:00,1900-01-01 20:55:00,3.75
55359,119,Short,1900-01-01 21:45:00,1900-01-01 00:30:00,2.75
55360,119,Short,1900-01-01 20:45:00,1900-01-01 23:45:00,3.0
55361,55,Short,1900-01-01 07:10:00,1900-01-01 09:10:00,2.0
55362,55,Short,1900-01-01 07:20:00,1900-01-01 09:15:00,1.9166666666666667
55363,55,Short,1900-01-01 11:05:00,1900-01-01 13:05:00,2.0
55364,55,Short,1900-01-01 10:00:00,1900-01-01 11:55:00,1.9166666666666667
55365,55,Short,1900-01-01 14:45:00,1900-01-01 16:45:00,2.0
55366,55,Short,1900-01-01 13:45:00,1900-01-01 15:40:00,1.9166666666666667
55367,55,Short,1900-01-01 18:00:00,1900-01-01 20:00:00,2.0
55368,55,Short,1900-01-01 18:15:00,1900-01-01 20:15:00,2.0
55369,55,Short,1900-01-01 21:30:00,1900-01-01 23:10:00,1.6666666666666667
55370,55,Short,1900-01-01 21:35:00,1900-01-01 23:25:00,1.8333333333333333
55371,25,Short,1900-01-01 07:15:00,1900-01-01 08:00:00,0.75
55372,25,Short,1900-01-01 08:30:00,1900-01-01 09:15:00,0.75
55373,25,Short,1900-01-01 10:30:00,1900-01-01 11:15:00,0.75
55374,25,Short,1900-01-01 12:40:00,1900-01-01 13:25:00,0.75
55375,25,Short,1900-01-01 17:15:00,1900-01-01 18:00:00,0.75
55376,25,Short,1900-01-01 18:45:00,1900-01-01 19:30:00,0.75
55421,106,Short,1900-01-01 07:15:00,1900-01-01 10:10:00,2.9166666666666665
55422,106,Short,1900-01-01 17:15:00,1900-01-01 20:20:00,3.0833333333333335
55465,72,Short,1900-01-01 06:15:00,1900-01-01 08:50:00,2.5833333333333335
55466,72,Short,1900-01-01 16:00:00,1900-01-01 18:45:00,2.75
55467,233,Medium,1900-01-01 07:15:00,1900-01-01 15:30:00,8.25
55468,233,Medium,1900-01-01 09:20:00,1900-01-01 18:10:00,8.833333333333334
55513,105,Short,1900-01-01 18:15:00,1900-01-01 22:15:00,4.0
55514,105,Short,1900-01-01 07:35:00,1900-01-01 11:35:00,4.0
55517,68,Short,1900-01-01 17:30:00,1900-01-01 21:00:00,3.5
55518,68,Short,1900-01-01 12:55:00,1900-01-01 15:55:00,3.0
55519,105,Short,1900-01-01 06:05:00,1900-01-01 10:00:00,3.9166666666666665
55520,105,Short,1900-01-01 17:15:00,1900-01-01 21:00:00,3.75
55525,50,Short,1900-01-01 07:55:00,1900-01-01 09:35:00,1.6666666666666667
55526,50,Short,1900-01-01 18:35:00,1900-01-01 20:35:00,2.0
55527,266,Medium,1900-01-01 03:15:00,1900-01-01 14:15:00,11.0
55528,266,Medium,1900-01-01 15:30:00,1900-01-01 01:50:00,10.333333333333334
55533,138,Short,1900-01-01 07:30:00,1900-01-01 12:15:00,4.75
55534,139,Short,1900-01-01 22:00:00,1900-01-01 02:45:00,4.75
55537,230,Medium,1900-01-01 08:30:00,1900-01-01 16:00:00,7.5
55538,230,Medium,1900-01-01 12:45:00,1900-01-01 20:15:00,7.5
55539,267,Medium,1900-01-01 04:00:00,1900-01-01 15:25:00,11.416666666666666
55540,267,Medium,1900-01-01 14:10:00,1900-01-01 00:05:00,9.916666666666666
55541,159,Short,1900-01-01 15:35:00,1900-01-01 22:00:00,6.416666666666667
55542,159,Short,1900-01-01 06:15:00,1900-01-01 13:53:00,7.633333333333334
55549,87,Short,1900-01-01 22:30:00,1900-01-01 03:30:00,5.0
55550,87,Short,1900-01-01 04:15:00,1900-01-01 07:20:00,3.0833333333333335
55553,138,Short,1900-01-01 21:55:00,1900-01-01 03:15:00,5.333333333333333
55554,139,Short,1900-01-01 13:35:00,1900-01-01 18:00:00,4.416666666666667
55555,139,Short,1900-01-01 05:30:00,1900-01-01 09:35:00,4.083333333333333
55556,139,Short,1900-01-01 15:30:00,1900-01-01 21:15:00,5.75
55559,139,Short,1900-01-01 13:45:00,1900-01-01 19:15:00,5.5
55560,139,Short,1900-01-01 08:30:00,1900-01-01 13:10:00,4.666666666666667
55563,100,Short,1900-01-01 06:00:00,1900-01-01 09:45:00,3.75
55564,100,Short,1900-01-01 01:15:00,1900-01-01 04:45:00,3.5
55565,139,Short,1900-01-01 18:15:00,1900-01-01 23:00:00,4.75
55566,139,Short,1900-01-01 04:30:00,1900-01-01 09:35:00,5.083333333333333
55567,139,Short,1900-01-01 10:25:00,1900-01-01 16:00:00,5.583333333333333
55568,139,Short,1900-01-01 18:15:00,1900-01-01 23:45:00,5.5
55569,21,Short,1900-01-01 11:05:00,1900-01-01 11:50:00,0.75
55570,21,Short,1900-01-01 10:00:00,1900-01-01 10:40:00,0.6666666666666666
55571,100,Short,1900-01-01 10:15:00,1900-01-01 14:10:00,3.9166666666666665
55572,100,Short,1900-01-01 05:45:00,1900-01-01 09:30:00,3.75
55575,54,Short,1900-01-01 08:15:00,1900-01-01 10:45:00,2.5
55576,54,Short,1900-01-01 18:45:00,1900-01-01 21:45:00,3.0
55577,54,Short,1900-01-01 16:00:00,1900-01-01 18:20:00,2.3333333333333335
55578,54,Short,1900-01-01 12:00:00,1900-01-01 14:45:00,2.75
55583,100,Short,1900-01-01 19:15:00,1900-01-01 22:35:00,3.3333333333333335
55584,100,Short,1900-01-01 14:45:00,1900-01-01 18:00:00,3.25
55601,181,Short,1900-01-01 06:20:00,1900-01-01 12:15:00,5.916666666666667
55602,180,Short,1900-01-01 14:25:00,1900-01-01 21:10:00,6.75
55603,160,Short,1900-01-01 18:10:00,1900-01-01 23:10:00,5.0
55604,160,Short,1900-01-01 04:35:00,1900-01-01 09:35:00,5.0
55615,380,Medium,1900-01-01 23:55:00,1900-01-01 14:00:00,14.083333333333334
55616,379,Medium,1900-01-01 07:00:00,1900-01-01 20:15:00,13.25
55661,60,Short,1900-01-01 18:45:00,1900-01-01 21:35:00,2.8333333333333335
55662,60,Short,1900-01-01 06:00:00,1900-01-01 08:25:00,2.4166666666666665
55663,256,Medium,1900-01-01 10:45:00,1900-01-01 20:00:00,9.25
55664,255,Medium,1900-01-01 08:30:00,1900-01-01 17:00:00,8.5
55665,67,Short,1900-01-01 11:00:00,1900-01-01 13:30:00,2.5
55666,56,Short,1900-01-01 13:55:00,1900-01-01 16:15:00,2.3333333333333335
55667,103,Short,1900-01-01 16:45:00,1900-01-01 20:50:00,4.083333333333333
55668,103,Short,1900-01-01 05:30:00,1900-01-01 09:20:00,3.8333333333333335
55675,140,Short,1900-01-01 17:45:00,1900-01-01 21:45:00,4.0
55676,140,Short,1900-01-01 05:45:00,1900-01-01 09:45:00,4.0
55677,115,Short,1900-01-01 17:30:00,1900-01-01 22:45:00,5.25
55678,115,Short,1900-01-01 05:30:00,1900-01-01 10:20:00,4.833333333333333
55679,140,Short,1900-01-01 06:15:00,1900-01-01 10:00:00,3.75
55680,140,Short,1900-01-01 15:45:00,1900-01-01 20:00:00,4.25
55681,42,Short,1900-01-01 08:45:00,1900-01-01 10:00:00,1.25
55682,42,Short,1900-01-01 06:30:00,1900-01-01 07:40:00,1.1666666666666667
55683,42,Short,1900-01-01 20:00:00,1900-01-01 21:15:00,1.25
55684,42,Short,1900-01-01 17:45:00,1900-01-01 18:50:00,1.0833333333333333
55685,60,Short,1900-01-01 09:00:00,1900-01-01 11:55:00,2.9166666666666665
55686,60,Short,1900-01-01 15:25:00,1900-01-01 18:05:00,2.6666666666666665
55687,101,Short,1900-01-01 17:25:00,1900-01-01 22:05:00,4.666666666666667
55688,101,Short,1900-01-01 05:00:00,1900-01-01 08:45:00,3.75
55689,71,Short,1900-01-01 09:10:00,1900-01-01 12:55:00,3.75
55690,71,Short,1900-01-01 13:45:00,1900-01-01 16:45:00,3.0
55701,90,Short,1900-01-01 07:00:00,1900-01-01 10:45:00,3.75
55702,90,Short,1900-01-01 14:30:00,1900-01-01 17:30:00,3.0
55703,90,Short,1900-01-01 14:00:00,1900-01-01 17:14:00,3.2333333333333334
55704,90,Short,1900-01-01 08:15:00,1900-01-01 11:35:00,3.3333333333333335
55707,109,Short,1900-01-01 05:00:00,1900-01-01 08:45:00,3.75
55708,109,Short,1900-01-01 18:35:00,1900-01-01 22:20:00,3.75
55709,24,Short,1900-01-01 08:30:00,1900-01-01 09:40:00,1.1666666666666667
55710,24,Short,1900-01-01 06:15:00,1900-01-01 07:20:00,1.0833333333333333
55711,232,Medium,1900-01-01 15:30:00,1900-01-01 23:00:00,7.5
55712,232,Medium,1900-01-01 06:00:00,1900-01-01 14:00:00,8.0
55713,363,Medium,1900-01-01 07:20:00,1900-01-01 22:20:00,15.0
55714,363,Medium,1900-01-01 03:35:00,1900-01-01 16:00:00,12.416666666666666
55719,49,Short,1900-01-01 11:00:00,1900-01-01 13:10:00,2.1666666666666665
55720,49,Short,1900-01-01 13:50:00,1900-01-01 16:00:00,2.1666666666666665
55721,95,Short,1900-01-01 06:00:00,1900-01-01 10:30:00,4.5
55722,94,Short,1900-01-01 16:45:00,1900-01-01 21:15:00,4.5
55725,168,Short,1900-01-01 17:40:00,1900-01-01 23:15:00,5.583333333333333
55726,168,Short,1900-01-01 05:00:00,1900-01-01 10:05:00,5.083333333333333
55727,93,Short,1900-01-01 06:15:00,1900-01-01 09:15:00,3.0
55728,94,Short,1900-01-01 10:15:00,1900-01-01 13:10:00,2.9166666666666665
55729,93,Short,1900-01-01 14:00:00,1900-01-01 17:00:00,3.0
55730,94,Short,1900-01-01 18:30:00,1900-01-01 21:50:00,3.3333333333333335
55733,108,Short,1900-01-01 03:00:00,1900-01-01 05:50:00,2.8333333333333335
55734,108,Short,1900-01-01 06:30:00,1900-01-01 09:35:00,3.0833333333333335
55735,107,Short,1900-01-01 07:00:00,1900-01-01 09:55:00,2.9166666666666665
55736,108,Short,1900-01-01 10:35:00,1900-01-01 13:35:00,3.0
55740,108,Short,1900-01-01 15:20:00,1900-01-01 18:20:00,3.0
55741,108,Short,1900-01-01 14:30:00,1900-01-01 17:15:00,2.75
55742,108,Short,1900-01-01 18:00:00,1900-01-01 21:00:00,3.0
55743,107,Short,1900-01-01 17:45:00,1900-01-01 20:45:00,3.0
55744,108,Short,1900-01-01 04:30:00,1900-01-01 07:25:00,2.9166666666666665
55749,56,Short,1900-01-01 09:00:00,1900-01-01 10:45:00,1.75
55750,56,Short,1900-01-01 11:55:00,1900-01-01 13:45:00,1.8333333333333333
55751,56,Short,1900-01-01 14:45:00,1900-01-01 16:25:00,1.6666666666666667
55752,56,Short,1900-01-01 17:10:00,1900-01-01 18:45:00,1.5833333333333333
55753,268,Medium,1900-01-01 02:45:00,1900-01-01 11:25:00,8.666666666666666
55754,268,Medium,1900-01-01 14:20:00,1900-01-01 22:10:00,7.833333333333333
55755,107,Short,1900-01-01 09:00:00,1900-01-01 12:05:00,3.0833333333333335
55756,108,Short,1900-01-01 03:00:00,1900-01-01 06:05:00,3.0833333333333335
55763,107,Short,1900-01-01 20:30:00,1900-01-01 23:30:00,3.0
55764,108,Short,1900-01-01 12:45:00,1900-01-01 15:45:00,3.0
55769,90,Short,1900-01-01 16:45:00,1900-01-01 20:30:00,3.75
55770,90,Short,1900-01-01 06:05:00,1900-01-01 09:25:00,3.3333333333333335
55771,61,Short,1900-01-01 10:30:00,1900-01-01 12:15:00,1.75
55772,60,Short,1900-01-01 14:15:00,1900-01-01 16:00:00,1.75
55801,156,Short,1900-01-01 04:50:00,1900-01-01 09:15:00,4.416666666666667
55802,156,Short,1900-01-01 17:30:00,1900-01-01 22:00:00,4.5
55803,208,Medium,1900-01-01 17:05:00,1900-01-01 21:40:00,4.583333333333333
55804,208,Medium,1900-01-01 07:20:00,1900-01-01 12:00:00,4.666666666666667
55809,156,Short,1900-01-01 16:40:00,1900-01-01 21:20:00,4.666666666666667
55810,156,Short,1900-01-01 05:00:00,1900-01-01 10:05:00,5.083333333333333
55811,309,Medium,1900-01-01 07:00:00,1900-01-01 15:10:00,8.166666666666666
55812,309,Medium,1900-01-01 22:00:00,1900-01-01 06:20:00,8.333333333333334
55813,343,Medium,1900-01-01 04:05:00,1900-01-01 13:45:00,9.666666666666666
55814,343,Medium,1900-01-01 14:45:00,1900-01-01 00:25:00,9.666666666666666
55817,156,Short,1900-01-01 14:30:00,1900-01-01 20:15:00,5.75
55818,156,Short,1900-01-01 08:30:00,1900-01-01 13:25:00,4.916666666666667
55819,126,Short,1900-01-01 07:00:00,1900-01-01 11:40:00,4.666666666666667
55820,126,Short,1900-01-01 16:20:00,1900-01-01 20:10:00,3.8333333333333335
55823,6,Short,1900-01-01 06:00:00,1900-01-01 06:40:00,0.6666666666666666
55824,6,Short,1900-01-01 22:00:00,1900-01-01 22:40:00,0.6666666666666666
55861,95,Short,1900-01-01 12:30:00,1900-01-01 16:40:00,4.166666666666667
55862,94,Short,1900-01-01 07:15:00,1900-01-01 11:45:00,4.5
55893,89,Short,1900-01-01 18:20:00,1900-01-01 21:25:00,3.0833333333333335
55894,88,Short,1900-01-01 05:00:00,1900-01-01 07:45:00,2.75
55895,426,Medium,1900-01-01 08:15:00,1900-01-01 20:20:00,12.083333333333334
55896,425,Medium,1900-01-01 06:00:00,1900-01-01 17:45:00,11.75
55901,336,Medium,1900-01-01 06:30:00,1900-01-01 20:00:00,13.5
55902,335,Medium,1900-01-01 07:50:00,1900-01-01 21:30:00,13.666666666666666
55903,155,Short,1900-01-01 14:40:00,1900-01-01 20:40:00,6.0
55904,155,Short,1900-01-01 06:30:00,1900-01-01 12:30:00,6.0
55909,102,Short,1900-01-01 06:35:00,1900-01-01 09:15:00,2.6666666666666665
55910,102,Short,1900-01-01 16:30:00,1900-01-01 19:10:00,2.6666666666666665
55913,176,Short,1900-01-01 05:30:00,1900-01-01 11:55:00,6.416666666666667
55914,176,Short,1900-01-01 14:40:00,1900-01-01 20:45:00,6.083333333333333
56001,68,Short,1900-01-01 13:10:00,1900-01-01 14:40:00,1.5
56002,68,Short,1900-01-01 22:15:00,1900-01-01 23:50:00,1.5833333333333333
56003,62,Short,1900-01-01 05:50:00,1900-01-01 07:15:00,1.4166666666666667
56004,62,Short,1900-01-01 20:25:00,1900-01-01 22:00:00,1.5833333333333333
56005,62,Short,1900-01-01 17:30:00,1900-01-01 19:10:00,1.6666666666666667
56006,62,Short,1900-01-01 08:20:00,1900-01-01 09:55:00,1.5833333333333333
56007,60,Short,1900-01-01 21:00:00,1900-01-01 22:45:00,1.75
56008,60,Short,1900-01-01 04:35:00,1900-01-01 06:25:00,1.8333333333333333
56009,70,Short,1900-01-01 07:10:00,1900-01-01 09:05:00,1.9166666666666667
56010,70,Short,1900-01-01 16:35:00,1900-01-01 18:45:00,2.1666666666666665
56011,193,Short,1900-01-01 07:05:00,1900-01-01 12:40:00,5.583333333333333
56012,193,Short,1900-01-01 14:45:00,1900-01-01 20:55:00,6.166666666666667
56013,70,Short,1900-01-01 13:05:00,1900-01-01 15:25:00,2.3333333333333335
56014,70,Short,1900-01-01 09:40:00,1900-01-01 11:55:00,2.25
56033,76,Short,1900-01-01 16:40:00,1900-01-01 18:55:00,2.25
56034,76,Short,1900-01-01 08:30:00,1900-01-01 11:00:00,2.5
56035,61,Short,1900-01-01 09:15:00,1900-01-01 11:00:00,1.75
56036,61,Short,1900-01-01 16:00:00,1900-01-01 17:40:00,1.6666666666666667
56037,196,Short,1900-01-01 06:35:00,1900-01-01 10:55:00,4.333333333333333
56038,196,Short,1900-01-01 15:35:00,1900-01-01 20:10:00,4.583333333333333
56041,279,Medium,1900-01-01 04:25:00,1900-01-01 14:10:00,9.75
56042,284,Medium,1900-01-01 13:20:00,1900-01-01 22:45:00,9.416666666666666
56043,22,Short,1900-01-01 17:10:00,1900-01-01 17:40:00,0.5
56044,22,Short,1900-01-01 18:55:00,1900-01-01 19:30:00,0.5833333333333334
56100,99,Short,1900-01-01 05:00:00,1900-01-01 08:25:00,3.4166666666666665
56101,99,Short,1900-01-01 19:00:00,1900-01-01 22:05:00,3.0833333333333335
56102,40,Short,1900-01-01 17:30:00,1900-01-01 18:35:00,1.0833333333333333
56103,40,Short,1900-01-01 08:50:00,1900-01-01 09:55:00,1.0833333333333333
56105,84,Short,1900-01-01 06:05:00,1900-01-01 08:15:00,2.1666666666666665
56106,85,Short,1900-01-01 08:35:00,1900-01-01 10:45:00,2.1666666666666665
56107,85,Short,1900-01-01 17:30:00,1900-01-01 19:30:00,2.0
56108,85,Short,1900-01-01 19:50:00,1900-01-01 21:50:00,2.0
56109,141,Short,1900-01-01 16:10:00,1900-01-01 20:00:00,3.8333333333333335
56110,141,Short,1900-01-01 07:50:00,1900-01-01 11:50:00,4.0
56111,178,Short,1900-01-01 15:10:00,1900-01-01 19:45:00,4.583333333333333
56112,180,Short,1900-01-01 06:25:00,1900-01-01 12:25:00,6.0
56113,120,Short,1900-01-01 06:15:00,1900-01-01 09:40:00,3.4166666666666665
56114,120,Short,1900-01-01 18:05:00,1900-01-01 21:20:00,3.25
56115,70,Short,1900-01-01 07:15:00,1900-01-01 09:15:00,2.0
56116,70,Short,1900-01-01 18:15:00,1900-01-01 20:30:00,2.25
56136,45,Short,1900-01-01 07:10:00,1900-01-01 12:00:00,4.833333333333333
56137,45,Short,1900-01-01 14:00:00,1900-01-01 17:35:00,3.5833333333333335
56138,18,Short,1900-01-01 16:00:00,1900-01-01 17:15:00,1.25
56139,18,Short,1900-01-01 09:15:00,1900-01-01 10:25:00,1.1666666666666667
56140,18,Short,1900-01-01 17:30:00,1900-01-01 18:40:00,1.1666666666666667
56141,18,Short,1900-01-01 07:45:00,1900-01-01 09:05:00,1.3333333333333333
56142,18,Short,1900-01-01 12:15:00,1900-01-01 13:20:00,1.0833333333333333
56143,18,Short,1900-01-01 12:35:00,1900-01-01 13:50:00,1.25
56144,35,Short,1900-01-01 17:55:00,1900-01-01 18:45:00,0.8333333333333334
56145,35,Short,1900-01-01 08:15:00,1900-01-01 09:05:00,0.8333333333333334
56146,35,Short,1900-01-01 09:30:00,1900-01-01 10:20:00,0.8333333333333334
56147,35,Short,1900-01-01 10:40:00,1900-01-01 11:30:00,0.8333333333333334
56148,35,Short,1900-01-01 11:50:00,1900-01-01 12:40:00,0.8333333333333334
56149,35,Short,1900-01-01 13:00:00,1900-01-01 13:55:00,0.9166666666666666
56150,35,Short,1900-01-01 15:15:00,1900-01-01 16:05:00,0.8333333333333334
56151,35,Short,1900-01-01 16:30:00,1900-01-01 17:20:00,0.8333333333333334
56201,60,Short,1900-01-01 20:50:00,1900-01-01 22:30:00,1.6666666666666667
56202,60,Short,1900-01-01 05:00:00,1900-01-01 06:40:00,1.6666666666666667
56203,60,Short,1900-01-01 10:40:00,1900-01-01 12:25:00,1.75
56204,60,Short,1900-01-01 07:20:00,1900-01-01 09:10:00,1.8333333333333333
56205,25,Short,1900-01-01 10:15:00,1900-01-01 11:10:00,0.9166666666666666
56206,25,Short,1900-01-01 09:00:00,1900-01-01 09:50:00,0.8333333333333334
56207,60,Short,1900-01-01 16:55:00,1900-01-01 18:35:00,1.6666666666666667
56208,60,Short,1900-01-01 14:50:00,1900-01-01 16:40:00,1.8333333333333333
56209,60,Short,1900-01-01 18:00:00,1900-01-01 19:50:00,1.8333333333333333
56210,60,Short,1900-01-01 12:30:00,1900-01-01 14:15:00,1.75
56215,294,Medium,1900-01-01 12:45:00,1900-01-01 20:00:00,7.25
56216,294,Medium,1900-01-01 08:30:00,1900-01-01 15:45:00,7.25
56217,96,Short,1900-01-01 10:00:00,1900-01-01 12:30:00,2.5
56218,96,Short,1900-01-01 13:40:00,1900-01-01 16:30:00,2.8333333333333335
56221,69,Short,1900-01-01 09:20:00,1900-01-01 11:05:00,1.75
56222,69,Short,1900-01-01 11:35:00,1900-01-01 13:20:00,1.75
56223,165,Short,1900-01-01 18:20:00,1900-01-01 22:50:00,4.5
56224,165,Short,1900-01-01 05:00:00,1900-01-01 09:10:00,4.166666666666667
56225,69,Short,1900-01-01 13:50:00,1900-01-01 15:55:00,2.0833333333333335
56226,69,Short,1900-01-01 16:25:00,1900-01-01 18:15:00,1.8333333333333333
56227,273,Medium,1900-01-01 16:30:00,1900-01-01 23:35:00,7.083333333333333
56228,273,Medium,1900-01-01 04:00:00,1900-01-01 11:20:00,7.333333333333333
56231,138,Short,1900-01-01 05:50:00,1900-01-01 09:15:00,3.4166666666666665
56232,138,Short,1900-01-01 09:20:00,1900-01-01 12:35:00,3.25
56237,138,Short,1900-01-01 14:45:00,1900-01-01 18:05:00,3.3333333333333335
56238,138,Short,1900-01-01 19:00:00,1900-01-01 22:20:00,3.3333333333333335
56241,220,Medium,1900-01-01 05:20:00,1900-01-01 10:45:00,5.416666666666667
56242,219,Medium,1900-01-01 16:05:00,1900-01-01 21:40:00,5.583333333333333
56261,290,Medium,1900-01-01 08:00:00,1900-01-01 18:45:00,10.75
56262,290,Medium,1900-01-01 09:15:00,1900-01-01 17:45:00,8.5
56263,138,Short,1900-01-01 23:55:00,1900-01-01 04:15:00,4.333333333333333
56264,138,Short,1900-01-01 23:55:00,1900-01-01 04:00:00,4.083333333333333
56265,167,Short,1900-01-01 17:30:00,1900-01-01 21:25:00,3.9166666666666665
56266,167,Short,1900-01-01 07:15:00,1900-01-01 11:10:00,3.9166666666666665
56267,167,Short,1900-01-01 05:00:00,1900-01-01 09:25:00,4.416666666666667
56268,167,Short,1900-01-01 18:20:00,1900-01-01 22:30:00,4.166666666666667
56269,275,Medium,1900-01-01 10:20:00,1900-01-01 16:30:00,6.166666666666667
56270,275,Medium,1900-01-01 10:20:00,1900-01-01 16:40:00,6.333333333333333
56271,114,Short,1900-01-01 18:15:00,1900-01-01 21:25:00,3.1666666666666665
56272,114,Short,1900-01-01 06:40:00,1900-01-01 09:30:00,2.8333333333333335
56273,305,Medium,1900-01-01 04:50:00,1900-01-01 13:05:00,8.25
56274,303,Medium,1900-01-01 15:25:00,1900-01-01 22:40:00,7.25
56275,372,Medium,1900-01-01 05:15:00,1900-01-01 14:30:00,9.25
56276,372,Medium,1900-01-01 13:10:00,1900-01-01 22:15:00,9.083333333333334
56277,244,Medium,1900-01-01 07:40:00,1900-01-01 14:15:00,6.583333333333333
56278,244,Medium,1900-01-01 15:30:00,1900-01-01 22:15:00,6.75
56281,198,Short,1900-01-01 07:00:00,1900-01-01 12:15:00,5.25
56282,198,Short,1900-01-01 15:30:00,1900-01-01 20:35:00,5.083333333333333
56300,84,Short,1900-01-01 03:30:00,1900-01-01 05:40:00,2.1666666666666665
56301,85,Short,1900-01-01 17:20:00,1900-01-01 19:20:00,2.0
56302,56,Short,1900-01-01 07:20:00,1900-01-01 08:55:00,1.5833333333333333
56303,56,Short,1900-01-01 15:40:00,1900-01-01 17:15:00,1.5833333333333333
56304,231,Medium,1900-01-01 12:20:00,1900-01-01 19:50:00,7.5
56305,96,Short,1900-01-01 05:35:00,1900-01-01 08:15:00,2.6666666666666665
56307,64,Short,1900-01-01 06:55:00,1900-01-01 09:00:00,2.0833333333333335
56308,64,Short,1900-01-01 18:00:00,1900-01-01 20:00:00,2.0
56309,64,Short,1900-01-01 15:15:00,1900-01-01 17:05:00,1.8333333333333333
56310,71,Short,1900-01-01 06:30:00,1900-01-01 08:30:00,2.0
56311,72,Short,1900-01-01 06:50:00,1900-01-01 08:50:00,2.0
56313,72,Short,1900-01-01 18:05:00,1900-01-01 19:55:00,1.8333333333333333
56315,72,Short,1900-01-01 17:15:00,1900-01-01 19:15:00,2.0
56316,71,Short,1900-01-01 18:20:00,1900-01-01 20:15:00,1.9166666666666667
56317,78,Short,1900-01-01 13:10:00,1900-01-01 15:55:00,2.75
56318,77,Short,1900-01-01 07:55:00,1900-01-01 10:20:00,2.4166666666666665
56319,531,Long,1900-01-01 07:10:00,1900-01-01 20:50:00,13.666666666666666
56320,532,Long,1900-01-01 07:20:00,1900-01-01 20:20:00,13.0
56323,404,Medium,1900-01-01 07:30:00,1900-01-01 18:50:00,11.333333333333334
56324,404,Medium,1900-01-01 07:35:00,1900-01-01 19:35:00,12.0
56331,44,Short,1900-01-01 08:15:00,1900-01-01 09:35:00,1.3333333333333333
56332,44,Short,1900-01-01 06:30:00,1900-01-01 07:55:00,1.4166666666666667
56333,52,Short,1900-01-01 11:00:00,1900-01-01 13:00:00,2.0
56334,52,Short,1900-01-01 08:40:00,1900-01-01 10:30:00,1.8333333333333333
56335,52,Short,1900-01-01 13:45:00,1900-01-01 15:40:00,1.9166666666666667
56336,52,Short,1900-01-01 11:20:00,1900-01-01 13:05:00,1.75
56337,44,Short,1900-01-01 19:10:00,1900-01-01 20:35:00,1.4166666666666667
56338,44,Short,1900-01-01 17:25:00,1900-01-01 18:50:00,1.4166666666666667
56361,107,Short,1900-01-01 04:20:00,1900-01-01 07:30:00,3.1666666666666665
56362,173,Short,1900-01-01 07:25:00,1900-01-01 13:00:00,5.583333333333333
56363,173,Short,1900-01-01 14:55:00,1900-01-01 20:05:00,5.166666666666667
56364,107,Short,1900-01-01 17:35:00,1900-01-01 21:05:00,3.5
56365,302,Medium,1900-01-01 05:55:00,1900-01-01 15:20:00,9.416666666666666
56366,302,Medium,1900-01-01 16:35:00,1900-01-01 03:10:00,10.583333333333334
56370,96,Short,1900-01-01 06:00:00,1900-01-01 08:40:00,2.6666666666666665
56371,96,Short,1900-01-01 06:45:00,1900-01-01 09:20:00,2.5833333333333335
56373,22,Short,1900-01-01 09:05:00,1900-01-01 09:35:00,0.5
56374,22,Short,1900-01-01 10:55:00,1900-01-01 11:30:00,0.5833333333333334
56375,96,Short,1900-01-01 13:05:00,1900-01-01 16:00:00,2.9166666666666665
56376,96,Short,1900-01-01 19:40:00,1900-01-01 22:25:00,2.75
56377,43,Short,1900-01-01 07:05:00,1900-01-01 08:10:00,1.0833333333333333
56378,43,Short,1900-01-01 22:20:00,1900-01-01 23:25:00,1.0833333333333333
56379,56,Short,1900-01-01 07:45:00,1900-01-01 09:30:00,1.75
56380,100,Short,1900-01-01 08:35:00,1900-01-01 11:10:00,2.5833333333333335
56381,100,Short,1900-01-01 10:05:00,1900-01-01 12:30:00,2.4166666666666665
56382,100,Short,1900-01-01 13:10:00,1900-01-01 15:35:00,2.4166666666666665
56383,100,Short,1900-01-01 18:05:00,1900-01-01 21:00:00,2.9166666666666665
56384,56,Short,1900-01-01 17:55:00,1900-01-01 19:30:00,1.5833333333333333
56385,58,Short,1900-01-01 07:15:00,1900-01-01 09:00:00,1.75
56386,59,Short,1900-01-01 05:05:00,1900-01-01 06:50:00,1.75
56387,114,Short,1900-01-01 12:00:00,1900-01-01 14:55:00,2.9166666666666665
56388,114,Short,1900-01-01 17:10:00,1900-01-01 20:05:00,2.9166666666666665
56389,58,Short,1900-01-01 20:40:00,1900-01-01 22:30:00,1.8333333333333333
56390,59,Short,1900-01-01 17:10:00,1900-01-01 19:00:00,1.8333333333333333
56391,155,Short,1900-01-01 18:30:00,1900-01-01 22:50:00,4.333333333333333
56392,155,Short,1900-01-01 04:00:00,1900-01-01 08:35:00,4.583333333333333
56393,96,Short,1900-01-01 17:50:00,1900-01-01 20:25:00,2.5833333333333335
56394,95,Short,1900-01-01 08:35:00,1900-01-01 11:05:00,2.5
56501,693,Long,1900-01-01 07:10:00,1900-01-01 05:35:00,22.416666666666668
56502,691,Long,1900-01-01 23:30:00,1900-01-01 19:10:00,19.666666666666668
56503,747,Long,1900-01-01 07:20:00,1900-01-01 05:55:00,22.583333333333332
56504,749,Long,1900-01-01 20:40:00,1900-01-01 17:10:00,20.5
56505,17,Short,1900-01-01 13:00:00,1900-01-01 13:35:00,0.5833333333333334
56506,16,Short,1900-01-01 09:50:00,1900-01-01 10:25:00,0.5833333333333334
56507,84,Short,1900-01-01 06:20:00,1900-01-01 09:25:00,3.0833333333333335
56508,85,Short,1900-01-01 18:00:00,1900-01-01 20:35:00,2.5833333333333335
56509,84,Short,1900-01-01 14:00:00,1900-01-01 17:00:00,3.0
56510,85,Short,1900-01-01 07:00:00,1900-01-01 09:30:00,2.5
56511,17,Short,1900-01-01 05:30:00,1900-01-01 06:05:00,0.5833333333333334
56512,16,Short,1900-01-01 20:50:00,1900-01-01 21:25:00,0.5833333333333334
56513,568,Long,1900-01-01 03:40:00,1900-01-01 19:00:00,15.333333333333334
56514,567,Long,1900-01-01 07:15:00,1900-01-01 22:30:00,15.25
56515,470,Medium,1900-01-01 07:45:00,1900-01-01 20:45:00,13.0
56516,469,Medium,1900-01-01 07:00:00,1900-01-01 20:10:00,13.166666666666666
56517,93,Short,1900-01-01 18:10:00,1900-01-01 20:40:00,2.5
56518,93,Short,1900-01-01 07:10:00,1900-01-01 09:45:00,2.5833333333333335
56519,33,Short,1900-01-01 15:30:00,1900-01-01 16:45:00,1.25
56520,33,Short,1900-01-01 11:00:00,1900-01-01 12:00:00,1.0
56600,85,Short,1900-01-01 05:05:00,1900-01-01 07:25:00,2.3333333333333335
56601,85,Short,1900-01-01 17:45:00,1900-01-01 20:00:00,2.25
56602,175,Short,1900-01-01 14:45:00,1900-01-01 20:40:00,5.916666666666667
56603,207,Medium,1900-01-01 05:55:00,1900-01-01 12:15:00,6.333333333333333
56604,98,Short,1900-01-01 08:00:00,1900-01-01 10:50:00,2.8333333333333335
56605,131,Short,1900-01-01 16:40:00,1900-01-01 20:45:00,4.083333333333333
56610,110,Short,1900-01-01 17:05:00,1900-01-01 20:45:00,3.6666666666666665
56611,109,Short,1900-01-01 05:55:00,1900-01-01 08:40:00,2.75
56612,66,Short,1900-01-01 06:50:00,1900-01-01 08:30:00,1.6666666666666667
56613,66,Short,1900-01-01 09:20:00,1900-01-01 10:55:00,1.5833333333333333
56614,66,Short,1900-01-01 09:10:00,1900-01-01 10:45:00,1.5833333333333333
56616,66,Short,1900-01-01 11:15:00,1900-01-01 12:55:00,1.6666666666666667
56617,66,Short,1900-01-01 15:05:00,1900-01-01 16:40:00,1.5833333333333333
56619,66,Short,1900-01-01 17:10:00,1900-01-01 18:45:00,1.5833333333333333
56620,66,Short,1900-01-01 19:10:00,1900-01-01 20:50:00,1.6666666666666667
56621,66,Short,1900-01-01 19:30:00,1900-01-01 21:10:00,1.6666666666666667
56640,326,Medium,1900-01-01 05:50:00,1900-01-01 12:40:00,6.833333333333333
56641,324,Medium,1900-01-01 13:00:00,1900-01-01 20:55:00,7.916666666666667
56642,49,Short,1900-01-01 07:55:00,1900-01-01 09:25:00,1.5
56643,48,Short,1900-01-01 06:05:00,1900-01-01 07:30:00,1.4166666666666667
56644,49,Short,1900-01-01 20:10:00,1900-01-01 21:40:00,1.5
56645,48,Short,1900-01-01 18:20:00,1900-01-01 19:40:00,1.3333333333333333
56646,91,Short,1900-01-01 13:25:00,1900-01-01 16:05:00,2.6666666666666665
56647,90,Short,1900-01-01 10:05:00,1900-01-01 12:25:00,2.3333333333333335
56650,273,Medium,1900-01-01 05:40:00,1900-01-01 13:25:00,7.75
56651,273,Medium,1900-01-01 14:10:00,1900-01-01 21:35:00,7.416666666666667
56652,89,Short,1900-01-01 17:20:00,1900-01-01 20:05:00,2.75
56653,89,Short,1900-01-01 06:40:00,1900-01-01 09:05:00,2.4166666666666665
56654,220,Medium,1900-01-01 05:35:00,1900-01-01 11:35:00,6.0
56655,131,Short,1900-01-01 07:15:00,1900-01-01 10:35:00,3.3333333333333335
56656,131,Short,1900-01-01 16:30:00,1900-01-01 19:55:00,3.4166666666666665
56657,89,Short,1900-01-01 14:05:00,1900-01-01 16:20:00,2.25
56659,48,Short,1900-01-01 17:10:00,1900-01-01 18:20:00,1.1666666666666667
56661,83,Short,1900-01-01 06:20:00,1900-01-01 08:30:00,2.1666666666666665
56663,118,Short,1900-01-01 17:35:00,1900-01-01 21:25:00,3.8333333333333335
56664,119,Short,1900-01-01 07:20:00,1900-01-01 10:45:00,3.4166666666666665
56665,182,Short,1900-01-01 06:35:00,1900-01-01 11:50:00,5.25
56666,179,Short,1900-01-01 13:05:00,1900-01-01 18:10:00,5.083333333333333
56700,410,Medium,1900-01-01 23:15:00,1900-01-01 11:05:00,11.833333333333334
56701,409,Medium,1900-01-01 15:50:00,1900-01-01 06:45:00,14.916666666666666
56703,93,Short,1900-01-01 18:25:00,1900-01-01 20:50:00,2.4166666666666665
56704,94,Short,1900-01-01 06:15:00,1900-01-01 08:30:00,2.25
56705,333,Medium,1900-01-01 15:30:00,1900-01-01 00:40:00,9.166666666666666
56706,334,Medium,1900-01-01 03:00:00,1900-01-01 11:25:00,8.416666666666666
56707,62,Short,1900-01-01 07:55:00,1900-01-01 09:15:00,1.3333333333333333
56708,62,Short,1900-01-01 18:20:00,1900-01-01 19:50:00,1.5
56709,120,Short,1900-01-01 16:45:00,1900-01-01 20:10:00,3.4166666666666665
56710,120,Short,1900-01-01 07:45:00,1900-01-01 10:40:00,2.9166666666666665
56711,145,Short,1900-01-01 12:30:00,1900-01-01 17:30:00,5.0
56714,145,Short,1900-01-01 06:10:00,1900-01-01 11:15:00,5.083333333333333
56715,196,Short,1900-01-01 06:15:00,1900-01-01 12:05:00,5.833333333333333
56716,188,Short,1900-01-01 14:35:00,1900-01-01 20:10:00,5.583333333333333
56717,88,Short,1900-01-01 18:15:00,1900-01-01 20:40:00,2.4166666666666665
56718,73,Short,1900-01-01 06:55:00,1900-01-01 08:50:00,1.9166666666666667
56719,15,Short,1900-01-01 13:25:00,1900-01-01 13:45:00,0.3333333333333333
56721,161,Short,1900-01-01 12:40:00,1900-01-01 16:35:00,3.9166666666666665
56722,161,Short,1900-01-01 11:20:00,1900-01-01 15:10:00,3.8333333333333335
56723,161,Short,1900-01-01 06:50:00,1900-01-01 10:30:00,3.6666666666666665
56724,161,Short,1900-01-01 05:30:00,1900-01-01 09:20:00,3.8333333333333335
56725,161,Short,1900-01-01 18:10:00,1900-01-01 22:40:00,4.5
56726,161,Short,1900-01-01 18:00:00,1900-01-01 22:00:00,4.0
56731,173,Short,1900-01-01 07:15:00,1900-01-01 10:45:00,3.5
56732,173,Short,1900-01-01 07:00:00,1900-01-01 10:45:00,3.75
56733,173,Short,1900-01-01 11:30:00,1900-01-01 15:10:00,3.6666666666666665
56734,173,Short,1900-01-01 12:00:00,1900-01-01 15:45:00,3.75
56735,173,Short,1900-01-01 17:00:00,1900-01-01 21:10:00,4.166666666666667
56736,173,Short,1900-01-01 15:40:00,1900-01-01 19:35:00,3.9166666666666665
56741,59,Short,1900-01-01 17:50:00,1900-01-01 20:40:00,2.8333333333333335
56742,60,Short,1900-01-01 07:30:00,1900-01-01 09:35:00,2.0833333333333335
56761,61,Short,1900-01-01 07:10:00,1900-01-01 08:55:00,1.75
56762,61,Short,1900-01-01 07:20:00,1900-01-01 09:05:00,1.75
56763,61,Short,1900-01-01 09:30:00,1900-01-01 11:00:00,1.5
56764,61,Short,1900-01-01 16:20:00,1900-01-01 17:55:00,1.5833333333333333
56765,61,Short,1900-01-01 18:35:00,1900-01-01 20:30:00,1.9166666666666667
56766,61,Short,1900-01-01 17:55:00,1900-01-01 19:40:00,1.75
56767,121,Short,1900-01-01 08:45:00,1900-01-01 13:10:00,4.416666666666667
56768,121,Short,1900-01-01 14:20:00,1900-01-01 18:30:00,4.166666666666667
56769,459,Medium,1900-01-01 04:30:00,1900-01-01 16:00:00,11.5
56770,458,Medium,1900-01-01 11:10:00,1900-01-01 22:30:00,11.333333333333334
56796,72,Short,1900-01-01 06:35:00,1900-01-01 08:40:00,2.0833333333333335
56797,78,Short,1900-01-01 09:15:00,1900-01-01 11:50:00,2.5833333333333335
56798,78,Short,1900-01-01 14:45:00,1900-01-01 17:45:00,3.0
56799,72,Short,1900-01-01 18:25:00,1900-01-01 20:40:00,2.25
56800,72,Short,1900-01-01 10:15:00,1900-01-01 12:30:00,2.25
56801,72,Short,1900-01-01 07:25:00,1900-01-01 09:45:00,2.3333333333333335
56802,72,Short,1900-01-01 17:55:00,1900-01-01 20:10:00,2.25
56803,72,Short,1900-01-01 13:50:00,1900-01-01 16:30:00,2.6666666666666665
56811,120,Short,1900-01-01 06:15:00,1900-01-01 09:45:00,3.5
56812,120,Short,1900-01-01 18:05:00,1900-01-01 21:20:00,3.25
56819,39,Short,1900-01-01 08:05:00,1900-01-01 09:15:00,1.1666666666666667
56820,39,Short,1900-01-01 18:10:00,1900-01-01 19:30:00,1.3333333333333333
56821,214,Medium,1900-01-01 11:25:00,1900-01-01 16:20:00,4.916666666666667
56822,214,Medium,1900-01-01 12:05:00,1900-01-01 17:15:00,5.166666666666667
56823,120,Short,1900-01-01 20:00:00,1900-01-01 23:40:00,3.6666666666666665
56824,120,Short,1900-01-01 07:10:00,1900-01-01 10:45:00,3.5833333333333335
56825,358,Medium,1900-01-01 13:05:00,1900-01-01 22:40:00,9.583333333333334
56826,358,Medium,1900-01-01 05:30:00,1900-01-01 14:40:00,9.166666666666666
56829,263,Medium,1900-01-01 06:40:00,1900-01-01 12:45:00,6.083333333333333
56830,264,Medium,1900-01-01 13:55:00,1900-01-01 20:25:00,6.5
56839,178,Short,1900-01-01 15:20:00,1900-01-01 19:45:00,4.416666666666667
56840,180,Short,1900-01-01 06:25:00,1900-01-01 12:30:00,6.083333333333333
56841,141,Short,1900-01-01 06:50:00,1900-01-01 11:10:00,4.333333333333333
56842,141,Short,1900-01-01 16:35:00,1900-01-01 20:15:00,3.6666666666666665
56843,141,Short,1900-01-01 16:10:00,1900-01-01 20:00:00,3.8333333333333335
56844,141,Short,1900-01-01 07:50:00,1900-01-01 11:35:00,3.75
56845,178,Short,1900-01-01 05:30:00,1900-01-01 10:35:00,5.083333333333333
56846,180,Short,1900-01-01 16:10:00,1900-01-01 21:20:00,5.166666666666667
56859,133,Short,1900-01-01 18:10:00,1900-01-01 21:10:00,3.0
56860,133,Short,1900-01-01 05:25:00,1900-01-01 08:30:00,3.0833333333333335
56861,37,Short,1900-01-01 06:55:00,1900-01-01 07:45:00,0.8333333333333334
56862,37,Short,1900-01-01 08:10:00,1900-01-01 08:55:00,0.75
56863,37,Short,1900-01-01 14:15:00,1900-01-01 15:05:00,0.8333333333333334
56864,37,Short,1900-01-01 16:00:00,1900-01-01 16:55:00,0.9166666666666666
56865,37,Short,1900-01-01 17:45:00,1900-01-01 18:30:00,0.75
56866,37,Short,1900-01-01 19:35:00,1900-01-01 20:25:00,0.8333333333333334
56871,38,Short,1900-01-01 06:20:00,1900-01-01 07:25:00,1.0833333333333333
56872,38,Short,1900-01-01 08:10:00,1900-01-01 09:15:00,1.0833333333333333
56873,121,Short,1900-01-01 05:55:00,1900-01-01 09:10:00,3.25
56874,121,Short,1900-01-01 05:40:00,1900-01-01 09:10:00,3.5
56875,121,Short,1900-01-01 14:30:00,1900-01-01 17:40:00,3.1666666666666665
56876,121,Short,1900-01-01 15:45:00,1900-01-01 18:45:00,3.0
56877,121,Short,1900-01-01 17:40:00,1900-01-01 20:55:00,3.25
56878,121,Short,1900-01-01 17:45:00,1900-01-01 20:50:00,3.0833333333333335
56879,38,Short,1900-01-01 18:10:00,1900-01-01 19:10:00,1.0
56880,38,Short,1900-01-01 19:45:00,1900-01-01 20:45:00,1.0
56881,160,Short,1900-01-01 04:55:00,1900-01-01 09:15:00,4.333333333333333
56882,264,Medium,1900-01-01 04:50:00,1900-01-01 12:40:00,7.833333333333333
56883,160,Short,1900-01-01 06:40:00,1900-01-01 11:10:00,4.5
56884,264,Medium,1900-01-01 16:35:00,1900-01-01 23:40:00,7.083333333333333
56885,264,Medium,1900-01-01 13:50:00,1900-01-01 21:00:00,7.166666666666667
56886,160,Short,1900-01-01 18:50:00,1900-01-01 23:00:00,4.166666666666667
56889,104,Short,1900-01-01 02:45:00,1900-01-01 05:30:00,2.75
56902,20,Short,1900-01-01 08:40:00,1900-01-01 09:30:00,0.8333333333333334
56903,378,Medium,1900-01-01 00:40:00,1900-01-01 10:10:00,9.5
56904,377,Medium,1900-01-01 17:40:00,1900-01-01 03:30:00,9.833333333333334
56905,357,Medium,1900-01-01 04:45:00,1900-01-01 14:00:00,9.25
56906,356,Medium,1900-01-01 13:00:00,1900-01-01 22:40:00,9.666666666666666
56907,20,Short,1900-01-01 18:55:00,1900-01-01 19:35:00,0.6666666666666666
56909,516,Long,1900-01-01 22:15:00,1900-01-01 11:40:00,13.416666666666666
56910,516,Long,1900-01-01 14:00:00,1900-01-01 05:15:00,15.25
56911,191,Short,1900-01-01 05:25:00,1900-01-01 10:15:00,4.833333333333333
56912,189,Short,1900-01-01 17:30:00,1900-01-01 22:40:00,5.166666666666667
56913,470,Medium,1900-01-01 06:30:00,1900-01-01 18:45:00,12.25
56914,468,Medium,1900-01-01 09:15:00,1900-01-01 21:15:00,12.0
56915,191,Short,1900-01-01 04:15:00,1900-01-01 09:10:00,4.916666666666667
56916,189,Short,1900-01-01 18:50:00,1900-01-01 23:50:00,5.0
56917,62,Short,1900-01-01 11:40:00,1900-01-01 13:05:00,1.4166666666666667
56918,62,Short,1900-01-01 14:00:00,1900-01-01 15:18:00,1.3
56921,141,Short,1900-01-01 18:00:00,1900-01-01 21:30:00,3.5
56922,141,Short,1900-01-01 06:00:00,1900-01-01 09:40:00,3.6666666666666665
56925,69,Short,1900-01-01 05:30:00,1900-01-01 06:50:00,1.3333333333333333
56926,69,Short,1900-01-01 08:15:00,1900-01-01 09:55:00,1.6666666666666667
56961,61,Short,1900-01-01 06:30:00,1900-01-01 08:20:00,1.8333333333333333
56962,58,Short,1900-01-01 07:35:00,1900-01-01 09:05:00,1.5
56963,61,Short,1900-01-01 12:20:00,1900-01-01 14:05:00,1.75
56964,58,Short,1900-01-01 13:10:00,1900-01-01 15:00:00,1.8333333333333333
56965,61,Short,1900-01-01 17:15:00,1900-01-01 19:00:00,1.75
56966,58,Short,1900-01-01 17:30:00,1900-01-01 19:10:00,1.6666666666666667
57121,243,Medium,1900-01-01 05:00:00,1900-01-01 10:30:00,5.5
57122,191,Short,1900-01-01 15:15:00,1900-01-01 20:00:00,4.75
57123,332,Medium,1900-01-01 05:45:00,1900-01-01 14:45:00,9.0
57124,381,Medium,1900-01-01 11:00:00,1900-01-01 21:15:00,10.25
57129,455,Medium,1900-01-01 18:30:00,1900-01-01 08:45:00,14.25
57130,445,Medium,1900-01-01 19:45:00,1900-01-01 11:10:00,15.416666666666666
57131,22,Short,1900-01-01 09:05:00,1900-01-01 10:15:00,1.1666666666666667
57133,366,Medium,1900-01-01 12:25:00,1900-01-01 22:10:00,9.75
57134,366,Medium,1900-01-01 07:00:00,1900-01-01 17:30:00,10.5
57135,450,Medium,1900-01-01 21:20:00,1900-01-01 09:50:00,12.5
57136,453,Medium,1900-01-01 21:15:00,1900-01-01 11:25:00,14.166666666666666
57145,56,Short,1900-01-01 08:50:00,1900-01-01 10:10:00,1.3333333333333333
57146,56,Short,1900-01-01 17:30:00,1900-01-01 18:50:00,1.3333333333333333
57155,223,Medium,1900-01-01 03:45:00,1900-01-01 10:50:00,7.083333333333333
57156,223,Medium,1900-01-01 17:25:00,1900-01-01 23:10:00,5.75
57225,350,Medium,1900-01-01 08:25:00,1900-01-01 19:00:00,10.583333333333334
57226,350,Medium,1900-01-01 09:40:00,1900-01-01 18:55:00,9.25
57229,372,Medium,1900-01-01 21:10:00,1900-01-01 08:50:00,11.666666666666666
57230,371,Medium,1900-01-01 20:05:00,1900-01-01 08:15:00,12.166666666666666
57231,217,Medium,1900-01-01 17:25:00,1900-01-01 22:30:00,5.083333333333333
57232,217,Medium,1900-01-01 04:45:00,1900-01-01 10:30:00,5.75
57237,225,Medium,1900-01-01 04:00:00,1900-01-01 09:15:00,5.25
57238,226,Medium,1900-01-01 13:00:00,1900-01-01 19:05:00,6.083333333333333
57239,137,Short,1900-01-01 16:00:00,1900-01-01 22:20:00,6.333333333333333
57240,209,Medium,1900-01-01 05:15:00,1900-01-01 12:35:00,7.333333333333333
57241,220,Medium,1900-01-01 04:00:00,1900-01-01 09:15:00,5.25
57242,220,Medium,1900-01-01 15:15:00,1900-01-01 20:45:00,5.5
57255,168,Short,1900-01-01 04:30:00,1900-01-01 09:45:00,5.25
57256,168,Short,1900-01-01 17:10:00,1900-01-01 21:40:00,4.5
57257,602,Long,1900-01-01 01:05:00,1900-01-01 20:45:00,19.666666666666668
57258,603,Long,1900-01-01 07:00:00,1900-01-01 02:45:00,19.75
57264,29,Short,1900-01-01 23:05:00,1900-01-01 00:10:00,1.0833333333333333
57265,29,Short,1900-01-01 03:50:00,1900-01-01 05:05:00,1.25
57271,535,Long,1900-01-01 21:00:00,1900-01-01 14:25:00,17.416666666666668
57272,535,Long,1900-01-01 15:15:00,1900-01-01 09:00:00,17.75
57273,578,Long,1900-01-01 06:00:00,1900-01-01 21:45:00,15.75
57274,577,Long,1900-01-01 06:05:00,1900-01-01 21:15:00,15.166666666666666
57277,292,Medium,1900-01-01 06:10:00,1900-01-01 12:55:00,6.75
57278,220,Medium,1900-01-01 18:15:00,1900-01-01 23:30:00,5.25
57305,622,Long,1900-01-01 14:40:00,1900-01-01 08:45:00,18.083333333333332
57306,622,Long,1900-01-01 17:30:00,1900-01-01 09:45:00,16.25
57307,32,Short,1900-01-01 10:05:00,1900-01-01 11:30:00,1.4166666666666667
57308,32,Short,1900-01-01 12:40:00,1900-01-01 14:10:00,1.5
57317,130,Short,1900-01-01 08:00:00,1900-01-01 11:45:00,3.75
57320,130,Short,1900-01-01 16:30:00,1900-01-01 19:45:00,3.25
57323,35,Short,1900-01-01 15:00:00,1900-01-01 16:00:00,1.0
57324,35,Short,1900-01-01 13:05:00,1900-01-01 14:05:00,1.0
57325,622,Long,1900-01-01 05:10:00,1900-01-01 22:30:00,17.333333333333332
57326,622,Long,1900-01-01 05:15:00,1900-01-01 23:15:00,18.0
57327,333,Medium,1900-01-01 06:30:00,1900-01-01 15:20:00,8.833333333333334
57328,333,Medium,1900-01-01 12:10:00,1900-01-01 21:25:00,9.25
57329,379,Medium,1900-01-01 15:00:00,1900-01-01 03:00:00,12.0
57330,380,Medium,1900-01-01 01:00:00,1900-01-01 11:50:00,10.833333333333334
57381,171,Short,1900-01-01 16:35:00,1900-01-01 22:40:00,6.083333333333333
57382,171,Short,1900-01-01 06:05:00,1900-01-01 11:40:00,5.583333333333333
57401,104,Short,1900-01-01 06:45:00,1900-01-01 09:30:00,2.75
57402,104,Short,1900-01-01 14:40:00,1900-01-01 18:15:00,3.5833333333333335
57403,104,Short,1900-01-01 19:30:00,1900-01-01 22:20:00,2.8333333333333335
57404,104,Short,1900-01-01 06:15:00,1900-01-01 09:10:00,2.9166666666666665
57405,104,Short,1900-01-01 11:00:00,1900-01-01 14:00:00,3.0
57406,104,Short,1900-01-01 18:15:00,1900-01-01 22:10:00,3.9166666666666665
57411,83,Short,1900-01-01 13:45:00,1900-01-01 16:00:00,2.25
57412,83,Short,1900-01-01 10:55:00,1900-01-01 12:30:00,1.5833333333333333
57425,358,Medium,1900-01-01 09:40:00,1900-01-01 19:20:00,9.666666666666666
57426,356,Medium,1900-01-01 05:45:00,1900-01-01 15:50:00,10.083333333333334
57429,92,Short,1900-01-01 06:30:00,1900-01-01 09:10:00,2.6666666666666665
57430,93,Short,1900-01-01 17:30:00,1900-01-01 19:50:00,2.3333333333333335
57435,236,Medium,1900-01-01 17:35:00,1900-01-01 23:40:00,6.083333333333333
57436,236,Medium,1900-01-01 07:00:00,1900-01-01 12:50:00,5.833333333333333
57447,105,Short,1900-01-01 13:10:00,1900-01-01 15:45:00,2.5833333333333335
57448,182,Short,1900-01-01 16:10:00,1900-01-01 22:15:00,6.083333333333333
57451,234,Medium,1900-01-01 14:30:00,1900-01-01 21:45:00,7.25
57452,234,Medium,1900-01-01 07:05:00,1900-01-01 13:10:00,6.083333333333333
57456,105,Short,1900-01-01 14:10:00,1900-01-01 16:35:00,2.4166666666666665
57473,191,Short,1900-01-01 16:10:00,1900-01-01 22:55:00,6.75
57474,297,Medium,1900-01-01 04:45:00,1900-01-01 13:35:00,8.833333333333334
57475,370,Medium,1900-01-01 08:15:00,1900-01-01 20:15:00,12.0
57476,370,Medium,1900-01-01 07:10:00,1900-01-01 17:15:00,10.083333333333334
57477,473,Medium,1900-01-01 22:30:00,1900-01-01 12:00:00,13.5
57478,474,Medium,1900-01-01 14:25:00,1900-01-01 06:20:00,15.916666666666666
57486,77,Short,1900-01-01 05:50:00,1900-01-01 08:40:00,2.8333333333333335
57501,26,Short,1900-01-01 06:35:00,1900-01-01 07:35:00,1.0
57502,114,Short,1900-01-01 07:55:00,1900-01-01 11:25:00,3.5
57503,114,Short,1900-01-01 15:30:00,1900-01-01 19:00:00,3.5
57504,26,Short,1900-01-01 19:40:00,1900-01-01 20:45:00,1.0833333333333333
57512,58,Short,1900-01-01 09:40:00,1900-01-01 11:45:00,2.0833333333333335
57515,581,Long,1900-01-01 13:00:00,1900-01-01 04:25:00,15.416666666666666
57516,581,Long,1900-01-01 20:50:00,1900-01-01 11:55:00,15.083333333333334
57517,115,Short,1900-01-01 12:15:00,1900-01-01 15:00:00,2.75
57518,114,Short,1900-01-01 16:15:00,1900-01-01 19:10:00,2.9166666666666665
57521,92,Short,1900-01-01 20:45:00,1900-01-01 23:30:00,2.75
57522,92,Short,1900-01-01 16:15:00,1900-01-01 19:00:00,2.75
57539,298,Medium,1900-01-01 14:15:00,1900-01-01 22:40:00,8.416666666666666
57540,299,Medium,1900-01-01 13:15:00,1900-01-01 21:10:00,7.916666666666667
57541,325,Medium,1900-01-01 05:20:00,1900-01-01 15:20:00,10.0
57542,347,Medium,1900-01-01 18:45:00,1900-01-01 04:40:00,9.916666666666666
57547,435,Medium,1900-01-01 07:55:00,1900-01-01 21:05:00,13.166666666666666
57548,435,Medium,1900-01-01 07:30:00,1900-01-01 20:05:00,12.583333333333334
57549,583,Long,1900-01-01 21:35:00,1900-01-01 14:15:00,16.666666666666668
57550,583,Long,1900-01-01 15:35:00,1900-01-01 07:05:00,15.5
57551,223,Medium,1900-01-01 18:25:00,1900-01-01 23:50:00,5.416666666666667
57552,225,Medium,1900-01-01 15:15:00,1900-01-01 20:45:00,5.5
57553,316,Medium,1900-01-01 04:30:00,1900-01-01 12:55:00,8.416666666666666
57554,317,Medium,1900-01-01 03:30:00,1900-01-01 12:45:00,9.25
57557,110,Short,1900-01-01 06:05:00,1900-01-01 09:55:00,3.8333333333333335
57558,110,Short,1900-01-01 18:15:00,1900-01-01 21:05:00,2.8333333333333335
57561,623,Long,1900-01-01 04:50:00,1900-01-01 23:00:00,18.166666666666668
57562,620,Long,1900-01-01 05:20:00,1900-01-01 22:45:00,17.416666666666668
57563,340,Medium,1900-01-01 22:40:00,1900-01-01 09:15:00,10.583333333333334
57564,279,Medium,1900-01-01 23:30:00,1900-01-01 07:45:00,8.25
57581,206,Medium,1900-01-01 06:30:00,1900-01-01 11:20:00,4.833333333333333
57582,206,Medium,1900-01-01 07:00:00,1900-01-01 12:30:00,5.5
57583,206,Medium,1900-01-01 22:15:00,1900-01-01 04:30:00,6.25
57584,206,Medium,1900-01-01 22:00:00,1900-01-01 03:00:00,5.0
57590,19,Short,1900-01-01 23:15:00,1900-01-01 00:20:00,1.0833333333333333
57593,243,Medium,1900-01-01 15:10:00,1900-01-01 22:20:00,7.166666666666667
57594,243,Medium,1900-01-01 04:55:00,1900-01-01 12:10:00,7.25
57601,165,Short,1900-01-01 06:00:00,1900-01-01 10:35:00,4.583333333333333
57602,165,Short,1900-01-01 18:50:00,1900-01-01 23:00:00,4.166666666666667
57605,72,Short,1900-01-01 08:10:00,1900-01-01 10:20:00,2.1666666666666665
57606,79,Short,1900-01-01 10:55:00,1900-01-01 13:45:00,2.8333333333333335
57625,341,Medium,1900-01-01 18:40:00,1900-01-01 04:30:00,9.833333333333334
57626,341,Medium,1900-01-01 23:45:00,1900-01-01 09:25:00,9.666666666666666
57628,112,Short,1900-01-01 16:10:00,1900-01-01 19:30:00,3.3333333333333335
57631,377,Medium,1900-01-01 03:50:00,1900-01-01 13:00:00,9.166666666666666
57632,265,Medium,1900-01-01 15:30:00,1900-01-01 21:40:00,6.166666666666667
57641,299,Medium,1900-01-01 11:50:00,1900-01-01 19:40:00,7.833333333333333
57642,299,Medium,1900-01-01 02:00:00,1900-01-01 09:30:00,7.5
57649,36,Short,1900-01-01 22:55:00,1900-01-01 23:45:00,0.8333333333333334
57650,149,Short,1900-01-01 06:45:00,1900-01-01 10:45:00,4.0
57651,341,Medium,1900-01-01 10:50:00,1900-01-01 20:10:00,9.333333333333334
57652,341,Medium,1900-01-01 07:00:00,1900-01-01 17:00:00,10.0
57657,209,Medium,1900-01-01 06:15:00,1900-01-01 11:50:00,5.583333333333333
57658,209,Medium,1900-01-01 13:05:00,1900-01-01 18:30:00,5.416666666666667
57659,347,Medium,1900-01-01 10:25:00,1900-01-01 19:45:00,9.333333333333334
57660,235,Medium,1900-01-01 05:00:00,1900-01-01 12:40:00,7.666666666666667
57685,108,Short,1900-01-01 20:10:00,1900-01-01 22:50:00,2.6666666666666665
57686,108,Short,1900-01-01 00:05:00,1900-01-01 02:40:00,2.5833333333333335
57687,165,Short,1900-01-01 14:25:00,1900-01-01 18:30:00,4.083333333333333
57688,165,Short,1900-01-01 18:55:00,1900-01-01 23:45:00,4.833333333333333
57689,165,Short,1900-01-01 05:00:00,1900-01-01 09:25:00,4.416666666666667
57690,165,Short,1900-01-01 09:50:00,1900-01-01 13:55:00,4.083333333333333
58001,526,Long,1900-01-01 00:05:00,1900-01-01 15:30:00,15.416666666666666
58002,518,Long,1900-01-01 09:40:00,1900-01-01 01:40:00,16.0
58003,299,Medium,1900-01-01 15:25:00,1900-01-01 22:30:00,7.083333333333333
58004,298,Medium,1900-01-01 04:35:00,1900-01-01 11:30:00,6.916666666666667
58005,366,Medium,1900-01-01 04:40:00,1900-01-01 12:15:00,7.583333333333333
58006,366,Medium,1900-01-01 16:20:00,1900-01-01 23:50:00,7.5
58007,182,Short,1900-01-01 06:35:00,1900-01-01 11:00:00,4.416666666666667
58008,182,Short,1900-01-01 16:00:00,1900-01-01 20:00:00,4.0
58009,226,Medium,1900-01-01 15:55:00,1900-01-01 22:15:00,6.333333333333333
58010,226,Medium,1900-01-01 05:45:00,1900-01-01 11:10:00,5.416666666666667
58011,442,Medium,1900-01-01 23:05:00,1900-01-01 09:20:00,10.25
58012,441,Medium,1900-01-01 17:10:00,1900-01-01 04:20:00,11.166666666666666
58013,82,Short,1900-01-01 06:05:00,1900-01-01 09:00:00,2.9166666666666665
58014,82,Short,1900-01-01 19:15:00,1900-01-01 21:40:00,2.4166666666666665
58015,284,Medium,1900-01-01 17:45:00,1900-01-01 23:20:00,5.583333333333333
58016,284,Medium,1900-01-01 04:30:00,1900-01-01 10:10:00,5.666666666666667
58017,209,Medium,1900-01-01 05:30:00,1900-01-01 11:20:00,5.833333333333333
58018,210,Medium,1900-01-01 17:05:00,1900-01-01 22:25:00,5.333333333333333
58019,41,Short,1900-01-01 14:30:00,1900-01-01 15:55:00,1.4166666666666667
58020,41,Short,1900-01-01 12:10:00,1900-01-01 13:25:00,1.25
58021,137,Short,1900-01-01 09:15:00,1900-01-01 13:10:00,3.9166666666666665
58022,137,Short,1900-01-01 18:20:00,1900-01-01 21:10:00,2.8333333333333335
58023,161,Short,1900-01-01 15:00:00,1900-01-01 21:00:00,6.0
58024,162,Short,1900-01-01 04:30:00,1900-01-01 10:30:00,6.0
58025,339,Medium,1900-01-01 08:40:00,1900-01-01 19:30:00,10.833333333333334
58026,336,Medium,1900-01-01 09:00:00,1900-01-01 17:55:00,8.916666666666666
58029,62,Short,1900-01-01 13:40:00,1900-01-01 15:35:00,1.9166666666666667
58030,62,Short,1900-01-01 11:45:00,1900-01-01 13:10:00,1.4166666666666667
58031,69,Short,1900-01-01 13:40:00,1900-01-01 15:10:00,1.5
58032,69,Short,1900-01-01 11:20:00,1900-01-01 12:45:00,1.4166666666666667
58033,117,Short,1900-01-01 09:10:00,1900-01-01 12:30:00,3.3333333333333335
58034,114,Short,1900-01-01 15:45:00,1900-01-01 18:55:00,3.1666666666666665
58103,148,Short,1900-01-01 17:00:00,1900-01-01 21:10:00,4.166666666666667
58104,148,Short,1900-01-01 05:20:00,1900-01-01 09:55:00,4.583333333333333
58109,147,Short,1900-01-01 07:30:00,1900-01-01 11:30:00,4.0
58110,147,Short,1900-01-01 13:30:00,1900-01-01 19:15:00,5.75
58111,885,Long,1900-01-01 06:30:00,1900-01-01 06:35:00,0.08333333333333333
58112,883,Long,1900-01-01 21:15:00,1900-01-01 00:05:00,2.8333333333333335
58113,470,Medium,1900-01-01 17:45:00,1900-01-01 06:55:00,13.166666666666666
58114,469,Medium,1900-01-01 19:20:00,1900-01-01 09:50:00,14.5
58117,503,Long,1900-01-01 07:15:00,1900-01-01 21:20:00,14.083333333333334
58118,496,Medium,1900-01-01 05:05:00,1900-01-01 19:00:00,13.916666666666666
58131,520,Long,1900-01-01 08:00:00,1900-01-01 23:30:00,15.5
58132,526,Long,1900-01-01 04:25:00,1900-01-01 20:25:00,16.0
58133,101,Short,1900-01-01 14:50:00,1900-01-01 17:10:00,2.3333333333333335
58134,101,Short,1900-01-01 09:10:00,1900-01-01 12:15:00,3.0833333333333335
58135,48,Short,1900-01-01 04:38:00,1900-01-01 05:55:00,1.2833333333333334
58136,48,Short,1900-01-01 07:30:00,1900-01-01 09:00:00,1.5
58137,48,Short,1900-01-01 17:23:00,1900-01-01 18:45:00,1.3666666666666667
58138,48,Short,1900-01-01 19:15:00,1900-01-01 20:35:00,1.3333333333333333
58143,175,Short,1900-01-01 05:30:00,1900-01-01 11:30:00,6.0
58151,96,Short,1900-01-01 07:15:00,1900-01-01 10:30:00,3.25
58152,96,Short,1900-01-01 14:35:00,1900-01-01 17:50:00,3.25
58161,261,Medium,1900-01-01 11:45:00,1900-01-01 19:20:00,7.583333333333333
58162,261,Medium,1900-01-01 06:20:00,1900-01-01 14:00:00,7.666666666666667
58163,272,Medium,1900-01-01 05:45:00,1900-01-01 13:00:00,7.25
58164,269,Medium,1900-01-01 15:22:00,1900-01-01 21:20:00,5.966666666666667
58201,112,Short,1900-01-01 07:05:00,1900-01-01 09:45:00,2.6666666666666665
58202,111,Short,1900-01-01 19:25:00,1900-01-01 22:30:00,3.0833333333333335
58203,209,Medium,1900-01-01 07:55:00,1900-01-01 13:00:00,5.083333333333333
58204,209,Medium,1900-01-01 18:20:00,1900-01-01 23:55:00,5.583333333333333
58205,310,Medium,1900-01-01 13:30:00,1900-01-01 21:05:00,7.583333333333333
58206,302,Medium,1900-01-01 07:30:00,1900-01-01 17:30:00,10.0
58207,305,Medium,1900-01-01 15:15:00,1900-01-01 23:25:00,8.166666666666666
58208,305,Medium,1900-01-01 01:55:00,1900-01-01 10:15:00,8.333333333333334
58209,96,Short,1900-01-01 11:15:00,1900-01-01 13:50:00,2.5833333333333335
58210,97,Short,1900-01-01 07:35:00,1900-01-01 10:25:00,2.8333333333333335
58212,97,Short,1900-01-01 14:20:00,1900-01-01 17:00:00,2.6666666666666665
58213,431,Medium,1900-01-01 08:30:00,1900-01-01 21:50:00,13.333333333333334
58214,433,Medium,1900-01-01 06:50:00,1900-01-01 18:50:00,12.0
58217,204,Medium,1900-01-01 19:30:00,1900-01-01 00:30:00,5.0
58218,204,Medium,1900-01-01 02:00:00,1900-01-01 07:25:00,5.416666666666667
58219,237,Medium,1900-01-01 23:00:00,1900-01-01 07:50:00,8.833333333333334
58220,237,Medium,1900-01-01 20:30:00,1900-01-01 05:30:00,9.0
58221,214,Medium,1900-01-01 08:30:00,1900-01-01 13:55:00,5.416666666666667
58222,213,Medium,1900-01-01 14:15:00,1900-01-01 19:40:00,5.416666666666667
58223,143,Short,1900-01-01 07:25:00,1900-01-01 12:00:00,4.583333333333333
58224,174,Short,1900-01-01 12:30:00,1900-01-01 17:00:00,4.5
58227,64,Short,1900-01-01 17:45:00,1900-01-01 20:00:00,2.25
58301,494,Medium,1900-01-01 07:15:00,1900-01-01 22:30:00,15.25
58302,494,Medium,1900-01-01 03:00:00,1900-01-01 18:00:00,15.0
58303,54,Short,1900-01-01 13:00:00,1900-01-01 15:05:00,2.0833333333333335
58304,54,Short,1900-01-01 09:45:00,1900-01-01 11:15:00,1.5
58401,82,Short,1900-01-01 19:00:00,1900-01-01 20:50:00,1.8333333333333333
58402,82,Short,1900-01-01 06:30:00,1900-01-01 08:20:00,1.8333333333333333
58403,43,Short,1900-01-01 07:00:00,1900-01-01 08:30:00,1.5
58404,43,Short,1900-01-01 17:45:00,1900-01-01 19:00:00,1.25
58405,82,Short,1900-01-01 15:00:00,1900-01-01 16:35:00,1.5833333333333333
58406,82,Short,1900-01-01 10:45:00,1900-01-01 12:30:00,1.75
58408,142,Short,1900-01-01 17:50:00,1900-01-01 21:25:00,3.5833333333333335
58409,43,Short,1900-01-01 12:30:00,1900-01-01 13:45:00,1.25
58410,43,Short,1900-01-01 23:00:00,1900-01-01 00:15:00,1.25
58411,165,Short,1900-01-01 09:55:00,1900-01-01 14:15:00,4.333333333333333
58412,165,Short,1900-01-01 14:45:00,1900-01-01 18:35:00,3.8333333333333335
58413,202,Medium,1900-01-01 05:30:00,1900-01-01 11:40:00,6.166666666666667
58414,202,Medium,1900-01-01 16:30:00,1900-01-01 22:15:00,5.75
58415,90,Short,1900-01-01 16:50:00,1900-01-01 19:40:00,2.8333333333333335
58416,90,Short,1900-01-01 08:00:00,1900-01-01 11:05:00,3.0833333333333335
58417,380,Medium,1900-01-01 07:35:00,1900-01-01 20:15:00,12.666666666666666
58418,380,Medium,1900-01-01 06:25:00,1900-01-01 17:45:00,11.333333333333334
58419,239,Medium,1900-01-01 19:00:00,1900-01-01 01:20:00,6.333333333333333
58420,239,Medium,1900-01-01 05:45:00,1900-01-01 11:25:00,5.666666666666667
58421,196,Short,1900-01-01 05:15:00,1900-01-01 10:55:00,5.666666666666667
58422,196,Short,1900-01-01 16:15:00,1900-01-01 21:40:00,5.416666666666667
58423,115,Short,1900-01-01 13:45:00,1900-01-01 17:00:00,3.25
58424,115,Short,1900-01-01 09:05:00,1900-01-01 12:30:00,3.4166666666666665
58425,214,Medium,1900-01-01 06:30:00,1900-01-01 11:40:00,5.166666666666667
58426,214,Medium,1900-01-01 16:00:00,1900-01-01 21:05:00,5.083333333333333
58427,88,Short,1900-01-01 03:00:00,1900-01-01 05:55:00,2.9166666666666665
58428,88,Short,1900-01-01 20:45:00,1900-01-01 00:35:00,3.8333333333333335
58429,65,Short,1900-01-01 19:30:00,1900-01-01 21:15:00,1.75
58430,65,Short,1900-01-01 05:00:00,1900-01-01 06:45:00,1.75
58431,65,Short,1900-01-01 07:15:00,1900-01-01 08:50:00,1.5833333333333333
58432,65,Short,1900-01-01 09:20:00,1900-01-01 11:05:00,1.75
58433,192,Short,1900-01-01 17:30:00,1900-01-01 21:25:00,3.9166666666666665
58434,192,Short,1900-01-01 07:30:00,1900-01-01 11:15:00,3.75
58435,115,Short,1900-01-01 15:30:00,1900-01-01 18:30:00,3.0
58436,115,Short,1900-01-01 11:35:00,1900-01-01 15:10:00,3.5833333333333335
58501,471,Medium,1900-01-01 06:50:00,1900-01-01 20:45:00,13.916666666666666
58502,471,Medium,1900-01-01 06:15:00,1900-01-01 20:10:00,13.916666666666666
58503,184,Short,1900-01-01 05:00:00,1900-01-01 09:20:00,4.333333333333333
58504,184,Short,1900-01-01 16:55:00,1900-01-01 21:00:00,4.083333333333333
58505,267,Medium,1900-01-01 12:35:00,1900-01-01 21:20:00,8.75
58506,267,Medium,1900-01-01 05:20:00,1900-01-01 12:05:00,6.75
58525,202,Medium,1900-01-01 08:50:00,1900-01-01 14:45:00,5.916666666666667
58526,202,Medium,1900-01-01 11:35:00,1900-01-01 17:15:00,5.666666666666667
58527,528,Long,1900-01-01 05:30:00,1900-01-01 21:35:00,16.083333333333332
58528,528,Long,1900-01-01 02:55:00,1900-01-01 19:30:00,16.583333333333332
58529,570,Long,1900-01-01 18:30:00,1900-01-01 11:55:00,17.416666666666668
58530,571,Long,1900-01-01 21:40:00,1900-01-01 13:25:00,15.75
58531,202,Medium,1900-01-01 05:25:00,1900-01-01 10:00:00,4.583333333333333
58532,202,Medium,1900-01-01 18:35:00,1900-01-01 23:30:00,4.916666666666667
58533,266,Medium,1900-01-01 16:15:00,1900-01-01 23:40:00,7.416666666666667
58534,266,Medium,1900-01-01 04:25:00,1900-01-01 10:50:00,6.416666666666667
58535,82,Short,1900-01-01 11:15:00,1900-01-01 13:05:00,1.8333333333333333
58536,82,Short,1900-01-01 13:30:00,1900-01-01 15:20:00,1.8333333333333333
58537,357,Medium,1900-01-01 05:50:00,1900-01-01 15:45:00,9.916666666666666
58538,357,Medium,1900-01-01 07:05:00,1900-01-01 16:20:00,9.25
58601,168,Short,1900-01-01 17:20:00,1900-01-01 21:10:00,3.8333333333333335
58602,168,Short,1900-01-01 05:35:00,1900-01-01 10:30:00,4.916666666666667
58603,248,Medium,1900-01-01 14:15:00,1900-01-01 22:00:00,7.75
58604,249,Medium,1900-01-01 06:40:00,1900-01-01 14:00:00,7.333333333333333
58621,157,Short,1900-01-01 04:45:00,1900-01-01 10:00:00,5.25
58622,157,Short,1900-01-01 14:15:00,1900-01-01 20:40:00,6.416666666666667
58651,66,Short,1900-01-01 05:00:00,1900-01-01 06:30:00,1.5
58652,67,Short,1900-01-01 07:00:00,1900-01-01 08:30:00,1.5
58653,110,Short,1900-01-01 08:55:00,1900-01-01 11:30:00,2.5833333333333335
58654,111,Short,1900-01-01 12:00:00,1900-01-01 14:35:00,2.5833333333333335
58655,66,Short,1900-01-01 15:00:00,1900-01-01 16:30:00,1.5
58656,67,Short,1900-01-01 17:00:00,1900-01-01 18:30:00,1.5
58657,66,Short,1900-01-01 18:55:00,1900-01-01 20:25:00,1.5
58658,67,Short,1900-01-01 20:55:00,1900-01-01 22:15:00,1.3333333333333333
58659,160,Short,1900-01-01 16:40:00,1900-01-01 22:10:00,5.5
58660,160,Short,1900-01-01 04:40:00,1900-01-01 10:40:00,6.0
58661,222,Medium,1900-01-01 11:30:00,1900-01-01 17:45:00,6.25
58662,219,Medium,1900-01-01 04:20:00,1900-01-01 10:40:00,6.333333333333333
58701,215,Medium,1900-01-01 14:25:00,1900-01-01 20:10:00,5.75
58702,215,Medium,1900-01-01 08:25:00,1900-01-01 14:05:00,5.666666666666667
58711,51,Short,1900-01-01 07:50:00,1900-01-01 10:10:00,2.3333333333333335
58712,50,Short,1900-01-01 06:30:00,1900-01-01 08:40:00,2.1666666666666665
58713,51,Short,1900-01-01 13:30:00,1900-01-01 15:55:00,2.4166666666666665
58714,50,Short,1900-01-01 12:15:00,1900-01-01 14:25:00,2.1666666666666665
58715,51,Short,1900-01-01 19:25:00,1900-01-01 21:50:00,2.4166666666666665
58716,50,Short,1900-01-01 18:10:00,1900-01-01 20:20:00,2.1666666666666665
58717,22,Short,1900-01-01 17:05:00,1900-01-01 18:20:00,1.25
58718,22,Short,1900-01-01 09:35:00,1900-01-01 10:45:00,1.1666666666666667
58719,17,Short,1900-01-01 08:30:00,1900-01-01 09:20:00,0.8333333333333334
58720,16,Short,1900-01-01 06:55:00,1900-01-01 07:45:00,0.8333333333333334
58721,17,Short,1900-01-01 20:15:00,1900-01-01 21:05:00,0.8333333333333334
58722,16,Short,1900-01-01 18:35:00,1900-01-01 19:25:00,0.8333333333333334
58801,249,Medium,1900-01-01 14:15:00,1900-01-01 20:30:00,6.25
58802,249,Medium,1900-01-01 07:00:00,1900-01-01 13:45:00,6.75
58803,249,Medium,1900-01-01 05:45:00,1900-01-01 12:05:00,6.333333333333333
58804,249,Medium,1900-01-01 17:15:00,1900-01-01 23:00:00,5.75
58805,238,Medium,1900-01-01 10:20:00,1900-01-01 16:25:00,6.083333333333333
58806,103,Short,1900-01-01 19:10:00,1900-01-01 21:40:00,2.5
58808,135,Short,1900-01-01 07:20:00,1900-01-01 09:55:00,2.5833333333333335
58809,38,Short,1900-01-01 07:30:00,1900-01-01 08:45:00,1.25
58810,42,Short,1900-01-01 05:40:00,1900-01-01 07:10:00,1.5
58811,43,Short,1900-01-01 21:25:00,1900-01-01 23:10:00,1.75
58812,38,Short,1900-01-01 19:10:00,1900-01-01 20:30:00,1.3333333333333333
58813,38,Short,1900-01-01 14:00:00,1900-01-01 15:40:00,1.6666666666666667
58814,38,Short,1900-01-01 12:00:00,1900-01-01 13:15:00,1.25
58815,123,Short,1900-01-01 13:10:00,1900-01-01 17:10:00,4.0
58816,124,Short,1900-01-01 08:05:00,1900-01-01 11:35:00,3.5
58817,47,Short,1900-01-01 05:45:00,1900-01-01 07:20:00,1.5833333333333333
58818,46,Short,1900-01-01 17:35:00,1900-01-01 18:55:00,1.3333333333333333
58843,104,Short,1900-01-01 06:10:00,1900-01-01 10:50:00,4.666666666666667
58844,104,Short,1900-01-01 06:15:00,1900-01-01 10:30:00,4.25
58845,104,Short,1900-01-01 10:40:00,1900-01-01 15:10:00,4.5
58846,104,Short,1900-01-01 12:30:00,1900-01-01 17:00:00,4.5
58847,104,Short,1900-01-01 18:10:00,1900-01-01 22:35:00,4.416666666666667
58848,104,Short,1900-01-01 16:45:00,1900-01-01 21:00:00,4.25
58877,104,Short,1900-01-01 14:00:00,1900-01-01 19:20:00,5.333333333333333
58878,104,Short,1900-01-01 08:00:00,1900-01-01 13:15:00,5.25
59013,334,Medium,1900-01-01 23:35:00,1900-01-01 09:15:00,9.666666666666666
59014,335,Medium,1900-01-01 18:25:00,1900-01-01 04:10:00,9.75
59023,193,Short,1900-01-01 18:10:00,1900-01-01 22:55:00,4.75
59024,193,Short,1900-01-01 04:50:00,1900-01-01 09:15:00,4.416666666666667
59037,206,Medium,1900-01-01 17:10:00,1900-01-01 23:50:00,6.666666666666667
59038,206,Medium,1900-01-01 04:15:00,1900-01-01 09:55:00,5.666666666666667
59039,138,Short,1900-01-01 11:25:00,1900-01-01 14:30:00,3.0833333333333335
59040,114,Short,1900-01-01 13:55:00,1900-01-01 16:15:00,2.3333333333333335
59045,158,Short,1900-01-01 09:25:00,1900-01-01 13:15:00,3.8333333333333335
59046,182,Short,1900-01-01 16:30:00,1900-01-01 21:10:00,4.666666666666667
59048,68,Short,1900-01-01 18:20:00,1900-01-01 20:05:00,1.75
59049,362,Medium,1900-01-01 06:05:00,1900-01-01 20:10:00,14.083333333333334
59050,362,Medium,1900-01-01 07:50:00,1900-01-01 20:45:00,12.916666666666666
59075,334,Medium,1900-01-01 07:20:00,1900-01-01 19:20:00,12.0
59076,335,Medium,1900-01-01 08:45:00,1900-01-01 19:45:00,11.0
59077,334,Medium,1900-01-01 16:45:00,1900-01-01 01:50:00,9.083333333333334
59078,335,Medium,1900-01-01 21:15:00,1900-01-01 07:35:00,10.333333333333334
59101,62,Short,1900-01-01 15:55:00,1900-01-01 19:25:00,3.5
59102,62,Short,1900-01-01 05:10:00,1900-01-01 08:35:00,3.4166666666666665
59103,62,Short,1900-01-01 09:15:00,1900-01-01 12:50:00,3.5833333333333335
59104,62,Short,1900-01-01 14:00:00,1900-01-01 17:25:00,3.4166666666666665
59117,99,Short,1900-01-01 07:20:00,1900-01-01 09:50:00,2.5
59118,105,Short,1900-01-01 06:15:00,1900-01-01 09:05:00,2.8333333333333335
59119,105,Short,1900-01-01 17:50:00,1900-01-01 20:40:00,2.8333333333333335
59120,99,Short,1900-01-01 17:05:00,1900-01-01 19:35:00,2.5
59121,105,Short,1900-01-01 09:50:00,1900-01-01 12:40:00,2.8333333333333335
59122,105,Short,1900-01-01 10:45:00,1900-01-01 13:40:00,2.9166666666666665
59151,104,Short,1900-01-01 18:25:00,1900-01-01 21:45:00,3.3333333333333335
59152,104,Short,1900-01-01 06:00:00,1900-01-01 09:20:00,3.3333333333333335
59153,104,Short,1900-01-01 10:00:00,1900-01-01 13:30:00,3.5
59154,104,Short,1900-01-01 14:15:00,1900-01-01 17:45:00,3.5
59161,105,Short,1900-01-01 05:45:00,1900-01-01 09:00:00,3.25
59162,105,Short,1900-01-01 17:45:00,1900-01-01 21:00:00,3.25
59163,13,Short,1900-01-01 12:15:00,1900-01-01 13:15:00,1.0
59164,13,Short,1900-01-01 10:00:00,1900-01-01 11:05:00,1.0833333333333333
59167,62,Short,1900-01-01 16:30:00,1900-01-01 19:15:00,2.75
59168,62,Short,1900-01-01 06:15:00,1900-01-01 09:00:00,2.75
59169,13,Short,1900-01-01 07:30:00,1900-01-01 08:30:00,1.0
59170,13,Short,1900-01-01 16:05:00,1900-01-01 17:10:00,1.0833333333333333
59201,47,Short,1900-01-01 11:40:00,1900-01-01 13:00:00,1.3333333333333333
59202,47,Short,1900-01-01 09:55:00,1900-01-01 11:20:00,1.4166666666666667
59203,169,Short,1900-01-01 17:05:00,1900-01-01 21:00:00,3.9166666666666665
59204,169,Short,1900-01-01 11:35:00,1900-01-01 15:30:00,3.9166666666666665
59205,114,Short,1900-01-01 14:15:00,1900-01-01 16:50:00,2.5833333333333335
59206,108,Short,1900-01-01 10:10:00,1900-01-01 12:25:00,2.25
59207,535,Long,1900-01-01 21:35:00,1900-01-01 13:05:00,15.5
59208,535,Long,1900-01-01 14:45:00,1900-01-01 05:40:00,14.916666666666666
59211,222,Medium,1900-01-01 14:10:00,1900-01-01 20:00:00,5.833333333333333
59212,216,Medium,1900-01-01 07:00:00,1900-01-01 13:35:00,6.583333333333333
59213,52,Short,1900-01-01 08:40:00,1900-01-01 09:50:00,1.1666666666666667
59214,52,Short,1900-01-01 06:20:00,1900-01-01 07:40:00,1.3333333333333333
59215,52,Short,1900-01-01 21:15:00,1900-01-01 22:35:00,1.3333333333333333
59216,52,Short,1900-01-01 19:05:00,1900-01-01 20:25:00,1.3333333333333333
59225,201,Medium,1900-01-01 09:10:00,1900-01-01 14:10:00,5.0
59226,201,Medium,1900-01-01 14:20:00,1900-01-01 19:25:00,5.083333333333333
59227,91,Short,1900-01-01 21:20:00,1900-01-01 23:25:00,2.0833333333333335
59228,91,Short,1900-01-01 05:00:00,1900-01-01 07:05:00,2.0833333333333335
59229,206,Medium,1900-01-01 03:40:00,1900-01-01 09:00:00,5.333333333333333
59230,206,Medium,1900-01-01 18:55:00,1900-01-01 00:05:00,5.166666666666667
59231,78,Short,1900-01-01 18:50:00,1900-01-01 20:35:00,1.75
59232,78,Short,1900-01-01 07:15:00,1900-01-01 09:10:00,1.9166666666666667
59233,169,Short,1900-01-01 09:35:00,1900-01-01 13:55:00,4.333333333333333
59234,169,Short,1900-01-01 14:25:00,1900-01-01 18:15:00,3.8333333333333335
59235,152,Short,1900-01-01 06:25:00,1900-01-01 09:50:00,3.4166666666666665
59236,152,Short,1900-01-01 17:20:00,1900-01-01 20:55:00,3.5833333333333335
59243,38,Short,1900-01-01 11:40:00,1900-01-01 12:55:00,1.25
59244,38,Short,1900-01-01 10:10:00,1900-01-01 11:25:00,1.25
59267,47,Short,1900-01-01 08:10:00,1900-01-01 09:40:00,1.5
59268,47,Short,1900-01-01 06:30:00,1900-01-01 07:50:00,1.3333333333333333
59269,47,Short,1900-01-01 18:50:00,1900-01-01 20:10:00,1.3333333333333333
59270,47,Short,1900-01-01 17:05:00,1900-01-01 18:25:00,1.3333333333333333
59271,169,Short,1900-01-01 13:35:00,1900-01-01 17:55:00,4.333333333333333
59272,169,Short,1900-01-01 08:20:00,1900-01-01 12:25:00,4.083333333333333
59295,47,Short,1900-01-01 15:20:00,1900-01-01 16:40:00,1.3333333333333333
59296,47,Short,1900-01-01 13:30:00,1900-01-01 14:50:00,1.3333333333333333
59297,236,Medium,1900-01-01 06:00:00,1900-01-01 11:45:00,5.75
59298,236,Medium,1900-01-01 14:20:00,1900-01-01 20:55:00,6.583333333333333
59306,78,Short,1900-01-01 08:05:00,1900-01-01 10:20:00,2.25
59307,78,Short,1900-01-01 18:00:00,1900-01-01 20:05:00,2.0833333333333335
59317,54,Short,1900-01-01 18:00:00,1900-01-01 19:35:00,1.5833333333333333
59318,54,Short,1900-01-01 07:00:00,1900-01-01 08:30:00,1.5
59319,183,Short,1900-01-01 17:05:00,1900-01-01 22:15:00,5.166666666666667
59320,183,Short,1900-01-01 06:40:00,1900-01-01 11:05:00,4.416666666666667
59341,428,Medium,1900-01-01 11:35:00,1900-01-01 23:25:00,11.833333333333334
59342,428,Medium,1900-01-01 04:00:00,1900-01-01 15:00:00,11.0
59345,44,Short,1900-01-01 10:20:00,1900-01-01 11:20:00,1.0
59346,44,Short,1900-01-01 08:50:00,1900-01-01 09:45:00,0.9166666666666666
59353,54,Short,1900-01-01 23:30:00,1900-01-01 01:00:00,1.5
59354,54,Short,1900-01-01 20:40:00,1900-01-01 22:15:00,1.5833333333333333
59355,585,Long,1900-01-01 07:00:00,1900-01-01 23:45:00,16.75
59356,585,Long,1900-01-01 05:00:00,1900-01-01 21:15:00,16.25
59357,86,Short,1900-01-01 09:10:00,1900-01-01 12:05:00,2.9166666666666665
59358,86,Short,1900-01-01 13:45:00,1900-01-01 17:00:00,3.25
59359,75,Short,1900-01-01 17:20:00,1900-01-01 19:15:00,1.9166666666666667
59360,75,Short,1900-01-01 06:40:00,1900-01-01 08:40:00,2.0
59379,74,Short,1900-01-01 05:20:00,1900-01-01 07:25:00,2.0833333333333335
59380,74,Short,1900-01-01 10:30:00,1900-01-01 12:20:00,1.8333333333333333
59385,553,Long,1900-01-01 13:00:00,1900-01-01 04:30:00,15.5
59386,553,Long,1900-01-01 21:05:00,1900-01-01 13:15:00,16.166666666666668
59387,133,Short,1900-01-01 15:15:00,1900-01-01 19:30:00,4.25
59388,133,Short,1900-01-01 08:05:00,1900-01-01 12:45:00,4.666666666666667
59393,397,Medium,1900-01-01 05:40:00,1900-01-01 15:50:00,10.166666666666666
59394,398,Medium,1900-01-01 12:10:00,1900-01-01 23:00:00,10.833333333333334
59395,133,Short,1900-01-01 13:35:00,1900-01-01 20:00:00,6.416666666666667
59396,137,Short,1900-01-01 08:00:00,1900-01-01 13:05:00,5.083333333333333
59421,184,Short,1900-01-01 07:50:00,1900-01-01 12:30:00,4.666666666666667
59422,189,Short,1900-01-01 04:20:00,1900-01-01 09:30:00,5.166666666666667
59423,189,Short,1900-01-01 18:15:00,1900-01-01 23:40:00,5.416666666666667
59424,184,Short,1900-01-01 17:25:00,1900-01-01 22:05:00,4.666666666666667
59425,358,Medium,1900-01-01 06:25:00,1900-01-01 15:25:00,9.0
59426,358,Medium,1900-01-01 13:30:00,1900-01-01 22:10:00,8.666666666666666
59439,490,Medium,1900-01-01 12:15:00,1900-01-01 04:00:00,15.75
59440,490,Medium,1900-01-01 23:10:00,1900-01-01 15:00:00,15.833333333333334
59441,490,Medium,1900-01-01 22:40:00,1900-01-01 14:55:00,16.25
59442,490,Medium,1900-01-01 12:40:00,1900-01-01 04:35:00,15.916666666666666
59473,111,Short,1900-01-01 03:30:00,1900-01-01 07:10:00,3.6666666666666665
59474,111,Short,1900-01-01 20:00:00,1900-01-01 23:55:00,3.9166666666666665
59475,40,Short,1900-01-01 09:45:00,1900-01-01 10:40:00,0.9166666666666666
59476,40,Short,1900-01-01 12:05:00,1900-01-01 13:10:00,1.0833333333333333
59477,40,Short,1900-01-01 15:20:00,1900-01-01 16:15:00,0.9166666666666666
59478,40,Short,1900-01-01 17:05:00,1900-01-01 18:00:00,0.9166666666666666
59481,40,Short,1900-01-01 18:30:00,1900-01-01 19:25:00,0.9166666666666666
59482,40,Short,1900-01-01 07:30:00,1900-01-01 08:25:00,0.9166666666666666
59483,40,Short,1900-01-01 06:05:00,1900-01-01 07:10:00,1.0833333333333333
59484,40,Short,1900-01-01 20:00:00,1900-01-01 20:55:00,0.9166666666666666
59503,429,Medium,1900-01-01 12:40:00,1900-01-01 00:50:00,12.166666666666666
59504,429,Medium,1900-01-01 02:45:00,1900-01-01 16:45:00,14.0
59507,189,Short,1900-01-01 05:10:00,1900-01-01 10:05:00,4.916666666666667
59508,189,Short,1900-01-01 11:00:00,1900-01-01 16:00:00,5.0
59509,64,Short,1900-01-01 08:30:00,1900-01-01 10:10:00,1.6666666666666667
59510,64,Short,1900-01-01 06:00:00,1900-01-01 07:35:00,1.5833333333333333
59511,64,Short,1900-01-01 20:00:00,1900-01-01 21:35:00,1.5833333333333333
59512,64,Short,1900-01-01 17:35:00,1900-01-01 19:15:00,1.6666666666666667
59547,495,Medium,1900-01-01 12:00:00,1900-01-01 05:30:00,17.5
59548,495,Medium,1900-01-01 22:10:00,1900-01-01 14:10:00,16.0
59549,99,Short,1900-01-01 08:20:00,1900-01-01 10:40:00,2.3333333333333335
59550,99,Short,1900-01-01 15:10:00,1900-01-01 17:30:00,2.3333333333333335
59601,139,Short,1900-01-01 05:10:00,1900-01-01 09:00:00,3.8333333333333335
59602,139,Short,1900-01-01 18:20:00,1900-01-01 21:50:00,3.5
59603,306,Medium,1900-01-01 07:00:00,1900-01-01 17:10:00,10.166666666666666
59604,306,Medium,1900-01-01 09:30:00,1900-01-01 18:50:00,9.333333333333334
59605,114,Short,1900-01-01 05:45:00,1900-01-01 08:35:00,2.8333333333333335
59606,114,Short,1900-01-01 19:30:00,1900-01-01 22:35:00,3.0833333333333335
59607,31,Short,1900-01-01 09:50:00,1900-01-01 10:50:00,1.0
59608,31,Short,1900-01-01 16:20:00,1900-01-01 17:20:00,1.0
59705,563,Long,1900-01-01 06:00:00,1900-01-01 21:00:00,15.0
59706,562,Long,1900-01-01 05:00:00,1900-01-01 18:10:00,13.166666666666666
59707,77,Short,1900-01-01 10:30:00,1900-01-01 12:25:00,1.9166666666666667
59708,66,Short,1900-01-01 08:25:00,1900-01-01 10:10:00,1.75
59709,66,Short,1900-01-01 16:50:00,1900-01-01 18:55:00,2.0833333333333335
59710,77,Short,1900-01-01 14:30:00,1900-01-01 16:30:00,2.0
59711,142,Short,1900-01-01 14:15:00,1900-01-01 17:55:00,3.6666666666666665
59712,143,Short,1900-01-01 08:50:00,1900-01-01 12:30:00,3.6666666666666665
59713,54,Short,1900-01-01 07:00:00,1900-01-01 08:15:00,1.25
59714,54,Short,1900-01-01 18:45:00,1900-01-01 20:20:00,1.5833333333333333
59715,215,Medium,1900-01-01 03:30:00,1900-01-01 08:30:00,5.0
59716,215,Medium,1900-01-01 05:30:00,1900-01-01 10:45:00,5.25
59717,215,Medium,1900-01-01 17:25:00,1900-01-01 22:40:00,5.25
59718,215,Medium,1900-01-01 19:40:00,1900-01-01 00:55:00,5.25
59719,215,Medium,1900-01-01 11:30:00,1900-01-01 16:30:00,5.0
59720,215,Medium,1900-01-01 09:05:00,1900-01-01 14:25:00,5.333333333333333
59721,367,Medium,1900-01-01 05:15:00,1900-01-01 13:35:00,8.333333333333334
59722,367,Medium,1900-01-01 14:05:00,1900-01-01 22:35:00,8.5
59727,213,Medium,1900-01-01 07:40:00,1900-01-01 13:35:00,5.916666666666667
59728,213,Medium,1900-01-01 23:40:00,1900-01-01 04:40:00,5.0
59729,213,Medium,1900-01-01 20:25:00,1900-01-01 02:00:00,5.583333333333333
59730,213,Medium,1900-01-01 14:50:00,1900-01-01 20:00:00,5.166666666666667
59731,66,Short,1900-01-01 06:30:00,1900-01-01 08:20:00,1.8333333333333333
59732,66,Short,1900-01-01 04:25:00,1900-01-01 06:10:00,1.75
59733,66,Short,1900-01-01 20:30:00,1900-01-01 22:15:00,1.75
59734,66,Short,1900-01-01 18:20:00,1900-01-01 20:10:00,1.8333333333333333
59735,47,Short,1900-01-01 06:20:00,1900-01-01 07:20:00,1.0
59736,47,Short,1900-01-01 05:00:00,1900-01-01 06:00:00,1.0
59803,265,Medium,1900-01-01 13:20:00,1900-01-01 19:45:00,6.416666666666667
59804,265,Medium,1900-01-01 05:55:00,1900-01-01 12:55:00,7.0
59805,268,Medium,1900-01-01 06:40:00,1900-01-01 12:55:00,6.25
59806,268,Medium,1900-01-01 13:35:00,1900-01-01 20:00:00,6.416666666666667
59811,688,Long,1900-01-01 08:35:00,1900-01-01 06:00:00,21.416666666666668
59812,691,Long,1900-01-01 18:40:00,1900-01-01 15:35:00,20.916666666666668
59813,330,Medium,1900-01-01 07:15:00,1900-01-01 17:35:00,10.333333333333334
59814,328,Medium,1900-01-01 07:45:00,1900-01-01 17:15:00,9.5
59821,499,Medium,1900-01-01 22:05:00,1900-01-01 14:40:00,16.583333333333332
59822,499,Medium,1900-01-01 18:10:00,1900-01-01 09:45:00,15.583333333333334
59823,87,Short,1900-01-01 06:20:00,1900-01-01 08:50:00,2.5
59824,87,Short,1900-01-01 09:55:00,1900-01-01 12:25:00,2.5
59825,87,Short,1900-01-01 14:30:00,1900-01-01 16:55:00,2.4166666666666665
59826,87,Short,1900-01-01 18:50:00,1900-01-01 21:25:00,2.5833333333333335
59827,36,Short,1900-01-01 15:00:00,1900-01-01 16:05:00,1.0833333333333333
59828,36,Short,1900-01-01 17:30:00,1900-01-01 18:30:00,1.0
59831,527,Long,1900-01-01 07:25:00,1900-01-01 22:30:00,15.083333333333334
59832,527,Long,1900-01-01 09:45:00,1900-01-01 01:10:00,15.416666666666666
59833,227,Medium,1900-01-01 22:45:00,1900-01-01 05:55:00,7.166666666666667
59834,227,Medium,1900-01-01 22:30:00,1900-01-01 04:45:00,6.25
59835,169,Short,1900-01-01 06:50:00,1900-01-01 11:45:00,4.916666666666667
59836,169,Short,1900-01-01 14:15:00,1900-01-01 20:05:00,5.833333333333333
59837,85,Short,1900-01-01 09:45:00,1900-01-01 12:10:00,2.4166666666666665
59838,85,Short,1900-01-01 07:00:00,1900-01-01 09:20:00,2.3333333333333335
59839,85,Short,1900-01-01 18:30:00,1900-01-01 20:45:00,2.25
59840,85,Short,1900-01-01 15:45:00,1900-01-01 18:05:00,2.3333333333333335
61631,138,Short,1900-01-01 09:00:00,1900-01-01 12:20:00,3.3333333333333335
61632,138,Short,1900-01-01 17:45:00,1900-01-01 21:05:00,3.3333333333333335
63105,230,Medium,1900-01-01 20:20:00,1900-01-01 01:05:00,4.75
63108,229,Medium,1900-01-01 04:30:00,1900-01-01 09:57:00,5.45
63141,228,Medium,1900-01-01 12:05:00,1900-01-01 18:05:00,6.0
63142,228,Medium,1900-01-01 14:25:00,1900-01-01 19:50:00,5.416666666666667
63151,6,Short,1900-01-01 05:40:00,1900-01-01 06:00:00,0.3333333333333333
63153,6,Short,1900-01-01 08:45:00,1900-01-01 09:05:00,0.3333333333333333
63154,6,Short,1900-01-01 09:30:00,1900-01-01 09:50:00,0.3333333333333333
63155,6,Short,1900-01-01 10:00:00,1900-01-01 10:20:00,0.3333333333333333
63156,6,Short,1900-01-01 10:50:00,1900-01-01 11:10:00,0.3333333333333333
63157,6,Short,1900-01-01 12:30:00,1900-01-01 12:50:00,0.3333333333333333
63158,6,Short,1900-01-01 13:05:00,1900-01-01 13:25:00,0.3333333333333333
63159,6,Short,1900-01-01 14:40:00,1900-01-01 15:00:00,0.3333333333333333
63160,6,Short,1900-01-01 15:15:00,1900-01-01 15:35:00,0.3333333333333333
63161,6,Short,1900-01-01 16:40:00,1900-01-01 17:00:00,0.3333333333333333
63162,6,Short,1900-01-01 17:10:00,1900-01-01 17:30:00,0.3333333333333333
63163,6,Short,1900-01-01 17:45:00,1900-01-01 18:05:00,0.3333333333333333
63164,6,Short,1900-01-01 18:25:00,1900-01-01 18:45:00,0.3333333333333333
63165,6,Short,1900-01-01 19:50:00,1900-01-01 20:10:00,0.3333333333333333
63166,6,Short,1900-01-01 20:30:00,1900-01-01 20:50:00,0.3333333333333333
63167,6,Short,1900-01-01 22:50:00,1900-01-01 23:05:00,0.25
63168,6,Short,1900-01-01 23:30:00,1900-01-01 23:45:00,0.25
63169,6,Short,1900-01-01 03:35:00,1900-01-01 03:50:00,0.25
63203,34,Short,1900-01-01 04:10:00,1900-01-01 05:55:00,1.75
63204,34,Short,1900-01-01 20:50:00,1900-01-01 22:40:00,1.8333333333333333
63205,123,Short,1900-01-01 02:10:00,1900-01-01 07:00:00,4.833333333333333
63206,123,Short,1900-01-01 19:50:00,1900-01-01 01:40:00,5.833333333333333
63207,177,Short,1900-01-01 05:35:00,1900-01-01 12:45:00,7.166666666666667
63208,221,Medium,1900-01-01 08:40:00,1900-01-01 15:55:00,7.25
63209,177,Short,1900-01-01 08:10:00,1900-01-01 15:00:00,6.833333333333333
63210,177,Short,1900-01-01 11:05:00,1900-01-01 17:20:00,6.25
63211,221,Medium,1900-01-01 16:15:00,1900-01-01 01:05:00,8.833333333333334
63212,177,Short,1900-01-01 14:30:00,1900-01-01 20:35:00,6.083333333333333
63213,49,Short,1900-01-01 17:15:00,1900-01-01 18:50:00,1.5833333333333333
63214,49,Short,1900-01-01 07:05:00,1900-01-01 08:35:00,1.5
63217,98,Short,1900-01-01 06:05:00,1900-01-01 09:45:00,3.6666666666666665
63218,98,Short,1900-01-01 17:55:00,1900-01-01 21:30:00,3.5833333333333335
63219,75,Short,1900-01-01 09:55:00,1900-01-01 12:25:00,2.5
63220,85,Short,1900-01-01 16:15:00,1900-01-01 19:35:00,3.3333333333333335
63221,89,Short,1900-01-01 05:30:00,1900-01-01 07:45:00,2.25
63222,89,Short,1900-01-01 18:10:00,1900-01-01 20:40:00,2.5
63223,49,Short,1900-01-01 21:50:00,1900-01-01 23:55:00,2.0833333333333335
63224,49,Short,1900-01-01 03:30:00,1900-01-01 05:00:00,1.5
63225,207,Medium,1900-01-01 12:05:00,1900-01-01 19:15:00,7.166666666666667
63226,225,Medium,1900-01-01 13:40:00,1900-01-01 21:05:00,7.416666666666667
63227,207,Medium,1900-01-01 08:00:00,1900-01-01 15:15:00,7.25
63228,207,Medium,1900-01-01 15:35:00,1900-01-01 23:30:00,7.916666666666667
63231,207,Medium,1900-01-01 19:55:00,1900-01-01 03:50:00,7.916666666666667
63232,117,Short,1900-01-01 06:40:00,1900-01-01 11:00:00,4.333333333333333
63233,225,Medium,1900-01-01 05:15:00,1900-01-01 13:20:00,8.083333333333334
63234,207,Medium,1900-01-01 07:30:00,1900-01-01 17:05:00,9.583333333333334
63235,89,Short,1900-01-01 04:00:00,1900-01-01 06:35:00,2.5833333333333335
63237,152,Short,1900-01-01 04:30:00,1900-01-01 09:10:00,4.666666666666667
63238,152,Short,1900-01-01 18:30:00,1900-01-01 23:00:00,4.5
63240,89,Short,1900-01-01 20:20:00,1900-01-01 00:15:00,3.9166666666666665
63241,94,Short,1900-01-01 05:00:00,1900-01-01 08:05:00,3.0833333333333335
63242,91,Short,1900-01-01 05:00:00,1900-01-01 08:00:00,3.0
63243,94,Short,1900-01-01 06:15:00,1900-01-01 09:15:00,3.0
63244,94,Short,1900-01-01 05:45:00,1900-01-01 08:45:00,3.0
63245,91,Short,1900-01-01 08:30:00,1900-01-01 11:30:00,3.0
63246,91,Short,1900-01-01 08:30:00,1900-01-01 11:30:00,3.0
63247,91,Short,1900-01-01 09:15:00,1900-01-01 12:15:00,3.0
63248,94,Short,1900-01-01 09:30:00,1900-01-01 12:20:00,2.8333333333333335
63249,91,Short,1900-01-01 12:00:00,1900-01-01 14:45:00,2.75
63250,85,Short,1900-01-01 11:45:00,1900-01-01 14:20:00,2.5833333333333335
63251,91,Short,1900-01-01 13:00:00,1900-01-01 16:00:00,3.0
63252,91,Short,1900-01-01 12:45:00,1900-01-01 15:25:00,2.6666666666666665
63253,91,Short,1900-01-01 15:30:00,1900-01-01 18:30:00,3.0
63254,94,Short,1900-01-01 15:15:00,1900-01-01 18:00:00,2.75
63255,91,Short,1900-01-01 18:30:00,1900-01-01 21:30:00,3.0
63256,91,Short,1900-01-01 16:30:00,1900-01-01 19:30:00,3.0
63257,94,Short,1900-01-01 20:00:00,1900-01-01 23:00:00,3.0
63258,94,Short,1900-01-01 19:00:00,1900-01-01 22:00:00,3.0
63259,91,Short,1900-01-01 22:30:00,1900-01-01 01:35:00,3.0833333333333335
63260,94,Short,1900-01-01 22:00:00,1900-01-01 01:00:00,3.0
63261,139,Short,1900-01-01 16:20:00,1900-01-01 23:50:00,7.5
63262,139,Short,1900-01-01 04:55:00,1900-01-01 10:15:00,5.333333333333333
63263,117,Short,1900-01-01 14:50:00,1900-01-01 19:05:00,4.25
63264,207,Medium,1900-01-01 05:10:00,1900-01-01 14:50:00,9.666666666666666
63271,89,Short,1900-01-01 15:30:00,1900-01-01 19:10:00,3.6666666666666665
63272,89,Short,1900-01-01 05:05:00,1900-01-01 09:45:00,4.666666666666667
63273,20,Short,1900-01-01 11:30:00,1900-01-01 12:45:00,1.25
63274,18,Short,1900-01-01 09:50:00,1900-01-01 11:00:00,1.1666666666666667
63275,20,Short,1900-01-01 13:00:00,1900-01-01 14:15:00,1.25
63276,18,Short,1900-01-01 13:00:00,1900-01-01 14:05:00,1.0833333333333333
63279,93,Short,1900-01-01 17:30:00,1900-01-01 20:25:00,2.9166666666666665
63280,120,Short,1900-01-01 20:10:00,1900-01-01 02:25:00,6.25
63283,120,Short,1900-01-01 15:00:00,1900-01-01 19:45:00,4.75
63284,120,Short,1900-01-01 08:10:00,1900-01-01 12:25:00,4.25
63285,120,Short,1900-01-01 03:30:00,1900-01-01 08:15:00,4.75
63286,93,Short,1900-01-01 07:05:00,1900-01-01 10:10:00,3.0833333333333335
63289,85,Short,1900-01-01 11:55:00,1900-01-01 14:00:00,2.0833333333333335
63290,85,Short,1900-01-01 15:00:00,1900-01-01 17:05:00,2.0833333333333335
63291,85,Short,1900-01-01 07:30:00,1900-01-01 09:35:00,2.0833333333333335
63292,85,Short,1900-01-01 18:16:00,1900-01-01 20:35:00,2.316666666666667
63293,118,Short,1900-01-01 09:45:00,1900-01-01 12:30:00,2.75
63294,118,Short,1900-01-01 16:00:00,1900-01-01 18:11:00,2.183333333333333
63295,203,Medium,1900-01-01 17:55:00,1900-01-01 23:25:00,5.5
63296,203,Medium,1900-01-01 04:00:00,1900-01-01 10:15:00,6.25
63501,106,Short,1900-01-01 01:50:00,1900-01-01 03:40:00,1.8333333333333333
63502,106,Short,1900-01-01 21:58:00,1900-01-01 00:15:00,2.283333333333333
63505,104,Short,1900-01-01 04:00:00,1900-01-01 05:55:00,1.9166666666666667
63506,105,Short,1900-01-01 04:55:00,1900-01-01 06:40:00,1.75
63507,104,Short,1900-01-01 05:15:00,1900-01-01 07:05:00,1.8333333333333333
63508,105,Short,1900-01-01 05:45:00,1900-01-01 07:35:00,1.8333333333333333
63509,104,Short,1900-01-01 07:30:00,1900-01-01 09:15:00,1.75
63510,105,Short,1900-01-01 06:20:00,1900-01-01 08:06:00,1.7666666666666666
63511,104,Short,1900-01-01 08:40:00,1900-01-01 10:35:00,1.9166666666666667
63512,105,Short,1900-01-01 07:42:00,1900-01-01 09:38:00,1.9333333333333333
63513,104,Short,1900-01-01 09:50:00,1900-01-01 11:40:00,1.8333333333333333
63514,105,Short,1900-01-01 09:00:00,1900-01-01 10:50:00,1.8333333333333333
63515,104,Short,1900-01-01 12:05:00,1900-01-01 13:55:00,1.8333333333333333
63516,105,Short,1900-01-01 10:20:00,1900-01-01 12:20:00,2.0
63517,104,Short,1900-01-01 13:15:00,1900-01-01 15:05:00,1.8333333333333333
63518,105,Short,1900-01-01 12:40:00,1900-01-01 14:30:00,1.8333333333333333
63519,104,Short,1900-01-01 15:20:00,1900-01-01 17:15:00,1.9166666666666667
63520,105,Short,1900-01-01 14:05:00,1900-01-01 16:00:00,1.9166666666666667
63521,104,Short,1900-01-01 16:05:00,1900-01-01 17:55:00,1.8333333333333333
63522,105,Short,1900-01-01 16:10:00,1900-01-01 18:05:00,1.9166666666666667
63523,104,Short,1900-01-01 17:25:00,1900-01-01 19:20:00,1.9166666666666667
63524,105,Short,1900-01-01 16:55:00,1900-01-01 18:45:00,1.8333333333333333
63525,104,Short,1900-01-01 20:05:00,1900-01-01 22:00:00,1.9166666666666667
63526,105,Short,1900-01-01 21:50:00,1900-01-01 23:50:00,2.0
63527,42,Short,1900-01-01 22:25:00,1900-01-01 23:08:00,0.7166666666666667
63528,42,Short,1900-01-01 20:25:00,1900-01-01 21:10:00,0.75
63529,100,Short,1900-01-01 05:40:00,1900-01-01 08:05:00,2.4166666666666665
63530,101,Short,1900-01-01 08:30:00,1900-01-01 10:55:00,2.4166666666666665
63531,72,Short,1900-01-01 08:10:00,1900-01-01 10:00:00,1.8333333333333333
63532,73,Short,1900-01-01 04:00:00,1900-01-01 05:50:00,1.8333333333333333
63533,72,Short,1900-01-01 14:00:00,1900-01-01 15:50:00,1.8333333333333333
63534,73,Short,1900-01-01 10:40:00,1900-01-01 12:30:00,1.8333333333333333
63535,72,Short,1900-01-01 17:10:00,1900-01-01 19:00:00,1.8333333333333333
63536,73,Short,1900-01-01 16:40:00,1900-01-01 18:30:00,1.8333333333333333
63537,72,Short,1900-01-01 19:05:00,1900-01-01 20:55:00,1.8333333333333333
63538,73,Short,1900-01-01 20:00:00,1900-01-01 21:50:00,1.8333333333333333
63541,88,Short,1900-01-01 05:10:00,1900-01-01 07:10:00,2.0
63542,88,Short,1900-01-01 07:20:00,1900-01-01 09:20:00,2.0
63543,88,Short,1900-01-01 18:10:00,1900-01-01 20:15:00,2.0833333333333335
63544,88,Short,1900-01-01 20:45:00,1900-01-01 23:05:00,2.3333333333333335
63545,58,Short,1900-01-01 14:00:00,1900-01-01 15:20:00,1.3333333333333333
63546,58,Short,1900-01-01 09:50:00,1900-01-01 11:10:00,1.3333333333333333
63547,74,Short,1900-01-01 15:30:00,1900-01-01 17:24:00,1.9
63548,76,Short,1900-01-01 05:15:00,1900-01-01 07:00:00,1.75
63549,124,Short,1900-01-01 17:27:00,1900-01-01 20:40:00,3.216666666666667
63550,122,Short,1900-01-01 07:20:00,1900-01-01 09:45:00,2.4166666666666665
63551,58,Short,1900-01-01 23:00:00,1900-01-01 00:20:00,1.3333333333333333
63552,58,Short,1900-01-01 03:12:00,1900-01-01 04:45:00,1.55
63553,479,Medium,1900-01-01 06:30:00,1900-01-01 21:25:00,14.916666666666666
63554,479,Medium,1900-01-01 04:15:00,1900-01-01 20:20:00,16.083333333333332
63561,110,Short,1900-01-01 07:30:00,1900-01-01 09:35:00,2.0833333333333335
63562,116,Short,1900-01-01 04:00:00,1900-01-01 06:40:00,2.6666666666666665
63563,110,Short,1900-01-01 20:30:00,1900-01-01 22:40:00,2.1666666666666665
63564,110,Short,1900-01-01 17:40:00,1900-01-01 19:50:00,2.1666666666666665
63565,43,Short,1900-01-01 10:00:00,1900-01-01 10:55:00,0.9166666666666666
63566,43,Short,1900-01-01 11:25:00,1900-01-01 12:25:00,1.0
63567,154,Short,1900-01-01 09:35:00,1900-01-01 12:55:00,3.3333333333333335
63568,154,Short,1900-01-01 13:20:00,1900-01-01 16:35:00,3.25
63569,110,Short,1900-01-01 17:25:00,1900-01-01 19:40:00,2.25
63570,116,Short,1900-01-01 06:10:00,1900-01-01 08:50:00,2.6666666666666665
63571,131,Short,1900-01-01 20:10:00,1900-01-01 00:45:00,4.583333333333333
63572,131,Short,1900-01-01 04:30:00,1900-01-01 08:40:00,4.166666666666667
63573,97,Short,1900-01-01 11:20:00,1900-01-01 13:30:00,2.1666666666666665
63574,97,Short,1900-01-01 14:10:00,1900-01-01 16:45:00,2.5833333333333335
63581,111,Short,1900-01-01 09:10:00,1900-01-01 11:40:00,2.5
63582,111,Short,1900-01-01 06:20:00,1900-01-01 08:47:00,2.45
63583,111,Short,1900-01-01 17:40:00,1900-01-01 20:15:00,2.5833333333333335
63584,111,Short,1900-01-01 13:15:00,1900-01-01 15:45:00,2.5
63591,137,Short,1900-01-01 15:40:00,1900-01-01 18:50:00,3.1666666666666665
63592,137,Short,1900-01-01 07:05:00,1900-01-01 11:05:00,4.0
63593,80,Short,1900-01-01 14:05:00,1900-01-01 16:45:00,2.6666666666666665
63594,80,Short,1900-01-01 10:52:00,1900-01-01 13:05:00,2.216666666666667
63595,193,Short,1900-01-01 03:40:00,1900-01-01 08:50:00,5.166666666666667
63596,193,Short,1900-01-01 18:00:00,1900-01-01 23:10:00,5.166666666666667
63597,198,Short,1900-01-01 12:30:00,1900-01-01 17:40:00,5.166666666666667
63598,200,Medium,1900-01-01 05:20:00,1900-01-01 11:40:00,6.333333333333333
64001,88,Short,1900-01-01 19:25:00,1900-01-01 21:40:00,2.25
64002,88,Short,1900-01-01 06:20:00,1900-01-01 08:38:00,2.3
64003,44,Short,1900-01-01 05:00:00,1900-01-01 06:10:00,1.1666666666666667
64004,56,Short,1900-01-01 06:35:00,1900-01-01 08:30:00,1.9166666666666667
64011,65,Short,1900-01-01 06:15:00,1900-01-01 08:20:00,2.0833333333333335
64012,65,Short,1900-01-01 10:05:00,1900-01-01 12:10:00,2.0833333333333335
64013,65,Short,1900-01-01 12:35:00,1900-01-01 14:40:00,2.0833333333333335
64014,65,Short,1900-01-01 13:10:00,1900-01-01 15:30:00,2.3333333333333335
64015,65,Short,1900-01-01 14:35:00,1900-01-01 16:40:00,2.0833333333333335
64016,65,Short,1900-01-01 14:30:00,1900-01-01 16:55:00,2.4166666666666665
64017,65,Short,1900-01-01 15:35:00,1900-01-01 17:45:00,2.1666666666666665
64018,11,Short,1900-01-01 17:15:00,1900-01-01 17:52:00,0.6166666666666667
64019,65,Short,1900-01-01 22:20:00,1900-01-01 01:00:00,2.6666666666666665
64031,36,Short,1900-01-01 09:00:00,1900-01-01 10:30:00,1.5
64032,36,Short,1900-01-01 15:00:00,1900-01-01 16:25:00,1.4166666666666667
64034,36,Short,1900-01-01 20:25:00,1900-01-01 21:50:00,1.4166666666666667
64036,36,Short,1900-01-01 22:50:00,1900-01-01 00:15:00,1.4166666666666667
64051,77,Short,1900-01-01 23:15:00,1900-01-01 01:55:00,2.6666666666666665
64052,77,Short,1900-01-01 11:30:00,1900-01-01 14:05:00,2.5833333333333335
64053,79,Short,1900-01-01 06:00:00,1900-01-01 08:20:00,2.3333333333333335
64055,79,Short,1900-01-01 08:20:00,1900-01-01 11:05:00,2.75
64057,77,Short,1900-01-01 10:55:00,1900-01-01 13:30:00,2.5833333333333335
64061,57,Short,1900-01-01 17:30:00,1900-01-01 19:20:00,1.8333333333333333
64062,57,Short,1900-01-01 05:15:00,1900-01-01 07:10:00,1.9166666666666667
64064,57,Short,1900-01-01 19:45:00,1900-01-01 21:25:00,1.6666666666666667
64071,44,Short,1900-01-01 08:10:00,1900-01-01 09:45:00,1.5833333333333333
64073,94,Short,1900-01-01 19:45:00,1900-01-01 22:10:00,2.4166666666666665
64074,96,Short,1900-01-01 04:45:00,1900-01-01 06:50:00,2.0833333333333335
64075,53,Short,1900-01-01 07:15:00,1900-01-01 08:50:00,1.5833333333333333
64076,53,Short,1900-01-01 00:15:00,1900-01-01 01:35:00,1.3333333333333333
64077,53,Short,1900-01-01 07:55:00,1900-01-01 09:30:00,1.5833333333333333
64078,53,Short,1900-01-01 08:45:00,1900-01-01 10:15:00,1.5
64080,53,Short,1900-01-01 17:05:00,1900-01-01 18:30:00,1.4166666666666667
64082,53,Short,1900-01-01 18:00:00,1900-01-01 19:30:00,1.5
64084,53,Short,1900-01-01 21:25:00,1900-01-01 22:45:00,1.3333333333333333
64087,28,Short,1900-01-01 18:27:00,1900-01-01 19:35:00,1.1333333333333333
64088,7,Short,1900-01-01 20:38:00,1900-01-01 21:05:00,0.45
64089,35,Short,1900-01-01 16:45:00,1900-01-01 18:25:00,1.6666666666666667
64090,35,Short,1900-01-01 09:15:00,1900-01-01 10:55:00,1.6666666666666667
64091,43,Short,1900-01-01 08:00:00,1900-01-01 09:45:00,1.75
64092,35,Short,1900-01-01 18:50:00,1900-01-01 20:35:00,1.75
64093,25,Short,1900-01-01 09:47:00,1900-01-01 10:35:00,0.8
64094,25,Short,1900-01-01 08:30:00,1900-01-01 09:13:00,0.7166666666666667
64095,32,Short,1900-01-01 09:50:00,1900-01-01 11:00:00,1.1666666666666667
64096,25,Short,1900-01-01 10:55:00,1900-01-01 11:45:00,0.8333333333333334
64097,11,Short,1900-01-01 19:45:00,1900-01-01 20:20:00,0.5833333333333334
64098,25,Short,1900-01-01 18:00:00,1900-01-01 18:48:00,0.8
64101,125,Short,1900-01-01 01:55:00,1900-01-01 05:10:00,3.25
64102,125,Short,1900-01-01 18:15:00,1900-01-01 21:20:00,3.0833333333333335
64103,125,Short,1900-01-01 06:10:00,1900-01-01 09:10:00,3.0
64104,54,Short,1900-01-01 05:10:00,1900-01-01 06:45:00,1.5833333333333333
64105,131,Short,1900-01-01 06:20:00,1900-01-01 09:30:00,3.1666666666666665
64106,82,Short,1900-01-01 17:25:00,1900-01-01 19:45:00,2.3333333333333335
64107,54,Short,1900-01-01 15:00:00,1900-01-01 16:35:00,1.5833333333333333
64108,82,Short,1900-01-01 20:30:00,1900-01-01 23:00:00,2.5
64109,71,Short,1900-01-01 07:00:00,1900-01-01 09:20:00,2.3333333333333335
64110,131,Short,1900-01-01 17:40:00,1900-01-01 20:45:00,3.0833333333333335
64111,92,Short,1900-01-01 06:00:00,1900-01-01 09:00:00,3.0
64112,64,Short,1900-01-01 11:20:00,1900-01-01 13:50:00,2.5
64113,99,Short,1900-01-01 19:50:00,1900-01-01 22:35:00,2.75
64114,131,Short,1900-01-01 18:05:00,1900-01-01 21:05:00,3.0
64151,125,Short,1900-01-01 14:05:00,1900-01-01 17:00:00,2.9166666666666665
64152,125,Short,1900-01-01 08:50:00,1900-01-01 12:00:00,3.1666666666666665
64153,139,Short,1900-01-01 06:35:00,1900-01-01 09:35:00,3.0
64154,78,Short,1900-01-01 12:30:00,1900-01-01 13:55:00,1.4166666666666667
64155,86,Short,1900-01-01 10:05:00,1900-01-01 12:20:00,2.25
64156,139,Short,1900-01-01 16:25:00,1900-01-01 19:25:00,3.0
64157,114,Short,1900-01-01 05:40:00,1900-01-01 09:20:00,3.6666666666666665
64158,86,Short,1900-01-01 14:25:00,1900-01-01 15:55:00,1.5
64159,83,Short,1900-01-01 18:10:00,1900-01-01 19:50:00,1.6666666666666667
64160,115,Short,1900-01-01 16:20:00,1900-01-01 20:05:00,3.75
64161,106,Short,1900-01-01 20:20:00,1900-01-01 22:40:00,2.3333333333333335
64162,83,Short,1900-01-01 08:15:00,1900-01-01 09:55:00,1.6666666666666667
64163,12,Short,1900-01-01 04:35:00,1900-01-01 05:00:00,0.4166666666666667
64164,106,Short,1900-01-01 05:50:00,1900-01-01 07:45:00,1.9166666666666667
64165,78,Short,1900-01-01 09:40:00,1900-01-01 11:40:00,2.0
64167,185,Short,1900-01-01 03:50:00,1900-01-01 09:55:00,6.083333333333333
64168,185,Short,1900-01-01 16:40:00,1900-01-01 21:50:00,5.166666666666667
64201,73,Short,1900-01-01 04:10:00,1900-01-01 05:55:00,1.75
64202,73,Short,1900-01-01 05:00:00,1900-01-01 07:00:00,2.0
64203,73,Short,1900-01-01 07:20:00,1900-01-01 09:00:00,1.6666666666666667
64204,73,Short,1900-01-01 07:20:00,1900-01-01 09:15:00,1.9166666666666667
64205,73,Short,1900-01-01 09:35:00,1900-01-01 11:15:00,1.6666666666666667
64206,73,Short,1900-01-01 09:10:00,1900-01-01 10:55:00,1.75
64207,73,Short,1900-01-01 11:20:00,1900-01-01 13:00:00,1.6666666666666667
64208,73,Short,1900-01-01 10:50:00,1900-01-01 12:35:00,1.75
64209,73,Short,1900-01-01 14:00:00,1900-01-01 16:15:00,2.25
64210,73,Short,1900-01-01 11:55:00,1900-01-01 13:35:00,1.6666666666666667
64211,73,Short,1900-01-01 16:00:00,1900-01-01 17:40:00,1.6666666666666667
64212,73,Short,1900-01-01 14:05:00,1900-01-01 15:45:00,1.6666666666666667
64213,73,Short,1900-01-01 20:20:00,1900-01-01 22:05:00,1.75
64214,85,Short,1900-01-01 17:45:00,1900-01-01 19:55:00,2.1666666666666665
64216,85,Short,1900-01-01 21:05:00,1900-01-01 23:25:00,2.3333333333333335
64221,164,Short,1900-01-01 19:10:00,1900-01-01 00:20:00,5.166666666666667
64222,164,Short,1900-01-01 06:30:00,1900-01-01 11:15:00,4.75
64231,28,Short,1900-01-01 10:10:00,1900-01-01 11:10:00,1.0
64232,28,Short,1900-01-01 11:30:00,1900-01-01 12:35:00,1.0833333333333333
64234,28,Short,1900-01-01 13:45:00,1900-01-01 14:35:00,0.8333333333333334
64235,101,Short,1900-01-01 06:50:00,1900-01-01 10:10:00,3.3333333333333335
64236,101,Short,1900-01-01 18:50:00,1900-01-01 21:25:00,2.5833333333333335
64251,73,Short,1900-01-01 05:40:00,1900-01-01 07:10:00,1.5
64252,73,Short,1900-01-01 16:20:00,1900-01-01 18:05:00,1.75
64253,84,Short,1900-01-01 15:15:00,1900-01-01 17:35:00,2.3333333333333335
64254,73,Short,1900-01-01 22:15:00,1900-01-01 00:05:00,1.8333333333333333
64255,84,Short,1900-01-01 18:30:00,1900-01-01 20:55:00,2.4166666666666665
64257,73,Short,1900-01-01 22:10:00,1900-01-01 23:55:00,1.75
64260,86,Short,1900-01-01 06:00:00,1900-01-01 08:20:00,2.3333333333333335
64271,36,Short,1900-01-01 13:20:00,1900-01-01 14:50:00,1.5
64272,36,Short,1900-01-01 08:30:00,1900-01-01 09:50:00,1.3333333333333333
64273,36,Short,1900-01-01 16:35:00,1900-01-01 18:10:00,1.5833333333333333
64274,36,Short,1900-01-01 18:15:00,1900-01-01 19:45:00,1.5
64275,36,Short,1900-01-01 19:55:00,1900-01-01 21:45:00,1.8333333333333333
64281,139,Short,1900-01-01 07:30:00,1900-01-01 11:00:00,3.5
64282,139,Short,1900-01-01 16:45:00,1900-01-01 21:05:00,4.333333333333333
64401,19,Short,1900-01-01 10:25:00,1900-01-01 11:10:00,0.75
64402,19,Short,1900-01-01 07:10:00,1900-01-01 08:00:00,0.8333333333333334
64403,19,Short,1900-01-01 17:15:00,1900-01-01 18:00:00,0.75
64404,19,Short,1900-01-01 09:40:00,1900-01-01 10:40:00,1.0
64406,19,Short,1900-01-01 09:20:00,1900-01-01 10:10:00,0.8333333333333334
64407,19,Short,1900-01-01 18:20:00,1900-01-01 19:05:00,0.75
64408,19,Short,1900-01-01 10:10:00,1900-01-01 11:00:00,0.8333333333333334
64409,23,Short,1900-01-01 22:40:00,1900-01-01 23:45:00,1.0833333333333333
64410,25,Short,1900-01-01 18:25:00,1900-01-01 19:15:00,0.8333333333333334
64411,21,Short,1900-01-01 09:00:00,1900-01-01 10:00:00,1.0
64412,19,Short,1900-01-01 20:20:00,1900-01-01 21:05:00,0.75
64414,19,Short,1900-01-01 08:40:00,1900-01-01 09:30:00,0.8333333333333334
64415,25,Short,1900-01-01 23:00:00,1900-01-01 23:45:00,0.75
64417,28,Short,1900-01-01 07:10:00,1900-01-01 08:25:00,1.25
64418,28,Short,1900-01-01 18:45:00,1900-01-01 20:00:00,1.25
64419,30,Short,1900-01-01 15:45:00,1900-01-01 17:10:00,1.4166666666666667
64420,30,Short,1900-01-01 00:10:00,1900-01-01 01:35:00,1.4166666666666667
64421,25,Short,1900-01-01 04:10:00,1900-01-01 04:55:00,0.75
64422,25,Short,1900-01-01 00:10:00,1900-01-01 01:00:00,0.8333333333333334
64423,25,Short,1900-01-01 09:50:00,1900-01-01 10:35:00,0.75
64424,25,Short,1900-01-01 09:10:00,1900-01-01 09:55:00,0.75
64425,25,Short,1900-01-01 12:50:00,1900-01-01 13:40:00,0.8333333333333334
64426,25,Short,1900-01-01 09:50:00,1900-01-01 10:50:00,1.0
64427,25,Short,1900-01-01 15:10:00,1900-01-01 16:00:00,0.8333333333333334
64428,25,Short,1900-01-01 09:35:00,1900-01-01 10:30:00,0.9166666666666666
64429,25,Short,1900-01-01 16:30:00,1900-01-01 17:20:00,0.8333333333333334
64430,25,Short,1900-01-01 10:50:00,1900-01-01 11:40:00,0.8333333333333334
64431,25,Short,1900-01-01 16:40:00,1900-01-01 17:30:00,0.8333333333333334
64432,25,Short,1900-01-01 14:00:00,1900-01-01 14:50:00,0.8333333333333334
64433,25,Short,1900-01-01 16:50:00,1900-01-01 17:45:00,0.9166666666666666
64434,28,Short,1900-01-01 11:20:00,1900-01-01 12:30:00,1.1666666666666667
64437,28,Short,1900-01-01 06:05:00,1900-01-01 07:08:00,1.05
64439,28,Short,1900-01-01 08:10:00,1900-01-01 09:18:00,1.1333333333333333
64441,25,Short,1900-01-01 17:20:00,1900-01-01 18:10:00,0.8333333333333334
64443,28,Short,1900-01-01 18:30:00,1900-01-01 20:00:00,1.5
64445,19,Short,1900-01-01 19:25:00,1900-01-01 20:05:00,0.6666666666666666
64449,25,Short,1900-01-01 08:30:00,1900-01-01 09:20:00,0.8333333333333334
64450,25,Short,1900-01-01 17:50:00,1900-01-01 18:40:00,0.8333333333333334
64451,88,Short,1900-01-01 16:40:00,1900-01-01 19:15:00,2.5833333333333335
64452,155,Short,1900-01-01 05:55:00,1900-01-01 09:35:00,3.6666666666666665
64453,88,Short,1900-01-01 17:40:00,1900-01-01 19:50:00,2.1666666666666665
64454,155,Short,1900-01-01 12:45:00,1900-01-01 17:10:00,4.416666666666667
64461,164,Short,1900-01-01 18:10:00,1900-01-01 22:25:00,4.25
64462,164,Short,1900-01-01 05:35:00,1900-01-01 09:45:00,4.166666666666667
64463,156,Short,1900-01-01 01:20:00,1900-01-01 04:40:00,3.3333333333333335
64464,89,Short,1900-01-01 05:10:00,1900-01-01 07:30:00,2.3333333333333335
64465,156,Short,1900-01-01 08:10:00,1900-01-01 12:05:00,3.9166666666666665
64466,89,Short,1900-01-01 21:10:00,1900-01-01 00:05:00,2.9166666666666665
64470,89,Short,1900-01-01 06:40:00,1900-01-01 08:55:00,2.25
64471,114,Short,1900-01-01 17:05:00,1900-01-01 20:20:00,3.25
64472,114,Short,1900-01-01 06:00:00,1900-01-01 09:15:00,3.25
64481,108,Short,1900-01-01 20:00:00,1900-01-01 22:50:00,2.8333333333333335
64482,41,Short,1900-01-01 04:35:00,1900-01-01 05:30:00,0.9166666666666666
64483,41,Short,1900-01-01 22:55:00,1900-01-01 00:00:00,1.0833333333333333
64491,53,Short,1900-01-01 08:25:00,1900-01-01 10:00:00,1.5833333333333333
64492,53,Short,1900-01-01 17:50:00,1900-01-01 19:20:00,1.5
64493,46,Short,1900-01-01 16:35:00,1900-01-01 17:40:00,1.0833333333333333
64494,46,Short,1900-01-01 10:15:00,1900-01-01 11:30:00,1.25
64496,89,Short,1900-01-01 21:15:00,1900-01-01 23:30:00,2.25
64501,81,Short,1900-01-01 05:30:00,1900-01-01 07:10:00,1.6666666666666667
64502,81,Short,1900-01-01 12:10:00,1900-01-01 13:55:00,1.75
64504,81,Short,1900-01-01 19:30:00,1900-01-01 21:10:00,1.6666666666666667
64511,238,Medium,1900-01-01 06:40:00,1900-01-01 12:30:00,5.833333333333333
64512,238,Medium,1900-01-01 14:00:00,1900-01-01 20:00:00,6.0
64513,238,Medium,1900-01-01 16:40:00,1900-01-01 22:35:00,5.916666666666667
64514,157,Short,1900-01-01 05:55:00,1900-01-01 09:30:00,3.5833333333333335
64515,157,Short,1900-01-01 06:10:00,1900-01-01 10:10:00,4.0
64516,157,Short,1900-01-01 11:30:00,1900-01-01 15:50:00,4.333333333333333
64517,157,Short,1900-01-01 11:40:00,1900-01-01 15:30:00,3.8333333333333335
64518,157,Short,1900-01-01 16:50:00,1900-01-01 21:05:00,4.25
64521,113,Short,1900-01-01 05:50:00,1900-01-01 08:15:00,2.4166666666666665
64522,113,Short,1900-01-01 16:20:00,1900-01-01 18:45:00,2.4166666666666665
64523,113,Short,1900-01-01 08:35:00,1900-01-01 11:30:00,2.9166666666666665
64524,113,Short,1900-01-01 17:50:00,1900-01-01 20:10:00,2.3333333333333335
64531,88,Short,1900-01-01 05:45:00,1900-01-01 07:55:00,2.1666666666666665
64532,108,Short,1900-01-01 06:50:00,1900-01-01 09:30:00,2.6666666666666665
64533,88,Short,1900-01-01 12:50:00,1900-01-01 15:05:00,2.25
64534,114,Short,1900-01-01 17:30:00,1900-01-01 21:00:00,3.5
64536,88,Short,1900-01-01 09:55:00,1900-01-01 12:35:00,2.6666666666666665
64541,108,Short,1900-01-01 05:45:00,1900-01-01 08:20:00,2.5833333333333335
64542,108,Short,1900-01-01 20:50:00,1900-01-01 23:10:00,2.3333333333333335
64543,108,Short,1900-01-01 17:50:00,1900-01-01 20:40:00,2.8333333333333335
64545,41,Short,1900-01-01 10:20:00,1900-01-01 11:35:00,1.25
64546,41,Short,1900-01-01 07:45:00,1900-01-01 08:55:00,1.1666666666666667
64547,41,Short,1900-01-01 17:50:00,1900-01-01 19:10:00,1.3333333333333333
64548,41,Short,1900-01-01 16:10:00,1900-01-01 17:05:00,0.9166666666666666
64551,135,Short,1900-01-01 08:25:00,1900-01-01 12:10:00,3.75
64552,135,Short,1900-01-01 13:25:00,1900-01-01 17:40:00,4.25
64553,153,Short,1900-01-01 05:35:00,1900-01-01 09:40:00,4.083333333333333
64554,153,Short,1900-01-01 17:45:00,1900-01-01 22:30:00,4.75
64555,59,Short,1900-01-01 09:55:00,1900-01-01 11:55:00,2.0
64556,59,Short,1900-01-01 14:15:00,1900-01-01 16:15:00,2.0
64557,180,Short,1900-01-01 16:45:00,1900-01-01 21:50:00,5.083333333333333
64558,180,Short,1900-01-01 04:25:00,1900-01-01 08:55:00,4.5
64559,180,Short,1900-01-01 13:20:00,1900-01-01 19:10:00,5.833333333333333
64560,180,Short,1900-01-01 04:55:00,1900-01-01 09:30:00,4.583333333333333
64561,261,Medium,1900-01-01 11:25:00,1900-01-01 19:20:00,7.916666666666667
64562,261,Medium,1900-01-01 06:00:00,1900-01-01 14:50:00,8.833333333333334
64563,215,Medium,1900-01-01 07:35:00,1900-01-01 12:40:00,5.083333333333333
64564,215,Medium,1900-01-01 13:00:00,1900-01-01 19:40:00,6.666666666666667
64565,192,Short,1900-01-01 17:55:00,1900-01-01 23:10:00,5.25
64566,192,Short,1900-01-01 04:20:00,1900-01-01 09:35:00,5.25
64567,103,Short,1900-01-01 05:45:00,1900-01-01 09:23:00,3.6333333333333333
64568,103,Short,1900-01-01 18:10:00,1900-01-01 21:50:00,3.6666666666666665
64569,87,Short,1900-01-01 12:55:00,1900-01-01 16:25:00,3.5
64570,89,Short,1900-01-01 09:30:00,1900-01-01 11:45:00,2.25
64581,161,Short,1900-01-01 05:55:00,1900-01-01 10:00:00,4.083333333333333
64582,161,Short,1900-01-01 17:45:00,1900-01-01 21:45:00,4.0
64583,203,Medium,1900-01-01 06:30:00,1900-01-01 13:00:00,6.5
64584,203,Medium,1900-01-01 12:55:00,1900-01-01 18:10:00,5.25
64585,5,Short,1900-01-01 22:00:00,1900-01-01 22:25:00,0.4166666666666667
64586,5,Short,1900-01-01 05:00:00,1900-01-01 05:25:00,0.4166666666666667
64587,225,Medium,1900-01-01 14:05:00,1900-01-01 20:25:00,6.333333333333333
64588,225,Medium,1900-01-01 06:45:00,1900-01-01 13:05:00,6.333333333333333
64589,78,Short,1900-01-01 19:10:00,1900-01-01 20:55:00,1.75
64590,78,Short,1900-01-01 06:00:00,1900-01-01 08:05:00,2.0833333333333335
64591,194,Short,1900-01-01 06:30:00,1900-01-01 11:30:00,5.0
64592,194,Short,1900-01-01 14:40:00,1900-01-01 19:45:00,5.083333333333333
64593,77,Short,1900-01-01 07:20:00,1900-01-01 09:25:00,2.0833333333333335
64594,77,Short,1900-01-01 18:15:00,1900-01-01 20:45:00,2.5
64595,152,Short,1900-01-01 16:00:00,1900-01-01 20:15:00,4.25
64596,152,Short,1900-01-01 07:25:00,1900-01-01 11:10:00,3.75
64901,118,Short,1900-01-01 08:00:00,1900-01-01 12:00:00,4.0
64902,119,Short,1900-01-01 15:00:00,1900-01-01 18:25:00,3.4166666666666665
64903,158,Short,1900-01-01 05:45:00,1900-01-01 10:20:00,4.583333333333333
64904,160,Short,1900-01-01 16:05:00,1900-01-01 20:25:00,4.333333333333333
64905,134,Short,1900-01-01 05:00:00,1900-01-01 08:20:00,3.3333333333333335
64906,77,Short,1900-01-01 16:50:00,1900-01-01 19:40:00,2.8333333333333335
64908,44,Short,1900-01-01 05:50:00,1900-01-01 07:35:00,1.75
64910,148,Short,1900-01-01 18:20:00,1900-01-01 22:10:00,3.8333333333333335
64911,71,Short,1900-01-01 09:25:00,1900-01-01 11:30:00,2.0833333333333335
64912,71,Short,1900-01-01 07:10:00,1900-01-01 09:15:00,2.0833333333333335
64913,69,Short,1900-01-01 05:00:00,1900-01-01 07:00:00,2.0
64914,69,Short,1900-01-01 13:30:00,1900-01-01 15:45:00,2.25
64915,69,Short,1900-01-01 10:10:00,1900-01-01 12:20:00,2.1666666666666665
64916,69,Short,1900-01-01 21:00:00,1900-01-01 23:10:00,2.1666666666666665
64931,69,Short,1900-01-01 18:35:00,1900-01-01 20:55:00,2.3333333333333335
64932,69,Short,1900-01-01 15:50:00,1900-01-01 18:10:00,2.3333333333333335
64951,83,Short,1900-01-01 14:10:00,1900-01-01 17:20:00,3.1666666666666665
64952,83,Short,1900-01-01 10:40:00,1900-01-01 13:45:00,3.0833333333333335
64953,180,Short,1900-01-01 16:15:00,1900-01-01 21:00:00,4.75
64955,28,Short,1900-01-01 07:45:00,1900-01-01 09:30:00,1.75
64956,28,Short,1900-01-01 13:30:00,1900-01-01 15:05:00,1.5833333333333333
64957,133,Short,1900-01-01 18:15:00,1900-01-01 21:30:00,3.25
64958,137,Short,1900-01-01 04:25:00,1900-01-01 07:15:00,2.8333333333333335
64959,94,Short,1900-01-01 07:30:00,1900-01-01 10:25:00,2.9166666666666665
66000,21,Short,1900-01-01 04:40:00,1900-01-01 05:25:00,0.75
66001,41,Short,1900-01-01 20:40:00,1900-01-01 22:00:00,1.3333333333333333
66002,21,Short,1900-01-01 06:15:00,1900-01-01 07:00:00,0.75
66003,20,Short,1900-01-01 21:05:00,1900-01-01 21:50:00,0.75
66004,21,Short,1900-01-01 06:40:00,1900-01-01 07:25:00,0.75
66005,20,Short,1900-01-01 21:50:00,1900-01-01 22:35:00,0.75
66006,21,Short,1900-01-01 18:15:00,1900-01-01 19:00:00,0.75
66007,20,Short,1900-01-01 23:00:00,1900-01-01 23:45:00,0.75
66008,68,Short,1900-01-01 10:50:00,1900-01-01 12:55:00,2.0833333333333335
66009,68,Short,1900-01-01 22:45:00,1900-01-01 00:50:00,2.0833333333333335
66010,68,Short,1900-01-01 19:55:00,1900-01-01 21:55:00,2.0
66011,68,Short,1900-01-01 15:50:00,1900-01-01 17:50:00,2.0
66012,41,Short,1900-01-01 18:30:00,1900-01-01 19:50:00,1.3333333333333333
66013,68,Short,1900-01-01 17:45:00,1900-01-01 19:20:00,1.5833333333333333
66014,77,Short,1900-01-01 16:05:00,1900-01-01 18:35:00,2.5
66015,68,Short,1900-01-01 07:20:00,1900-01-01 09:05:00,1.75
66016,70,Short,1900-01-01 06:25:00,1900-01-01 08:20:00,1.9166666666666667
66017,140,Short,1900-01-01 18:00:00,1900-01-01 21:25:00,3.4166666666666665
66018,140,Short,1900-01-01 06:00:00,1900-01-01 09:35:00,3.5833333333333335
66019,202,Medium,1900-01-01 06:05:00,1900-01-01 11:15:00,5.166666666666667
66020,204,Medium,1900-01-01 15:30:00,1900-01-01 20:45:00,5.25
66021,68,Short,1900-01-01 19:10:00,1900-01-01 20:35:00,1.4166666666666667
66022,62,Short,1900-01-01 07:20:00,1900-01-01 09:10:00,1.8333333333333333
66025,82,Short,1900-01-01 05:30:00,1900-01-01 07:45:00,2.25
66026,82,Short,1900-01-01 12:00:00,1900-01-01 14:00:00,2.0
66027,82,Short,1900-01-01 13:40:00,1900-01-01 15:50:00,2.1666666666666665
66028,82,Short,1900-01-01 19:55:00,1900-01-01 21:55:00,2.0
66029,93,Short,1900-01-01 08:00:00,1900-01-01 09:45:00,1.75
66030,93,Short,1900-01-01 10:00:00,1900-01-01 11:45:00,1.75
66031,93,Short,1900-01-01 15:45:00,1900-01-01 17:25:00,1.6666666666666667
66032,93,Short,1900-01-01 17:50:00,1900-01-01 19:50:00,2.0
66033,131,Short,1900-01-01 11:30:00,1900-01-01 14:50:00,3.3333333333333335
66034,131,Short,1900-01-01 12:30:00,1900-01-01 15:55:00,3.4166666666666665
66035,82,Short,1900-01-01 07:45:00,1900-01-01 09:55:00,2.1666666666666665
66036,82,Short,1900-01-01 18:35:00,1900-01-01 20:45:00,2.1666666666666665
66037,93,Short,1900-01-01 10:05:00,1900-01-01 12:00:00,1.9166666666666667
66038,93,Short,1900-01-01 16:00:00,1900-01-01 18:20:00,2.3333333333333335
66039,78,Short,1900-01-01 09:15:00,1900-01-01 11:15:00,2.0
66040,68,Short,1900-01-01 18:40:00,1900-01-01 20:30:00,1.8333333333333333
66041,108,Short,1900-01-01 09:50:00,1900-01-01 13:05:00,3.25
66042,108,Short,1900-01-01 13:45:00,1900-01-01 16:40:00,2.9166666666666665
66043,95,Short,1900-01-01 08:25:00,1900-01-01 11:05:00,2.6666666666666665
66044,95,Short,1900-01-01 15:30:00,1900-01-01 17:50:00,2.3333333333333335
66045,67,Short,1900-01-01 11:30:00,1900-01-01 13:05:00,1.5833333333333333
66046,67,Short,1900-01-01 13:55:00,1900-01-01 15:15:00,1.3333333333333333
66047,148,Short,1900-01-01 09:50:00,1900-01-01 13:05:00,3.25
66048,146,Short,1900-01-01 13:30:00,1900-01-01 17:05:00,3.5833333333333335
66049,78,Short,1900-01-01 20:40:00,1900-01-01 23:25:00,2.75
66050,77,Short,1900-01-01 05:10:00,1900-01-01 07:10:00,2.0
66051,20,Short,1900-01-01 14:05:00,1900-01-01 14:45:00,0.6666666666666666
66052,21,Short,1900-01-01 14:50:00,1900-01-01 15:35:00,0.75
66053,42,Short,1900-01-01 16:40:00,1900-01-01 18:10:00,1.5
66054,20,Short,1900-01-01 22:10:00,1900-01-01 22:40:00,0.5
66300,155,Short,1900-01-01 07:45:00,1900-01-01 12:00:00,4.25
66301,155,Short,1900-01-01 14:40:00,1900-01-01 18:55:00,4.25
66302,140,Short,1900-01-01 08:50:00,1900-01-01 12:20:00,3.5
66303,142,Short,1900-01-01 12:25:00,1900-01-01 15:55:00,3.5
66304,151,Short,1900-01-01 09:40:00,1900-01-01 14:20:00,4.666666666666667
66305,151,Short,1900-01-01 16:30:00,1900-01-01 21:40:00,5.166666666666667
66307,155,Short,1900-01-01 05:50:00,1900-01-01 09:50:00,4.0
66308,155,Short,1900-01-01 11:10:00,1900-01-01 15:25:00,4.25
66309,142,Short,1900-01-01 19:40:00,1900-01-01 23:20:00,3.6666666666666665
66310,140,Short,1900-01-01 20:50:00,1900-01-01 00:25:00,3.5833333333333335
66511,85,Short,1900-01-01 12:20:00,1900-01-01 15:05:00,2.75
66512,86,Short,1900-01-01 08:00:00,1900-01-01 10:30:00,2.5
66513,17,Short,1900-01-01 07:10:00,1900-01-01 07:45:00,0.5833333333333334
66514,73,Short,1900-01-01 15:15:00,1900-01-01 17:10:00,1.9166666666666667
66515,74,Short,1900-01-01 17:25:00,1900-01-01 19:15:00,1.8333333333333333
66516,16,Short,1900-01-01 19:25:00,1900-01-01 19:55:00,0.5
66517,16,Short,1900-01-01 22:40:00,1900-01-01 23:15:00,0.5833333333333334
66518,17,Short,1900-01-01 04:00:00,1900-01-01 04:35:00,0.5833333333333334
66519,86,Short,1900-01-01 04:45:00,1900-01-01 07:40:00,2.9166666666666665
66520,87,Short,1900-01-01 20:15:00,1900-01-01 22:30:00,2.25
66523,98,Short,1900-01-01 17:45:00,1900-01-01 20:25:00,2.6666666666666665
66524,98,Short,1900-01-01 06:30:00,1900-01-01 09:25:00,2.9166666666666665
66527,34,Short,1900-01-01 21:35:00,1900-01-01 22:20:00,0.75
66528,34,Short,1900-01-01 05:50:00,1900-01-01 06:35:00,0.75
66529,102,Short,1900-01-01 06:45:00,1900-01-01 09:40:00,2.9166666666666665
66530,68,Short,1900-01-01 09:50:00,1900-01-01 11:15:00,1.4166666666666667
66531,68,Short,1900-01-01 12:40:00,1900-01-01 14:20:00,1.6666666666666667
66532,85,Short,1900-01-01 14:45:00,1900-01-01 17:10:00,2.4166666666666665
66533,73,Short,1900-01-01 17:20:00,1900-01-01 19:15:00,1.9166666666666667
66534,92,Short,1900-01-01 19:30:00,1900-01-01 21:25:00,1.9166666666666667
66535,44,Short,1900-01-01 05:00:00,1900-01-01 06:05:00,1.0833333333333333
66536,44,Short,1900-01-01 07:35:00,1900-01-01 08:40:00,1.0833333333333333
66537,44,Short,1900-01-01 17:25:00,1900-01-01 18:30:00,1.0833333333333333
66538,44,Short,1900-01-01 18:40:00,1900-01-01 19:45:00,1.0833333333333333
66539,44,Short,1900-01-01 19:55:00,1900-01-01 21:00:00,1.0833333333333333
66540,44,Short,1900-01-01 22:35:00,1900-01-01 23:50:00,1.25
66541,21,Short,1900-01-01 10:30:00,1900-01-01 11:10:00,0.6666666666666666
66542,21,Short,1900-01-01 08:45:00,1900-01-01 09:40:00,0.9166666666666666
66543,102,Short,1900-01-01 14:45:00,1900-01-01 17:15:00,2.5
66544,102,Short,1900-01-01 11:45:00,1900-01-01 14:05:00,2.3333333333333335
66600,100,Short,1900-01-01 18:25:00,1900-01-01 20:50:00,2.4166666666666665
66601,100,Short,1900-01-01 06:55:00,1900-01-01 09:40:00,2.75
66602,159,Short,1900-01-01 09:05:00,1900-01-01 13:00:00,3.9166666666666665
66603,159,Short,1900-01-01 13:40:00,1900-01-01 17:50:00,4.166666666666667
66604,98,Short,1900-01-01 14:55:00,1900-01-01 17:40:00,2.75
66605,98,Short,1900-01-01 09:45:00,1900-01-01 12:30:00,2.75
66606,58,Short,1900-01-01 07:15:00,1900-01-01 08:50:00,1.5833333333333333
66607,58,Short,1900-01-01 18:10:00,1900-01-01 19:55:00,1.75
66608,158,Short,1900-01-01 14:30:00,1900-01-01 19:05:00,4.583333333333333
66609,159,Short,1900-01-01 07:45:00,1900-01-01 12:25:00,4.666666666666667
66611,149,Short,1900-01-01 08:20:00,1900-01-01 12:25:00,4.083333333333333
66612,150,Short,1900-01-01 15:10:00,1900-01-01 19:25:00,4.25
67247,121,Short,1900-01-01 13:15:00,1900-01-01 16:40:00,3.4166666666666665
67248,103,Short,1900-01-01 20:45:00,1900-01-01 23:20:00,2.5833333333333335
67249,113,Short,1900-01-01 06:15:00,1900-01-01 09:10:00,2.9166666666666665
67250,113,Short,1900-01-01 18:00:00,1900-01-01 21:00:00,3.0
67251,31,Short,1900-01-01 05:00:00,1900-01-01 05:50:00,0.8333333333333334
67253,31,Short,1900-01-01 06:10:00,1900-01-01 07:05:00,0.9166666666666666
67254,32,Short,1900-01-01 08:20:00,1900-01-01 09:20:00,1.0
67255,25,Short,1900-01-01 09:30:00,1900-01-01 10:15:00,0.75
67256,106,Short,1900-01-01 11:25:00,1900-01-01 14:00:00,2.5833333333333335
67257,106,Short,1900-01-01 12:35:00,1900-01-01 15:55:00,3.3333333333333335
67258,25,Short,1900-01-01 16:50:00,1900-01-01 18:00:00,1.1666666666666667
67259,32,Short,1900-01-01 18:30:00,1900-01-01 19:35:00,1.0833333333333333
67260,138,Short,1900-01-01 14:35:00,1900-01-01 18:00:00,3.4166666666666665
67261,149,Short,1900-01-01 18:20:00,1900-01-01 22:20:00,4.0
67262,149,Short,1900-01-01 03:45:00,1900-01-01 07:35:00,3.8333333333333335
67263,138,Short,1900-01-01 08:00:00,1900-01-01 11:40:00,3.6666666666666665
67264,163,Short,1900-01-01 09:40:00,1900-01-01 13:45:00,4.083333333333333
67265,163,Short,1900-01-01 05:15:00,1900-01-01 09:10:00,3.9166666666666665
67266,143,Short,1900-01-01 18:40:00,1900-01-01 22:00:00,3.3333333333333335
67267,163,Short,1900-01-01 14:00:00,1900-01-01 18:05:00,4.083333333333333
67269,104,Short,1900-01-01 06:40:00,1900-01-01 08:40:00,2.0
67270,104,Short,1900-01-01 21:10:00,1900-01-01 23:30:00,2.3333333333333335
67271,121,Short,1900-01-01 09:00:00,1900-01-01 12:10:00,3.1666666666666665
67272,122,Short,1900-01-01 18:15:00,1900-01-01 20:55:00,2.6666666666666665
67273,32,Short,1900-01-01 12:30:00,1900-01-01 13:30:00,1.0
67274,32,Short,1900-01-01 14:10:00,1900-01-01 15:10:00,1.0
67275,59,Short,1900-01-01 06:15:00,1900-01-01 08:00:00,1.75
67276,59,Short,1900-01-01 09:00:00,1900-01-01 10:55:00,1.9166666666666667
67277,96,Short,1900-01-01 14:10:00,1900-01-01 16:55:00,2.75
67278,96,Short,1900-01-01 17:10:00,1900-01-01 20:10:00,3.0
67279,154,Short,1900-01-01 15:05:00,1900-01-01 18:15:00,3.1666666666666665
67280,154,Short,1900-01-01 09:45:00,1900-01-01 13:10:00,3.4166666666666665
67282,142,Short,1900-01-01 13:00:00,1900-01-01 15:35:00,2.5833333333333335
67291,60,Short,1900-01-01 06:15:00,1900-01-01 07:30:00,1.25
67292,60,Short,1900-01-01 18:05:00,1900-01-01 19:25:00,1.3333333333333333
67293,60,Short,1900-01-01 16:05:00,1900-01-01 17:40:00,1.5833333333333333
67294,130,Short,1900-01-01 08:05:00,1900-01-01 10:35:00,2.5
67295,79,Short,1900-01-01 11:15:00,1900-01-01 13:00:00,1.75
67296,97,Short,1900-01-01 18:20:00,1900-01-01 20:17:00,1.95
67297,138,Short,1900-01-01 18:35:00,1900-01-01 22:20:00,3.75
67298,138,Short,1900-01-01 05:10:00,1900-01-01 09:10:00,4.0
67299,149,Short,1900-01-01 17:15:00,1900-01-01 22:05:00,4.833333333333333
67300,149,Short,1900-01-01 04:30:00,1900-01-01 08:55:00,4.416666666666667
68001,148,Short,1900-01-01 06:45:00,1900-01-01 09:35:00,2.8333333333333335
68003,215,Medium,1900-01-01 10:00:00,1900-01-01 13:50:00,3.8333333333333335
68004,214,Medium,1900-01-01 14:05:00,1900-01-01 18:22:00,4.283333333333333
68005,137,Short,1900-01-01 15:20:00,1900-01-01 18:35:00,3.25
68006,137,Short,1900-01-01 08:50:00,1900-01-01 11:50:00,3.0
68007,188,Short,1900-01-01 17:00:00,1900-01-01 21:45:00,4.75
68008,147,Short,1900-01-01 09:50:00,1900-01-01 12:27:00,2.6166666666666667
68009,62,Short,1900-01-01 18:45:00,1900-01-01 20:00:00,1.25
68010,62,Short,1900-01-01 06:00:00,1900-01-01 07:40:00,1.6666666666666667
68011,137,Short,1900-01-01 18:20:00,1900-01-01 21:00:00,2.6666666666666665
68012,137,Short,1900-01-01 03:15:00,1900-01-01 05:50:00,2.5833333333333335
68013,137,Short,1900-01-01 05:40:00,1900-01-01 08:20:00,2.6666666666666665
68014,137,Short,1900-01-01 14:00:00,1900-01-01 17:10:00,3.1666666666666665
68015,137,Short,1900-01-01 21:05:00,1900-01-01 23:35:00,2.5
68016,137,Short,1900-01-01 04:20:00,1900-01-01 07:00:00,2.6666666666666665
68017,238,Medium,1900-01-01 14:50:00,1900-01-01 22:25:00,7.583333333333333
68018,238,Medium,1900-01-01 05:20:00,1900-01-01 13:00:00,7.666666666666667
68019,284,Medium,1900-01-01 06:05:00,1900-01-01 13:10:00,7.083333333333333
68020,284,Medium,1900-01-01 15:20:00,1900-01-01 21:25:00,6.083333333333333
68021,120,Short,1900-01-01 09:25:00,1900-01-01 12:05:00,2.6666666666666665
68022,120,Short,1900-01-01 12:30:00,1900-01-01 15:10:00,2.6666666666666665
68023,188,Short,1900-01-01 04:40:00,1900-01-01 09:20:00,4.666666666666667
68024,189,Short,1900-01-01 09:50:00,1900-01-01 13:55:00,4.083333333333333
68047,40,Short,1900-01-01 21:30:00,1900-01-01 22:20:00,0.8333333333333334
68048,40,Short,1900-01-01 06:10:00,1900-01-01 07:05:00,0.9166666666666666
68053,71,Short,1900-01-01 15:05:00,1900-01-01 16:35:00,1.5
68054,70,Short,1900-01-01 16:45:00,1900-01-01 18:10:00,1.4166666666666667
68055,171,Short,1900-01-01 08:25:00,1900-01-01 13:30:00,5.083333333333333
68056,170,Short,1900-01-01 08:45:00,1900-01-01 13:20:00,4.583333333333333
68057,39,Short,1900-01-01 05:45:00,1900-01-01 06:35:00,0.8333333333333334
68058,39,Short,1900-01-01 07:15:00,1900-01-01 08:10:00,0.9166666666666666
68059,112,Short,1900-01-01 18:45:00,1900-01-01 21:40:00,2.9166666666666665
68060,112,Short,1900-01-01 15:05:00,1900-01-01 18:25:00,3.3333333333333335
68063,41,Short,1900-01-01 05:05:00,1900-01-01 06:10:00,1.0833333333333333
68069,41,Short,1900-01-01 18:40:00,1900-01-01 19:45:00,1.0833333333333333
68070,41,Short,1900-01-01 22:35:00,1900-01-01 23:35:00,1.0
68071,70,Short,1900-01-01 07:15:00,1900-01-01 09:35:00,2.3333333333333335
68072,40,Short,1900-01-01 18:10:00,1900-01-01 19:15:00,1.0833333333333333
68073,11,Short,1900-01-01 16:30:00,1900-01-01 16:55:00,0.4166666666666667
68074,40,Short,1900-01-01 09:45:00,1900-01-01 11:15:00,1.5
68075,29,Short,1900-01-01 22:30:00,1900-01-01 23:05:00,0.5833333333333334
68076,29,Short,1900-01-01 03:40:00,1900-01-01 04:20:00,0.6666666666666666
68077,40,Short,1900-01-01 13:35:00,1900-01-01 14:50:00,1.25
68078,40,Short,1900-01-01 15:00:00,1900-01-01 16:05:00,1.0833333333333333
68079,37,Short,1900-01-01 11:35:00,1900-01-01 13:05:00,1.5
68080,37,Short,1900-01-01 14:35:00,1900-01-01 16:20:00,1.75
68081,53,Short,1900-01-01 04:00:00,1900-01-01 04:55:00,0.9166666666666666
68082,84,Short,1900-01-01 21:15:00,1900-01-01 22:50:00,1.5833333333333333
68088,121,Short,1900-01-01 14:00:00,1900-01-01 17:50:00,3.8333333333333335
68089,155,Short,1900-01-01 11:40:00,1900-01-01 14:20:00,2.6666666666666665
68090,155,Short,1900-01-01 08:20:00,1900-01-01 11:20:00,3.0
68091,51,Short,1900-01-01 16:37:00,1900-01-01 18:00:00,1.3833333333333333
68092,51,Short,1900-01-01 06:55:00,1900-01-01 08:15:00,1.3333333333333333
68093,51,Short,1900-01-01 03:00:00,1900-01-01 04:30:00,1.5
68094,51,Short,1900-01-01 14:10:00,1900-01-01 15:45:00,1.5833333333333333
68097,108,Short,1900-01-01 20:15:00,1900-01-01 22:05:00,1.8333333333333333
68098,108,Short,1900-01-01 17:35:00,1900-01-01 19:30:00,1.9166666666666667
68643,8,Short,1900-01-01 06:05:00,1900-01-01 06:20:00,0.25
68644,8,Short,1900-01-01 06:30:00,1900-01-01 06:45:00,0.25
68645,8,Short,1900-01-01 17:05:00,1900-01-01 17:17:00,0.2
68646,8,Short,1900-01-01 17:35:00,1900-01-01 17:50:00,0.25
68685,130,Short,1900-01-01 07:48:00,1900-01-01 10:55:00,3.1166666666666667
68686,117,Short,1900-01-01 05:40:00,1900-01-01 08:05:00,2.4166666666666665
68688,117,Short,1900-01-01 06:45:00,1900-01-01 09:20:00,2.5833333333333335
68689,117,Short,1900-01-01 19:32:00,1900-01-01 22:05:00,2.55
68690,130,Short,1900-01-01 11:15:00,1900-01-01 14:08:00,2.8833333333333333
68701,48,Short,1900-01-01 04:50:00,1900-01-01 05:45:00,0.9166666666666666
68702,41,Short,1900-01-01 06:25:00,1900-01-01 07:20:00,0.9166666666666666
68703,48,Short,1900-01-01 07:35:00,1900-01-01 08:30:00,0.9166666666666666
68704,41,Short,1900-01-01 09:20:00,1900-01-01 10:20:00,1.0
68705,109,Short,1900-01-01 08:30:00,1900-01-01 10:40:00,2.1666666666666665
68706,214,Medium,1900-01-01 11:40:00,1900-01-01 18:15:00,6.583333333333333
68707,48,Short,1900-01-01 12:35:00,1900-01-01 13:35:00,1.0
68708,34,Short,1900-01-01 17:00:00,1900-01-01 18:00:00,1.0
68709,109,Short,1900-01-01 17:20:00,1900-01-01 19:35:00,2.25
68710,102,Short,1900-01-01 05:40:00,1900-01-01 07:55:00,2.25
68711,73,Short,1900-01-01 05:05:00,1900-01-01 06:35:00,1.5
68712,73,Short,1900-01-01 22:15:00,1900-01-01 23:40:00,1.4166666666666667
68713,127,Short,1900-01-01 06:45:00,1900-01-01 09:25:00,2.6666666666666665
68714,126,Short,1900-01-01 10:35:00,1900-01-01 13:50:00,3.25
68715,127,Short,1900-01-01 15:10:00,1900-01-01 17:40:00,2.5
68716,126,Short,1900-01-01 18:30:00,1900-01-01 21:15:00,2.75
68717,48,Short,1900-01-01 18:25:00,1900-01-01 19:20:00,0.9166666666666666
68718,41,Short,1900-01-01 19:50:00,1900-01-01 20:40:00,0.8333333333333334
68719,112,Short,1900-01-01 16:45:00,1900-01-01 19:05:00,2.3333333333333335
68721,109,Short,1900-01-01 19:10:00,1900-01-01 21:30:00,2.3333333333333335
68723,73,Short,1900-01-01 21:40:00,1900-01-01 23:25:00,1.75
68724,175,Short,1900-01-01 07:00:00,1900-01-01 11:20:00,4.333333333333333
68725,48,Short,1900-01-01 20:50:00,1900-01-01 21:50:00,1.0
68726,41,Short,1900-01-01 22:05:00,1900-01-01 23:10:00,1.0833333333333333
68727,112,Short,1900-01-01 19:05:00,1900-01-01 21:30:00,2.4166666666666665
68728,111,Short,1900-01-01 07:15:00,1900-01-01 09:25:00,2.1666666666666665
68729,109,Short,1900-01-01 21:50:00,1900-01-01 23:55:00,2.0833333333333335
68730,102,Short,1900-01-01 04:00:00,1900-01-01 06:30:00,2.5
68731,97,Short,1900-01-01 21:00:00,1900-01-01 23:15:00,2.25
68732,97,Short,1900-01-01 18:30:00,1900-01-01 20:45:00,2.25
68733,97,Short,1900-01-01 13:20:00,1900-01-01 15:40:00,2.3333333333333335
68734,97,Short,1900-01-01 10:20:00,1900-01-01 12:35:00,2.25
68735,135,Short,1900-01-01 07:30:00,1900-01-01 10:00:00,2.5
68736,135,Short,1900-01-01 20:50:00,1900-01-01 23:20:00,2.5
68737,135,Short,1900-01-01 15:25:00,1900-01-01 18:20:00,2.9166666666666665
68738,133,Short,1900-01-01 10:40:00,1900-01-01 13:05:00,2.4166666666666665
68739,100,Short,1900-01-01 11:15:00,1900-01-01 13:55:00,2.6666666666666665
68740,100,Short,1900-01-01 07:30:00,1900-01-01 10:25:00,2.9166666666666665
68741,133,Short,1900-01-01 06:45:00,1900-01-01 09:35:00,2.8333333333333335
68742,133,Short,1900-01-01 17:40:00,1900-01-01 20:40:00,3.0
68743,127,Short,1900-01-01 09:40:00,1900-01-01 12:30:00,2.8333333333333335
68744,126,Short,1900-01-01 14:25:00,1900-01-01 17:20:00,2.9166666666666665
68745,209,Medium,1900-01-01 05:50:00,1900-01-01 11:05:00,5.25
68746,209,Medium,1900-01-01 13:10:00,1900-01-01 18:00:00,4.833333333333333
68747,320,Medium,1900-01-01 06:00:00,1900-01-01 14:20:00,8.333333333333334
68748,318,Medium,1900-01-01 14:50:00,1900-01-01 22:45:00,7.916666666666667
68749,215,Medium,1900-01-01 09:30:00,1900-01-01 15:10:00,5.666666666666667
68750,215,Medium,1900-01-01 16:15:00,1900-01-01 22:00:00,5.75
69101,99,Short,1900-01-01 05:55:00,1900-01-01 08:50:00,2.9166666666666665
69102,99,Short,1900-01-01 16:50:00,1900-01-01 20:05:00,3.25
69104,35,Short,1900-01-01 04:00:00,1900-01-01 05:30:00,1.5
69105,63,Short,1900-01-01 03:05:00,1900-01-01 05:10:00,2.0833333333333335
69106,63,Short,1900-01-01 00:45:00,1900-01-01 02:20:00,1.5833333333333333
69107,99,Short,1900-01-01 20:20:00,1900-01-01 23:30:00,3.1666666666666665
69108,99,Short,1900-01-01 08:10:00,1900-01-01 10:55:00,2.75
69109,128,Short,1900-01-01 16:10:00,1900-01-01 19:40:00,3.5
69110,128,Short,1900-01-01 11:30:00,1900-01-01 14:40:00,3.1666666666666665
69111,128,Short,1900-01-01 17:45:00,1900-01-01 20:55:00,3.1666666666666665
69112,128,Short,1900-01-01 05:45:00,1900-01-01 09:05:00,3.3333333333333335
69113,99,Short,1900-01-01 19:50:00,1900-01-01 22:50:00,3.0
69114,99,Short,1900-01-01 05:20:00,1900-01-01 08:20:00,3.0
69115,99,Short,1900-01-01 08:45:00,1900-01-01 11:35:00,2.8333333333333335
69116,63,Short,1900-01-01 02:25:00,1900-01-01 03:45:00,1.3333333333333333
69117,146,Short,1900-01-01 11:10:00,1900-01-01 14:55:00,3.75
69118,147,Short,1900-01-01 16:20:00,1900-01-01 19:30:00,3.1666666666666665
69119,146,Short,1900-01-01 18:20:00,1900-01-01 22:10:00,3.8333333333333335
69120,147,Short,1900-01-01 06:15:00,1900-01-01 09:40:00,3.4166666666666665
69121,72,Short,1900-01-01 20:00:00,1900-01-01 21:55:00,1.9166666666666667
69122,72,Short,1900-01-01 05:55:00,1900-01-01 07:50:00,1.9166666666666667
69123,78,Short,1900-01-01 10:00:00,1900-01-01 12:10:00,2.1666666666666665
69124,78,Short,1900-01-01 04:15:00,1900-01-01 06:30:00,2.25
69125,78,Short,1900-01-01 19:10:00,1900-01-01 21:20:00,2.1666666666666665
69126,78,Short,1900-01-01 13:00:00,1900-01-01 15:20:00,2.3333333333333335
69127,63,Short,1900-01-01 17:00:00,1900-01-01 18:45:00,1.75
69128,63,Short,1900-01-01 13:40:00,1900-01-01 15:20:00,1.6666666666666667
69129,63,Short,1900-01-01 05:40:00,1900-01-01 07:35:00,1.9166666666666667
69130,63,Short,1900-01-01 19:10:00,1900-01-01 20:50:00,1.6666666666666667
69131,31,Short,1900-01-01 12:10:00,1900-01-01 13:15:00,1.0833333333333333
69132,31,Short,1900-01-01 15:00:00,1900-01-01 16:05:00,1.0833333333333333
69133,29,Short,1900-01-01 07:30:00,1900-01-01 08:20:00,0.8333333333333334
69134,29,Short,1900-01-01 08:35:00,1900-01-01 09:25:00,0.8333333333333334
69135,29,Short,1900-01-01 16:40:00,1900-01-01 17:30:00,0.8333333333333334
69136,29,Short,1900-01-01 17:45:00,1900-01-01 18:35:00,0.8333333333333334
69137,35,Short,1900-01-01 22:55:00,1900-01-01 00:10:00,1.25
69138,35,Short,1900-01-01 21:15:00,1900-01-01 22:25:00,1.1666666666666667
69139,232,Medium,1900-01-01 06:50:00,1900-01-01 13:00:00,6.166666666666667
69140,206,Medium,1900-01-01 18:20:00,1900-01-01 23:10:00,4.833333333333333
69141,117,Short,1900-01-01 06:45:00,1900-01-01 09:45:00,3.0
69142,117,Short,1900-01-01 17:25:00,1900-01-01 20:25:00,3.0
69143,89,Short,1900-01-01 04:40:00,1900-01-01 06:30:00,1.8333333333333333
69144,89,Short,1900-01-01 20:40:00,1900-01-01 22:30:00,1.8333333333333333
69145,78,Short,1900-01-01 05:00:00,1900-01-01 07:10:00,2.1666666666666665
69146,78,Short,1900-01-01 08:30:00,1900-01-01 10:45:00,2.25
69147,78,Short,1900-01-01 14:20:00,1900-01-01 16:40:00,2.3333333333333335
69149,265,Medium,1900-01-01 04:00:00,1900-01-01 11:10:00,7.166666666666667
69150,265,Medium,1900-01-01 14:05:00,1900-01-01 21:30:00,7.416666666666667
69151,68,Short,1900-01-01 15:25:00,1900-01-01 17:15:00,1.8333333333333333
69152,68,Short,1900-01-01 09:20:00,1900-01-01 11:25:00,2.0833333333333335
69153,54,Short,1900-01-01 13:50:00,1900-01-01 15:15:00,1.4166666666666667
69154,54,Short,1900-01-01 11:40:00,1900-01-01 12:55:00,1.25
69161,137,Short,1900-01-01 18:50:00,1900-01-01 22:25:00,3.5833333333333335
69164,137,Short,1900-01-01 05:30:00,1900-01-01 08:55:00,3.4166666666666665
69165,65,Short,1900-01-01 09:20:00,1900-01-01 11:05:00,1.75
69166,65,Short,1900-01-01 16:45:00,1900-01-01 18:25:00,1.6666666666666667
69167,65,Short,1900-01-01 14:35:00,1900-01-01 16:10:00,1.5833333333333333
69168,65,Short,1900-01-01 12:10:00,1900-01-01 13:45:00,1.5833333333333333
69169,160,Short,1900-01-01 18:30:00,1900-01-01 22:55:00,4.416666666666667
69171,58,Short,1900-01-01 18:30:00,1900-01-01 20:05:00,1.5833333333333333
69172,58,Short,1900-01-01 06:35:00,1900-01-01 08:25:00,1.8333333333333333
69173,63,Short,1900-01-01 22:55:00,1900-01-01 00:11:00,1.2666666666666666
69174,89,Short,1900-01-01 04:55:00,1900-01-01 06:35:00,1.6666666666666667
69181,114,Short,1900-01-01 16:35:00,1900-01-01 18:45:00,2.1666666666666665
69182,114,Short,1900-01-01 08:25:00,1900-01-01 10:50:00,2.4166666666666665
69183,44,Short,1900-01-01 18:55:00,1900-01-01 19:50:00,0.9166666666666666
69184,44,Short,1900-01-01 07:10:00,1900-01-01 08:10:00,1.0
69185,54,Short,1900-01-01 20:05:00,1900-01-01 21:30:00,1.4166666666666667
69186,54,Short,1900-01-01 05:30:00,1900-01-01 06:55:00,1.4166666666666667
69187,114,Short,1900-01-01 22:20:00,1900-01-01 01:25:00,3.0833333333333335
69188,114,Short,1900-01-01 01:35:00,1900-01-01 04:25:00,2.8333333333333335
69189,152,Short,1900-01-01 11:30:00,1900-01-01 15:35:00,4.083333333333333
69190,153,Short,1900-01-01 13:00:00,1900-01-01 17:25:00,4.416666666666667
69191,95,Short,1900-01-01 18:10:00,1900-01-01 21:25:00,3.25
69192,95,Short,1900-01-01 07:30:00,1900-01-01 10:25:00,2.9166666666666665
69195,61,Short,1900-01-01 06:35:00,1900-01-01 08:10:00,1.5833333333333333
69196,61,Short,1900-01-01 18:00:00,1900-01-01 19:35:00,1.5833333333333333
70101,115,Short,1900-01-01 17:35:00,1900-01-01 20:25:00,2.8333333333333335
70102,119,Short,1900-01-01 06:00:00,1900-01-01 08:15:00,2.25
70103,115,Short,1900-01-01 09:30:00,1900-01-01 12:50:00,3.3333333333333335
70104,119,Short,1900-01-01 14:25:00,1900-01-01 17:10:00,2.75
70105,324,Medium,1900-01-01 05:00:00,1900-01-01 12:05:00,7.083333333333333
70106,326,Medium,1900-01-01 15:00:00,1900-01-01 22:00:00,7.0
71081,41,Short,1900-01-01 12:50:00,1900-01-01 13:50:00,1.0
71082,86,Short,1900-01-01 05:44:00,1900-01-01 08:10:00,2.433333333333333
71083,41,Short,1900-01-01 15:35:00,1900-01-01 16:35:00,1.0
71084,41,Short,1900-01-01 14:33:00,1900-01-01 15:25:00,0.8666666666666667
71085,41,Short,1900-01-01 19:15:00,1900-01-01 20:07:00,0.8666666666666667
71086,41,Short,1900-01-01 17:55:00,1900-01-01 18:55:00,1.0
71088,51,Short,1900-01-01 08:35:00,1900-01-01 09:45:00,1.1666666666666667
71089,105,Short,1900-01-01 09:10:00,1900-01-01 12:15:00,3.0833333333333335
71092,105,Short,1900-01-01 05:15:00,1900-01-01 07:55:00,2.6666666666666665
71093,41,Short,1900-01-01 09:50:00,1900-01-01 10:50:00,1.0
71094,41,Short,1900-01-01 11:30:00,1900-01-01 12:30:00,1.0
71095,105,Short,1900-01-01 20:00:00,1900-01-01 22:35:00,2.5833333333333335
71096,105,Short,1900-01-01 15:40:00,1900-01-01 18:45:00,3.0833333333333335
71401,43,Short,1900-01-01 05:25:00,1900-01-01 06:45:00,1.3333333333333333
71402,121,Short,1900-01-01 07:05:00,1900-01-01 10:15:00,3.1666666666666665
71403,77,Short,1900-01-01 09:40:00,1900-01-01 11:30:00,1.8333333333333333
71404,121,Short,1900-01-01 16:20:00,1900-01-01 19:40:00,3.3333333333333335
71405,43,Short,1900-01-01 14:35:00,1900-01-01 15:55:00,1.3333333333333333
71407,77,Short,1900-01-01 10:32:00,1900-01-01 12:35:00,2.05
71408,77,Short,1900-01-01 12:45:00,1900-01-01 14:23:00,1.6333333333333333
71409,77,Short,1900-01-01 14:40:00,1900-01-01 16:58:00,2.3
71410,77,Short,1900-01-01 17:10:00,1900-01-01 18:50:00,1.6666666666666667
71411,77,Short,1900-01-01 20:05:00,1900-01-01 21:53:00,1.8
71413,265,Medium,1900-01-01 22:50:00,1900-01-01 08:05:00,9.25
71414,265,Medium,1900-01-01 11:40:00,1900-01-01 20:15:00,8.583333333333334
71415,265,Medium,1900-01-01 08:15:00,1900-01-01 15:50:00,7.583333333333333
71416,265,Medium,1900-01-01 23:00:00,1900-01-01 06:35:00,7.583333333333333
71901,51,Short,1900-01-01 05:50:00,1900-01-01 06:55:00,1.0833333333333333
71902,51,Short,1900-01-01 07:30:00,1900-01-01 08:45:00,1.25
71903,148,Short,1900-01-01 09:25:00,1900-01-01 13:05:00,3.6666666666666665
71904,148,Short,1900-01-01 13:50:00,1900-01-01 17:05:00,3.25
71905,51,Short,1900-01-01 20:05:00,1900-01-01 21:45:00,1.6666666666666667
71906,51,Short,1900-01-01 22:15:00,1900-01-01 23:35:00,1.3333333333333333
71907,148,Short,1900-01-01 17:10:00,1900-01-01 21:00:00,3.8333333333333335
71908,148,Short,1900-01-01 06:05:00,1900-01-01 09:20:00,3.25
71909,136,Short,1900-01-01 17:10:00,1900-01-01 20:35:00,3.4166666666666665
71910,136,Short,1900-01-01 06:10:00,1900-01-01 09:55:00,3.75
72171,18,Short,1900-01-01 06:35:00,1900-01-01 07:10:00,0.5833333333333334
72172,18,Short,1900-01-01 07:25:00,1900-01-01 08:00:00,0.5833333333333334
72173,18,Short,1900-01-01 08:55:00,1900-01-01 09:30:00,0.5833333333333334
72174,18,Short,1900-01-01 09:40:00,1900-01-01 10:15:00,0.5833333333333334
72175,18,Short,1900-01-01 15:20:00,1900-01-01 15:55:00,0.5833333333333334
72176,18,Short,1900-01-01 16:10:00,1900-01-01 16:45:00,0.5833333333333334
72177,18,Short,1900-01-01 16:55:00,1900-01-01 17:30:00,0.5833333333333334
72178,18,Short,1900-01-01 17:40:00,1900-01-01 18:15:00,0.5833333333333334
72179,18,Short,1900-01-01 19:25:00,1900-01-01 20:00:00,0.5833333333333334
72180,18,Short,1900-01-01 20:30:00,1900-01-01 21:05:00,0.5833333333333334
72203,34,Short,1900-01-01 06:15:00,1900-01-01 07:40:00,1.4166666666666667
72204,35,Short,1900-01-01 07:50:00,1900-01-01 09:15:00,1.4166666666666667
72205,34,Short,1900-01-01 10:10:00,1900-01-01 11:40:00,1.5
72206,35,Short,1900-01-01 11:50:00,1900-01-01 13:20:00,1.5
72207,34,Short,1900-01-01 14:30:00,1900-01-01 16:00:00,1.5
72208,35,Short,1900-01-01 16:15:00,1900-01-01 17:40:00,1.4166666666666667
72209,34,Short,1900-01-01 18:45:00,1900-01-01 20:05:00,1.3333333333333333
72210,35,Short,1900-01-01 20:15:00,1900-01-01 21:35:00,1.3333333333333333
72451,95,Short,1900-01-01 05:00:00,1900-01-01 09:20:00,4.333333333333333
72452,95,Short,1900-01-01 16:55:00,1900-01-01 21:25:00,4.5
73011,111,Short,1900-01-01 16:15:00,1900-01-01 18:45:00,2.5
73012,111,Short,1900-01-01 07:25:00,1900-01-01 09:55:00,2.5
73021,59,Short,1900-01-01 05:25:00,1900-01-01 07:15:00,1.8333333333333333
73022,59,Short,1900-01-01 19:30:00,1900-01-01 21:10:00,1.6666666666666667
73031,65,Short,1900-01-01 14:45:00,1900-01-01 16:35:00,1.8333333333333333
73032,65,Short,1900-01-01 10:40:00,1900-01-01 12:40:00,2.0
73033,44,Short,1900-01-01 22:30:00,1900-01-01 23:45:00,1.25
73034,44,Short,1900-01-01 05:24:00,1900-01-01 06:50:00,1.4333333333333333
73035,127,Short,1900-01-01 13:00:00,1900-01-01 16:40:00,3.6666666666666665
73036,127,Short,1900-01-01 04:30:00,1900-01-01 08:04:00,3.566666666666667
73037,54,Short,1900-01-01 03:00:00,1900-01-01 04:10:00,1.1666666666666667
73038,54,Short,1900-01-01 18:15:00,1900-01-01 19:45:00,1.5
73151,261,Medium,1900-01-01 05:35:00,1900-01-01 12:35:00,7.0
73152,261,Medium,1900-01-01 13:30:00,1900-01-01 20:20:00,6.833333333333333
73211,10,Short,1900-01-01 21:50:00,1900-01-01 22:55:00,1.0833333333333333
73212,10,Short,1900-01-01 04:55:00,1900-01-01 05:50:00,0.9166666666666666
73213,19,Short,1900-01-01 06:35:00,1900-01-01 08:30:00,1.9166666666666667
73214,19,Short,1900-01-01 19:20:00,1900-01-01 21:45:00,2.4166666666666665
73215,6,Short,1900-01-01 11:30:00,1900-01-01 12:20:00,0.8333333333333334
73216,6,Short,1900-01-01 15:00:00,1900-01-01 15:45:00,0.75
73261,64,Short,1900-01-01 06:30:00,1900-01-01 09:30:00,3.0
73262,64,Short,1900-01-01 12:10:00,1900-01-01 15:40:00,3.5
73263,64,Short,1900-01-01 16:45:00,1900-01-01 19:20:00,2.5833333333333335
73264,64,Short,1900-01-01 19:40:00,1900-01-01 23:05:00,3.4166666666666665
73421,45,Short,1900-01-01 07:30:00,1900-01-01 08:52:00,1.3666666666666667
73422,44,Short,1900-01-01 09:15:00,1900-01-01 10:30:00,1.25
73425,45,Short,1900-01-01 20:00:00,1900-01-01 21:25:00,1.4166666666666667
73426,45,Short,1900-01-01 22:05:00,1900-01-01 23:15:00,1.1666666666666667
73427,45,Short,1900-01-01 03:10:00,1900-01-01 04:40:00,1.5
73428,45,Short,1900-01-01 05:30:00,1900-01-01 06:48:00,1.3
73429,47,Short,1900-01-01 12:25:00,1900-01-01 13:50:00,1.4166666666666667
73430,47,Short,1900-01-01 10:38:00,1900-01-01 12:05:00,1.45
73451,56,Short,1900-01-01 07:05:00,1900-01-01 08:50:00,1.75
73452,56,Short,1900-01-01 05:00:00,1900-01-01 06:45:00,1.75
73453,56,Short,1900-01-01 15:12:00,1900-01-01 16:45:00,1.55
73454,56,Short,1900-01-01 13:00:00,1900-01-01 14:45:00,1.75
73461,28,Short,1900-01-01 10:35:00,1900-01-01 11:35:00,1.0
73462,28,Short,1900-01-01 09:15:00,1900-01-01 10:15:00,1.0
73463,28,Short,1900-01-01 18:30:00,1900-01-01 19:30:00,1.0
73464,28,Short,1900-01-01 17:10:00,1900-01-01 18:10:00,1.0
73538,132,Short,1900-01-01 14:25:00,1900-01-01 18:10:00,3.75
73539,132,Short,1900-01-01 06:35:00,1900-01-01 10:15:00,3.6666666666666665
73581,61,Short,1900-01-01 10:25:00,1900-01-01 12:15:00,1.8333333333333333
73582,61,Short,1900-01-01 12:25:00,1900-01-01 14:15:00,1.8333333333333333
73901,39,Short,1900-01-01 03:40:00,1900-01-01 04:50:00,1.1666666666666667
73902,39,Short,1900-01-01 05:10:00,1900-01-01 06:30:00,1.3333333333333333
73903,39,Short,1900-01-01 16:20:00,1900-01-01 17:25:00,1.0833333333333333
73904,39,Short,1900-01-01 18:10:00,1900-01-01 19:25:00,1.25
73905,39,Short,1900-01-01 12:15:00,1900-01-01 13:10:00,0.9166666666666666
73911,28,Short,1900-01-01 05:15:00,1900-01-01 06:25:00,1.1666666666666667
73912,28,Short,1900-01-01 03:44:00,1900-01-01 04:58:00,1.2333333333333334
73913,28,Short,1900-01-01 18:05:00,1900-01-01 19:25:00,1.3333333333333333
73914,28,Short,1900-01-01 16:20:00,1900-01-01 17:30:00,1.1666666666666667
73916,28,Short,1900-01-01 12:33:00,1900-01-01 13:45:00,1.2
74001,82,Short,1900-01-01 20:05:00,1900-01-01 22:35:00,2.5
74002,82,Short,1900-01-01 17:00:00,1900-01-01 19:35:00,2.5833333333333335
74003,82,Short,1900-01-01 13:50:00,1900-01-01 16:30:00,2.6666666666666665
74004,82,Short,1900-01-01 05:30:00,1900-01-01 08:15:00,2.75
74011,69,Short,1900-01-01 20:20:00,1900-01-01 22:35:00,2.25
74012,69,Short,1900-01-01 04:15:00,1900-01-01 06:50:00,2.5833333333333335
74013,246,Medium,1900-01-01 16:35:00,1900-01-01 23:20:00,6.75
74014,247,Medium,1900-01-01 04:30:00,1900-01-01 11:20:00,6.833333333333333
74015,138,Short,1900-01-01 07:10:00,1900-01-01 10:10:00,3.0
74016,138,Short,1900-01-01 16:15:00,1900-01-01 19:20:00,3.0833333333333335
74017,81,Short,1900-01-01 19:50:00,1900-01-01 21:35:00,1.75
74018,81,Short,1900-01-01 05:05:00,1900-01-01 06:50:00,1.75
74019,89,Short,1900-01-01 13:30:00,1900-01-01 16:00:00,2.5
74020,89,Short,1900-01-01 10:30:00,1900-01-01 13:05:00,2.5833333333333335
74021,163,Short,1900-01-01 07:35:00,1900-01-01 12:45:00,5.166666666666667
74022,93,Short,1900-01-01 05:40:00,1900-01-01 09:20:00,3.6666666666666665
74023,93,Short,1900-01-01 20:00:00,1900-01-01 23:00:00,3.0
74024,163,Short,1900-01-01 13:15:00,1900-01-01 18:30:00,5.25
74025,93,Short,1900-01-01 04:05:00,1900-01-01 07:35:00,3.5
74026,93,Short,1900-01-01 10:00:00,1900-01-01 13:25:00,3.4166666666666665
74027,54,Short,1900-01-01 15:30:00,1900-01-01 17:45:00,2.25
74028,54,Short,1900-01-01 18:55:00,1900-01-01 21:20:00,2.4166666666666665
74029,89,Short,1900-01-01 10:45:00,1900-01-01 13:30:00,2.75
74030,89,Short,1900-01-01 06:30:00,1900-01-01 09:05:00,2.5833333333333335
74031,11,Short,1900-01-01 06:20:00,1900-01-01 06:45:00,0.4166666666666667
74032,47,Short,1900-01-01 07:00:00,1900-01-01 08:40:00,1.6666666666666667
74033,47,Short,1900-01-01 08:50:00,1900-01-01 10:25:00,1.5833333333333333
74034,11,Short,1900-01-01 10:40:00,1900-01-01 11:05:00,0.4166666666666667
74035,11,Short,1900-01-01 15:15:00,1900-01-01 15:40:00,0.4166666666666667
74036,47,Short,1900-01-01 16:15:00,1900-01-01 17:50:00,1.5833333333333333
74037,47,Short,1900-01-01 18:00:00,1900-01-01 19:35:00,1.5833333333333333
74038,11,Short,1900-01-01 19:50:00,1900-01-01 20:15:00,0.4166666666666667
74201,172,Short,1900-01-01 05:00:00,1900-01-01 10:45:00,5.75
74202,172,Short,1900-01-01 16:30:00,1900-01-01 21:25:00,4.916666666666667
74301,47,Short,1900-01-01 08:15:00,1900-01-01 10:30:00,2.25
74302,47,Short,1900-01-01 05:35:00,1900-01-01 07:35:00,2.0
74303,47,Short,1900-01-01 13:20:00,1900-01-01 15:20:00,2.0
74304,47,Short,1900-01-01 11:00:00,1900-01-01 13:00:00,2.0
74305,47,Short,1900-01-01 19:20:00,1900-01-01 21:35:00,2.25
74306,47,Short,1900-01-01 16:00:00,1900-01-01 18:30:00,2.5
74601,49,Short,1900-01-01 06:10:00,1900-01-01 07:45:00,1.5833333333333333
74602,49,Short,1900-01-01 07:55:00,1900-01-01 09:30:00,1.5833333333333333
74603,49,Short,1900-01-01 09:40:00,1900-01-01 11:15:00,1.5833333333333333
74604,49,Short,1900-01-01 11:30:00,1900-01-01 13:05:00,1.5833333333333333
74605,49,Short,1900-01-01 13:15:00,1900-01-01 14:50:00,1.5833333333333333
74606,49,Short,1900-01-01 15:05:00,1900-01-01 16:40:00,1.5833333333333333
74607,49,Short,1900-01-01 16:50:00,1900-01-01 18:25:00,1.5833333333333333
74608,49,Short,1900-01-01 18:35:00,1900-01-01 20:10:00,1.5833333333333333
74611,89,Short,1900-01-01 19:00:00,1900-01-01 21:00:00,2.0
74612,89,Short,1900-01-01 16:20:00,1900-01-01 18:20:00,2.0
74613,45,Short,1900-01-01 07:20:00,1900-01-01 08:20:00,1.0
74614,134,Short,1900-01-01 08:30:00,1900-01-01 11:35:00,3.0833333333333335
74615,134,Short,1900-01-01 11:45:00,1900-01-01 15:05:00,3.3333333333333335
74616,45,Short,1900-01-01 15:15:00,1900-01-01 16:10:00,0.9166666666666666
74617,45,Short,1900-01-01 15:15:00,1900-01-01 16:20:00,1.0833333333333333
74618,45,Short,1900-01-01 10:30:00,1900-01-01 11:30:00,1.0
74619,134,Short,1900-01-01 07:25:00,1900-01-01 10:20:00,2.9166666666666665
74620,134,Short,1900-01-01 16:35:00,1900-01-01 18:55:00,2.3333333333333335
74621,45,Short,1900-01-01 18:15:00,1900-01-01 19:15:00,1.0
74622,45,Short,1900-01-01 17:55:00,1900-01-01 18:50:00,0.9166666666666666
74623,45,Short,1900-01-01 10:40:00,1900-01-01 11:35:00,0.9166666666666666
74624,45,Short,1900-01-01 19:35:00,1900-01-01 20:40:00,1.0833333333333333
74625,134,Short,1900-01-01 06:30:00,1900-01-01 09:20:00,2.8333333333333335
74626,134,Short,1900-01-01 07:20:00,1900-01-01 10:40:00,3.3333333333333335
74627,134,Short,1900-01-01 14:45:00,1900-01-01 17:45:00,3.0
74628,134,Short,1900-01-01 09:30:00,1900-01-01 12:40:00,3.1666666666666665
74629,134,Short,1900-01-01 17:25:00,1900-01-01 20:25:00,3.0
74630,134,Short,1900-01-01 11:45:00,1900-01-01 14:35:00,2.8333333333333335
74631,89,Short,1900-01-01 10:50:00,1900-01-01 13:10:00,2.3333333333333335
74632,89,Short,1900-01-01 15:05:00,1900-01-01 17:15:00,2.1666666666666665
74633,89,Short,1900-01-01 12:55:00,1900-01-01 15:00:00,2.0833333333333335
74634,89,Short,1900-01-01 19:00:00,1900-01-01 21:05:00,2.0833333333333335
74635,89,Short,1900-01-01 08:15:00,1900-01-01 10:15:00,2.0
74636,89,Short,1900-01-01 06:00:00,1900-01-01 08:05:00,2.0833333333333335
74637,89,Short,1900-01-01 09:35:00,1900-01-01 11:55:00,2.3333333333333335
74638,89,Short,1900-01-01 07:05:00,1900-01-01 09:25:00,2.3333333333333335
74639,89,Short,1900-01-01 16:05:00,1900-01-01 18:10:00,2.0833333333333335
74640,89,Short,1900-01-01 13:50:00,1900-01-01 15:55:00,2.0833333333333335
74641,68,Short,1900-01-01 09:20:00,1900-01-01 10:55:00,1.5833333333333333
74642,78,Short,1900-01-01 19:20:00,1900-01-01 21:20:00,2.0
74643,78,Short,1900-01-01 17:10:00,1900-01-01 19:00:00,1.8333333333333333
74644,78,Short,1900-01-01 21:45:00,1900-01-01 23:55:00,2.1666666666666665
74645,170,Short,1900-01-01 14:40:00,1900-01-01 19:10:00,4.5
74646,170,Short,1900-01-01 05:00:00,1900-01-01 10:15:00,5.25
74647,56,Short,1900-01-01 20:55:00,1900-01-01 22:20:00,1.4166666666666667
74648,77,Short,1900-01-01 19:40:00,1900-01-01 22:25:00,2.75
74651,53,Short,1900-01-01 04:20:00,1900-01-01 05:50:00,1.5
74652,45,Short,1900-01-01 06:05:00,1900-01-01 07:30:00,1.4166666666666667
74653,45,Short,1900-01-01 09:57:00,1900-01-01 11:15:00,1.3
74654,45,Short,1900-01-01 11:20:00,1900-01-01 12:45:00,1.4166666666666667
74655,45,Short,1900-01-01 13:43:00,1900-01-01 15:05:00,1.3666666666666667
74656,45,Short,1900-01-01 15:20:00,1900-01-01 16:45:00,1.4166666666666667
74657,45,Short,1900-01-01 17:32:00,1900-01-01 18:50:00,1.3
74658,53,Short,1900-01-01 19:15:00,1900-01-01 21:05:00,1.8333333333333333
74661,25,Short,1900-01-01 07:30:00,1900-01-01 08:10:00,0.6666666666666666
74662,25,Short,1900-01-01 08:20:00,1900-01-01 09:05:00,0.75
74663,25,Short,1900-01-01 18:20:00,1900-01-01 19:00:00,0.6666666666666666
74664,25,Short,1900-01-01 19:10:00,1900-01-01 20:00:00,0.8333333333333334
74671,106,Short,1900-01-01 12:15:00,1900-01-01 15:40:00,3.4166666666666665
74672,106,Short,1900-01-01 04:15:00,1900-01-01 07:20:00,3.0833333333333335
74673,98,Short,1900-01-01 15:12:00,1900-01-01 18:10:00,2.966666666666667
74674,98,Short,1900-01-01 12:05:00,1900-01-01 14:35:00,2.5
74675,106,Short,1900-01-01 20:25:00,1900-01-01 23:10:00,2.75
74676,106,Short,1900-01-01 18:40:00,1900-01-01 21:35:00,2.9166666666666665
74681,77,Short,1900-01-01 06:40:00,1900-01-01 08:55:00,2.25
74682,77,Short,1900-01-01 04:20:00,1900-01-01 06:30:00,2.1666666666666665
74683,72,Short,1900-01-01 11:20:00,1900-01-01 13:20:00,2.0
74684,77,Short,1900-01-01 09:10:00,1900-01-01 11:15:00,2.0833333333333335
74685,72,Short,1900-01-01 15:45:00,1900-01-01 17:50:00,2.0833333333333335
74686,72,Short,1900-01-01 13:47:00,1900-01-01 15:40:00,1.8833333333333333
74687,77,Short,1900-01-01 20:15:00,1900-01-01 22:25:00,2.1666666666666665
74688,72,Short,1900-01-01 18:17:00,1900-01-01 20:10:00,1.8833333333333333
74691,58,Short,1900-01-01 13:10:00,1900-01-01 15:00:00,1.8333333333333333
74692,58,Short,1900-01-01 15:35:00,1900-01-01 18:10:00,2.5833333333333335
74801,14,Short,1900-01-01 05:45:00,1900-01-01 06:20:00,0.5833333333333334
74802,14,Short,1900-01-01 05:00:00,1900-01-01 05:35:00,0.5833333333333334
74803,14,Short,1900-01-01 08:20:00,1900-01-01 08:50:00,0.5
74804,14,Short,1900-01-01 07:40:00,1900-01-01 08:10:00,0.5
74805,14,Short,1900-01-01 09:45:00,1900-01-01 10:15:00,0.5
74806,14,Short,1900-01-01 09:10:00,1900-01-01 09:40:00,0.5
74807,14,Short,1900-01-01 11:40:00,1900-01-01 12:10:00,0.5
74808,14,Short,1900-01-01 11:00:00,1900-01-01 11:30:00,0.5
74809,14,Short,1900-01-01 14:55:00,1900-01-01 15:25:00,0.5
74810,14,Short,1900-01-01 14:15:00,1900-01-01 14:45:00,0.5
74811,14,Short,1900-01-01 16:45:00,1900-01-01 17:15:00,0.5
74812,14,Short,1900-01-01 16:10:00,1900-01-01 16:40:00,0.5
74813,14,Short,1900-01-01 18:45:00,1900-01-01 19:15:00,0.5
74814,14,Short,1900-01-01 18:05:00,1900-01-01 18:35:00,0.5
74815,14,Short,1900-01-01 20:30:00,1900-01-01 21:00:00,0.5
74816,14,Short,1900-01-01 19:50:00,1900-01-01 20:20:00,0.5
74817,14,Short,1900-01-01 22:25:00,1900-01-01 22:55:00,0.5
74818,14,Short,1900-01-01 21:45:00,1900-01-01 22:15:00,0.5
74831,185,Short,1900-01-01 10:00:00,1900-01-01 14:25:00,4.416666666666667
74832,185,Short,1900-01-01 13:55:00,1900-01-01 17:35:00,3.6666666666666665
74833,313,Medium,1900-01-01 18:30:00,1900-01-01 01:00:00,6.5
74834,313,Medium,1900-01-01 02:50:00,1900-01-01 09:10:00,6.333333333333333
74835,471,Medium,1900-01-01 11:30:00,1900-01-01 22:35:00,11.083333333333334
74836,471,Medium,1900-01-01 05:15:00,1900-01-01 16:30:00,11.25
74837,348,Medium,1900-01-01 17:15:00,1900-01-01 03:50:00,10.583333333333334
74838,348,Medium,1900-01-01 04:15:00,1900-01-01 13:00:00,8.75
74839,208,Medium,1900-01-01 13:45:00,1900-01-01 18:30:00,4.75
74840,209,Medium,1900-01-01 00:30:00,1900-01-01 05:15:00,4.75
74841,302,Medium,1900-01-01 06:20:00,1900-01-01 13:45:00,7.416666666666667
74842,303,Medium,1900-01-01 14:35:00,1900-01-01 22:00:00,7.416666666666667
74843,208,Medium,1900-01-01 22:30:00,1900-01-01 03:30:00,5.0
74844,209,Medium,1900-01-01 04:15:00,1900-01-01 09:05:00,4.833333333333333
74845,211,Medium,1900-01-01 07:30:00,1900-01-01 12:35:00,5.083333333333333
74846,211,Medium,1900-01-01 13:50:00,1900-01-01 19:05:00,5.25
74847,211,Medium,1900-01-01 19:20:00,1900-01-01 00:20:00,5.0
74848,211,Medium,1900-01-01 01:35:00,1900-01-01 06:55:00,5.333333333333333
74849,48,Short,1900-01-01 08:45:00,1900-01-01 10:00:00,1.25
74850,47,Short,1900-01-01 10:15:00,1900-01-01 11:25:00,1.1666666666666667
74851,48,Short,1900-01-01 13:05:00,1900-01-01 14:20:00,1.25
74852,47,Short,1900-01-01 14:40:00,1900-01-01 15:50:00,1.1666666666666667
74853,48,Short,1900-01-01 16:55:00,1900-01-01 18:10:00,1.25
74854,47,Short,1900-01-01 18:25:00,1900-01-01 19:35:00,1.1666666666666667
74855,142,Short,1900-01-01 05:40:00,1900-01-01 08:15:00,2.5833333333333335
74856,142,Short,1900-01-01 19:55:00,1900-01-01 23:00:00,3.0833333333333335
74857,90,Short,1900-01-01 07:30:00,1900-01-01 09:35:00,2.0833333333333335
74858,90,Short,1900-01-01 17:40:00,1900-01-01 19:45:00,2.0833333333333335
74901,115,Short,1900-01-01 08:50:00,1900-01-01 11:45:00,2.9166666666666665
74902,115,Short,1900-01-01 05:35:00,1900-01-01 08:35:00,3.0
74903,115,Short,1900-01-01 18:35:00,1900-01-01 21:25:00,2.8333333333333335
74904,115,Short,1900-01-01 17:25:00,1900-01-01 20:35:00,3.1666666666666665
74906,53,Short,1900-01-01 08:15:00,1900-01-01 09:45:00,1.5
74907,53,Short,1900-01-01 17:30:00,1900-01-01 19:05:00,1.5833333333333333
74909,152,Short,1900-01-01 04:45:00,1900-01-01 09:30:00,4.75
74910,152,Short,1900-01-01 15:35:00,1900-01-01 19:40:00,4.083333333333333
74911,42,Short,1900-01-01 04:00:00,1900-01-01 05:20:00,1.3333333333333333
74912,42,Short,1900-01-01 03:20:00,1900-01-01 04:35:00,1.25
74913,42,Short,1900-01-01 07:55:00,1900-01-01 09:10:00,1.25
74914,42,Short,1900-01-01 06:35:00,1900-01-01 07:45:00,1.1666666666666667
74915,42,Short,1900-01-01 14:45:00,1900-01-01 15:55:00,1.1666666666666667
74916,42,Short,1900-01-01 16:30:00,1900-01-01 17:30:00,1.0
74917,42,Short,1900-01-01 17:35:00,1900-01-01 18:40:00,1.0833333333333333
74918,42,Short,1900-01-01 18:55:00,1900-01-01 20:10:00,1.25
74919,42,Short,1900-01-01 20:20:00,1900-01-01 21:30:00,1.1666666666666667
74920,42,Short,1900-01-01 21:20:00,1900-01-01 22:45:00,1.4166666666666667
74923,121,Short,1900-01-01 04:50:00,1900-01-01 08:35:00,3.75
74924,111,Short,1900-01-01 11:40:00,1900-01-01 14:35:00,2.9166666666666665
74931,117,Short,1900-01-01 05:00:00,1900-01-01 08:20:00,3.3333333333333335
74932,117,Short,1900-01-01 03:05:00,1900-01-01 06:00:00,2.9166666666666665
74933,117,Short,1900-01-01 06:40:00,1900-01-01 09:45:00,3.0833333333333335
74934,117,Short,1900-01-01 04:55:00,1900-01-01 08:30:00,3.5833333333333335
74935,117,Short,1900-01-01 08:55:00,1900-01-01 12:35:00,3.6666666666666665
74936,117,Short,1900-01-01 13:20:00,1900-01-01 16:40:00,3.3333333333333335
74937,117,Short,1900-01-01 17:35:00,1900-01-01 20:45:00,3.1666666666666665
74938,117,Short,1900-01-01 15:10:00,1900-01-01 18:25:00,3.25
74939,117,Short,1900-01-01 21:40:00,1900-01-01 00:35:00,2.9166666666666665
74940,117,Short,1900-01-01 17:40:00,1900-01-01 20:40:00,3.0
74941,31,Short,1900-01-01 07:10:00,1900-01-01 08:10:00,1.0
74942,31,Short,1900-01-01 06:00:00,1900-01-01 07:00:00,1.0
74943,31,Short,1900-01-01 10:00:00,1900-01-01 11:00:00,1.0
74944,31,Short,1900-01-01 08:50:00,1900-01-01 09:50:00,1.0
74945,31,Short,1900-01-01 16:00:00,1900-01-01 17:00:00,1.0
74946,31,Short,1900-01-01 14:50:00,1900-01-01 15:50:00,1.0
74947,31,Short,1900-01-01 18:25:00,1900-01-01 19:25:00,1.0
74948,31,Short,1900-01-01 17:15:00,1900-01-01 18:15:00,1.0
74951,87,Short,1900-01-01 10:25:00,1900-01-01 13:45:00,3.3333333333333335
74952,87,Short,1900-01-01 06:55:00,1900-01-01 10:10:00,3.25
74953,87,Short,1900-01-01 17:05:00,1900-01-01 20:10:00,3.0833333333333335
74954,87,Short,1900-01-01 14:00:00,1900-01-01 16:55:00,2.9166666666666665
74961,123,Short,1900-01-01 05:00:00,1900-01-01 08:20:00,3.3333333333333335
74962,123,Short,1900-01-01 08:45:00,1900-01-01 12:15:00,3.5
74963,123,Short,1900-01-01 13:20:00,1900-01-01 16:50:00,3.5
74964,123,Short,1900-01-01 18:20:00,1900-01-01 21:45:00,3.4166666666666665
74965,77,Short,1900-01-01 05:25:00,1900-01-01 07:35:00,2.1666666666666665
74966,77,Short,1900-01-01 08:10:00,1900-01-01 10:10:00,2.0
74967,77,Short,1900-01-01 10:20:00,1900-01-01 12:30:00,2.1666666666666665
74968,77,Short,1900-01-01 12:40:00,1900-01-01 14:40:00,2.0
74969,77,Short,1900-01-01 15:00:00,1900-01-01 17:10:00,2.1666666666666665
74970,77,Short,1900-01-01 17:20:00,1900-01-01 19:35:00,2.25
74971,88,Short,1900-01-01 08:40:00,1900-01-01 10:45:00,2.0833333333333335
74972,88,Short,1900-01-01 06:10:00,1900-01-01 08:30:00,2.3333333333333335
74973,88,Short,1900-01-01 10:15:00,1900-01-01 12:35:00,2.3333333333333335
74974,88,Short,1900-01-01 10:55:00,1900-01-01 13:05:00,2.1666666666666665
74975,88,Short,1900-01-01 13:15:00,1900-01-01 15:55:00,2.6666666666666665
74976,88,Short,1900-01-01 12:45:00,1900-01-01 14:55:00,2.1666666666666665
74977,88,Short,1900-01-01 17:40:00,1900-01-01 19:55:00,2.25
74978,88,Short,1900-01-01 15:00:00,1900-01-01 17:25:00,2.4166666666666665
74981,80,Short,1900-01-01 04:00:00,1900-01-01 06:00:00,2.0
74982,80,Short,1900-01-01 10:30:00,1900-01-01 12:30:00,2.0
74983,80,Short,1900-01-01 12:50:00,1900-01-01 14:45:00,1.9166666666666667
74984,80,Short,1900-01-01 20:05:00,1900-01-01 22:00:00,1.9166666666666667
74985,122,Short,1900-01-01 07:10:00,1900-01-01 10:15:00,3.0833333333333335
74986,122,Short,1900-01-01 03:00:00,1900-01-01 05:45:00,2.75
74987,122,Short,1900-01-01 21:20:00,1900-01-01 23:55:00,2.5833333333333335
74988,122,Short,1900-01-01 16:10:00,1900-01-01 19:30:00,3.3333333333333335
74991,215,Medium,1900-01-01 14:20:00,1900-01-01 19:50:00,5.5
74992,215,Medium,1900-01-01 06:00:00,1900-01-01 13:10:00,7.166666666666667
74993,41,Short,1900-01-01 12:25:00,1900-01-01 13:35:00,1.1666666666666667
74994,41,Short,1900-01-01 10:30:00,1900-01-01 11:25:00,0.9166666666666666
75002,220,Medium,1900-01-01 02:40:00,1900-01-01 08:55:00,6.25
75003,112,Short,1900-01-01 09:50:00,1900-01-01 12:55:00,3.0833333333333335
75004,112,Short,1900-01-01 13:15:00,1900-01-01 16:55:00,3.6666666666666665
75005,221,Medium,1900-01-01 17:45:00,1900-01-01 00:45:00,7.0
75007,220,Medium,1900-01-01 16:00:00,1900-01-01 22:00:00,6.0
75008,220,Medium,1900-01-01 08:20:00,1900-01-01 14:50:00,6.5
75009,127,Short,1900-01-01 11:00:00,1900-01-01 14:20:00,3.3333333333333335
75010,98,Short,1900-01-01 14:50:00,1900-01-01 17:10:00,2.3333333333333335
75011,138,Short,1900-01-01 18:00:00,1900-01-01 22:10:00,4.166666666666667
75012,166,Short,1900-01-01 05:10:00,1900-01-01 10:15:00,5.083333333333333
75013,81,Short,1900-01-01 06:15:00,1900-01-01 09:15:00,3.0
75014,81,Short,1900-01-01 09:45:00,1900-01-01 12:55:00,3.1666666666666665
75015,81,Short,1900-01-01 13:50:00,1900-01-01 17:15:00,3.4166666666666665
75016,81,Short,1900-01-01 18:40:00,1900-01-01 21:45:00,3.0833333333333335
75101,136,Short,1900-01-01 04:45:00,1900-01-01 08:20:00,3.5833333333333335
75102,136,Short,1900-01-01 17:40:00,1900-01-01 21:30:00,3.8333333333333335
75103,126,Short,1900-01-01 13:25:00,1900-01-01 16:40:00,3.25
75104,117,Short,1900-01-01 09:00:00,1900-01-01 13:05:00,4.083333333333333
75105,214,Medium,1900-01-01 13:25:00,1900-01-01 20:25:00,7.0
75106,214,Medium,1900-01-01 05:45:00,1900-01-01 12:30:00,6.75
75107,118,Short,1900-01-01 16:40:00,1900-01-01 20:25:00,3.75
75109,88,Short,1900-01-01 13:25:00,1900-01-01 15:55:00,2.5
75111,154,Short,1900-01-01 08:05:00,1900-01-01 13:20:00,5.25
75112,156,Short,1900-01-01 13:35:00,1900-01-01 19:10:00,5.583333333333333
75113,156,Short,1900-01-01 05:35:00,1900-01-01 10:25:00,4.833333333333333
75114,156,Short,1900-01-01 13:50:00,1900-01-01 19:55:00,6.083333333333333
75115,203,Medium,1900-01-01 04:15:00,1900-01-01 10:20:00,6.083333333333333
75116,203,Medium,1900-01-01 17:30:00,1900-01-01 00:25:00,6.916666666666667
75201,53,Short,1900-01-01 07:20:00,1900-01-01 08:55:00,1.5833333333333333
75202,53,Short,1900-01-01 09:25:00,1900-01-01 11:30:00,2.0833333333333335
75207,169,Short,1900-01-01 04:45:00,1900-01-01 11:00:00,6.25
75208,169,Short,1900-01-01 12:00:00,1900-01-01 17:40:00,5.666666666666667
75209,105,Short,1900-01-01 13:45:00,1900-01-01 18:15:00,4.5
75210,105,Short,1900-01-01 21:15:00,1900-01-01 01:00:00,3.75
75211,111,Short,1900-01-01 19:30:00,1900-01-01 23:40:00,4.166666666666667
75212,111,Short,1900-01-01 03:20:00,1900-01-01 07:55:00,4.583333333333333
75213,29,Short,1900-01-01 23:55:00,1900-01-01 01:30:00,1.5833333333333333
75214,29,Short,1900-01-01 02:45:00,1900-01-01 03:45:00,1.0
75221,53,Short,1900-01-01 15:00:00,1900-01-01 17:45:00,2.75
75222,53,Short,1900-01-01 18:15:00,1900-01-01 20:20:00,2.0833333333333335
75225,187,Short,1900-01-01 03:40:00,1900-01-01 10:15:00,6.583333333333333
75226,187,Short,1900-01-01 17:30:00,1900-01-01 23:30:00,6.0
75227,187,Short,1900-01-01 17:11:00,1900-01-01 23:30:00,6.316666666666666
75228,150,Short,1900-01-01 04:05:00,1900-01-01 09:05:00,5.0
75229,150,Short,1900-01-01 10:15:00,1900-01-01 15:15:00,5.0
75230,187,Short,1900-01-01 09:30:00,1900-01-01 16:05:00,6.583333333333333
75231,129,Short,1900-01-01 09:35:00,1900-01-01 13:50:00,4.25
75232,129,Short,1900-01-01 15:35:00,1900-01-01 21:00:00,5.416666666666667
75233,82,Short,1900-01-01 10:45:00,1900-01-01 13:15:00,2.5
75234,82,Short,1900-01-01 13:55:00,1900-01-01 16:30:00,2.5833333333333335
75235,87,Short,1900-01-01 17:05:00,1900-01-01 19:40:00,2.5833333333333335
75236,87,Short,1900-01-01 05:40:00,1900-01-01 09:20:00,3.6666666666666665
75237,159,Short,1900-01-01 21:55:00,1900-01-01 01:45:00,3.8333333333333335
75238,159,Short,1900-01-01 03:00:00,1900-01-01 07:40:00,4.666666666666667
75253,37,Short,1900-01-01 08:35:00,1900-01-01 09:50:00,1.25
75254,37,Short,1900-01-01 08:05:00,1900-01-01 09:40:00,1.5833333333333333
75255,132,Short,1900-01-01 11:50:00,1900-01-01 16:00:00,4.166666666666667
75256,132,Short,1900-01-01 16:45:00,1900-01-01 21:00:00,4.25
75271,97,Short,1900-01-01 07:30:00,1900-01-01 10:30:00,3.0
75272,97,Short,1900-01-01 11:00:00,1900-01-01 13:45:00,2.75
75273,97,Short,1900-01-01 14:15:00,1900-01-01 17:15:00,3.0
75274,97,Short,1900-01-01 17:45:00,1900-01-01 20:45:00,3.0
75279,54,Short,1900-01-01 22:25:00,1900-01-01 23:45:00,1.3333333333333333
75280,54,Short,1900-01-01 05:15:00,1900-01-01 07:57:00,2.7
75707,217,Medium,1900-01-01 06:15:00,1900-01-01 12:05:00,5.833333333333333
75708,217,Medium,1900-01-01 17:00:00,1900-01-01 22:45:00,5.75
75713,181,Short,1900-01-01 15:45:00,1900-01-01 20:45:00,5.0
75714,181,Short,1900-01-01 06:30:00,1900-01-01 11:30:00,5.0
75715,210,Medium,1900-01-01 05:00:00,1900-01-01 11:15:00,6.25
75716,210,Medium,1900-01-01 12:30:00,1900-01-01 19:10:00,6.666666666666667
75717,183,Short,1900-01-01 16:15:00,1900-01-01 22:00:00,5.75
75718,183,Short,1900-01-01 05:00:00,1900-01-01 11:05:00,6.083333333333333
75719,251,Medium,1900-01-01 08:45:00,1900-01-01 15:45:00,7.0
75720,251,Medium,1900-01-01 10:15:00,1900-01-01 17:15:00,7.0
75721,63,Short,1900-01-01 17:15:00,1900-01-01 19:20:00,2.0833333333333335
75722,64,Short,1900-01-01 07:45:00,1900-01-01 10:00:00,2.25
75723,208,Medium,1900-01-01 05:15:00,1900-01-01 09:25:00,4.166666666666667
75724,208,Medium,1900-01-01 17:00:00,1900-01-01 21:25:00,4.416666666666667
75727,100,Short,1900-01-01 09:45:00,1900-01-01 12:10:00,2.4166666666666665
75728,100,Short,1900-01-01 13:20:00,1900-01-01 16:00:00,2.6666666666666665
75729,167,Short,1900-01-01 16:30:00,1900-01-01 21:00:00,4.5
75730,166,Short,1900-01-01 06:00:00,1900-01-01 10:25:00,4.416666666666667
75733,33,Short,1900-01-01 08:20:00,1900-01-01 09:50:00,1.5
75734,33,Short,1900-01-01 06:30:00,1900-01-01 07:55:00,1.4166666666666667
75735,33,Short,1900-01-01 12:15:00,1900-01-01 13:45:00,1.5
75736,33,Short,1900-01-01 10:20:00,1900-01-01 11:50:00,1.5
75737,33,Short,1900-01-01 16:15:00,1900-01-01 17:45:00,1.5
75738,33,Short,1900-01-01 14:15:00,1900-01-01 15:45:00,1.5
75739,33,Short,1900-01-01 20:25:00,1900-01-01 21:55:00,1.5
75740,33,Short,1900-01-01 18:30:00,1900-01-01 19:55:00,1.4166666666666667
75743,204,Medium,1900-01-01 18:15:00,1900-01-01 00:10:00,5.916666666666667
75744,204,Medium,1900-01-01 04:00:00,1900-01-01 10:05:00,6.083333333333333
75745,107,Short,1900-01-01 11:30:00,1900-01-01 14:25:00,2.9166666666666665
75746,108,Short,1900-01-01 15:20:00,1900-01-01 18:20:00,3.0
75747,40,Short,1900-01-01 21:15:00,1900-01-01 22:45:00,1.5
75748,40,Short,1900-01-01 03:45:00,1900-01-01 05:05:00,1.3333333333333333
75749,61,Short,1900-01-01 08:20:00,1900-01-01 10:45:00,2.4166666666666665
75750,61,Short,1900-01-01 15:00:00,1900-01-01 17:10:00,2.1666666666666665
75901,54,Short,1900-01-01 05:00:00,1900-01-01 06:30:00,1.5
75902,101,Short,1900-01-01 07:00:00,1900-01-01 10:15:00,3.25
75903,101,Short,1900-01-01 17:45:00,1900-01-01 21:00:00,3.25
75904,54,Short,1900-01-01 21:20:00,1900-01-01 22:35:00,1.25
75905,47,Short,1900-01-01 05:20:00,1900-01-01 06:40:00,1.3333333333333333
75906,101,Short,1900-01-01 07:05:00,1900-01-01 10:20:00,3.25
75907,101,Short,1900-01-01 17:45:00,1900-01-01 21:10:00,3.4166666666666665
75908,47,Short,1900-01-01 21:30:00,1900-01-01 22:45:00,1.25
75911,40,Short,1900-01-01 06:35:00,1900-01-01 08:00:00,1.4166666666666667
75912,39,Short,1900-01-01 08:20:00,1900-01-01 09:45:00,1.4166666666666667
76501,17,Short,1900-01-01 06:35:00,1900-01-01 07:05:00,0.5
76502,17,Short,1900-01-01 06:00:00,1900-01-01 06:30:00,0.5
76503,17,Short,1900-01-01 13:10:00,1900-01-01 13:40:00,0.5
76504,17,Short,1900-01-01 13:45:00,1900-01-01 14:30:00,0.75
76505,81,Short,1900-01-01 17:55:00,1900-01-01 20:15:00,2.3333333333333335
76506,81,Short,1900-01-01 07:15:00,1900-01-01 09:40:00,2.4166666666666665
76507,64,Short,1900-01-01 11:40:00,1900-01-01 13:05:00,1.4166666666666667
76508,68,Short,1900-01-01 15:30:00,1900-01-01 17:35:00,2.0833333333333335
76523,62,Short,1900-01-01 14:55:00,1900-01-01 16:30:00,1.5833333333333333
76524,61,Short,1900-01-01 17:50:00,1900-01-01 19:20:00,1.5
76525,201,Medium,1900-01-01 16:15:00,1900-01-01 21:00:00,4.75
76526,201,Medium,1900-01-01 06:00:00,1900-01-01 11:05:00,5.083333333333333
76551,157,Short,1900-01-01 08:30:00,1900-01-01 13:00:00,4.5
76552,157,Short,1900-01-01 13:45:00,1900-01-01 18:00:00,4.25
76553,150,Short,1900-01-01 18:30:00,1900-01-01 21:40:00,3.1666666666666665
76554,150,Short,1900-01-01 05:00:00,1900-01-01 08:10:00,3.1666666666666665
76800,26,Short,1900-01-01 11:55:00,1900-01-01 12:50:00,0.9166666666666666
76803,26,Short,1900-01-01 05:45:00,1900-01-01 06:40:00,0.9166666666666666
76804,26,Short,1900-01-01 16:50:00,1900-01-01 17:45:00,0.9166666666666666
76805,93,Short,1900-01-01 06:30:00,1900-01-01 09:10:00,2.6666666666666665
76806,93,Short,1900-01-01 17:30:00,1900-01-01 20:00:00,2.5
76807,150,Short,1900-01-01 10:05:00,1900-01-01 13:20:00,3.25
76808,150,Short,1900-01-01 14:00:00,1900-01-01 17:15:00,3.25
76812,94,Short,1900-01-01 06:00:00,1900-01-01 09:15:00,3.25
76813,28,Short,1900-01-01 09:30:00,1900-01-01 10:35:00,1.0833333333333333
76814,10,Short,1900-01-01 10:50:00,1900-01-01 11:15:00,0.4166666666666667
76815,94,Short,1900-01-01 17:50:00,1900-01-01 20:50:00,3.0
76817,10,Short,1900-01-01 11:25:00,1900-01-01 11:50:00,0.4166666666666667
76818,27,Short,1900-01-01 16:00:00,1900-01-01 17:30:00,1.5
76820,49,Short,1900-01-01 01:10:00,1900-01-01 02:30:00,1.3333333333333333
76821,49,Short,1900-01-01 06:40:00,1900-01-01 08:10:00,1.5
76822,49,Short,1900-01-01 08:30:00,1900-01-01 09:50:00,1.3333333333333333
76823,49,Short,1900-01-01 05:40:00,1900-01-01 07:05:00,1.4166666666666667
76824,49,Short,1900-01-01 12:10:00,1900-01-01 13:30:00,1.3333333333333333
76825,70,Short,1900-01-01 18:00:00,1900-01-01 19:50:00,1.8333333333333333
76826,70,Short,1900-01-01 11:15:00,1900-01-01 13:10:00,1.9166666666666667
76827,49,Short,1900-01-01 14:05:00,1900-01-01 15:35:00,1.5
76828,49,Short,1900-01-01 20:30:00,1900-01-01 21:55:00,1.4166666666666667
76829,49,Short,1900-01-01 19:55:00,1900-01-01 21:20:00,1.4166666666666667
76830,89,Short,1900-01-01 06:50:00,1900-01-01 09:10:00,2.3333333333333335
76831,89,Short,1900-01-01 18:15:00,1900-01-01 20:20:00,2.0833333333333335
76833,75,Short,1900-01-01 09:35:00,1900-01-01 11:35:00,2.0
76834,75,Short,1900-01-01 15:30:00,1900-01-01 17:35:00,2.0833333333333335
76835,75,Short,1900-01-01 18:15:00,1900-01-01 20:25:00,2.1666666666666665
76836,75,Short,1900-01-01 07:00:00,1900-01-01 09:15:00,2.25
76837,127,Short,1900-01-01 18:00:00,1900-01-01 21:35:00,3.5833333333333335
76838,127,Short,1900-01-01 06:40:00,1900-01-01 09:35:00,2.9166666666666665
76839,89,Short,1900-01-01 15:45:00,1900-01-01 17:55:00,2.1666666666666665
76840,89,Short,1900-01-01 09:50:00,1900-01-01 11:50:00,2.0
76841,180,Short,1900-01-01 06:15:00,1900-01-01 11:00:00,4.75
76842,180,Short,1900-01-01 15:40:00,1900-01-01 20:30:00,4.833333333333333
76845,122,Short,1900-01-01 06:00:00,1900-01-01 09:00:00,3.0
76846,122,Short,1900-01-01 18:15:00,1900-01-01 21:40:00,3.4166666666666665
76847,139,Short,1900-01-01 06:00:00,1900-01-01 09:05:00,3.0833333333333335
76848,139,Short,1900-01-01 18:40:00,1900-01-01 22:00:00,3.3333333333333335
76849,139,Short,1900-01-01 13:40:00,1900-01-01 16:50:00,3.1666666666666665
76850,139,Short,1900-01-01 09:50:00,1900-01-01 12:50:00,3.0
76851,145,Short,1900-01-01 06:35:00,1900-01-01 11:40:00,5.083333333333333
76852,145,Short,1900-01-01 16:30:00,1900-01-01 20:50:00,4.333333333333333
76853,134,Short,1900-01-01 15:10:00,1900-01-01 19:30:00,4.333333333333333
76854,134,Short,1900-01-01 10:10:00,1900-01-01 14:10:00,4.0
77201,44,Short,1900-01-01 02:50:00,1900-01-01 03:55:00,1.0833333333333333
77202,94,Short,1900-01-01 04:30:00,1900-01-01 07:25:00,2.9166666666666665
77203,94,Short,1900-01-01 07:50:00,1900-01-01 11:15:00,3.4166666666666665
77204,94,Short,1900-01-01 15:45:00,1900-01-01 18:55:00,3.1666666666666665
77205,30,Short,1900-01-01 15:55:00,1900-01-01 17:05:00,1.1666666666666667
77206,109,Short,1900-01-01 21:15:00,1900-01-01 01:15:00,4.0
77207,81,Short,1900-01-01 03:35:00,1900-01-01 05:55:00,2.3333333333333335
77208,80,Short,1900-01-01 02:55:00,1900-01-01 05:50:00,2.9166666666666665
77209,36,Short,1900-01-01 08:50:00,1900-01-01 09:55:00,1.0833333333333333
77211,36,Short,1900-01-01 12:55:00,1900-01-01 13:50:00,0.9166666666666666
77212,81,Short,1900-01-01 07:15:00,1900-01-01 09:45:00,2.5
77213,44,Short,1900-01-01 14:05:00,1900-01-01 15:30:00,1.4166666666666667
77214,44,Short,1900-01-01 11:25:00,1900-01-01 12:50:00,1.4166666666666667
77215,81,Short,1900-01-01 16:10:00,1900-01-01 18:40:00,2.5
77216,36,Short,1900-01-01 14:30:00,1900-01-01 15:35:00,1.0833333333333333
77218,81,Short,1900-01-01 17:20:00,1900-01-01 20:05:00,2.75
77219,36,Short,1900-01-01 20:35:00,1900-01-01 22:00:00,1.4166666666666667
77220,36,Short,1900-01-01 19:20:00,1900-01-01 20:25:00,1.0833333333333333
77221,32,Short,1900-01-01 06:15:00,1900-01-01 07:15:00,1.0
77222,59,Short,1900-01-01 07:25:00,1900-01-01 09:05:00,1.6666666666666667
77223,59,Short,1900-01-01 09:15:00,1900-01-01 10:55:00,1.6666666666666667
77224,59,Short,1900-01-01 11:05:00,1900-01-01 12:50:00,1.75
77225,33,Short,1900-01-01 13:00:00,1900-01-01 14:00:00,1.0
77226,33,Short,1900-01-01 14:15:00,1900-01-01 15:15:00,1.0
77227,33,Short,1900-01-01 15:25:00,1900-01-01 16:25:00,1.0
77228,33,Short,1900-01-01 16:35:00,1900-01-01 17:35:00,1.0
77229,59,Short,1900-01-01 17:45:00,1900-01-01 19:50:00,2.0833333333333335
77230,32,Short,1900-01-01 20:10:00,1900-01-01 21:35:00,1.4166666666666667
77231,109,Short,1900-01-01 07:15:00,1900-01-01 10:50:00,3.5833333333333335
77232,65,Short,1900-01-01 05:25:00,1900-01-01 07:45:00,2.3333333333333335
77233,29,Short,1900-01-01 11:20:00,1900-01-01 12:20:00,1.0
77234,36,Short,1900-01-01 10:15:00,1900-01-01 11:20:00,1.0833333333333333
77235,36,Short,1900-01-01 16:00:00,1900-01-01 17:05:00,1.0833333333333333
77237,70,Short,1900-01-01 07:30:00,1900-01-01 09:55:00,2.4166666666666665
77238,68,Short,1900-01-01 12:15:00,1900-01-01 14:35:00,2.3333333333333335
77239,47,Short,1900-01-01 15:50:00,1900-01-01 17:25:00,1.5833333333333333
77240,46,Short,1900-01-01 18:25:00,1900-01-01 19:50:00,1.4166666666666667
77241,99,Short,1900-01-01 19:45:00,1900-01-01 23:05:00,3.3333333333333335
77242,68,Short,1900-01-01 04:25:00,1900-01-01 07:10:00,2.75
77243,49,Short,1900-01-01 17:15:00,1900-01-01 19:40:00,2.4166666666666665
77244,46,Short,1900-01-01 21:45:00,1900-01-01 23:15:00,1.5
77245,25,Short,1900-01-01 21:10:00,1900-01-01 21:55:00,0.75
77246,33,Short,1900-01-01 22:40:00,1900-01-01 23:40:00,1.0
77247,33,Short,1900-01-01 04:00:00,1900-01-01 05:00:00,1.0
77248,169,Short,1900-01-01 05:10:00,1900-01-01 09:45:00,4.583333333333333
77249,143,Short,1900-01-01 10:05:00,1900-01-01 13:40:00,3.5833333333333335
77250,25,Short,1900-01-01 14:00:00,1900-01-01 14:45:00,0.75
77251,141,Short,1900-01-01 08:00:00,1900-01-01 11:45:00,3.75
77252,144,Short,1900-01-01 15:15:00,1900-01-01 18:55:00,3.6666666666666665
77253,145,Short,1900-01-01 12:10:00,1900-01-01 16:45:00,4.583333333333333
77254,146,Short,1900-01-01 10:00:00,1900-01-01 13:50:00,3.8333333333333335
77255,142,Short,1900-01-01 08:00:00,1900-01-01 11:10:00,3.1666666666666665
77256,144,Short,1900-01-01 11:30:00,1900-01-01 14:30:00,3.0
77257,83,Short,1900-01-01 18:00:00,1900-01-01 22:00:00,4.0
77258,83,Short,1900-01-01 19:10:00,1900-01-01 22:40:00,3.5
77259,148,Short,1900-01-01 04:45:00,1900-01-01 07:55:00,3.1666666666666665
77260,148,Short,1900-01-01 14:35:00,1900-01-01 19:30:00,4.916666666666667
77261,81,Short,1900-01-01 08:30:00,1900-01-01 11:35:00,3.0833333333333335
77262,81,Short,1900-01-01 11:50:00,1900-01-01 14:10:00,2.3333333333333335
77263,44,Short,1900-01-01 17:00:00,1900-01-01 18:25:00,1.4166666666666667
77264,94,Short,1900-01-01 18:40:00,1900-01-01 22:00:00,3.3333333333333335
77265,76,Short,1900-01-01 04:20:00,1900-01-01 06:45:00,2.4166666666666665
77266,46,Short,1900-01-01 07:30:00,1900-01-01 08:50:00,1.3333333333333333
77267,65,Short,1900-01-01 15:40:00,1900-01-01 17:35:00,1.9166666666666667
77268,44,Short,1900-01-01 19:00:00,1900-01-01 20:30:00,1.5
77269,81,Short,1900-01-01 21:40:00,1900-01-01 00:10:00,2.5
77270,81,Short,1900-01-01 04:30:00,1900-01-01 07:15:00,2.75
77271,44,Short,1900-01-01 09:30:00,1900-01-01 11:30:00,2.0
77272,44,Short,1900-01-01 12:00:00,1900-01-01 14:00:00,2.0
77273,47,Short,1900-01-01 06:45:00,1900-01-01 07:55:00,1.1666666666666667
77274,47,Short,1900-01-01 14:35:00,1900-01-01 16:30:00,1.9166666666666667
77281,31,Short,1900-01-01 09:45:00,1900-01-01 10:35:00,0.8333333333333334
77282,25,Short,1900-01-01 10:40:00,1900-01-01 11:50:00,1.1666666666666667
77283,32,Short,1900-01-01 12:10:00,1900-01-01 13:15:00,1.0833333333333333
77284,32,Short,1900-01-01 15:50:00,1900-01-01 16:50:00,1.0
77285,25,Short,1900-01-01 17:00:00,1900-01-01 17:55:00,0.9166666666666666
77286,31,Short,1900-01-01 18:00:00,1900-01-01 19:00:00,1.0
77287,31,Short,1900-01-01 19:25:00,1900-01-01 20:15:00,0.8333333333333334
77288,25,Short,1900-01-01 20:20:00,1900-01-01 21:00:00,0.6666666666666666
77289,32,Short,1900-01-01 21:10:00,1900-01-01 22:15:00,1.0833333333333333
77290,25,Short,1900-01-01 15:15:00,1900-01-01 16:00:00,0.75
77291,177,Short,1900-01-01 13:45:00,1900-01-01 18:55:00,5.166666666666667
77292,178,Short,1900-01-01 08:00:00,1900-01-01 12:50:00,4.833333333333333
77293,70,Short,1900-01-01 14:45:00,1900-01-01 17:10:00,2.4166666666666665
77294,98,Short,1900-01-01 08:00:00,1900-01-01 11:45:00,3.75
77295,171,Short,1900-01-01 12:40:00,1900-01-01 19:15:00,6.583333333333333
77297,130,Short,1900-01-01 17:50:00,1900-01-01 21:45:00,3.9166666666666665
77298,272,Medium,1900-01-01 05:30:00,1900-01-01 14:40:00,9.166666666666666
77401,161,Short,1900-01-01 06:00:00,1900-01-01 10:00:00,4.0
77402,161,Short,1900-01-01 12:00:00,1900-01-01 15:50:00,3.8333333333333335
77403,161,Short,1900-01-01 16:00:00,1900-01-01 19:55:00,3.9166666666666665
77404,161,Short,1900-01-01 20:05:00,1900-01-01 23:50:00,3.75
77405,14,Short,1900-01-01 10:10:00,1900-01-01 10:55:00,0.75
77406,14,Short,1900-01-01 11:05:00,1900-01-01 11:50:00,0.75
77414,121,Short,1900-01-01 04:40:00,1900-01-01 07:30:00,2.8333333333333335
77415,122,Short,1900-01-01 08:10:00,1900-01-01 11:00:00,2.8333333333333335
77416,49,Short,1900-01-01 12:00:00,1900-01-01 13:25:00,1.4166666666666667
77417,50,Short,1900-01-01 14:05:00,1900-01-01 15:25:00,1.3333333333333333
77418,197,Short,1900-01-01 15:45:00,1900-01-01 21:00:00,5.25
77419,197,Short,1900-01-01 06:30:00,1900-01-01 11:35:00,5.083333333333333
77601,26,Short,1900-01-01 04:05:00,1900-01-01 05:25:00,1.3333333333333333
77602,39,Short,1900-01-01 05:35:00,1900-01-01 07:25:00,1.8333333333333333
77603,40,Short,1900-01-01 06:10:00,1900-01-01 07:35:00,1.4166666666666667
77604,25,Short,1900-01-01 07:55:00,1900-01-01 08:55:00,1.0
77605,27,Short,1900-01-01 06:30:00,1900-01-01 07:40:00,1.1666666666666667
77606,40,Short,1900-01-01 08:45:00,1900-01-01 10:00:00,1.25
77607,26,Short,1900-01-01 10:10:00,1900-01-01 11:15:00,1.0833333333333333
77608,26,Short,1900-01-01 11:35:00,1900-01-01 12:35:00,1.0
77609,53,Short,1900-01-01 10:10:00,1900-01-01 12:25:00,2.25
77610,40,Short,1900-01-01 13:15:00,1900-01-01 14:40:00,1.4166666666666667
77611,13,Short,1900-01-01 12:50:00,1900-01-01 13:25:00,0.5833333333333334
77612,13,Short,1900-01-01 15:30:00,1900-01-01 16:15:00,0.75
77613,40,Short,1900-01-01 14:50:00,1900-01-01 16:00:00,1.1666666666666667
77614,40,Short,1900-01-01 16:55:00,1900-01-01 18:17:00,1.3666666666666667
77615,26,Short,1900-01-01 16:45:00,1900-01-01 17:55:00,1.1666666666666667
77616,26,Short,1900-01-01 18:50:00,1900-01-01 20:25:00,1.5833333333333333
77617,40,Short,1900-01-01 18:22:00,1900-01-01 19:35:00,1.2166666666666666
77618,40,Short,1900-01-01 19:55:00,1900-01-01 21:20:00,1.4166666666666667
77619,26,Short,1900-01-01 20:45:00,1900-01-01 21:55:00,1.1666666666666667
77622,52,Short,1900-01-01 00:40:00,1900-01-01 02:00:00,1.3333333333333333
77623,52,Short,1900-01-01 05:00:00,1900-01-01 06:25:00,1.4166666666666667
77630,27,Short,1900-01-01 04:10:00,1900-01-01 05:10:00,1.0
77631,13,Short,1900-01-01 09:00:00,1900-01-01 09:25:00,0.4166666666666667
77632,13,Short,1900-01-01 12:10:00,1900-01-01 12:35:00,0.4166666666666667
77633,13,Short,1900-01-01 14:40:00,1900-01-01 14:58:00,0.3
77634,13,Short,1900-01-01 16:55:00,1900-01-01 17:15:00,0.3333333333333333
77635,13,Short,1900-01-01 18:45:00,1900-01-01 19:20:00,0.5833333333333334
77638,13,Short,1900-01-01 20:45:00,1900-01-01 21:05:00,0.3333333333333333
77640,13,Short,1900-01-01 06:07:00,1900-01-01 06:26:00,0.31666666666666665
77641,13,Short,1900-01-01 09:30:00,1900-01-01 09:48:00,0.3
77642,13,Short,1900-01-01 13:55:00,1900-01-01 14:15:00,0.3333333333333333
77643,13,Short,1900-01-01 15:25:00,1900-01-01 15:45:00,0.3333333333333333
77645,27,Short,1900-01-01 17:20:00,1900-01-01 18:17:00,0.95
77647,13,Short,1900-01-01 20:00:00,1900-01-01 20:40:00,0.6666666666666666
77649,27,Short,1900-01-01 23:20:00,1900-01-01 00:10:00,0.8333333333333334
77651,108,Short,1900-01-01 06:15:00,1900-01-01 10:00:00,3.75
77652,108,Short,1900-01-01 10:30:00,1900-01-01 14:15:00,3.75
77653,52,Short,1900-01-01 13:30:00,1900-01-01 15:00:00,1.5
77654,52,Short,1900-01-01 15:15:00,1900-01-01 16:45:00,1.5
77655,108,Short,1900-01-01 14:45:00,1900-01-01 18:30:00,3.75
77656,108,Short,1900-01-01 19:00:00,1900-01-01 22:45:00,3.75
77657,253,Medium,1900-01-01 05:45:00,1900-01-01 12:30:00,6.75
77658,253,Medium,1900-01-01 13:40:00,1900-01-01 21:00:00,7.333333333333333
77671,105,Short,1900-01-01 21:50:00,1900-01-01 00:10:00,2.3333333333333335
77672,105,Short,1900-01-01 06:45:00,1900-01-01 09:10:00,2.4166666666666665
77673,154,Short,1900-01-01 17:00:00,1900-01-01 21:15:00,4.25
77674,154,Short,1900-01-01 09:20:00,1900-01-01 13:25:00,4.083333333333333
77675,154,Short,1900-01-01 19:15:00,1900-01-01 22:55:00,3.6666666666666665
77676,59,Short,1900-01-01 23:25:00,1900-01-01 02:50:00,3.4166666666666665
77677,59,Short,1900-01-01 04:15:00,1900-01-01 05:30:00,1.25
77678,154,Short,1900-01-01 05:40:00,1900-01-01 09:20:00,3.6666666666666665
77679,39,Short,1900-01-01 08:35:00,1900-01-01 10:25:00,1.8333333333333333
77680,39,Short,1900-01-01 10:35:00,1900-01-01 11:50:00,1.25
77681,39,Short,1900-01-01 13:15:00,1900-01-01 14:45:00,1.5
77682,39,Short,1900-01-01 16:50:00,1900-01-01 18:05:00,1.25
77683,151,Short,1900-01-01 05:45:00,1900-01-01 09:30:00,3.75
77684,151,Short,1900-01-01 17:45:00,1900-01-01 21:00:00,3.25
77689,57,Short,1900-01-01 14:50:00,1900-01-01 16:30:00,1.6666666666666667
77690,57,Short,1900-01-01 12:55:00,1900-01-01 14:30:00,1.5833333333333333
77691,151,Short,1900-01-01 14:35:00,1900-01-01 17:15:00,2.6666666666666665
77693,237,Medium,1900-01-01 06:20:00,1900-01-01 12:25:00,6.083333333333333
77694,237,Medium,1900-01-01 17:00:00,1900-01-01 23:00:00,6.0
77695,129,Short,1900-01-01 06:15:00,1900-01-01 10:15:00,4.0
77696,129,Short,1900-01-01 17:40:00,1900-01-01 22:10:00,4.5
78009,55,Short,1900-01-01 22:15:00,1900-01-01 23:40:00,1.4166666666666667
78010,55,Short,1900-01-01 03:15:00,1900-01-01 04:40:00,1.4166666666666667
78011,55,Short,1900-01-01 06:35:00,1900-01-01 07:55:00,1.3333333333333333
78012,72,Short,1900-01-01 08:05:00,1900-01-01 09:55:00,1.8333333333333333
78013,69,Short,1900-01-01 10:10:00,1900-01-01 11:45:00,1.5833333333333333
78014,17,Short,1900-01-01 12:45:00,1900-01-01 13:32:00,0.7833333333333333
78015,17,Short,1900-01-01 11:47:00,1900-01-01 12:35:00,0.8
78016,69,Short,1900-01-01 13:34:00,1900-01-01 15:10:00,1.6
78017,69,Short,1900-01-01 15:20:00,1900-01-01 17:00:00,1.6666666666666667
78018,17,Short,1900-01-01 18:05:00,1900-01-01 19:00:00,0.9166666666666666
78019,17,Short,1900-01-01 17:02:00,1900-01-01 17:55:00,0.8833333333333333
78020,51,Short,1900-01-01 19:03:00,1900-01-01 20:20:00,1.2833333333333334
78031,116,Short,1900-01-01 06:00:00,1900-01-01 10:25:00,4.416666666666667
78032,116,Short,1900-01-01 10:40:00,1900-01-01 15:05:00,4.416666666666667
78033,147,Short,1900-01-01 15:15:00,1900-01-01 18:45:00,3.5
78034,147,Short,1900-01-01 19:00:00,1900-01-01 22:40:00,3.6666666666666665
78051,113,Short,1900-01-01 04:04:00,1900-01-01 06:55:00,2.85
78052,113,Short,1900-01-01 05:00:00,1900-01-01 07:45:00,2.75
78053,113,Short,1900-01-01 08:04:00,1900-01-01 10:50:00,2.7666666666666666
78054,113,Short,1900-01-01 08:50:00,1900-01-01 11:40:00,2.8333333333333335
78055,113,Short,1900-01-01 12:24:00,1900-01-01 15:15:00,2.85
78056,113,Short,1900-01-01 13:20:00,1900-01-01 16:05:00,2.75
78057,40,Short,1900-01-01 16:50:00,1900-01-01 17:50:00,1.0
78058,40,Short,1900-01-01 15:45:00,1900-01-01 16:40:00,0.9166666666666666
78059,113,Short,1900-01-01 17:04:00,1900-01-01 19:55:00,2.85
78060,113,Short,1900-01-01 18:00:00,1900-01-01 20:44:00,2.7333333333333334
78061,113,Short,1900-01-01 21:04:00,1900-01-01 23:45:00,2.683333333333333
78101,96,Short,1900-01-01 05:10:00,1900-01-01 07:15:00,2.0833333333333335
78102,96,Short,1900-01-01 17:15:00,1900-01-01 19:25:00,2.1666666666666665
78103,150,Short,1900-01-01 07:20:00,1900-01-01 11:15:00,3.9166666666666665
78104,150,Short,1900-01-01 11:40:00,1900-01-01 16:05:00,4.416666666666667
78502,27,Short,1900-01-01 09:50:00,1900-01-01 10:50:00,1.0
78503,165,Short,1900-01-01 17:35:00,1900-01-01 21:50:00,4.25
78504,165,Short,1900-01-01 05:45:00,1900-01-01 09:25:00,3.6666666666666665
78505,73,Short,1900-01-01 22:05:00,1900-01-01 23:45:00,1.6666666666666667
78511,16,Short,1900-01-01 06:05:00,1900-01-01 06:45:00,0.6666666666666666
78512,16,Short,1900-01-01 06:50:00,1900-01-01 07:30:00,0.6666666666666666
78513,16,Short,1900-01-01 07:40:00,1900-01-01 08:20:00,0.6666666666666666
78514,16,Short,1900-01-01 08:25:00,1900-01-01 09:05:00,0.6666666666666666
78515,16,Short,1900-01-01 10:30:00,1900-01-01 11:10:00,0.6666666666666666
78516,16,Short,1900-01-01 11:20:00,1900-01-01 12:00:00,0.6666666666666666
78517,16,Short,1900-01-01 15:30:00,1900-01-01 16:10:00,0.6666666666666666
78518,16,Short,1900-01-01 16:20:00,1900-01-01 17:00:00,0.6666666666666666
78519,16,Short,1900-01-01 17:10:00,1900-01-01 17:50:00,0.6666666666666666
78520,16,Short,1900-01-01 18:00:00,1900-01-01 18:40:00,0.6666666666666666
78531,60,Short,1900-01-01 08:30:00,1900-01-01 09:55:00,1.4166666666666667
78534,142,Short,1900-01-01 20:25:00,1900-01-01 23:30:00,3.0833333333333335
78801,89,Short,1900-01-01 04:30:00,1900-01-01 07:00:00,2.5
78802,87,Short,1900-01-01 07:50:00,1900-01-01 10:10:00,2.3333333333333335
78803,89,Short,1900-01-01 09:00:00,1900-01-01 11:35:00,2.5833333333333335
78804,87,Short,1900-01-01 11:45:00,1900-01-01 14:05:00,2.3333333333333335
78805,89,Short,1900-01-01 14:45:00,1900-01-01 17:05:00,2.3333333333333335
78806,87,Short,1900-01-01 17:30:00,1900-01-01 20:05:00,2.5833333333333335
78807,60,Short,1900-01-01 18:30:00,1900-01-01 20:15:00,1.75
78808,58,Short,1900-01-01 20:30:00,1900-01-01 22:05:00,1.5833333333333333
78809,89,Short,1900-01-01 22:30:00,1900-01-01 00:50:00,2.3333333333333335
78810,87,Short,1900-01-01 05:30:00,1900-01-01 07:50:00,2.3333333333333335
78811,47,Short,1900-01-01 04:15:00,1900-01-01 05:35:00,1.3333333333333333
78812,46,Short,1900-01-01 05:55:00,1900-01-01 07:15:00,1.3333333333333333
78813,47,Short,1900-01-01 10:35:00,1900-01-01 11:55:00,1.3333333333333333
78814,46,Short,1900-01-01 12:15:00,1900-01-01 13:35:00,1.3333333333333333
78815,149,Short,1900-01-01 09:20:00,1900-01-01 13:05:00,3.75
78816,129,Short,1900-01-01 05:50:00,1900-01-01 09:05:00,3.25
78817,89,Short,1900-01-01 21:00:00,1900-01-01 23:05:00,2.0833333333333335
78818,104,Short,1900-01-01 13:15:00,1900-01-01 15:50:00,2.5833333333333335
78819,249,Medium,1900-01-01 16:40:00,1900-01-01 00:20:00,7.666666666666667
78820,249,Medium,1900-01-01 10:20:00,1900-01-01 16:15:00,5.916666666666667
78821,89,Short,1900-01-01 12:15:00,1900-01-01 15:00:00,2.75
78822,87,Short,1900-01-01 15:30:00,1900-01-01 18:05:00,2.5833333333333335
78824,89,Short,1900-01-01 16:00:00,1900-01-01 18:00:00,2.0
78825,87,Short,1900-01-01 18:10:00,1900-01-01 20:10:00,2.0
78826,87,Short,1900-01-01 07:00:00,1900-01-01 09:00:00,2.0
78827,89,Short,1900-01-01 09:10:00,1900-01-01 11:10:00,2.0
79301,242,Medium,1900-01-01 18:30:00,1900-01-01 00:55:00,6.416666666666667
79302,242,Medium,1900-01-01 02:35:00,1900-01-01 09:40:00,7.083333333333333
79303,188,Short,1900-01-01 09:45:00,1900-01-01 14:00:00,4.25
79304,188,Short,1900-01-01 14:10:00,1900-01-01 18:10:00,4.0
79305,139,Short,1900-01-01 07:45:00,1900-01-01 11:35:00,3.8333333333333335
79306,139,Short,1900-01-01 13:00:00,1900-01-01 16:40:00,3.6666666666666665
79307,21,Short,1900-01-01 16:50:00,1900-01-01 17:50:00,1.0
79308,21,Short,1900-01-01 18:00:00,1900-01-01 18:55:00,0.9166666666666666
79309,139,Short,1900-01-01 19:10:00,1900-01-01 23:10:00,4.0
79310,139,Short,1900-01-01 06:00:00,1900-01-01 09:50:00,3.8333333333333335
79311,21,Short,1900-01-01 10:10:00,1900-01-01 11:05:00,0.9166666666666666
79312,21,Short,1900-01-01 11:15:00,1900-01-01 12:10:00,0.9166666666666666
79313,139,Short,1900-01-01 14:00:00,1900-01-01 18:05:00,4.083333333333333
79314,139,Short,1900-01-01 10:00:00,1900-01-01 13:50:00,3.8333333333333335
79315,21,Short,1900-01-01 21:05:00,1900-01-01 22:00:00,0.9166666666666666
79316,21,Short,1900-01-01 22:10:00,1900-01-01 23:05:00,0.9166666666666666
79317,139,Short,1900-01-01 05:30:00,1900-01-01 09:25:00,3.9166666666666665
79318,139,Short,1900-01-01 18:20:00,1900-01-01 22:00:00,3.6666666666666665
79319,21,Short,1900-01-01 14:40:00,1900-01-01 15:35:00,0.9166666666666666
79320,21,Short,1900-01-01 13:20:00,1900-01-01 14:15:00,0.9166666666666666
79321,21,Short,1900-01-01 18:00:00,1900-01-01 18:55:00,0.9166666666666666
79322,21,Short,1900-01-01 16:50:00,1900-01-01 17:45:00,0.9166666666666666
79323,21,Short,1900-01-01 20:20:00,1900-01-01 21:15:00,0.9166666666666666
79324,21,Short,1900-01-01 19:10:00,1900-01-01 20:05:00,0.9166666666666666
79325,21,Short,1900-01-01 22:45:00,1900-01-01 23:40:00,0.9166666666666666
79326,21,Short,1900-01-01 21:35:00,1900-01-01 22:30:00,0.9166666666666666
79413,51,Short,1900-01-01 13:35:00,1900-01-01 15:20:00,1.75
79414,51,Short,1900-01-01 13:30:00,1900-01-01 15:00:00,1.5
79415,51,Short,1900-01-01 11:15:00,1900-01-01 13:00:00,1.75
79416,51,Short,1900-01-01 11:10:00,1900-01-01 12:40:00,1.5
79417,51,Short,1900-01-01 07:05:00,1900-01-01 08:45:00,1.6666666666666667
79418,51,Short,1900-01-01 06:50:00,1900-01-01 08:30:00,1.6666666666666667
79419,51,Short,1900-01-01 18:00:00,1900-01-01 19:40:00,1.6666666666666667
79420,51,Short,1900-01-01 17:45:00,1900-01-01 19:25:00,1.6666666666666667
79421,51,Short,1900-01-01 05:00:00,1900-01-01 06:40:00,1.6666666666666667
79422,51,Short,1900-01-01 09:05:00,1900-01-01 10:45:00,1.6666666666666667
79423,51,Short,1900-01-01 15:35:00,1900-01-01 17:20:00,1.75
79424,51,Short,1900-01-01 19:55:00,1900-01-01 21:35:00,1.6666666666666667
79425,51,Short,1900-01-01 09:20:00,1900-01-01 11:00:00,1.6666666666666667
79426,51,Short,1900-01-01 15:30:00,1900-01-01 17:00:00,1.5
79427,51,Short,1900-01-01 20:10:00,1900-01-01 21:50:00,1.6666666666666667
79428,51,Short,1900-01-01 04:45:00,1900-01-01 06:25:00,1.6666666666666667
79429,63,Short,1900-01-01 22:35:00,1900-01-01 00:30:00,1.9166666666666667
79430,63,Short,1900-01-01 01:50:00,1900-01-01 03:20:00,1.5
79431,68,Short,1900-01-01 15:15:00,1900-01-01 16:55:00,1.6666666666666667
79432,68,Short,1900-01-01 07:55:00,1900-01-01 10:10:00,2.25
79433,109,Short,1900-01-01 18:50:00,1900-01-01 21:55:00,3.0833333333333335
79434,109,Short,1900-01-01 06:00:00,1900-01-01 08:55:00,2.9166666666666665
79435,109,Short,1900-01-01 10:25:00,1900-01-01 13:25:00,3.0
79436,109,Short,1900-01-01 13:50:00,1900-01-01 16:40:00,2.8333333333333335
79437,118,Short,1900-01-01 17:15:00,1900-01-01 20:30:00,3.25
79438,117,Short,1900-01-01 05:00:00,1900-01-01 07:50:00,2.8333333333333335
79441,28,Short,1900-01-01 07:10:00,1900-01-01 07:55:00,0.75
79442,28,Short,1900-01-01 08:10:00,1900-01-01 08:55:00,0.75
79443,28,Short,1900-01-01 09:30:00,1900-01-01 10:20:00,0.8333333333333334
79444,28,Short,1900-01-01 13:05:00,1900-01-01 13:50:00,0.75
79445,98,Short,1900-01-01 16:35:00,1900-01-01 20:10:00,3.5833333333333335
79446,28,Short,1900-01-01 17:30:00,1900-01-01 18:15:00,0.75
79447,28,Short,1900-01-01 19:20:00,1900-01-01 20:05:00,0.75
79448,28,Short,1900-01-01 20:20:00,1900-01-01 21:05:00,0.75
79449,47,Short,1900-01-01 10:30:00,1900-01-01 12:00:00,1.5
79450,47,Short,1900-01-01 12:15:00,1900-01-01 13:45:00,1.5
79451,28,Short,1900-01-01 22:00:00,1900-01-01 22:45:00,0.75
79452,28,Short,1900-01-01 06:00:00,1900-01-01 06:45:00,0.75
79453,28,Short,1900-01-01 12:10:00,1900-01-01 12:55:00,0.75
79454,98,Short,1900-01-01 07:10:00,1900-01-01 11:10:00,4.0
79455,105,Short,1900-01-01 11:35:00,1900-01-01 14:25:00,2.8333333333333335
79456,105,Short,1900-01-01 15:35:00,1900-01-01 18:30:00,2.9166666666666665
79457,36,Short,1900-01-01 08:20:00,1900-01-01 09:20:00,1.0
79458,36,Short,1900-01-01 09:30:00,1900-01-01 10:30:00,1.0
79459,36,Short,1900-01-01 17:45:00,1900-01-01 18:45:00,1.0
79460,36,Short,1900-01-01 19:00:00,1900-01-01 20:00:00,1.0
79481,39,Short,1900-01-01 08:20:00,1900-01-01 10:15:00,1.9166666666666667
79482,39,Short,1900-01-01 10:25:00,1900-01-01 12:10:00,1.75
79483,39,Short,1900-01-01 16:20:00,1900-01-01 18:05:00,1.75
79484,39,Short,1900-01-01 18:10:00,1900-01-01 20:00:00,1.8333333333333333
79485,1,Short,1900-01-01 06:30:00,1900-01-01 08:20:00,1.8333333333333333
79486,1,Short,1900-01-01 09:35:00,1900-01-01 11:25:00,1.8333333333333333
79487,1,Short,1900-01-01 12:20:00,1900-01-01 14:10:00,1.8333333333333333
79488,1,Short,1900-01-01 14:20:00,1900-01-01 16:10:00,1.8333333333333333
79489,1,Short,1900-01-01 16:20:00,1900-01-01 18:10:00,1.8333333333333333
79490,1,Short,1900-01-01 18:20:00,1900-01-01 20:10:00,1.8333333333333333
82355,1712,Long,1900-01-01 13:00:00,1900-01-01 16:05:00,3.0833333333333335
82601,649,Long,1900-01-01 21:50:00,1900-01-01 10:45:00,12.916666666666666
82606,649,Long,1900-01-01 15:30:00,1900-01-01 03:30:00,12.0
82631,695,Long,1900-01-01 20:00:00,1900-01-01 08:45:00,12.75
82635,849,Long,1900-01-01 22:30:00,1900-01-01 14:30:00,16.0
82651,3211,Long,1900-01-01 11:30:00,1900-01-01 20:25:00,8.916666666666666
82652,3212,Long,1900-01-01 05:40:00,1900-01-01 15:00:00,9.333333333333334
82653,2440,Long,1900-01-01 11:30:00,1900-01-01 06:35:00,19.083333333333332
82654,2440,Long,1900-01-01 22:15:00,1900-01-01 18:05:00,19.833333333333332
82665,668,Long,1900-01-01 20:15:00,1900-01-01 02:24:00,6.15
82666,663,Long,1900-01-01 20:45:00,1900-01-01 02:53:00,6.133333333333334
90540,60,Short,1900-01-01 12:27:00,1900-01-01 14:10:00,1.7166666666666666
90981,59,Short,1900-01-01 19:40:00,1900-01-01 21:06:00,1.4333333333333333
91392,10,Short,1900-01-01 12:08:00,1900-01-01 12:29:00,0.35
91393,10,Short,1900-01-01 12:35:00,1900-01-01 12:55:00,0.3333333333333333
91394,10,Short,1900-01-01 13:50:00,1900-01-01 14:10:00,0.3333333333333333
91395,10,Short,1900-01-01 14:16:00,1900-01-01 14:36:00,0.3333333333333333
91396,10,Short,1900-01-01 20:18:00,1900-01-01 20:39:00,0.35
91491,10,Short,1900-01-01 20:45:00,1900-01-01 21:05:00,0.3333333333333333
93001,63,Short,1900-01-01 05:00:00,1900-01-01 06:15:00,1.25
93002,101,Short,1900-01-01 05:40:00,1900-01-01 07:34:00,1.9
93003,63,Short,1900-01-01 05:35:00,1900-01-01 06:53:00,1.3
93004,63,Short,1900-01-01 07:05:00,1900-01-01 08:25:00,1.3333333333333333
93005,123,Short,1900-01-01 04:58:00,1900-01-01 07:30:00,2.533333333333333
93006,123,Short,1900-01-01 07:15:00,1900-01-01 09:59:00,2.7333333333333334
93007,123,Short,1900-01-01 05:24:00,1900-01-01 08:20:00,2.933333333333333
93008,89,Short,1900-01-01 08:30:00,1900-01-01 10:23:00,1.8833333333333333
93009,101,Short,1900-01-01 07:38:00,1900-01-01 09:50:00,2.2
93010,63,Short,1900-01-01 09:35:00,1900-01-01 10:50:00,1.25
93011,63,Short,1900-01-01 09:10:00,1900-01-01 10:35:00,1.4166666666666667
93012,63,Short,1900-01-01 10:05:00,1900-01-01 11:20:00,1.25
93013,89,Short,1900-01-01 10:31:00,1900-01-01 12:20:00,1.8166666666666667
93014,63,Short,1900-01-01 11:10:00,1900-01-01 12:25:00,1.25
93015,123,Short,1900-01-01 10:03:00,1900-01-01 12:55:00,2.8666666666666667
93016,123,Short,1900-01-01 12:42:00,1900-01-01 15:17:00,2.5833333333333335
93017,63,Short,1900-01-01 11:55:00,1900-01-01 13:15:00,1.3333333333333333
93018,63,Short,1900-01-01 13:20:00,1900-01-01 14:35:00,1.25
93019,63,Short,1900-01-01 12:15:00,1900-01-01 13:35:00,1.3333333333333333
93020,113,Short,1900-01-01 14:15:00,1900-01-01 16:28:00,2.216666666666667
93021,63,Short,1900-01-01 13:20:00,1900-01-01 14:40:00,1.3333333333333333
93022,113,Short,1900-01-01 15:20:00,1900-01-01 17:47:00,2.45
93023,63,Short,1900-01-01 15:05:00,1900-01-01 16:45:00,1.6666666666666667
93024,63,Short,1900-01-01 17:20:00,1900-01-01 18:35:00,1.25
93025,123,Short,1900-01-01 15:22:00,1900-01-01 18:05:00,2.716666666666667
93026,123,Short,1900-01-01 17:35:00,1900-01-01 20:14:00,2.65
93027,113,Short,1900-01-01 16:47:00,1900-01-01 19:15:00,2.466666666666667
93028,123,Short,1900-01-01 18:55:00,1900-01-01 21:41:00,2.7666666666666666
93029,113,Short,1900-01-01 18:00:00,1900-01-01 20:25:00,2.4166666666666665
93030,123,Short,1900-01-01 19:45:00,1900-01-01 22:17:00,2.533333333333333
93031,63,Short,1900-01-01 20:35:00,1900-01-01 21:50:00,1.25
93032,63,Short,1900-01-01 20:45:00,1900-01-01 22:00:00,1.25
93033,123,Short,1900-01-01 20:27:00,1900-01-01 23:05:00,2.6333333333333333
93034,63,Short,1900-01-01 22:35:00,1900-01-01 23:50:00,1.25
93101,63,Short,1900-01-01 05:35:00,1900-01-01 06:53:00,1.3
93102,63,Short,1900-01-01 07:05:00,1900-01-01 08:25:00,1.3333333333333333
93103,123,Short,1900-01-01 04:58:00,1900-01-01 07:30:00,2.533333333333333
93104,63,Short,1900-01-01 09:35:00,1900-01-01 10:50:00,1.25
93105,63,Short,1900-01-01 09:10:00,1900-01-01 10:35:00,1.4166666666666667
93109,63,Short,1900-01-01 13:20:00,1900-01-01 14:40:00,1.3333333333333333
95001,49,Short,1900-01-01 08:31:00,1900-01-01 09:27:00,0.9333333333333333
95002,49,Short,1900-01-01 06:34:00,1900-01-01 07:32:00,0.9666666666666667
95003,49,Short,1900-01-01 13:22:00,1900-01-01 14:20:00,0.9666666666666667
95004,49,Short,1900-01-01 05:08:00,1900-01-01 06:10:00,1.0333333333333334
95005,49,Short,1900-01-01 16:24:00,1900-01-01 17:22:00,0.9666666666666667
95006,49,Short,1900-01-01 08:58:00,1900-01-01 09:56:00,0.9666666666666667
95007,49,Short,1900-01-01 18:36:00,1900-01-01 19:33:00,0.95
95008,49,Short,1900-01-01 14:06:00,1900-01-01 15:04:00,0.9666666666666667
95009,49,Short,1900-01-01 21:48:00,1900-01-01 22:45:00,0.95
95010,49,Short,1900-01-01 16:46:00,1900-01-01 17:44:00,0.9666666666666667
95011,49,Short,1900-01-01 23:02:00,1900-01-01 23:58:00,0.9333333333333333
95012,49,Short,1900-01-01 18:20:00,1900-01-01 19:19:00,0.9833333333333333
95013,49,Short,1900-01-01 00:18:00,1900-01-01 01:15:00,0.95
95101,46,Short,1900-01-01 07:13:00,1900-01-01 08:05:00,0.8666666666666667
95102,46,Short,1900-01-01 04:47:00,1900-01-01 05:37:00,0.8333333333333334
95103,46,Short,1900-01-01 07:50:00,1900-01-01 08:43:00,0.8833333333333333
95104,46,Short,1900-01-01 05:53:00,1900-01-01 06:43:00,0.8333333333333334
95105,46,Short,1900-01-01 09:18:00,1900-01-01 10:09:00,0.85
95106,46,Short,1900-01-01 06:33:00,1900-01-01 07:24:00,0.85
95107,46,Short,1900-01-01 10:01:00,1900-01-01 10:51:00,0.8333333333333334
95108,46,Short,1900-01-01 07:00:00,1900-01-01 07:51:00,0.85
95109,46,Short,1900-01-01 10:38:00,1900-01-01 11:28:00,0.8333333333333334
95110,46,Short,1900-01-01 07:19:00,1900-01-01 08:09:00,0.8333333333333334
95111,46,Short,1900-01-01 11:40:00,1900-01-01 12:30:00,0.8333333333333334
95112,46,Short,1900-01-01 07:54:00,1900-01-01 08:44:00,0.8333333333333334
95113,46,Short,1900-01-01 12:15:00,1900-01-01 13:06:00,0.85
95114,46,Short,1900-01-01 08:27:00,1900-01-01 09:17:00,0.8333333333333334
95115,46,Short,1900-01-01 14:15:00,1900-01-01 15:05:00,0.8333333333333334
95116,46,Short,1900-01-01 09:45:00,1900-01-01 10:35:00,0.8333333333333334
95117,46,Short,1900-01-01 14:40:00,1900-01-01 15:30:00,0.8333333333333334
95118,46,Short,1900-01-01 10:45:00,1900-01-01 11:36:00,0.85
95119,46,Short,1900-01-01 15:54:00,1900-01-01 16:44:00,0.8333333333333334
95120,46,Short,1900-01-01 11:19:00,1900-01-01 12:09:00,0.8333333333333334
95121,46,Short,1900-01-01 16:53:00,1900-01-01 17:45:00,0.8666666666666667
95122,46,Short,1900-01-01 12:01:00,1900-01-01 12:51:00,0.8333333333333334
95123,46,Short,1900-01-01 17:31:00,1900-01-01 18:21:00,0.8333333333333334
95124,46,Short,1900-01-01 13:00:00,1900-01-01 13:51:00,0.85
95125,46,Short,1900-01-01 19:22:00,1900-01-01 20:12:00,0.8333333333333334
95126,46,Short,1900-01-01 13:57:00,1900-01-01 14:47:00,0.8333333333333334
95127,46,Short,1900-01-01 20:02:00,1900-01-01 20:53:00,0.85
95128,46,Short,1900-01-01 15:27:00,1900-01-01 16:17:00,0.8333333333333334
95129,46,Short,1900-01-01 20:53:00,1900-01-01 21:45:00,0.8666666666666667
95130,46,Short,1900-01-01 16:11:00,1900-01-01 17:01:00,0.8333333333333334
95131,46,Short,1900-01-01 22:29:00,1900-01-01 23:19:00,0.8333333333333334
95132,46,Short,1900-01-01 17:33:00,1900-01-01 18:23:00,0.8333333333333334
95134,46,Short,1900-01-01 17:56:00,1900-01-01 18:47:00,0.85
95136,46,Short,1900-01-01 18:42:00,1900-01-01 19:32:00,0.8333333333333334
95138,46,Short,1900-01-01 19:45:00,1900-01-01 20:35:00,0.8333333333333334
95140,46,Short,1900-01-01 20:40:00,1900-01-01 21:32:00,0.8666666666666667
95142,46,Short,1900-01-01 21:15:00,1900-01-01 22:05:00,0.8333333333333334
95144,46,Short,1900-01-01 22:03:00,1900-01-01 22:53:00,0.8333333333333334
95201,14,Short,1900-01-01 07:26:00,1900-01-01 07:44:00,0.3
95202,14,Short,1900-01-01 06:55:00,1900-01-01 07:14:00,0.31666666666666665
95203,14,Short,1900-01-01 08:07:00,1900-01-01 08:29:00,0.36666666666666664
95204,14,Short,1900-01-01 08:11:00,1900-01-01 08:29:00,0.3
95205,14,Short,1900-01-01 09:00:00,1900-01-01 09:19:00,0.31666666666666665
95206,14,Short,1900-01-01 09:29:00,1900-01-01 09:48:00,0.31666666666666665
95207,14,Short,1900-01-01 09:54:00,1900-01-01 10:14:00,0.3333333333333333
95208,14,Short,1900-01-01 10:42:00,1900-01-01 11:02:00,0.3333333333333333
95209,14,Short,1900-01-01 10:16:00,1900-01-01 10:35:00,0.31666666666666665
95210,14,Short,1900-01-01 18:55:00,1900-01-01 19:14:00,0.31666666666666665
95211,14,Short,1900-01-01 10:29:00,1900-01-01 10:48:00,0.31666666666666665
95212,14,Short,1900-01-01 19:35:00,1900-01-01 19:55:00,0.3333333333333333
95213,14,Short,1900-01-01 10:45:00,1900-01-01 11:04:00,0.31666666666666665
95214,14,Short,1900-01-01 08:45:00,1900-01-01 09:05:00,0.3333333333333333
95215,14,Short,1900-01-01 11:06:00,1900-01-01 11:28:00,0.36666666666666664
95216,14,Short,1900-01-01 13:22:00,1900-01-01 13:42:00,0.3333333333333333
95217,14,Short,1900-01-01 11:27:00,1900-01-01 11:48:00,0.35
95218,14,Short,1900-01-01 14:11:00,1900-01-01 14:30:00,0.31666666666666665
95219,14,Short,1900-01-01 11:48:00,1900-01-01 12:07:00,0.31666666666666665
95220,14,Short,1900-01-01 15:23:00,1900-01-01 15:42:00,0.31666666666666665
95221,14,Short,1900-01-01 12:51:00,1900-01-01 13:09:00,0.3
95222,14,Short,1900-01-01 15:42:00,1900-01-01 16:01:00,0.31666666666666665
95223,14,Short,1900-01-01 14:54:00,1900-01-01 15:15:00,0.35
95224,14,Short,1900-01-01 16:21:00,1900-01-01 16:40:00,0.31666666666666665
95225,14,Short,1900-01-01 15:09:00,1900-01-01 15:29:00,0.3333333333333333
95226,14,Short,1900-01-01 17:04:00,1900-01-01 17:23:00,0.31666666666666665
95227,14,Short,1900-01-01 17:01:00,1900-01-01 17:20:00,0.31666666666666665
95228,14,Short,1900-01-01 17:31:00,1900-01-01 17:50:00,0.31666666666666665
95229,14,Short,1900-01-01 17:46:00,1900-01-01 18:06:00,0.3333333333333333
95230,14,Short,1900-01-01 18:15:00,1900-01-01 18:35:00,0.3333333333333333
95231,14,Short,1900-01-01 18:28:00,1900-01-01 18:48:00,0.3333333333333333
95232,14,Short,1900-01-01 20:03:00,1900-01-01 20:22:00,0.31666666666666665
95233,14,Short,1900-01-01 19:02:00,1900-01-01 19:22:00,0.3333333333333333
95234,14,Short,1900-01-01 20:46:00,1900-01-01 21:07:00,0.35
95235,14,Short,1900-01-01 19:42:00,1900-01-01 20:01:00,0.31666666666666665
95236,14,Short,1900-01-01 21:00:00,1900-01-01 21:19:00,0.31666666666666665
95237,14,Short,1900-01-01 20:13:00,1900-01-01 20:32:00,0.31666666666666665
95239,14,Short,1900-01-01 20:24:00,1900-01-01 20:45:00,0.35
95241,14,Short,1900-01-01 23:32:00,1900-01-01 23:53:00,0.35
95301,6,Short,1900-01-01 09:27:00,1900-01-01 09:39:00,0.2
95302,6,Short,1900-01-01 07:17:00,1900-01-01 07:29:00,0.2
95303,6,Short,1900-01-01 09:49:00,1900-01-01 10:02:00,0.21666666666666667
95304,6,Short,1900-01-01 07:36:00,1900-01-01 07:48:00,0.2
95305,6,Short,1900-01-01 10:22:00,1900-01-01 10:34:00,0.2
95306,6,Short,1900-01-01 07:51:00,1900-01-01 08:03:00,0.2
95307,6,Short,1900-01-01 10:53:00,1900-01-01 11:05:00,0.2
95308,6,Short,1900-01-01 08:10:00,1900-01-01 08:22:00,0.2
95309,6,Short,1900-01-01 11:11:00,1900-01-01 11:24:00,0.21666666666666667
95310,6,Short,1900-01-01 08:27:00,1900-01-01 08:39:00,0.2
95311,6,Short,1900-01-01 11:32:00,1900-01-01 11:46:00,0.23333333333333334
95312,6,Short,1900-01-01 08:44:00,1900-01-01 08:56:00,0.2
95313,6,Short,1900-01-01 11:52:00,1900-01-01 12:04:00,0.2
95314,6,Short,1900-01-01 09:50:00,1900-01-01 10:02:00,0.2
95315,6,Short,1900-01-01 12:25:00,1900-01-01 12:37:00,0.2
95316,6,Short,1900-01-01 10:13:00,1900-01-01 10:25:00,0.2
95317,6,Short,1900-01-01 17:06:00,1900-01-01 17:17:00,0.18333333333333332
95318,6,Short,1900-01-01 11:35:00,1900-01-01 11:48:00,0.21666666666666667
95319,6,Short,1900-01-01 18:09:00,1900-01-01 18:22:00,0.21666666666666667
95320,6,Short,1900-01-01 19:13:00,1900-01-01 19:25:00,0.2
95321,6,Short,1900-01-01 18:47:00,1900-01-01 18:58:00,0.18333333333333332
95322,6,Short,1900-01-01 15:06:00,1900-01-01 15:18:00,0.2
95323,6,Short,1900-01-01 19:07:00,1900-01-01 19:19:00,0.2
95324,6,Short,1900-01-01 14:45:00,1900-01-01 14:57:00,0.2
95325,6,Short,1900-01-01 19:32:00,1900-01-01 19:44:00,0.2
95326,6,Short,1900-01-01 15:39:00,1900-01-01 15:51:00,0.2
95327,6,Short,1900-01-01 19:56:00,1900-01-01 20:10:00,0.23333333333333334
95328,6,Short,1900-01-01 16:24:00,1900-01-01 16:36:00,0.2
95329,6,Short,1900-01-01 20:28:00,1900-01-01 20:40:00,0.2
95330,6,Short,1900-01-01 16:45:00,1900-01-01 16:57:00,0.2
95331,6,Short,1900-01-01 20:45:00,1900-01-01 20:57:00,0.2
95332,6,Short,1900-01-01 17:25:00,1900-01-01 17:37:00,0.2
95334,6,Short,1900-01-01 17:50:00,1900-01-01 18:04:00,0.23333333333333334
95336,6,Short,1900-01-01 20:05:00,1900-01-01 20:18:00,0.21666666666666667
95338,6,Short,1900-01-01 20:50:00,1900-01-01 21:03:00,0.21666666666666667
95340,6,Short,1900-01-01 18:04:00,1900-01-01 18:17:00,0.21666666666666667
95342,6,Short,1900-01-01 18:32:00,1900-01-01 18:44:00,0.2
95401,67,Short,1900-01-01 07:55:00,1900-01-01 09:11:00,1.2666666666666666
95402,67,Short,1900-01-01 06:10:00,1900-01-01 07:20:00,1.1666666666666667
95403,67,Short,1900-01-01 09:35:00,1900-01-01 10:45:00,1.1666666666666667
95404,67,Short,1900-01-01 06:45:00,1900-01-01 07:56:00,1.1833333333333333
95405,67,Short,1900-01-01 10:43:00,1900-01-01 11:54:00,1.1833333333333333
95406,67,Short,1900-01-01 07:22:00,1900-01-01 08:35:00,1.2166666666666666
95407,67,Short,1900-01-01 11:19:00,1900-01-01 12:32:00,1.2166666666666666
95408,67,Short,1900-01-01 08:18:00,1900-01-01 09:30:00,1.2
95409,67,Short,1900-01-01 12:48:00,1900-01-01 13:58:00,1.1666666666666667
95410,67,Short,1900-01-01 10:10:00,1900-01-01 11:21:00,1.1833333333333333
95411,67,Short,1900-01-01 13:37:00,1900-01-01 14:47:00,1.1666666666666667
95412,67,Short,1900-01-01 11:12:00,1900-01-01 12:22:00,1.1666666666666667
95413,67,Short,1900-01-01 15:24:00,1900-01-01 16:34:00,1.1666666666666667
95414,67,Short,1900-01-01 12:19:00,1900-01-01 13:30:00,1.1833333333333333
95415,67,Short,1900-01-01 16:53:00,1900-01-01 18:03:00,1.1666666666666667
95416,67,Short,1900-01-01 13:31:00,1900-01-01 14:42:00,1.1833333333333333
95417,67,Short,1900-01-01 18:08:00,1900-01-01 19:18:00,1.1666666666666667
95418,67,Short,1900-01-01 14:44:00,1900-01-01 15:54:00,1.1666666666666667
95419,67,Short,1900-01-01 19:28:00,1900-01-01 20:40:00,1.2
95420,67,Short,1900-01-01 15:37:00,1900-01-01 16:48:00,1.1833333333333333
95421,67,Short,1900-01-01 20:21:00,1900-01-01 21:32:00,1.1833333333333333
95422,67,Short,1900-01-01 16:24:00,1900-01-01 17:35:00,1.1833333333333333
95423,67,Short,1900-01-01 21:54:00,1900-01-01 23:05:00,1.1833333333333333
95424,67,Short,1900-01-01 17:17:00,1900-01-01 18:27:00,1.1666666666666667
95425,67,Short,1900-01-01 00:07:00,1900-01-01 01:18:00,1.1833333333333333
95426,67,Short,1900-01-01 18:18:00,1900-01-01 19:28:00,1.1666666666666667
95428,67,Short,1900-01-01 20:15:00,1900-01-01 21:25:00,1.1666666666666667
95430,67,Short,1900-01-01 21:21:00,1900-01-01 22:31:00,1.1666666666666667
95501,32,Short,1900-01-01 08:34:00,1900-01-01 09:09:00,0.5833333333333334
95502,32,Short,1900-01-01 07:35:00,1900-01-01 08:11:00,0.6
95503,32,Short,1900-01-01 10:26:00,1900-01-01 11:05:00,0.65
95504,32,Short,1900-01-01 08:30:00,1900-01-01 09:07:00,0.6166666666666667
95505,32,Short,1900-01-01 14:19:00,1900-01-01 14:54:00,0.5833333333333334
95506,32,Short,1900-01-01 15:02:00,1900-01-01 15:39:00,0.6166666666666667
95507,32,Short,1900-01-01 15:57:00,1900-01-01 16:32:00,0.5833333333333334
95508,32,Short,1900-01-01 15:44:00,1900-01-01 16:19:00,0.5833333333333334
95509,32,Short,1900-01-01 17:31:00,1900-01-01 18:07:00,0.6
95510,32,Short,1900-01-01 16:44:00,1900-01-01 17:19:00,0.5833333333333334
95511,32,Short,1900-01-01 18:24:00,1900-01-01 19:00:00,0.6
95512,32,Short,1900-01-01 17:23:00,1900-01-01 18:03:00,0.6666666666666666
95513,32,Short,1900-01-01 18:45:00,1900-01-01 19:23:00,0.6333333333333333
95514,32,Short,1900-01-01 19:10:00,1900-01-01 19:46:00,0.6
95515,32,Short,1900-01-01 19:40:00,1900-01-01 20:18:00,0.6333333333333333
95516,32,Short,1900-01-01 20:33:00,1900-01-01 21:10:00,0.6166666666666667
95517,32,Short,1900-01-01 21:17:00,1900-01-01 21:52:00,0.5833333333333334
95601,10,Short,1900-01-01 10:11:00,1900-01-01 10:27:00,0.26666666666666666
95602,10,Short,1900-01-01 07:21:00,1900-01-01 07:36:00,0.25
95603,10,Short,1900-01-01 10:30:00,1900-01-01 10:47:00,0.2833333333333333
95604,10,Short,1900-01-01 09:04:00,1900-01-01 09:19:00,0.25
95605,10,Short,1900-01-01 10:47:00,1900-01-01 11:03:00,0.26666666666666666
95606,10,Short,1900-01-01 10:37:00,1900-01-01 10:53:00,0.26666666666666666
95607,10,Short,1900-01-01 11:53:00,1900-01-01 12:08:00,0.25
95608,10,Short,1900-01-01 15:58:00,1900-01-01 16:13:00,0.25
95609,10,Short,1900-01-01 12:13:00,1900-01-01 12:29:00,0.26666666666666666
95610,10,Short,1900-01-01 16:44:00,1900-01-01 16:59:00,0.25
95611,10,Short,1900-01-01 18:32:00,1900-01-01 18:47:00,0.25
95612,10,Short,1900-01-01 17:11:00,1900-01-01 17:26:00,0.25
95613,10,Short,1900-01-01 18:59:00,1900-01-01 19:15:00,0.26666666666666666
95614,10,Short,1900-01-01 17:30:00,1900-01-01 17:45:00,0.25
95615,10,Short,1900-01-01 19:46:00,1900-01-01 20:01:00,0.25
95616,10,Short,1900-01-01 18:24:00,1900-01-01 18:39:00,0.25
95617,10,Short,1900-01-01 20:35:00,1900-01-01 20:51:00,0.26666666666666666
95619,10,Short,1900-01-01 20:50:00,1900-01-01 21:05:00,0.25
95701,53,Short,1900-01-01 06:06:00,1900-01-01 07:06:00,1.0
95702,53,Short,1900-01-01 05:16:00,1900-01-01 06:36:00,1.3333333333333333
95703,53,Short,1900-01-01 07:29:00,1900-01-01 08:29:00,1.0
95704,53,Short,1900-01-01 07:14:00,1900-01-01 08:16:00,1.0333333333333334
95705,53,Short,1900-01-01 08:25:00,1900-01-01 09:24:00,0.9833333333333333
95706,44,Short,1900-01-01 07:25:00,1900-01-01 08:24:00,0.9833333333333333
95707,53,Short,1900-01-01 08:32:00,1900-01-01 09:44:00,1.2
95708,53,Short,1900-01-01 07:47:00,1900-01-01 09:01:00,1.2333333333333334
95709,53,Short,1900-01-01 09:00:00,1900-01-01 10:12:00,1.2
95710,53,Short,1900-01-01 08:13:00,1900-01-01 09:29:00,1.2666666666666666
95711,53,Short,1900-01-01 10:04:00,1900-01-01 11:17:00,1.2166666666666666
95712,53,Short,1900-01-01 08:36:00,1900-01-01 09:38:00,1.0333333333333334
95713,44,Short,1900-01-01 10:44:00,1900-01-01 11:33:00,0.8166666666666667
95714,53,Short,1900-01-01 08:41:00,1900-01-01 09:57:00,1.2666666666666666
95715,53,Short,1900-01-01 11:43:00,1900-01-01 12:56:00,1.2166666666666666
95716,53,Short,1900-01-01 08:47:00,1900-01-01 10:03:00,1.2666666666666666
95717,53,Short,1900-01-01 12:55:00,1900-01-01 13:57:00,1.0333333333333334
95718,53,Short,1900-01-01 09:00:00,1900-01-01 10:15:00,1.25
95719,53,Short,1900-01-01 15:17:00,1900-01-01 16:19:00,1.0333333333333334
95720,53,Short,1900-01-01 09:43:00,1900-01-01 10:57:00,1.2333333333333334
95721,53,Short,1900-01-01 15:56:00,1900-01-01 17:08:00,1.2
95722,44,Short,1900-01-01 09:47:00,1900-01-01 10:37:00,0.8333333333333334
95723,44,Short,1900-01-01 16:13:00,1900-01-01 17:02:00,0.8166666666666667
95724,53,Short,1900-01-01 11:44:00,1900-01-01 12:45:00,1.0166666666666666
95725,44,Short,1900-01-01 17:30:00,1900-01-01 18:17:00,0.7833333333333333
95726,53,Short,1900-01-01 14:10:00,1900-01-01 15:12:00,1.0333333333333334
95727,53,Short,1900-01-01 17:22:00,1900-01-01 18:36:00,1.2333333333333334
95728,53,Short,1900-01-01 16:30:00,1900-01-01 17:45:00,1.25
95729,44,Short,1900-01-01 18:00:00,1900-01-01 19:00:00,1.0
95730,44,Short,1900-01-01 16:31:00,1900-01-01 17:20:00,0.8166666666666667
95731,53,Short,1900-01-01 18:03:00,1900-01-01 19:17:00,1.2333333333333334
95732,53,Short,1900-01-01 16:58:00,1900-01-01 18:10:00,1.2
95733,53,Short,1900-01-01 18:33:00,1900-01-01 19:46:00,1.2166666666666666
95734,44,Short,1900-01-01 17:07:00,1900-01-01 17:52:00,0.75
95735,44,Short,1900-01-01 19:00:00,1900-01-01 20:00:00,1.0
95736,53,Short,1900-01-01 17:20:00,1900-01-01 18:33:00,1.2166666666666666
95737,53,Short,1900-01-01 18:57:00,1900-01-01 20:15:00,1.3
95738,53,Short,1900-01-01 17:41:00,1900-01-01 18:56:00,1.25
95739,53,Short,1900-01-01 19:33:00,1900-01-01 20:36:00,1.05
95740,53,Short,1900-01-01 18:23:00,1900-01-01 19:25:00,1.0333333333333334
95741,53,Short,1900-01-01 20:42:00,1900-01-01 21:58:00,1.2666666666666666
95742,53,Short,1900-01-01 18:42:00,1900-01-01 19:55:00,1.2166666666666666
95743,53,Short,1900-01-01 21:40:00,1900-01-01 23:01:00,1.35
95744,53,Short,1900-01-01 20:41:00,1900-01-01 21:43:00,1.0333333333333334
95745,53,Short,1900-01-01 21:54:00,1900-01-01 22:56:00,1.0333333333333334
95746,53,Short,1900-01-01 23:05:00,1900-01-01 00:05:00,1.0
95801,48,Short,1900-01-01 17:37:00,1900-01-01 18:42:00,1.0833333333333333
95802,48,Short,1900-01-01 08:14:00,1900-01-01 09:21:00,1.1166666666666667
95804,48,Short,1900-01-01 16:28:00,1900-01-01 17:34:00,1.1
95805,48,Short,1900-01-01 21:42:00,1900-01-01 22:52:00,1.1666666666666667
95808,48,Short,1900-01-01 17:22:00,1900-01-01 18:29:00,1.1166666666666667
95901,33,Short,1900-01-01 08:13:00,1900-01-01 08:52:00,0.65
95902,33,Short,1900-01-01 05:08:00,1900-01-01 05:52:00,0.7333333333333333
95903,33,Short,1900-01-01 08:54:00,1900-01-01 09:36:00,0.7
95904,33,Short,1900-01-01 08:02:00,1900-01-01 08:47:00,0.75
95905,33,Short,1900-01-01 09:04:00,1900-01-01 09:45:00,0.6833333333333333
95906,33,Short,1900-01-01 08:25:00,1900-01-01 09:08:00,0.7166666666666667
95907,33,Short,1900-01-01 09:50:00,1900-01-01 10:31:00,0.6833333333333333
95908,33,Short,1900-01-01 09:00:00,1900-01-01 09:45:00,0.75
95909,33,Short,1900-01-01 18:10:00,1900-01-01 18:51:00,0.6833333333333333
95910,33,Short,1900-01-01 09:54:00,1900-01-01 10:37:00,0.7166666666666667
95911,33,Short,1900-01-01 19:04:00,1900-01-01 19:46:00,0.7
95912,33,Short,1900-01-01 10:49:00,1900-01-01 11:33:00,0.7333333333333333
95913,33,Short,1900-01-01 20:30:00,1900-01-01 21:20:00,0.8333333333333334
95917,33,Short,1900-01-01 19:04:00,1900-01-01 19:47:00,0.7166666666666667
95919,33,Short,1900-01-01 20:30:00,1900-01-01 21:21:00,0.85
96001,2,Short,1900-01-01 05:40:00,1900-01-01 05:45:00,0.08333333333333333
96002,2,Short,1900-01-01 00:44:00,1900-01-01 00:51:00,0.11666666666666667
96003,49,Short,1900-01-01 05:50:00,1900-01-01 06:48:00,0.9666666666666667
96004,2,Short,1900-01-01 05:28:00,1900-01-01 05:35:00,0.11666666666666667
96005,2,Short,1900-01-01 08:00:00,1900-01-01 08:05:00,0.08333333333333333
96006,2,Short,1900-01-01 07:38:00,1900-01-01 07:45:00,0.11666666666666667
96007,2,Short,1900-01-01 10:40:00,1900-01-01 10:45:00,0.08333333333333333
96008,2,Short,1900-01-01 10:18:00,1900-01-01 10:25:00,0.11666666666666667
96009,2,Short,1900-01-01 11:55:00,1900-01-01 12:00:00,0.08333333333333333
96010,2,Short,1900-01-01 11:38:00,1900-01-01 11:45:00,0.11666666666666667
96011,2,Short,1900-01-01 13:15:00,1900-01-01 13:20:00,0.08333333333333333
96012,2,Short,1900-01-01 12:58:00,1900-01-01 13:05:00,0.11666666666666667
96013,2,Short,1900-01-01 15:27:00,1900-01-01 15:32:00,0.08333333333333333
96014,2,Short,1900-01-01 15:08:00,1900-01-01 15:15:00,0.11666666666666667
96015,2,Short,1900-01-01 20:34:00,1900-01-01 20:39:00,0.08333333333333333
96016,2,Short,1900-01-01 20:19:00,1900-01-01 20:26:00,0.11666666666666667
96017,2,Short,1900-01-01 21:40:00,1900-01-01 21:45:00,0.08333333333333333
96018,2,Short,1900-01-01 21:25:00,1900-01-01 21:32:00,0.11666666666666667
96019,49,Short,1900-01-01 23:57:00,1900-01-01 00:54:00,0.95
96020,49,Short,1900-01-01 22:33:00,1900-01-01 23:33:00,1.0
96022,2,Short,1900-01-01 23:38:00,1900-01-01 23:45:00,0.11666666666666667
96101,46,Short,1900-01-01 01:52:00,1900-01-01 02:45:00,0.8833333333333333
96102,46,Short,1900-01-01 02:35:00,1900-01-01 03:27:00,0.8666666666666667
96103,46,Short,1900-01-01 05:33:00,1900-01-01 06:24:00,0.85
96104,46,Short,1900-01-01 03:41:00,1900-01-01 04:32:00,0.85
96105,46,Short,1900-01-01 06:01:00,1900-01-01 06:52:00,0.85
96106,46,Short,1900-01-01 04:32:00,1900-01-01 05:23:00,0.85
96107,46,Short,1900-01-01 06:16:00,1900-01-01 07:08:00,0.8666666666666667
96108,46,Short,1900-01-01 12:21:00,1900-01-01 13:12:00,0.85
96109,46,Short,1900-01-01 06:48:00,1900-01-01 07:39:00,0.85
96110,46,Short,1900-01-01 13:27:00,1900-01-01 14:18:00,0.85
96111,46,Short,1900-01-01 11:12:00,1900-01-01 12:13:00,1.0166666666666666
96112,46,Short,1900-01-01 21:43:00,1900-01-01 22:33:00,0.8333333333333334
96113,46,Short,1900-01-01 12:39:00,1900-01-01 13:31:00,0.8666666666666667
96114,99,Short,1900-01-01 21:43:00,1900-01-01 00:04:00,2.35
96115,46,Short,1900-01-01 18:23:00,1900-01-01 19:14:00,0.85
96116,99,Short,1900-01-01 22:07:00,1900-01-01 00:25:00,2.3
96117,46,Short,1900-01-01 20:39:00,1900-01-01 21:30:00,0.85
96119,46,Short,1900-01-01 00:57:00,1900-01-01 01:48:00,0.85
96121,46,Short,1900-01-01 00:57:00,1900-01-01 01:48:00,0.85
96201,14,Short,1900-01-01 06:23:00,1900-01-01 06:43:00,0.3333333333333333
96202,14,Short,1900-01-01 05:41:00,1900-01-01 05:59:00,0.3
96203,14,Short,1900-01-01 13:39:00,1900-01-01 13:57:00,0.3
96204,14,Short,1900-01-01 06:15:00,1900-01-01 06:33:00,0.3
96205,14,Short,1900-01-01 15:43:00,1900-01-01 16:03:00,0.3333333333333333
96206,14,Short,1900-01-01 06:47:00,1900-01-01 07:04:00,0.2833333333333333
96207,14,Short,1900-01-01 16:33:00,1900-01-01 16:53:00,0.3333333333333333
96208,14,Short,1900-01-01 07:57:00,1900-01-01 08:17:00,0.3333333333333333
96209,14,Short,1900-01-01 19:26:00,1900-01-01 19:47:00,0.35
96210,14,Short,1900-01-01 08:53:00,1900-01-01 09:12:00,0.31666666666666665
96211,14,Short,1900-01-01 20:18:00,1900-01-01 20:39:00,0.35
96212,14,Short,1900-01-01 10:27:00,1900-01-01 10:47:00,0.3333333333333333
96213,14,Short,1900-01-01 21:02:00,1900-01-01 21:22:00,0.3333333333333333
96214,14,Short,1900-01-01 10:58:00,1900-01-01 11:23:00,0.4166666666666667
96215,14,Short,1900-01-01 21:23:00,1900-01-01 21:42:00,0.31666666666666665
96216,14,Short,1900-01-01 11:23:00,1900-01-01 11:44:00,0.35
96217,14,Short,1900-01-01 22:06:00,1900-01-01 22:26:00,0.3333333333333333
96218,14,Short,1900-01-01 11:41:00,1900-01-01 12:00:00,0.31666666666666665
96219,14,Short,1900-01-01 22:35:00,1900-01-01 22:55:00,0.3333333333333333
96220,14,Short,1900-01-01 12:00:00,1900-01-01 12:19:00,0.31666666666666665
96221,14,Short,1900-01-01 22:57:00,1900-01-01 23:16:00,0.31666666666666665
96222,14,Short,1900-01-01 12:22:00,1900-01-01 12:43:00,0.35
96223,14,Short,1900-01-01 23:16:00,1900-01-01 23:36:00,0.3333333333333333
96224,14,Short,1900-01-01 20:24:00,1900-01-01 20:45:00,0.35
96225,14,Short,1900-01-01 00:12:00,1900-01-01 00:32:00,0.3333333333333333
96226,14,Short,1900-01-01 21:37:00,1900-01-01 21:56:00,0.31666666666666665
96227,14,Short,1900-01-01 00:28:00,1900-01-01 00:48:00,0.3333333333333333
96228,14,Short,1900-01-01 21:58:00,1900-01-01 22:17:00,0.31666666666666665
96232,14,Short,1900-01-01 23:04:00,1900-01-01 23:25:00,0.35
96234,14,Short,1900-01-01 23:31:00,1900-01-01 23:51:00,0.3333333333333333
96236,67,Short,1900-01-01 23:50:00,1900-01-01 01:38:00,1.8
96301,6,Short,1900-01-01 01:32:00,1900-01-01 01:45:00,0.21666666666666667
96302,6,Short,1900-01-01 03:45:00,1900-01-01 03:58:00,0.21666666666666667
96303,6,Short,1900-01-01 06:52:00,1900-01-01 07:05:00,0.21666666666666667
96304,6,Short,1900-01-01 04:11:00,1900-01-01 04:23:00,0.2
96305,6,Short,1900-01-01 07:08:00,1900-01-01 07:22:00,0.23333333333333334
96306,6,Short,1900-01-01 04:55:00,1900-01-01 05:08:00,0.21666666666666667
96307,6,Short,1900-01-01 07:47:00,1900-01-01 07:59:00,0.2
96308,6,Short,1900-01-01 05:18:00,1900-01-01 05:30:00,0.2
96309,6,Short,1900-01-01 08:20:00,1900-01-01 08:33:00,0.21666666666666667
96310,6,Short,1900-01-01 06:10:00,1900-01-01 06:22:00,0.2
96311,6,Short,1900-01-01 13:12:00,1900-01-01 13:24:00,0.2
96312,6,Short,1900-01-01 10:58:00,1900-01-01 11:12:00,0.23333333333333334
96313,6,Short,1900-01-01 13:27:00,1900-01-01 13:40:00,0.21666666666666667
96314,6,Short,1900-01-01 11:17:00,1900-01-01 11:30:00,0.21666666666666667
96315,6,Short,1900-01-01 14:03:00,1900-01-01 14:15:00,0.2
96316,6,Short,1900-01-01 12:03:00,1900-01-01 12:15:00,0.2
96317,6,Short,1900-01-01 14:25:00,1900-01-01 14:38:00,0.21666666666666667
96318,6,Short,1900-01-01 12:19:00,1900-01-01 12:31:00,0.2
96319,6,Short,1900-01-01 14:45:00,1900-01-01 14:58:00,0.21666666666666667
96320,6,Short,1900-01-01 12:51:00,1900-01-01 13:04:00,0.21666666666666667
96321,6,Short,1900-01-01 15:17:00,1900-01-01 15:30:00,0.21666666666666667
96322,6,Short,1900-01-01 13:35:00,1900-01-01 13:47:00,0.2
96323,6,Short,1900-01-01 16:01:00,1900-01-01 16:14:00,0.21666666666666667
96324,6,Short,1900-01-01 14:00:00,1900-01-01 14:13:00,0.21666666666666667
96325,6,Short,1900-01-01 16:19:00,1900-01-01 16:32:00,0.21666666666666667
96326,6,Short,1900-01-01 14:24:00,1900-01-01 14:36:00,0.2
96327,6,Short,1900-01-01 17:23:00,1900-01-01 17:36:00,0.21666666666666667
96328,6,Short,1900-01-01 19:38:00,1900-01-01 19:50:00,0.2
96329,6,Short,1900-01-01 17:40:00,1900-01-01 17:54:00,0.23333333333333334
96330,6,Short,1900-01-01 21:15:00,1900-01-01 21:28:00,0.21666666666666667
96331,6,Short,1900-01-01 21:06:00,1900-01-01 21:19:00,0.21666666666666667
96332,6,Short,1900-01-01 21:33:00,1900-01-01 21:45:00,0.2
96333,6,Short,1900-01-01 21:41:00,1900-01-01 21:54:00,0.21666666666666667
96334,6,Short,1900-01-01 22:01:00,1900-01-01 22:13:00,0.2
96335,6,Short,1900-01-01 22:10:00,1900-01-01 22:23:00,0.21666666666666667
96336,59,Short,1900-01-01 22:01:00,1900-01-01 23:43:00,1.7
96337,6,Short,1900-01-01 23:08:00,1900-01-01 23:20:00,0.2
96339,6,Short,1900-01-01 00:01:00,1900-01-01 00:15:00,0.23333333333333334
96341,6,Short,1900-01-01 00:35:00,1900-01-01 00:49:00,0.23333333333333334
96343,6,Short,1900-01-01 01:19:00,1900-01-01 01:32:00,0.21666666666666667
96345,6,Short,1900-01-01 01:19:00,1900-01-01 01:32:00,0.21666666666666667
96401,67,Short,1900-01-01 01:43:00,1900-01-01 03:00:00,1.2833333333333334
96402,67,Short,1900-01-01 04:25:00,1900-01-01 05:35:00,1.1666666666666667
96403,67,Short,1900-01-01 05:43:00,1900-01-01 06:56:00,1.2166666666666666
96404,67,Short,1900-01-01 05:00:00,1900-01-01 06:10:00,1.1666666666666667
96405,67,Short,1900-01-01 06:28:00,1900-01-01 07:38:00,1.1666666666666667
96406,67,Short,1900-01-01 22:05:00,1900-01-01 23:17:00,1.2
96407,67,Short,1900-01-01 14:38:00,1900-01-01 15:47:00,1.15
96409,67,Short,1900-01-01 23:01:00,1900-01-01 00:11:00,1.1666666666666667
96501,21,Short,1900-01-01 05:05:00,1900-01-01 05:26:00,0.35
96502,32,Short,1900-01-01 06:11:00,1900-01-01 06:49:00,0.6333333333333333
96503,32,Short,1900-01-01 05:28:00,1900-01-01 06:03:00,0.5833333333333334
96504,32,Short,1900-01-01 07:08:00,1900-01-01 07:45:00,0.6166666666666667
96505,32,Short,1900-01-01 06:20:00,1900-01-01 06:57:00,0.6166666666666667
96506,32,Short,1900-01-01 08:47:00,1900-01-01 09:24:00,0.6166666666666667
96507,32,Short,1900-01-01 06:40:00,1900-01-01 07:16:00,0.6
96508,32,Short,1900-01-01 09:19:00,1900-01-01 09:55:00,0.6
96509,32,Short,1900-01-01 07:32:00,1900-01-01 08:07:00,0.5833333333333334
96510,32,Short,1900-01-01 10:00:00,1900-01-01 10:36:00,0.6
96511,32,Short,1900-01-01 08:04:00,1900-01-01 08:39:00,0.5833333333333334
96512,32,Short,1900-01-01 11:16:00,1900-01-01 11:52:00,0.6
96513,32,Short,1900-01-01 09:10:00,1900-01-01 09:45:00,0.5833333333333334
96514,32,Short,1900-01-01 13:16:00,1900-01-01 13:51:00,0.5833333333333334
96515,32,Short,1900-01-01 12:27:00,1900-01-01 13:03:00,0.6
96516,32,Short,1900-01-01 18:15:00,1900-01-01 18:52:00,0.6166666666666667
96517,32,Short,1900-01-01 15:00:00,1900-01-01 15:35:00,0.5833333333333334
96518,32,Short,1900-01-01 19:43:00,1900-01-01 20:20:00,0.6166666666666667
96519,32,Short,1900-01-01 16:28:00,1900-01-01 17:03:00,0.5833333333333334
96520,32,Short,1900-01-01 22:10:00,1900-01-01 22:50:00,0.6666666666666666
96521,32,Short,1900-01-01 22:25:00,1900-01-01 23:00:00,0.5833333333333334
96522,32,Short,1900-01-01 23:08:00,1900-01-01 23:42:00,0.5666666666666667
96524,32,Short,1900-01-01 23:32:00,1900-01-01 00:06:00,0.5666666666666667
96601,10,Short,1900-01-01 05:47:00,1900-01-01 06:02:00,0.25
96602,10,Short,1900-01-01 04:01:00,1900-01-01 04:16:00,0.25
96603,10,Short,1900-01-01 06:08:00,1900-01-01 06:23:00,0.25
96604,10,Short,1900-01-01 04:32:00,1900-01-01 04:47:00,0.25
96605,10,Short,1900-01-01 06:55:00,1900-01-01 07:10:00,0.25
96606,10,Short,1900-01-01 05:05:00,1900-01-01 05:20:00,0.25
96607,10,Short,1900-01-01 07:23:00,1900-01-01 07:38:00,0.25
96608,10,Short,1900-01-01 05:35:00,1900-01-01 05:50:00,0.25
96609,10,Short,1900-01-01 07:44:00,1900-01-01 07:59:00,0.25
96610,10,Short,1900-01-01 06:13:00,1900-01-01 06:28:00,0.25
96611,10,Short,1900-01-01 08:00:00,1900-01-01 08:14:00,0.23333333333333334
96612,10,Short,1900-01-01 06:46:00,1900-01-01 06:57:00,0.18333333333333332
96613,10,Short,1900-01-01 08:29:00,1900-01-01 08:44:00,0.25
96614,10,Short,1900-01-01 07:52:00,1900-01-01 08:07:00,0.25
96615,10,Short,1900-01-01 09:29:00,1900-01-01 09:44:00,0.25
96616,10,Short,1900-01-01 08:10:00,1900-01-01 08:25:00,0.25
96617,10,Short,1900-01-01 11:25:00,1900-01-01 11:40:00,0.25
96618,10,Short,1900-01-01 08:33:00,1900-01-01 08:50:00,0.2833333333333333
96619,10,Short,1900-01-01 12:34:00,1900-01-01 12:49:00,0.25
96620,10,Short,1900-01-01 09:54:00,1900-01-01 10:09:00,0.25
96621,10,Short,1900-01-01 12:53:00,1900-01-01 13:08:00,0.25
96622,10,Short,1900-01-01 10:54:00,1900-01-01 11:11:00,0.2833333333333333
96623,10,Short,1900-01-01 13:21:00,1900-01-01 13:36:00,0.25
96624,10,Short,1900-01-01 11:18:00,1900-01-01 11:35:00,0.2833333333333333
96625,10,Short,1900-01-01 14:11:00,1900-01-01 14:26:00,0.25
96626,10,Short,1900-01-01 11:54:00,1900-01-01 12:09:00,0.25
96627,10,Short,1900-01-01 14:42:00,1900-01-01 14:56:00,0.23333333333333334
96628,10,Short,1900-01-01 12:21:00,1900-01-01 12:36:00,0.25
96629,10,Short,1900-01-01 15:09:00,1900-01-01 15:23:00,0.23333333333333334
96630,10,Short,1900-01-01 12:45:00,1900-01-01 13:00:00,0.25
96631,10,Short,1900-01-01 15:35:00,1900-01-01 15:50:00,0.25
96632,10,Short,1900-01-01 13:01:00,1900-01-01 13:16:00,0.25
96633,10,Short,1900-01-01 16:13:00,1900-01-01 16:28:00,0.25
96634,10,Short,1900-01-01 13:20:00,1900-01-01 13:35:00,0.25
96635,10,Short,1900-01-01 16:47:00,1900-01-01 17:02:00,0.25
96636,10,Short,1900-01-01 13:51:00,1900-01-01 14:06:00,0.25
96637,10,Short,1900-01-01 17:01:00,1900-01-01 17:17:00,0.26666666666666666
96638,10,Short,1900-01-01 14:44:00,1900-01-01 14:59:00,0.25
96639,10,Short,1900-01-01 17:50:00,1900-01-01 18:05:00,0.25
96640,10,Short,1900-01-01 15:05:00,1900-01-01 15:21:00,0.26666666666666666
96641,10,Short,1900-01-01 20:03:00,1900-01-01 20:18:00,0.25
96642,10,Short,1900-01-01 15:35:00,1900-01-01 15:50:00,0.25
96643,10,Short,1900-01-01 21:33:00,1900-01-01 21:48:00,0.25
96644,10,Short,1900-01-01 19:01:00,1900-01-01 19:16:00,0.25
96645,10,Short,1900-01-01 22:02:00,1900-01-01 22:17:00,0.25
96646,10,Short,1900-01-01 19:47:00,1900-01-01 20:03:00,0.26666666666666666
96647,10,Short,1900-01-01 22:49:00,1900-01-01 23:04:00,0.25
96648,10,Short,1900-01-01 20:21:00,1900-01-01 20:36:00,0.25
96649,10,Short,1900-01-01 23:30:00,1900-01-01 23:45:00,0.25
96650,10,Short,1900-01-01 20:37:00,1900-01-01 20:53:00,0.26666666666666666
96651,10,Short,1900-01-01 00:19:00,1900-01-01 00:34:00,0.25
96652,10,Short,1900-01-01 21:00:00,1900-01-01 21:15:00,0.25
96653,10,Short,1900-01-01 00:47:00,1900-01-01 01:02:00,0.25
96654,10,Short,1900-01-01 21:24:00,1900-01-01 21:39:00,0.25
96655,10,Short,1900-01-01 01:12:00,1900-01-01 01:27:00,0.25
96656,10,Short,1900-01-01 22:06:00,1900-01-01 22:21:00,0.25
96657,64,Short,1900-01-01 23:44:00,1900-01-01 01:27:00,1.7166666666666666
96658,10,Short,1900-01-01 22:25:00,1900-01-01 22:41:00,0.26666666666666666
96660,10,Short,1900-01-01 23:14:00,1900-01-01 23:29:00,0.25
97000,53,Short,1900-01-01 04:59:00,1900-01-01 06:27:00,1.4666666666666666
97001,35,Short,1900-01-01 05:47:00,1900-01-01 06:43:00,0.9333333333333333
97002,53,Short,1900-01-01 04:41:00,1900-01-01 06:08:00,1.45
97003,35,Short,1900-01-01 06:04:00,1900-01-01 07:01:00,0.95
97004,53,Short,1900-01-01 05:21:00,1900-01-01 06:48:00,1.45
97005,35,Short,1900-01-01 06:21:00,1900-01-01 07:18:00,0.95
97006,53,Short,1900-01-01 06:04:00,1900-01-01 07:32:00,1.4666666666666666
97007,35,Short,1900-01-01 06:31:00,1900-01-01 07:28:00,0.95
97008,53,Short,1900-01-01 06:13:00,1900-01-01 07:40:00,1.45
97009,35,Short,1900-01-01 06:41:00,1900-01-01 07:38:00,0.95
97010,53,Short,1900-01-01 06:44:00,1900-01-01 08:12:00,1.4666666666666666
97011,53,Short,1900-01-01 06:12:00,1900-01-01 07:42:00,1.5
97012,44,Short,1900-01-01 06:56:00,1900-01-01 08:04:00,1.1333333333333333
97013,35,Short,1900-01-01 06:56:00,1900-01-01 07:54:00,0.9666666666666667
97014,53,Short,1900-01-01 07:13:00,1900-01-01 08:40:00,1.45
97015,53,Short,1900-01-01 06:40:00,1900-01-01 08:08:00,1.4666666666666666
97016,53,Short,1900-01-01 07:17:00,1900-01-01 08:47:00,1.5
97017,53,Short,1900-01-01 07:12:00,1900-01-01 08:40:00,1.4666666666666666
97018,53,Short,1900-01-01 07:35:00,1900-01-01 09:03:00,1.4666666666666666
97019,53,Short,1900-01-01 07:24:00,1900-01-01 08:52:00,1.4666666666666666
97020,53,Short,1900-01-01 07:50:00,1900-01-01 09:18:00,1.4666666666666666
97021,53,Short,1900-01-01 07:32:00,1900-01-01 09:00:00,1.4666666666666666
97022,53,Short,1900-01-01 07:57:00,1900-01-01 09:26:00,1.4833333333333334
97023,44,Short,1900-01-01 08:08:00,1900-01-01 09:16:00,1.1333333333333333
97024,53,Short,1900-01-01 08:00:00,1900-01-01 09:29:00,1.4833333333333334
97025,53,Short,1900-01-01 07:56:00,1900-01-01 09:22:00,1.4333333333333333
97026,44,Short,1900-01-01 08:22:00,1900-01-01 09:31:00,1.15
97027,53,Short,1900-01-01 08:12:00,1900-01-01 09:39:00,1.45
97028,44,Short,1900-01-01 09:07:00,1900-01-01 10:17:00,1.1666666666666667
97029,53,Short,1900-01-01 08:32:00,1900-01-01 09:59:00,1.45
97030,53,Short,1900-01-01 09:22:00,1900-01-01 10:52:00,1.5
97031,53,Short,1900-01-01 08:51:00,1900-01-01 10:21:00,1.5
97032,53,Short,1900-01-01 09:29:00,1900-01-01 11:00:00,1.5166666666666666
97033,20,Short,1900-01-01 10:06:00,1900-01-01 10:38:00,0.5333333333333333
97034,53,Short,1900-01-01 09:51:00,1900-01-01 11:20:00,1.4833333333333334
97035,44,Short,1900-01-01 09:39:00,1900-01-01 10:50:00,1.1833333333333333
97036,53,Short,1900-01-01 10:06:00,1900-01-01 11:34:00,1.4666666666666666
97037,53,Short,1900-01-01 09:29:00,1900-01-01 10:58:00,1.4833333333333334
97038,53,Short,1900-01-01 10:17:00,1900-01-01 11:45:00,1.4666666666666666
97039,53,Short,1900-01-01 10:02:00,1900-01-01 11:29:00,1.45
97040,53,Short,1900-01-01 10:27:00,1900-01-01 11:55:00,1.4666666666666666
97041,53,Short,1900-01-01 10:10:00,1900-01-01 11:38:00,1.4666666666666666
97042,37,Short,1900-01-01 10:41:00,1900-01-01 11:40:00,0.9833333333333333
97043,44,Short,1900-01-01 10:47:00,1900-01-01 11:59:00,1.2
97044,53,Short,1900-01-01 10:59:00,1900-01-01 12:27:00,1.4666666666666666
97045,44,Short,1900-01-01 11:05:00,1900-01-01 12:17:00,1.2
97046,20,Short,1900-01-01 11:07:00,1900-01-01 11:38:00,0.5166666666666667
97047,53,Short,1900-01-01 11:00:00,1900-01-01 12:29:00,1.4833333333333334
97048,53,Short,1900-01-01 11:23:00,1900-01-01 12:53:00,1.5
97049,53,Short,1900-01-01 11:12:00,1900-01-01 12:39:00,1.45
97050,44,Short,1900-01-01 11:39:00,1900-01-01 12:51:00,1.2
97051,37,Short,1900-01-01 12:02:00,1900-01-01 13:04:00,1.0333333333333334
97052,53,Short,1900-01-01 11:47:00,1900-01-01 13:17:00,1.5
97053,53,Short,1900-01-01 11:50:00,1900-01-01 13:17:00,1.45
97054,53,Short,1900-01-01 12:08:00,1900-01-01 13:37:00,1.4833333333333334
97055,53,Short,1900-01-01 12:08:00,1900-01-01 13:35:00,1.45
97056,20,Short,1900-01-01 12:25:00,1900-01-01 12:56:00,0.5166666666666667
97057,53,Short,1900-01-01 12:19:00,1900-01-01 13:48:00,1.4833333333333334
97058,53,Short,1900-01-01 12:40:00,1900-01-01 14:08:00,1.4666666666666666
97059,53,Short,1900-01-01 12:27:00,1900-01-01 13:54:00,1.45
97060,53,Short,1900-01-01 12:48:00,1900-01-01 14:16:00,1.4666666666666666
97061,53,Short,1900-01-01 12:31:00,1900-01-01 13:58:00,1.45
97062,53,Short,1900-01-01 13:08:00,1900-01-01 14:37:00,1.4833333333333334
97063,44,Short,1900-01-01 13:04:00,1900-01-01 14:13:00,1.15
97064,37,Short,1900-01-01 13:20:00,1900-01-01 14:18:00,0.9666666666666667
97065,53,Short,1900-01-01 12:57:00,1900-01-01 14:28:00,1.5166666666666666
97066,53,Short,1900-01-01 13:24:00,1900-01-01 14:52:00,1.4666666666666666
97067,53,Short,1900-01-01 13:01:00,1900-01-01 14:33:00,1.5333333333333334
97068,53,Short,1900-01-01 13:43:00,1900-01-01 15:11:00,1.4666666666666666
97069,53,Short,1900-01-01 13:21:00,1900-01-01 14:48:00,1.45
97070,53,Short,1900-01-01 13:56:00,1900-01-01 15:25:00,1.4833333333333334
97071,53,Short,1900-01-01 13:29:00,1900-01-01 14:56:00,1.45
97072,44,Short,1900-01-01 14:04:00,1900-01-01 15:13:00,1.15
97073,20,Short,1900-01-01 14:33:00,1900-01-01 15:05:00,0.5333333333333333
97074,53,Short,1900-01-01 14:08:00,1900-01-01 15:39:00,1.5166666666666666
97075,53,Short,1900-01-01 13:46:00,1900-01-01 15:13:00,1.45
97076,53,Short,1900-01-01 14:27:00,1900-01-01 15:56:00,1.4833333333333334
97077,37,Short,1900-01-01 14:32:00,1900-01-01 15:31:00,0.9833333333333333
97078,53,Short,1900-01-01 14:33:00,1900-01-01 16:01:00,1.4666666666666666
97079,53,Short,1900-01-01 14:12:00,1900-01-01 15:39:00,1.45
97080,53,Short,1900-01-01 14:41:00,1900-01-01 16:10:00,1.4833333333333334
97081,53,Short,1900-01-01 14:24:00,1900-01-01 15:52:00,1.4666666666666666
97082,53,Short,1900-01-01 14:55:00,1900-01-01 16:23:00,1.4666666666666666
97083,53,Short,1900-01-01 14:37:00,1900-01-01 16:04:00,1.45
97084,53,Short,1900-01-01 15:07:00,1900-01-01 16:34:00,1.45
97085,53,Short,1900-01-01 14:57:00,1900-01-01 16:24:00,1.45
97086,20,Short,1900-01-01 15:12:00,1900-01-01 15:43:00,0.5166666666666667
97087,44,Short,1900-01-01 15:26:00,1900-01-01 16:36:00,1.1666666666666667
97088,53,Short,1900-01-01 15:31:00,1900-01-01 17:03:00,1.5333333333333334
97089,53,Short,1900-01-01 15:17:00,1900-01-01 16:44:00,1.45
97090,53,Short,1900-01-01 15:39:00,1900-01-01 17:08:00,1.4833333333333334
97091,53,Short,1900-01-01 15:43:00,1900-01-01 17:12:00,1.4833333333333334
97092,44,Short,1900-01-01 15:48:00,1900-01-01 16:57:00,1.15
97093,53,Short,1900-01-01 15:52:00,1900-01-01 17:19:00,1.45
97094,20,Short,1900-01-01 16:00:00,1900-01-01 17:31:00,1.5166666666666666
97095,53,Short,1900-01-01 15:58:00,1900-01-01 17:27:00,1.4833333333333334
97096,53,Short,1900-01-01 16:17:00,1900-01-01 17:43:00,1.4333333333333333
97097,37,Short,1900-01-01 16:54:00,1900-01-01 17:54:00,1.0
97098,44,Short,1900-01-01 16:21:00,1900-01-01 17:29:00,1.1333333333333333
97099,35,Short,1900-01-01 17:15:00,1900-01-01 18:14:00,0.9833333333333333
97100,53,Short,1900-01-01 16:46:00,1900-01-01 18:14:00,1.4666666666666666
97101,53,Short,1900-01-01 16:48:00,1900-01-01 18:18:00,1.5
97102,53,Short,1900-01-01 17:16:00,1900-01-01 18:45:00,1.4833333333333334
97103,53,Short,1900-01-01 17:00:00,1900-01-01 18:30:00,1.5
97104,53,Short,1900-01-01 17:31:00,1900-01-01 19:01:00,1.5
97105,53,Short,1900-01-01 17:12:00,1900-01-01 18:41:00,1.4833333333333334
97106,53,Short,1900-01-01 17:59:00,1900-01-01 19:27:00,1.4666666666666666
97107,44,Short,1900-01-01 17:38:00,1900-01-01 18:47:00,1.15
97108,53,Short,1900-01-01 18:21:00,1900-01-01 19:49:00,1.4666666666666666
97109,35,Short,1900-01-01 17:59:00,1900-01-01 18:54:00,0.9166666666666666
97110,44,Short,1900-01-01 18:25:00,1900-01-01 19:33:00,1.1333333333333333
97111,53,Short,1900-01-01 17:36:00,1900-01-01 19:04:00,1.4666666666666666
97112,53,Short,1900-01-01 18:35:00,1900-01-01 20:02:00,1.45
97113,53,Short,1900-01-01 17:53:00,1900-01-01 19:21:00,1.4666666666666666
97114,53,Short,1900-01-01 18:46:00,1900-01-01 20:14:00,1.4666666666666666
97115,44,Short,1900-01-01 18:20:00,1900-01-01 19:33:00,1.2166666666666666
97116,37,Short,1900-01-01 18:54:00,1900-01-01 19:52:00,0.9666666666666667
97117,53,Short,1900-01-01 18:08:00,1900-01-01 19:37:00,1.4833333333333334
97118,20,Short,1900-01-01 18:58:00,1900-01-01 19:29:00,0.5166666666666667
97119,53,Short,1900-01-01 18:14:00,1900-01-01 19:42:00,1.4666666666666666
97120,44,Short,1900-01-01 19:08:00,1900-01-01 20:20:00,1.2
97121,44,Short,1900-01-01 18:43:00,1900-01-01 19:54:00,1.1833333333333333
97122,53,Short,1900-01-01 19:12:00,1900-01-01 20:42:00,1.5
97123,44,Short,1900-01-01 19:11:00,1900-01-01 20:25:00,1.2333333333333334
97124,53,Short,1900-01-01 19:27:00,1900-01-01 20:56:00,1.4833333333333334
97125,53,Short,1900-01-01 19:01:00,1900-01-01 20:29:00,1.4666666666666666
97126,44,Short,1900-01-01 19:38:00,1900-01-01 20:46:00,1.1333333333333333
97127,53,Short,1900-01-01 19:14:00,1900-01-01 20:42:00,1.4666666666666666
97128,53,Short,1900-01-01 19:42:00,1900-01-01 21:09:00,1.45
97129,53,Short,1900-01-01 19:18:00,1900-01-01 20:46:00,1.4666666666666666
97130,20,Short,1900-01-01 19:49:00,1900-01-01 20:21:00,0.5333333333333333
97131,37,Short,1900-01-01 19:57:00,1900-01-01 20:58:00,1.0166666666666666
97132,44,Short,1900-01-01 20:00:00,1900-01-01 21:11:00,1.1833333333333333
97133,53,Short,1900-01-01 19:45:00,1900-01-01 21:13:00,1.4666666666666666
97134,44,Short,1900-01-01 20:21:00,1900-01-01 21:31:00,1.1666666666666667
97135,44,Short,1900-01-01 20:27:00,1900-01-01 21:37:00,1.1666666666666667
97136,53,Short,1900-01-01 20:31:00,1900-01-01 21:58:00,1.45
97137,44,Short,1900-01-01 21:02:00,1900-01-01 22:14:00,1.2
97138,44,Short,1900-01-01 20:38:00,1900-01-01 21:47:00,1.15
97139,53,Short,1900-01-01 20:52:00,1900-01-01 22:21:00,1.4833333333333334
97140,37,Short,1900-01-01 20:52:00,1900-01-01 21:52:00,1.0
97141,44,Short,1900-01-01 21:17:00,1900-01-01 22:29:00,1.2
97142,53,Short,1900-01-01 21:04:00,1900-01-01 22:35:00,1.5166666666666666
97143,44,Short,1900-01-01 21:42:00,1900-01-01 22:53:00,1.1833333333333333
97144,53,Short,1900-01-01 21:20:00,1900-01-01 22:48:00,1.4666666666666666
97145,44,Short,1900-01-01 22:03:00,1900-01-01 23:13:00,1.1666666666666667
97146,53,Short,1900-01-01 22:06:00,1900-01-01 23:35:00,1.4833333333333334
97147,53,Short,1900-01-01 21:58:00,1900-01-01 23:26:00,1.4666666666666666
97148,37,Short,1900-01-01 22:26:00,1900-01-01 23:25:00,0.9833333333333333
97149,53,Short,1900-01-01 22:06:00,1900-01-01 23:34:00,1.4666666666666666
97150,20,Short,1900-01-01 23:39:00,1900-01-01 00:11:00,0.5333333333333333
97151,53,Short,1900-01-01 22:16:00,1900-01-01 23:45:00,1.4833333333333334
97152,20,Short,1900-01-01 23:58:00,1900-01-01 00:29:00,0.5166666666666667
97153,53,Short,1900-01-01 22:24:00,1900-01-01 23:53:00,1.4833333333333334
97155,44,Short,1900-01-01 22:52:00,1900-01-01 00:01:00,1.15
97201,48,Short,1900-01-01 06:20:00,1900-01-01 07:38:00,1.3
97202,48,Short,1900-01-01 05:57:00,1900-01-01 07:16:00,1.3166666666666667
97203,48,Short,1900-01-01 06:32:00,1900-01-01 07:50:00,1.3
97204,48,Short,1900-01-01 07:29:00,1900-01-01 08:50:00,1.35
97205,48,Short,1900-01-01 07:16:00,1900-01-01 08:34:00,1.3
97206,48,Short,1900-01-01 07:47:00,1900-01-01 09:07:00,1.3333333333333333
97207,48,Short,1900-01-01 07:36:00,1900-01-01 08:54:00,1.3
97208,48,Short,1900-01-01 08:41:00,1900-01-01 10:02:00,1.35
97209,48,Short,1900-01-01 08:20:00,1900-01-01 09:38:00,1.3
97210,48,Short,1900-01-01 09:05:00,1900-01-01 10:26:00,1.35
97211,48,Short,1900-01-01 09:15:00,1900-01-01 10:32:00,1.2833333333333334
97212,39,Short,1900-01-01 09:48:00,1900-01-01 10:50:00,1.0333333333333334
97213,48,Short,1900-01-01 09:33:00,1900-01-01 10:52:00,1.3166666666666667
97214,48,Short,1900-01-01 10:40:00,1900-01-01 12:00:00,1.3333333333333333
97215,48,Short,1900-01-01 10:22:00,1900-01-01 11:39:00,1.2833333333333334
97216,48,Short,1900-01-01 11:03:00,1900-01-01 12:23:00,1.3333333333333333
97217,48,Short,1900-01-01 10:36:00,1900-01-01 11:53:00,1.2833333333333334
97218,48,Short,1900-01-01 11:47:00,1900-01-01 13:09:00,1.3666666666666667
97219,48,Short,1900-01-01 11:24:00,1900-01-01 12:43:00,1.3166666666666667
97220,48,Short,1900-01-01 12:05:00,1900-01-01 13:25:00,1.3333333333333333
97221,48,Short,1900-01-01 12:39:00,1900-01-01 13:57:00,1.3
97222,48,Short,1900-01-01 13:00:00,1900-01-01 14:20:00,1.3333333333333333
97223,48,Short,1900-01-01 13:55:00,1900-01-01 15:13:00,1.3
97224,48,Short,1900-01-01 14:08:00,1900-01-01 15:30:00,1.3666666666666667
97225,48,Short,1900-01-01 15:13:00,1900-01-01 16:31:00,1.3
97226,48,Short,1900-01-01 15:36:00,1900-01-01 16:56:00,1.3333333333333333
97227,48,Short,1900-01-01 15:27:00,1900-01-01 16:48:00,1.35
97228,48,Short,1900-01-01 16:43:00,1900-01-01 18:04:00,1.35
97229,48,Short,1900-01-01 15:47:00,1900-01-01 17:06:00,1.3166666666666667
97230,48,Short,1900-01-01 17:02:00,1900-01-01 18:22:00,1.3333333333333333
97231,48,Short,1900-01-01 16:06:00,1900-01-01 17:24:00,1.3
97232,48,Short,1900-01-01 17:15:00,1900-01-01 18:34:00,1.3166666666666667
97233,48,Short,1900-01-01 16:34:00,1900-01-01 17:51:00,1.2833333333333334
97234,39,Short,1900-01-01 17:32:00,1900-01-01 18:34:00,1.0333333333333334
97235,39,Short,1900-01-01 17:13:00,1900-01-01 18:15:00,1.0333333333333334
97236,48,Short,1900-01-01 17:59:00,1900-01-01 19:18:00,1.3166666666666667
97237,39,Short,1900-01-01 17:58:00,1900-01-01 18:58:00,1.0
97238,48,Short,1900-01-01 18:25:00,1900-01-01 19:45:00,1.3333333333333333
97239,48,Short,1900-01-01 17:58:00,1900-01-01 19:19:00,1.35
97240,48,Short,1900-01-01 18:47:00,1900-01-01 20:06:00,1.3166666666666667
97241,48,Short,1900-01-01 18:22:00,1900-01-01 19:41:00,1.3166666666666667
97242,48,Short,1900-01-01 19:10:00,1900-01-01 20:33:00,1.3833333333333333
97243,48,Short,1900-01-01 18:42:00,1900-01-01 20:01:00,1.3166666666666667
97244,48,Short,1900-01-01 19:30:00,1900-01-01 20:52:00,1.3666666666666667
97245,48,Short,1900-01-01 19:05:00,1900-01-01 20:23:00,1.3
97246,48,Short,1900-01-01 19:53:00,1900-01-01 21:13:00,1.3333333333333333
97247,39,Short,1900-01-01 19:43:00,1900-01-01 20:45:00,1.0333333333333334
97248,48,Short,1900-01-01 20:20:00,1900-01-01 21:41:00,1.35
97249,48,Short,1900-01-01 20:00:00,1900-01-01 21:18:00,1.3
97250,48,Short,1900-01-01 20:34:00,1900-01-01 21:54:00,1.3333333333333333
97251,48,Short,1900-01-01 20:22:00,1900-01-01 21:40:00,1.3
97252,48,Short,1900-01-01 21:08:00,1900-01-01 22:32:00,1.4
97253,48,Short,1900-01-01 20:48:00,1900-01-01 22:08:00,1.3333333333333333
97254,39,Short,1900-01-01 21:33:00,1900-01-01 22:34:00,1.0166666666666666
97255,48,Short,1900-01-01 21:13:00,1900-01-01 22:31:00,1.3
97256,48,Short,1900-01-01 21:59:00,1900-01-01 23:20:00,1.35
97258,48,Short,1900-01-01 22:18:00,1900-01-01 23:39:00,1.35
97260,39,Short,1900-01-01 22:54:00,1900-01-01 23:54:00,1.0
97301,33,Short,1900-01-01 00:34:00,1900-01-01 01:30:00,0.9333333333333333
97302,33,Short,1900-01-01 04:00:00,1900-01-01 04:56:00,0.9333333333333333
97303,33,Short,1900-01-01 06:36:00,1900-01-01 07:32:00,0.9333333333333333
97304,33,Short,1900-01-01 04:20:00,1900-01-01 05:16:00,0.9333333333333333
97305,33,Short,1900-01-01 06:48:00,1900-01-01 07:44:00,0.9333333333333333
97306,33,Short,1900-01-01 04:40:00,1900-01-01 05:36:00,0.9333333333333333
97307,33,Short,1900-01-01 07:08:00,1900-01-01 08:04:00,0.9333333333333333
97308,33,Short,1900-01-01 05:20:00,1900-01-01 06:16:00,0.9333333333333333
97309,33,Short,1900-01-01 07:28:00,1900-01-01 08:24:00,0.9333333333333333
97310,33,Short,1900-01-01 05:30:00,1900-01-01 06:28:00,0.9666666666666667
97311,33,Short,1900-01-01 07:44:00,1900-01-01 08:40:00,0.9333333333333333
97312,33,Short,1900-01-01 05:40:00,1900-01-01 06:36:00,0.9333333333333333
97313,33,Short,1900-01-01 08:00:00,1900-01-01 08:56:00,0.9333333333333333
97314,33,Short,1900-01-01 05:46:00,1900-01-01 06:44:00,0.9666666666666667
97315,33,Short,1900-01-01 08:08:00,1900-01-01 09:04:00,0.9333333333333333
97316,33,Short,1900-01-01 06:00:00,1900-01-01 06:56:00,0.9333333333333333
97317,33,Short,1900-01-01 08:16:00,1900-01-01 09:12:00,0.9333333333333333
97318,33,Short,1900-01-01 06:16:00,1900-01-01 07:12:00,0.9333333333333333
97319,33,Short,1900-01-01 08:24:00,1900-01-01 09:20:00,0.9333333333333333
97320,33,Short,1900-01-01 06:28:00,1900-01-01 07:24:00,0.9333333333333333
97321,33,Short,1900-01-01 08:36:00,1900-01-01 09:32:00,0.9333333333333333
97322,33,Short,1900-01-01 06:52:00,1900-01-01 07:48:00,0.9333333333333333
97323,33,Short,1900-01-01 08:47:00,1900-01-01 09:45:00,0.9666666666666667
97324,33,Short,1900-01-01 07:04:00,1900-01-01 08:00:00,0.9333333333333333
97325,33,Short,1900-01-01 08:58:00,1900-01-01 09:54:00,0.9333333333333333
97326,33,Short,1900-01-01 07:24:00,1900-01-01 08:20:00,0.9333333333333333
97327,33,Short,1900-01-01 09:03:00,1900-01-01 10:02:00,0.9833333333333333
97328,33,Short,1900-01-01 07:40:00,1900-01-01 08:36:00,0.9333333333333333
97329,33,Short,1900-01-01 09:18:00,1900-01-01 10:14:00,0.9333333333333333
97330,33,Short,1900-01-01 07:55:00,1900-01-01 08:54:00,0.9833333333333333
97331,33,Short,1900-01-01 09:26:00,1900-01-01 10:23:00,0.95
97332,33,Short,1900-01-01 07:59:00,1900-01-01 08:57:00,0.9666666666666667
97333,33,Short,1900-01-01 09:37:00,1900-01-01 10:33:00,0.9333333333333333
97334,33,Short,1900-01-01 08:17:00,1900-01-01 09:15:00,0.9666666666666667
97335,33,Short,1900-01-01 09:41:00,1900-01-01 10:37:00,0.9333333333333333
97336,33,Short,1900-01-01 08:24:00,1900-01-01 09:22:00,0.9666666666666667
97337,33,Short,1900-01-01 09:49:00,1900-01-01 10:46:00,0.95
97338,33,Short,1900-01-01 08:36:00,1900-01-01 09:33:00,0.95
97339,33,Short,1900-01-01 10:06:00,1900-01-01 11:01:00,0.9166666666666666
97340,33,Short,1900-01-01 08:47:00,1900-01-01 09:45:00,0.9666666666666667
97341,33,Short,1900-01-01 10:14:00,1900-01-01 11:09:00,0.9166666666666666
97342,33,Short,1900-01-01 09:00:00,1900-01-01 09:58:00,0.9666666666666667
97343,33,Short,1900-01-01 10:26:00,1900-01-01 11:24:00,0.9666666666666667
97344,33,Short,1900-01-01 09:08:00,1900-01-01 10:06:00,0.9666666666666667
97345,33,Short,1900-01-01 10:40:00,1900-01-01 11:37:00,0.95
97346,33,Short,1900-01-01 09:16:00,1900-01-01 10:14:00,0.9666666666666667
97347,33,Short,1900-01-01 10:48:00,1900-01-01 11:48:00,1.0
97348,33,Short,1900-01-01 09:30:00,1900-01-01 10:30:00,1.0
97349,33,Short,1900-01-01 10:56:00,1900-01-01 11:52:00,0.9333333333333333
97350,33,Short,1900-01-01 09:41:00,1900-01-01 10:40:00,0.9833333333333333
97351,33,Short,1900-01-01 11:04:00,1900-01-01 12:00:00,0.9333333333333333
97352,33,Short,1900-01-01 09:50:00,1900-01-01 10:48:00,0.9666666666666667
97353,33,Short,1900-01-01 11:20:00,1900-01-01 12:15:00,0.9166666666666666
97354,33,Short,1900-01-01 09:58:00,1900-01-01 10:56:00,0.9666666666666667
97355,33,Short,1900-01-01 11:37:00,1900-01-01 12:33:00,0.9333333333333333
97356,33,Short,1900-01-01 10:06:00,1900-01-01 11:04:00,0.9666666666666667
97357,33,Short,1900-01-01 11:41:00,1900-01-01 12:37:00,0.9333333333333333
97358,33,Short,1900-01-01 10:18:00,1900-01-01 11:16:00,0.9666666666666667
97359,33,Short,1900-01-01 12:23:00,1900-01-01 13:19:00,0.9333333333333333
97360,33,Short,1900-01-01 10:30:00,1900-01-01 11:28:00,0.9666666666666667
97361,33,Short,1900-01-01 12:49:00,1900-01-01 13:49:00,1.0
97362,33,Short,1900-01-01 10:42:00,1900-01-01 11:41:00,0.9833333333333333
97363,33,Short,1900-01-01 13:09:00,1900-01-01 14:05:00,0.9333333333333333
97364,33,Short,1900-01-01 10:52:00,1900-01-01 11:50:00,0.9666666666666667
97365,33,Short,1900-01-01 13:38:00,1900-01-01 14:34:00,0.9333333333333333
97366,33,Short,1900-01-01 11:21:00,1900-01-01 12:19:00,0.9666666666666667
97367,33,Short,1900-01-01 14:00:00,1900-01-01 14:56:00,0.9333333333333333
97368,33,Short,1900-01-01 11:37:00,1900-01-01 12:35:00,0.9666666666666667
97369,33,Short,1900-01-01 14:20:00,1900-01-01 15:15:00,0.9166666666666666
97370,33,Short,1900-01-01 11:58:00,1900-01-01 12:57:00,0.9833333333333333
97371,33,Short,1900-01-01 14:29:00,1900-01-01 15:25:00,0.9333333333333333
97372,33,Short,1900-01-01 12:57:00,1900-01-01 13:55:00,0.9666666666666667
97373,33,Short,1900-01-01 15:37:00,1900-01-01 16:34:00,0.95
97374,33,Short,1900-01-01 13:27:00,1900-01-01 14:25:00,0.9666666666666667
97375,24,Short,1900-01-01 16:13:00,1900-01-01 16:51:00,0.6333333333333333
97376,33,Short,1900-01-01 13:59:00,1900-01-01 14:57:00,0.9666666666666667
97377,33,Short,1900-01-01 16:09:00,1900-01-01 17:05:00,0.9333333333333333
97378,33,Short,1900-01-01 14:22:00,1900-01-01 15:21:00,0.9833333333333333
97379,33,Short,1900-01-01 16:19:00,1900-01-01 17:15:00,0.9333333333333333
97380,33,Short,1900-01-01 14:54:00,1900-01-01 15:52:00,0.9666666666666667
97381,33,Short,1900-01-01 16:30:00,1900-01-01 17:26:00,0.9333333333333333
97382,33,Short,1900-01-01 15:16:00,1900-01-01 16:13:00,0.95
97383,33,Short,1900-01-01 16:38:00,1900-01-01 17:35:00,0.95
97384,24,Short,1900-01-01 15:23:00,1900-01-01 16:01:00,0.6333333333333333
97385,33,Short,1900-01-01 16:52:00,1900-01-01 17:48:00,0.9333333333333333
97386,33,Short,1900-01-01 15:41:00,1900-01-01 16:39:00,0.9666666666666667
97387,33,Short,1900-01-01 17:04:00,1900-01-01 18:00:00,0.9333333333333333
97388,33,Short,1900-01-01 15:55:00,1900-01-01 16:52:00,0.95
97389,33,Short,1900-01-01 17:08:00,1900-01-01 18:04:00,0.9333333333333333
97390,33,Short,1900-01-01 16:15:00,1900-01-01 17:12:00,0.95
97391,33,Short,1900-01-01 17:16:00,1900-01-01 18:12:00,0.9333333333333333
97392,33,Short,1900-01-01 16:27:00,1900-01-01 17:24:00,0.95
97393,33,Short,1900-01-01 17:24:00,1900-01-01 18:20:00,0.9333333333333333
97394,33,Short,1900-01-01 16:30:00,1900-01-01 17:28:00,0.9666666666666667
97395,33,Short,1900-01-01 17:32:00,1900-01-01 18:28:00,0.9333333333333333
97396,33,Short,1900-01-01 16:35:00,1900-01-01 17:32:00,0.95
97397,33,Short,1900-01-01 17:44:00,1900-01-01 18:40:00,0.9333333333333333
97398,33,Short,1900-01-01 16:42:00,1900-01-01 17:40:00,0.9666666666666667
97399,33,Short,1900-01-01 18:04:00,1900-01-01 19:02:00,0.9666666666666667
97400,33,Short,1900-01-01 16:58:00,1900-01-01 17:53:00,0.9166666666666666
97401,33,Short,1900-01-01 18:29:00,1900-01-01 19:26:00,0.95
97402,33,Short,1900-01-01 17:01:00,1900-01-01 17:58:00,0.95
97403,33,Short,1900-01-01 18:38:00,1900-01-01 19:34:00,0.9333333333333333
97404,33,Short,1900-01-01 17:10:00,1900-01-01 18:09:00,0.9833333333333333
97405,33,Short,1900-01-01 18:46:00,1900-01-01 19:42:00,0.9333333333333333
97406,24,Short,1900-01-01 17:14:00,1900-01-01 17:52:00,0.6333333333333333
97407,33,Short,1900-01-01 18:57:00,1900-01-01 19:53:00,0.9333333333333333
97408,33,Short,1900-01-01 17:20:00,1900-01-01 18:18:00,0.9666666666666667
97409,24,Short,1900-01-01 19:27:00,1900-01-01 20:06:00,0.65
97410,24,Short,1900-01-01 17:31:00,1900-01-01 18:11:00,0.6666666666666666
97411,33,Short,1900-01-01 19:22:00,1900-01-01 20:17:00,0.9166666666666666
97412,33,Short,1900-01-01 17:42:00,1900-01-01 18:41:00,0.9833333333333333
97413,33,Short,1900-01-01 19:35:00,1900-01-01 20:32:00,0.95
97414,33,Short,1900-01-01 17:52:00,1900-01-01 18:50:00,0.9666666666666667
97415,24,Short,1900-01-01 19:57:00,1900-01-01 20:35:00,0.6333333333333333
97416,33,Short,1900-01-01 18:06:00,1900-01-01 19:05:00,0.9833333333333333
97417,33,Short,1900-01-01 19:50:00,1900-01-01 20:46:00,0.9333333333333333
97418,33,Short,1900-01-01 18:12:00,1900-01-01 19:09:00,0.95
97419,33,Short,1900-01-01 20:17:00,1900-01-01 21:13:00,0.9333333333333333
97420,24,Short,1900-01-01 18:16:00,1900-01-01 18:55:00,0.65
97421,33,Short,1900-01-01 20:35:00,1900-01-01 21:31:00,0.9333333333333333
97422,33,Short,1900-01-01 18:24:00,1900-01-01 19:22:00,0.9666666666666667
97423,33,Short,1900-01-01 21:04:00,1900-01-01 21:59:00,0.9166666666666666
97424,24,Short,1900-01-01 18:36:00,1900-01-01 19:14:00,0.6333333333333333
97425,33,Short,1900-01-01 22:02:00,1900-01-01 22:57:00,0.9166666666666666
97426,33,Short,1900-01-01 18:44:00,1900-01-01 19:42:00,0.9666666666666667
97427,33,Short,1900-01-01 22:39:00,1900-01-01 23:34:00,0.9166666666666666
97428,33,Short,1900-01-01 18:57:00,1900-01-01 19:55:00,0.9666666666666667
97429,24,Short,1900-01-01 22:30:00,1900-01-01 23:09:00,0.65
97430,24,Short,1900-01-01 19:12:00,1900-01-01 19:51:00,0.65
97431,33,Short,1900-01-01 22:47:00,1900-01-01 23:42:00,0.9166666666666666
97432,33,Short,1900-01-01 19:30:00,1900-01-01 20:28:00,0.9666666666666667
97433,33,Short,1900-01-01 22:59:00,1900-01-01 23:55:00,0.9333333333333333
97434,33,Short,1900-01-01 19:38:00,1900-01-01 20:38:00,1.0
97435,33,Short,1900-01-01 23:12:00,1900-01-01 00:07:00,0.9166666666666666
97436,33,Short,1900-01-01 19:48:00,1900-01-01 20:46:00,0.9666666666666667
97437,33,Short,1900-01-01 23:39:00,1900-01-01 00:35:00,0.9333333333333333
97438,33,Short,1900-01-01 20:03:00,1900-01-01 21:01:00,0.9666666666666667
97439,33,Short,1900-01-01 23:59:00,1900-01-01 00:55:00,0.9333333333333333
97440,33,Short,1900-01-01 21:21:00,1900-01-01 22:20:00,0.9833333333333333
97441,33,Short,1900-01-01 23:35:00,1900-01-01 00:30:00,0.9166666666666666
97442,24,Short,1900-01-01 21:41:00,1900-01-01 22:20:00,0.65
97444,33,Short,1900-01-01 21:31:00,1900-01-01 22:30:00,0.9833333333333333
97445,33,Short,1900-01-01 23:52:00,1900-01-01 00:48:00,0.9333333333333333
97446,33,Short,1900-01-01 21:54:00,1900-01-01 22:52:00,0.9666666666666667
97501,19,Short,1900-01-01 08:40:00,1900-01-01 09:14:00,0.5666666666666667
97502,19,Short,1900-01-01 09:18:00,1900-01-01 09:55:00,0.6166666666666667
97503,19,Short,1900-01-01 09:07:00,1900-01-01 09:41:00,0.5666666666666667
97504,19,Short,1900-01-01 09:45:00,1900-01-01 10:22:00,0.6166666666666667
97601,15,Short,1900-01-01 08:28:00,1900-01-01 08:56:00,0.4666666666666667
97602,15,Short,1900-01-01 04:51:00,1900-01-01 05:21:00,0.5
97603,15,Short,1900-01-01 08:43:00,1900-01-01 09:11:00,0.4666666666666667
97604,15,Short,1900-01-01 05:42:00,1900-01-01 06:12:00,0.5
97605,15,Short,1900-01-01 08:55:00,1900-01-01 09:23:00,0.4666666666666667
97606,15,Short,1900-01-01 05:54:00,1900-01-01 06:24:00,0.5
97607,15,Short,1900-01-01 09:11:00,1900-01-01 09:39:00,0.4666666666666667
97608,15,Short,1900-01-01 07:38:00,1900-01-01 08:08:00,0.5
97609,15,Short,1900-01-01 09:22:00,1900-01-01 09:52:00,0.5
97610,15,Short,1900-01-01 09:11:00,1900-01-01 09:41:00,0.5
97611,15,Short,1900-01-01 09:54:00,1900-01-01 10:22:00,0.4666666666666667
97612,15,Short,1900-01-01 09:39:00,1900-01-01 10:10:00,0.5166666666666667
97613,15,Short,1900-01-01 10:18:00,1900-01-01 10:46:00,0.4666666666666667
97614,15,Short,1900-01-01 10:03:00,1900-01-01 10:34:00,0.5166666666666667
97615,15,Short,1900-01-01 10:30:00,1900-01-01 11:01:00,0.5166666666666667
97616,15,Short,1900-01-01 10:41:00,1900-01-01 11:11:00,0.5
97617,15,Short,1900-01-01 10:44:00,1900-01-01 11:13:00,0.48333333333333334
97618,15,Short,1900-01-01 15:47:00,1900-01-01 16:17:00,0.5
97619,15,Short,1900-01-01 10:52:00,1900-01-01 11:22:00,0.5
97620,15,Short,1900-01-01 16:13:00,1900-01-01 16:43:00,0.5
97621,15,Short,1900-01-01 11:16:00,1900-01-01 11:44:00,0.4666666666666667
97622,15,Short,1900-01-01 17:06:00,1900-01-01 17:36:00,0.5
97623,15,Short,1900-01-01 16:43:00,1900-01-01 17:11:00,0.4666666666666667
97624,15,Short,1900-01-01 17:21:00,1900-01-01 17:50:00,0.48333333333333334
97625,15,Short,1900-01-01 17:28:00,1900-01-01 17:56:00,0.4666666666666667
97626,15,Short,1900-01-01 17:56:00,1900-01-01 18:26:00,0.5
97627,15,Short,1900-01-01 17:48:00,1900-01-01 18:16:00,0.4666666666666667
97628,15,Short,1900-01-01 18:07:00,1900-01-01 18:37:00,0.5
97629,15,Short,1900-01-01 18:18:00,1900-01-01 18:46:00,0.4666666666666667
97630,15,Short,1900-01-01 18:27:00,1900-01-01 18:57:00,0.5
97631,15,Short,1900-01-01 18:50:00,1900-01-01 19:18:00,0.4666666666666667
97632,15,Short,1900-01-01 19:00:00,1900-01-01 19:30:00,0.5
97633,15,Short,1900-01-01 20:26:00,1900-01-01 20:55:00,0.48333333333333334
97634,15,Short,1900-01-01 19:28:00,1900-01-01 19:59:00,0.5166666666666667
97635,15,Short,1900-01-01 22:09:00,1900-01-01 22:37:00,0.4666666666666667
97636,15,Short,1900-01-01 19:19:00,1900-01-01 19:49:00,0.5
97637,15,Short,1900-01-01 22:27:00,1900-01-01 22:56:00,0.48333333333333334
97638,15,Short,1900-01-01 18:05:00,1900-01-01 18:35:00,0.5
97639,15,Short,1900-01-01 22:55:00,1900-01-01 23:23:00,0.4666666666666667
97640,15,Short,1900-01-01 18:12:00,1900-01-01 18:43:00,0.5166666666666667
97641,15,Short,1900-01-01 23:25:00,1900-01-01 23:53:00,0.4666666666666667
97642,15,Short,1900-01-01 18:32:00,1900-01-01 19:03:00,0.5166666666666667
97643,15,Short,1900-01-01 23:48:00,1900-01-01 00:16:00,0.4666666666666667
97644,15,Short,1900-01-01 18:55:00,1900-01-01 19:25:00,0.5
97645,15,Short,1900-01-01 21:03:00,1900-01-01 21:32:00,0.48333333333333334
97646,15,Short,1900-01-01 19:20:00,1900-01-01 19:50:00,0.5
97647,15,Short,1900-01-01 22:06:00,1900-01-01 22:35:00,0.48333333333333334
97648,15,Short,1900-01-01 19:47:00,1900-01-01 20:17:00,0.5
97649,15,Short,1900-01-01 22:30:00,1900-01-01 22:59:00,0.48333333333333334
97651,15,Short,1900-01-01 22:54:00,1900-01-01 23:23:00,0.48333333333333334
97653,15,Short,1900-01-01 23:25:00,1900-01-01 23:54:00,0.48333333333333334
97655,15,Short,1900-01-01 23:56:00,1900-01-01 00:25:00,0.48333333333333334
98000,49,Short,1900-01-01 04:00:00,1900-01-01 05:17:00,1.2833333333333334
98001,49,Short,1900-01-01 00:13:00,1900-01-01 01:30:00,1.2833333333333334
98002,49,Short,1900-01-01 04:26:00,1900-01-01 05:43:00,1.2833333333333334
98003,49,Short,1900-01-01 00:28:00,1900-01-01 01:45:00,1.2833333333333334
98004,49,Short,1900-01-01 04:59:00,1900-01-01 06:16:00,1.2833333333333334
98005,49,Short,1900-01-01 00:45:00,1900-01-01 02:02:00,1.2833333333333334
98006,49,Short,1900-01-01 05:23:00,1900-01-01 06:40:00,1.2833333333333334
98007,49,Short,1900-01-01 04:23:00,1900-01-01 05:40:00,1.2833333333333334
98008,49,Short,1900-01-01 05:39:00,1900-01-01 06:56:00,1.2833333333333334
98009,49,Short,1900-01-01 04:39:00,1900-01-01 05:56:00,1.2833333333333334
98010,49,Short,1900-01-01 05:51:00,1900-01-01 07:08:00,1.2833333333333334
98011,49,Short,1900-01-01 04:51:00,1900-01-01 06:08:00,1.2833333333333334
98012,49,Short,1900-01-01 06:05:00,1900-01-01 07:22:00,1.2833333333333334
98013,20,Short,1900-01-01 05:50:00,1900-01-01 06:21:00,0.5166666666666667
98014,49,Short,1900-01-01 06:23:00,1900-01-01 07:40:00,1.2833333333333334
98015,49,Short,1900-01-01 05:08:00,1900-01-01 06:25:00,1.2833333333333334
98016,49,Short,1900-01-01 06:35:00,1900-01-01 07:53:00,1.3
98017,49,Short,1900-01-01 05:22:00,1900-01-01 06:39:00,1.2833333333333334
98018,39,Short,1900-01-01 06:43:00,1900-01-01 07:43:00,1.0
98019,49,Short,1900-01-01 05:30:00,1900-01-01 06:47:00,1.2833333333333334
98020,49,Short,1900-01-01 06:51:00,1900-01-01 08:09:00,1.3
98021,20,Short,1900-01-01 06:25:00,1900-01-01 06:55:00,0.5
98022,49,Short,1900-01-01 07:08:00,1900-01-01 08:26:00,1.3
98023,49,Short,1900-01-01 05:47:00,1900-01-01 07:04:00,1.2833333333333334
98024,49,Short,1900-01-01 07:20:00,1900-01-01 08:37:00,1.2833333333333334
98025,49,Short,1900-01-01 06:00:00,1900-01-01 07:17:00,1.2833333333333334
98026,39,Short,1900-01-01 07:28:00,1900-01-01 08:27:00,0.9833333333333333
98027,49,Short,1900-01-01 06:08:00,1900-01-01 07:25:00,1.2833333333333334
98028,49,Short,1900-01-01 07:32:00,1900-01-01 08:49:00,1.2833333333333334
98029,49,Short,1900-01-01 06:20:00,1900-01-01 07:37:00,1.2833333333333334
98030,49,Short,1900-01-01 07:48:00,1900-01-01 09:05:00,1.2833333333333334
98031,39,Short,1900-01-01 06:42:00,1900-01-01 07:44:00,1.0333333333333334
98032,39,Short,1900-01-01 07:56:00,1900-01-01 08:55:00,0.9833333333333333
98033,49,Short,1900-01-01 06:28:00,1900-01-01 07:45:00,1.2833333333333334
98034,49,Short,1900-01-01 08:00:00,1900-01-01 09:17:00,1.2833333333333334
98035,49,Short,1900-01-01 06:44:00,1900-01-01 08:02:00,1.3
98036,49,Short,1900-01-01 08:12:00,1900-01-01 09:29:00,1.2833333333333334
98037,49,Short,1900-01-01 06:52:00,1900-01-01 08:12:00,1.3333333333333333
98038,49,Short,1900-01-01 08:24:00,1900-01-01 09:41:00,1.2833333333333334
98039,49,Short,1900-01-01 07:00:00,1900-01-01 08:17:00,1.2833333333333334
98040,39,Short,1900-01-01 08:36:00,1900-01-01 09:35:00,0.9833333333333333
98041,49,Short,1900-01-01 07:13:00,1900-01-01 08:30:00,1.2833333333333334
98042,49,Short,1900-01-01 08:40:00,1900-01-01 09:57:00,1.2833333333333334
98043,49,Short,1900-01-01 07:22:00,1900-01-01 08:39:00,1.2833333333333334
98044,49,Short,1900-01-01 08:50:00,1900-01-01 10:08:00,1.3
98045,49,Short,1900-01-01 07:30:00,1900-01-01 08:47:00,1.2833333333333334
98046,49,Short,1900-01-01 08:58:00,1900-01-01 10:16:00,1.3
98047,49,Short,1900-01-01 07:43:00,1900-01-01 09:00:00,1.2833333333333334
98048,49,Short,1900-01-01 09:10:00,1900-01-01 10:27:00,1.2833333333333334
98049,49,Short,1900-01-01 08:05:00,1900-01-01 09:22:00,1.2833333333333334
98050,49,Short,1900-01-01 09:20:00,1900-01-01 10:37:00,1.2833333333333334
98051,39,Short,1900-01-01 08:34:00,1900-01-01 09:33:00,0.9833333333333333
98052,49,Short,1900-01-01 09:31:00,1900-01-01 10:48:00,1.2833333333333334
98053,49,Short,1900-01-01 08:23:00,1900-01-01 09:40:00,1.2833333333333334
98054,49,Short,1900-01-01 09:40:00,1900-01-01 10:57:00,1.2833333333333334
98055,49,Short,1900-01-01 08:41:00,1900-01-01 09:59:00,1.3
98056,49,Short,1900-01-01 09:54:00,1900-01-01 11:13:00,1.3166666666666667
98057,49,Short,1900-01-01 08:53:00,1900-01-01 10:11:00,1.3
98058,49,Short,1900-01-01 10:08:00,1900-01-01 11:25:00,1.2833333333333334
98059,49,Short,1900-01-01 09:05:00,1900-01-01 10:22:00,1.2833333333333334
98060,49,Short,1900-01-01 10:20:00,1900-01-01 11:37:00,1.2833333333333334
98061,49,Short,1900-01-01 09:17:00,1900-01-01 10:34:00,1.2833333333333334
98062,49,Short,1900-01-01 10:32:00,1900-01-01 11:49:00,1.2833333333333334
98063,49,Short,1900-01-01 09:29:00,1900-01-01 10:47:00,1.3
98064,49,Short,1900-01-01 10:43:00,1900-01-01 12:00:00,1.2833333333333334
98065,49,Short,1900-01-01 09:45:00,1900-01-01 11:02:00,1.2833333333333334
98066,49,Short,1900-01-01 10:59:00,1900-01-01 12:17:00,1.3
98067,49,Short,1900-01-01 10:01:00,1900-01-01 11:18:00,1.2833333333333334
98068,49,Short,1900-01-01 11:09:00,1900-01-01 12:26:00,1.2833333333333334
98069,49,Short,1900-01-01 10:12:00,1900-01-01 11:29:00,1.2833333333333334
98070,49,Short,1900-01-01 11:18:00,1900-01-01 12:35:00,1.2833333333333334
98071,49,Short,1900-01-01 10:23:00,1900-01-01 11:40:00,1.2833333333333334
98072,49,Short,1900-01-01 11:32:00,1900-01-01 12:49:00,1.2833333333333334
98073,49,Short,1900-01-01 10:31:00,1900-01-01 11:48:00,1.2833333333333334
98074,49,Short,1900-01-01 11:40:00,1900-01-01 12:57:00,1.2833333333333334
98075,49,Short,1900-01-01 10:41:00,1900-01-01 12:01:00,1.3333333333333333
98076,49,Short,1900-01-01 11:52:00,1900-01-01 13:09:00,1.2833333333333334
98077,49,Short,1900-01-01 10:52:00,1900-01-01 12:09:00,1.2833333333333334
98078,49,Short,1900-01-01 12:04:00,1900-01-01 13:25:00,1.35
98079,49,Short,1900-01-01 11:09:00,1900-01-01 12:26:00,1.2833333333333334
98080,49,Short,1900-01-01 12:09:00,1900-01-01 13:29:00,1.3333333333333333
98081,49,Short,1900-01-01 11:21:00,1900-01-01 12:38:00,1.2833333333333334
98082,49,Short,1900-01-01 12:23:00,1900-01-01 13:41:00,1.3
98083,39,Short,1900-01-01 11:43:00,1900-01-01 12:43:00,1.0
98084,49,Short,1900-01-01 12:36:00,1900-01-01 13:54:00,1.3
98085,49,Short,1900-01-01 11:41:00,1900-01-01 12:58:00,1.2833333333333334
98087,49,Short,1900-01-01 11:54:00,1900-01-01 13:11:00,1.2833333333333334
98088,49,Short,1900-01-01 13:00:00,1900-01-01 14:17:00,1.2833333333333334
98089,49,Short,1900-01-01 12:06:00,1900-01-01 13:23:00,1.2833333333333334
98090,49,Short,1900-01-01 13:08:00,1900-01-01 14:25:00,1.2833333333333334
98091,49,Short,1900-01-01 12:21:00,1900-01-01 13:38:00,1.2833333333333334
98092,49,Short,1900-01-01 13:24:00,1900-01-01 14:41:00,1.2833333333333334
98093,49,Short,1900-01-01 12:40:00,1900-01-01 13:58:00,1.3
98094,49,Short,1900-01-01 13:40:00,1900-01-01 14:57:00,1.2833333333333334
98095,49,Short,1900-01-01 12:53:00,1900-01-01 14:11:00,1.3
98096,49,Short,1900-01-01 13:52:00,1900-01-01 15:09:00,1.2833333333333334
98097,49,Short,1900-01-01 13:05:00,1900-01-01 14:22:00,1.2833333333333334
98098,49,Short,1900-01-01 14:04:00,1900-01-01 15:21:00,1.2833333333333334
98099,49,Short,1900-01-01 13:21:00,1900-01-01 14:38:00,1.2833333333333334
98100,49,Short,1900-01-01 14:20:00,1900-01-01 15:37:00,1.2833333333333334
98101,49,Short,1900-01-01 13:29:00,1900-01-01 14:46:00,1.2833333333333334
98102,49,Short,1900-01-01 14:24:00,1900-01-01 15:41:00,1.2833333333333334
98103,39,Short,1900-01-01 14:19:00,1900-01-01 15:19:00,1.0
98104,49,Short,1900-01-01 14:32:00,1900-01-01 15:49:00,1.2833333333333334
98105,49,Short,1900-01-01 13:45:00,1900-01-01 15:02:00,1.2833333333333334
98106,49,Short,1900-01-01 14:46:00,1900-01-01 16:04:00,1.3
98107,49,Short,1900-01-01 13:58:00,1900-01-01 15:15:00,1.2833333333333334
98108,49,Short,1900-01-01 14:58:00,1900-01-01 16:18:00,1.3333333333333333
98109,49,Short,1900-01-01 14:10:00,1900-01-01 15:29:00,1.3166666666666667
98110,49,Short,1900-01-01 15:15:00,1900-01-01 16:32:00,1.2833333333333334
98111,49,Short,1900-01-01 14:29:00,1900-01-01 15:47:00,1.3
98112,49,Short,1900-01-01 15:27:00,1900-01-01 16:44:00,1.2833333333333334
98113,49,Short,1900-01-01 14:45:00,1900-01-01 16:02:00,1.2833333333333334
98114,49,Short,1900-01-01 15:31:00,1900-01-01 16:48:00,1.2833333333333334
98115,49,Short,1900-01-01 14:57:00,1900-01-01 16:14:00,1.2833333333333334
98116,49,Short,1900-01-01 15:39:00,1900-01-01 16:56:00,1.2833333333333334
98117,49,Short,1900-01-01 15:01:00,1900-01-01 16:18:00,1.2833333333333334
98118,49,Short,1900-01-01 15:57:00,1900-01-01 17:16:00,1.3166666666666667
98119,49,Short,1900-01-01 15:13:00,1900-01-01 16:31:00,1.3
98120,49,Short,1900-01-01 16:14:00,1900-01-01 17:32:00,1.3
98121,49,Short,1900-01-01 15:25:00,1900-01-01 16:42:00,1.2833333333333334
98122,49,Short,1900-01-01 16:22:00,1900-01-01 17:40:00,1.3
98123,49,Short,1900-01-01 15:37:00,1900-01-01 16:54:00,1.2833333333333334
98124,49,Short,1900-01-01 16:41:00,1900-01-01 18:00:00,1.3166666666666667
98125,49,Short,1900-01-01 15:41:00,1900-01-01 16:58:00,1.2833333333333334
98126,49,Short,1900-01-01 16:54:00,1900-01-01 18:12:00,1.3
98127,49,Short,1900-01-01 15:55:00,1900-01-01 17:12:00,1.2833333333333334
98128,49,Short,1900-01-01 17:10:00,1900-01-01 18:27:00,1.2833333333333334
98129,49,Short,1900-01-01 16:00:00,1900-01-01 17:17:00,1.2833333333333334
98130,49,Short,1900-01-01 17:20:00,1900-01-01 18:37:00,1.2833333333333334
98131,49,Short,1900-01-01 16:08:00,1900-01-01 17:27:00,1.3166666666666667
98132,49,Short,1900-01-01 17:38:00,1900-01-01 18:57:00,1.3166666666666667
98133,39,Short,1900-01-01 16:36:00,1900-01-01 17:39:00,1.05
98134,39,Short,1900-01-01 17:48:00,1900-01-01 18:49:00,1.0166666666666666
98135,49,Short,1900-01-01 16:23:00,1900-01-01 17:43:00,1.3333333333333333
98136,49,Short,1900-01-01 17:53:00,1900-01-01 19:12:00,1.3166666666666667
98137,49,Short,1900-01-01 16:36:00,1900-01-01 17:54:00,1.3
98138,49,Short,1900-01-01 18:06:00,1900-01-01 19:24:00,1.3
98139,49,Short,1900-01-01 16:52:00,1900-01-01 18:09:00,1.2833333333333334
98140,49,Short,1900-01-01 18:22:00,1900-01-01 19:43:00,1.35
98141,49,Short,1900-01-01 17:04:00,1900-01-01 18:21:00,1.2833333333333334
98142,49,Short,1900-01-01 18:38:00,1900-01-01 19:57:00,1.3166666666666667
98143,39,Short,1900-01-01 17:30:00,1900-01-01 18:30:00,1.0
98144,39,Short,1900-01-01 18:47:00,1900-01-01 19:46:00,0.9833333333333333
98145,49,Short,1900-01-01 17:21:00,1900-01-01 18:39:00,1.3
98146,49,Short,1900-01-01 18:57:00,1900-01-01 20:14:00,1.2833333333333334
98147,49,Short,1900-01-01 17:33:00,1900-01-01 18:50:00,1.2833333333333334
98148,49,Short,1900-01-01 19:05:00,1900-01-01 20:22:00,1.2833333333333334
98149,39,Short,1900-01-01 17:55:00,1900-01-01 18:55:00,1.0
98150,49,Short,1900-01-01 19:15:00,1900-01-01 20:32:00,1.2833333333333334
98151,49,Short,1900-01-01 17:46:00,1900-01-01 19:05:00,1.3166666666666667
98152,49,Short,1900-01-01 19:26:00,1900-01-01 20:43:00,1.2833333333333334
98153,49,Short,1900-01-01 17:57:00,1900-01-01 19:15:00,1.3
98154,49,Short,1900-01-01 19:39:00,1900-01-01 20:56:00,1.2833333333333334
98155,49,Short,1900-01-01 18:01:00,1900-01-01 19:19:00,1.3
98156,49,Short,1900-01-01 19:53:00,1900-01-01 21:10:00,1.2833333333333334
98157,49,Short,1900-01-01 18:12:00,1900-01-01 19:30:00,1.3
98158,49,Short,1900-01-01 19:57:00,1900-01-01 21:14:00,1.2833333333333334
98159,49,Short,1900-01-01 18:26:00,1900-01-01 19:43:00,1.2833333333333334
98160,49,Short,1900-01-01 20:07:00,1900-01-01 21:26:00,1.3166666666666667
98161,49,Short,1900-01-01 18:40:00,1900-01-01 19:57:00,1.2833333333333334
98162,49,Short,1900-01-01 20:20:00,1900-01-01 21:38:00,1.3
98163,49,Short,1900-01-01 18:54:00,1900-01-01 20:13:00,1.3166666666666667
98164,49,Short,1900-01-01 20:28:00,1900-01-01 21:46:00,1.3
98165,49,Short,1900-01-01 19:07:00,1900-01-01 20:24:00,1.2833333333333334
98166,20,Short,1900-01-01 20:37:00,1900-01-01 21:07:00,0.5
98167,39,Short,1900-01-01 19:29:00,1900-01-01 20:29:00,1.0
98168,49,Short,1900-01-01 20:42:00,1900-01-01 22:01:00,1.3166666666666667
98169,49,Short,1900-01-01 19:20:00,1900-01-01 20:37:00,1.2833333333333334
98170,49,Short,1900-01-01 20:47:00,1900-01-01 22:05:00,1.3
98171,49,Short,1900-01-01 19:32:00,1900-01-01 20:50:00,1.3
98172,49,Short,1900-01-01 20:56:00,1900-01-01 22:14:00,1.3
98173,39,Short,1900-01-01 20:00:00,1900-01-01 20:59:00,0.9833333333333333
98174,49,Short,1900-01-01 21:04:00,1900-01-01 22:22:00,1.3
98175,49,Short,1900-01-01 19:52:00,1900-01-01 21:10:00,1.3
98176,49,Short,1900-01-01 21:14:00,1900-01-01 22:32:00,1.3
98177,39,Short,1900-01-01 20:14:00,1900-01-01 21:14:00,1.0
98178,49,Short,1900-01-01 21:27:00,1900-01-01 22:45:00,1.3
98179,49,Short,1900-01-01 20:05:00,1900-01-01 21:23:00,1.3
98180,49,Short,1900-01-01 21:38:00,1900-01-01 22:55:00,1.2833333333333334
98181,39,Short,1900-01-01 20:30:00,1900-01-01 21:30:00,1.0
98182,49,Short,1900-01-01 21:48:00,1900-01-01 23:06:00,1.3
98183,49,Short,1900-01-01 20:17:00,1900-01-01 21:34:00,1.2833333333333334
98184,49,Short,1900-01-01 21:58:00,1900-01-01 23:15:00,1.2833333333333334
98185,49,Short,1900-01-01 20:35:00,1900-01-01 21:52:00,1.2833333333333334
98186,49,Short,1900-01-01 22:05:00,1900-01-01 23:23:00,1.3
98187,39,Short,1900-01-01 21:03:00,1900-01-01 22:03:00,1.0
98188,49,Short,1900-01-01 22:15:00,1900-01-01 23:32:00,1.2833333333333334
98189,49,Short,1900-01-01 20:50:00,1900-01-01 22:07:00,1.2833333333333334
98190,49,Short,1900-01-01 22:30:00,1900-01-01 23:47:00,1.2833333333333334
98191,49,Short,1900-01-01 21:00:00,1900-01-01 22:17:00,1.2833333333333334
98192,49,Short,1900-01-01 22:45:00,1900-01-01 00:03:00,1.3
98193,49,Short,1900-01-01 21:14:00,1900-01-01 22:32:00,1.3
98194,49,Short,1900-01-01 23:00:00,1900-01-01 00:17:00,1.2833333333333334
98195,49,Short,1900-01-01 21:30:00,1900-01-01 22:49:00,1.3166666666666667
98196,10,Short,1900-01-01 23:08:00,1900-01-01 23:23:00,0.25
98197,49,Short,1900-01-01 21:42:00,1900-01-01 23:00:00,1.3
98198,49,Short,1900-01-01 23:23:00,1900-01-01 00:41:00,1.3
98199,49,Short,1900-01-01 21:57:00,1900-01-01 23:15:00,1.3
98200,20,Short,1900-01-01 23:31:00,1900-01-01 00:01:00,0.5
98201,49,Short,1900-01-01 22:05:00,1900-01-01 23:23:00,1.3
98202,49,Short,1900-01-01 23:44:00,1900-01-01 01:02:00,1.3
98203,49,Short,1900-01-01 22:18:00,1900-01-01 23:35:00,1.2833333333333334
98204,49,Short,1900-01-01 23:59:00,1900-01-01 01:19:00,1.3333333333333333
98205,49,Short,1900-01-01 22:32:00,1900-01-01 23:49:00,1.2833333333333334
98207,49,Short,1900-01-01 22:51:00,1900-01-01 00:08:00,1.2833333333333334
98208,10,Short,1900-01-01 21:31:00,1900-01-01 21:46:00,0.25
98209,49,Short,1900-01-01 23:00:00,1900-01-01 00:17:00,1.2833333333333334
98211,49,Short,1900-01-01 23:15:00,1900-01-01 00:32:00,1.2833333333333334
98213,49,Short,1900-01-01 23:30:00,1900-01-01 00:47:00,1.2833333333333334
98214,10,Short,1900-01-01 00:15:00,1900-01-01 00:30:00,0.25
98215,49,Short,1900-01-01 23:51:00,1900-01-01 01:09:00,1.3
98300,38,Short,1900-01-01 03:48:00,1900-01-01 04:52:00,1.0666666666666667
98301,38,Short,1900-01-01 00:03:00,1900-01-01 01:07:00,1.0666666666666667
98302,38,Short,1900-01-01 04:04:00,1900-01-01 05:08:00,1.0666666666666667
98303,38,Short,1900-01-01 06:12:00,1900-01-01 07:15:00,1.05
98304,38,Short,1900-01-01 04:28:00,1900-01-01 05:32:00,1.0666666666666667
98305,38,Short,1900-01-01 06:36:00,1900-01-01 07:39:00,1.05
98306,38,Short,1900-01-01 05:00:00,1900-01-01 06:04:00,1.0666666666666667
98307,38,Short,1900-01-01 06:48:00,1900-01-01 07:54:00,1.1
98308,38,Short,1900-01-01 05:28:00,1900-01-01 06:32:00,1.0666666666666667
98309,28,Short,1900-01-01 07:51:00,1900-01-01 08:37:00,0.7666666666666667
98310,38,Short,1900-01-01 05:44:00,1900-01-01 06:48:00,1.0666666666666667
98311,38,Short,1900-01-01 07:49:00,1900-01-01 08:52:00,1.05
98312,38,Short,1900-01-01 05:57:00,1900-01-01 07:00:00,1.05
98313,38,Short,1900-01-01 08:09:00,1900-01-01 09:12:00,1.05
98314,38,Short,1900-01-01 06:15:00,1900-01-01 07:18:00,1.05
98315,38,Short,1900-01-01 08:29:00,1900-01-01 09:32:00,1.05
98316,38,Short,1900-01-01 06:29:00,1900-01-01 07:32:00,1.05
98317,38,Short,1900-01-01 08:45:00,1900-01-01 09:48:00,1.05
98318,38,Short,1900-01-01 06:42:00,1900-01-01 07:45:00,1.05
98319,38,Short,1900-01-01 08:57:00,1900-01-01 10:00:00,1.05
98320,38,Short,1900-01-01 07:26:00,1900-01-01 08:29:00,1.05
98321,28,Short,1900-01-01 09:43:00,1900-01-01 10:29:00,0.7666666666666667
98322,38,Short,1900-01-01 07:50:00,1900-01-01 08:53:00,1.05
98323,38,Short,1900-01-01 09:37:00,1900-01-01 10:42:00,1.0833333333333333
98324,38,Short,1900-01-01 08:06:00,1900-01-01 09:09:00,1.05
98325,38,Short,1900-01-01 09:57:00,1900-01-01 11:00:00,1.05
98326,38,Short,1900-01-01 08:46:00,1900-01-01 09:49:00,1.05
98327,38,Short,1900-01-01 10:27:00,1900-01-01 11:30:00,1.05
98328,38,Short,1900-01-01 09:07:00,1900-01-01 10:12:00,1.0833333333333333
98329,28,Short,1900-01-01 10:55:00,1900-01-01 11:43:00,0.8
98330,38,Short,1900-01-01 09:20:00,1900-01-01 10:23:00,1.05
98331,38,Short,1900-01-01 11:00:00,1900-01-01 12:03:00,1.05
98332,38,Short,1900-01-01 09:39:00,1900-01-01 10:42:00,1.05
98333,38,Short,1900-01-01 11:17:00,1900-01-01 12:20:00,1.05
98334,28,Short,1900-01-01 09:58:00,1900-01-01 10:43:00,0.75
98335,38,Short,1900-01-01 11:29:00,1900-01-01 12:34:00,1.0833333333333333
98336,38,Short,1900-01-01 10:12:00,1900-01-01 11:17:00,1.0833333333333333
98337,38,Short,1900-01-01 12:17:00,1900-01-01 13:20:00,1.05
98338,28,Short,1900-01-01 10:38:00,1900-01-01 11:23:00,0.75
98339,38,Short,1900-01-01 12:30:00,1900-01-01 13:34:00,1.0666666666666667
98340,28,Short,1900-01-01 10:50:00,1900-01-01 11:35:00,0.75
98341,38,Short,1900-01-01 13:09:00,1900-01-01 14:12:00,1.05
98342,38,Short,1900-01-01 11:09:00,1900-01-01 12:13:00,1.0666666666666667
98343,38,Short,1900-01-01 13:33:00,1900-01-01 14:36:00,1.05
98344,38,Short,1900-01-01 11:38:00,1900-01-01 12:41:00,1.05
98345,38,Short,1900-01-01 13:49:00,1900-01-01 14:53:00,1.0666666666666667
98346,38,Short,1900-01-01 11:58:00,1900-01-01 13:01:00,1.05
98347,38,Short,1900-01-01 14:21:00,1900-01-01 15:24:00,1.05
98348,38,Short,1900-01-01 12:14:00,1900-01-01 13:17:00,1.05
98349,38,Short,1900-01-01 14:37:00,1900-01-01 15:41:00,1.0666666666666667
98350,38,Short,1900-01-01 12:30:00,1900-01-01 13:34:00,1.0666666666666667
98351,38,Short,1900-01-01 14:49:00,1900-01-01 15:53:00,1.0666666666666667
98352,38,Short,1900-01-01 12:41:00,1900-01-01 13:45:00,1.0666666666666667
98353,38,Short,1900-01-01 15:29:00,1900-01-01 16:34:00,1.0833333333333333
98354,38,Short,1900-01-01 13:30:00,1900-01-01 14:33:00,1.05
98355,28,Short,1900-01-01 16:07:00,1900-01-01 16:53:00,0.7666666666666667
98356,38,Short,1900-01-01 13:50:00,1900-01-01 14:53:00,1.05
98357,38,Short,1900-01-01 16:28:00,1900-01-01 17:31:00,1.05
98358,38,Short,1900-01-01 14:26:00,1900-01-01 15:29:00,1.05
98359,38,Short,1900-01-01 16:48:00,1900-01-01 17:51:00,1.05
98360,38,Short,1900-01-01 14:49:00,1900-01-01 15:53:00,1.0666666666666667
98361,38,Short,1900-01-01 17:00:00,1900-01-01 18:03:00,1.05
98362,38,Short,1900-01-01 15:04:00,1900-01-01 16:08:00,1.0666666666666667
98363,38,Short,1900-01-01 17:16:00,1900-01-01 18:19:00,1.05
98364,28,Short,1900-01-01 15:37:00,1900-01-01 16:25:00,0.8
98365,38,Short,1900-01-01 18:05:00,1900-01-01 19:09:00,1.0666666666666667
98366,38,Short,1900-01-01 15:49:00,1900-01-01 16:52:00,1.05
98367,28,Short,1900-01-01 19:01:00,1900-01-01 19:47:00,0.7666666666666667
98368,38,Short,1900-01-01 16:07:00,1900-01-01 17:12:00,1.0833333333333333
98369,38,Short,1900-01-01 19:02:00,1900-01-01 20:05:00,1.05
98370,38,Short,1900-01-01 16:24:00,1900-01-01 17:28:00,1.0666666666666667
98371,38,Short,1900-01-01 19:16:00,1900-01-01 20:19:00,1.05
98372,38,Short,1900-01-01 16:42:00,1900-01-01 17:49:00,1.1166666666666667
98373,38,Short,1900-01-01 19:37:00,1900-01-01 20:41:00,1.0666666666666667
98374,38,Short,1900-01-01 17:04:00,1900-01-01 18:08:00,1.0666666666666667
98375,38,Short,1900-01-01 20:00:00,1900-01-01 21:05:00,1.0833333333333333
98376,38,Short,1900-01-01 17:39:00,1900-01-01 18:42:00,1.05
98377,38,Short,1900-01-01 20:26:00,1900-01-01 21:29:00,1.05
98378,38,Short,1900-01-01 17:59:00,1900-01-01 19:04:00,1.0833333333333333
98379,38,Short,1900-01-01 21:18:00,1900-01-01 22:22:00,1.0666666666666667
98380,38,Short,1900-01-01 18:14:00,1900-01-01 19:20:00,1.1
98381,38,Short,1900-01-01 21:38:00,1900-01-01 22:43:00,1.0833333333333333
98382,38,Short,1900-01-01 18:29:00,1900-01-01 19:32:00,1.05
98384,28,Short,1900-01-01 19:23:00,1900-01-01 20:08:00,0.75
98386,38,Short,1900-01-01 19:57:00,1900-01-01 21:00:00,1.05
98388,38,Short,1900-01-01 20:15:00,1900-01-01 21:22:00,1.1166666666666667
98390,38,Short,1900-01-01 20:30:00,1900-01-01 21:34:00,1.0666666666666667
98392,38,Short,1900-01-01 20:48:00,1900-01-01 21:51:00,1.05
98394,38,Short,1900-01-01 21:15:00,1900-01-01 22:18:00,1.05
98500,28,Short,1900-01-01 04:00:00,1900-01-01 04:48:00,0.8
98501,28,Short,1900-01-01 07:18:00,1900-01-01 08:05:00,0.7833333333333333
98502,28,Short,1900-01-01 04:16:00,1900-01-01 05:04:00,0.8
98503,28,Short,1900-01-01 07:36:00,1900-01-01 08:24:00,0.8
98504,28,Short,1900-01-01 04:38:00,1900-01-01 05:26:00,0.8
98505,28,Short,1900-01-01 08:13:00,1900-01-01 09:00:00,0.7833333333333333
98506,28,Short,1900-01-01 05:04:00,1900-01-01 05:52:00,0.8
98507,19,Short,1900-01-01 09:07:00,1900-01-01 09:36:00,0.48333333333333334
98508,28,Short,1900-01-01 05:20:00,1900-01-01 06:08:00,0.8
98509,28,Short,1900-01-01 09:09:00,1900-01-01 09:57:00,0.8
98510,28,Short,1900-01-01 05:36:00,1900-01-01 06:24:00,0.8
98511,28,Short,1900-01-01 09:21:00,1900-01-01 10:08:00,0.7833333333333333
98512,28,Short,1900-01-01 05:48:00,1900-01-01 06:36:00,0.8
98513,28,Short,1900-01-01 09:33:00,1900-01-01 10:21:00,0.8
98514,19,Short,1900-01-01 06:04:00,1900-01-01 06:34:00,0.5
98515,28,Short,1900-01-01 09:49:00,1900-01-01 10:36:00,0.7833333333333333
98516,28,Short,1900-01-01 07:09:00,1900-01-01 07:57:00,0.8
98517,28,Short,1900-01-01 10:08:00,1900-01-01 10:55:00,0.7833333333333333
98518,28,Short,1900-01-01 07:17:00,1900-01-01 08:05:00,0.8
98519,28,Short,1900-01-01 10:16:00,1900-01-01 11:04:00,0.8
98520,28,Short,1900-01-01 07:32:00,1900-01-01 08:20:00,0.8
98521,28,Short,1900-01-01 10:34:00,1900-01-01 11:22:00,0.8
98522,28,Short,1900-01-01 08:13:00,1900-01-01 09:01:00,0.8
98523,28,Short,1900-01-01 10:45:00,1900-01-01 11:32:00,0.7833333333333333
98524,28,Short,1900-01-01 08:36:00,1900-01-01 09:25:00,0.8166666666666667
98525,28,Short,1900-01-01 10:56:00,1900-01-01 11:43:00,0.7833333333333333
98526,28,Short,1900-01-01 09:15:00,1900-01-01 10:04:00,0.8166666666666667
98527,19,Short,1900-01-01 11:31:00,1900-01-01 12:00:00,0.48333333333333334
98528,28,Short,1900-01-01 09:43:00,1900-01-01 10:31:00,0.8
98529,28,Short,1900-01-01 12:45:00,1900-01-01 13:32:00,0.7833333333333333
98530,28,Short,1900-01-01 10:04:00,1900-01-01 10:52:00,0.8
98531,28,Short,1900-01-01 13:01:00,1900-01-01 13:48:00,0.7833333333333333
98532,28,Short,1900-01-01 10:17:00,1900-01-01 11:05:00,0.8
98533,28,Short,1900-01-01 13:37:00,1900-01-01 14:24:00,0.7833333333333333
98535,28,Short,1900-01-01 15:45:00,1900-01-01 16:32:00,0.7833333333333333
98537,28,Short,1900-01-01 16:13:00,1900-01-01 17:00:00,0.7833333333333333
98538,19,Short,1900-01-01 13:41:00,1900-01-01 14:11:00,0.5
98539,28,Short,1900-01-01 16:40:00,1900-01-01 17:27:00,0.7833333333333333
98540,28,Short,1900-01-01 13:57:00,1900-01-01 14:45:00,0.8
98541,28,Short,1900-01-01 17:08:00,1900-01-01 17:55:00,0.7833333333333333
98543,28,Short,1900-01-01 17:25:00,1900-01-01 18:13:00,0.8
98544,28,Short,1900-01-01 14:37:00,1900-01-01 15:25:00,0.8
98545,28,Short,1900-01-01 17:41:00,1900-01-01 18:30:00,0.8166666666666667
98546,19,Short,1900-01-01 15:25:00,1900-01-01 15:55:00,0.5
98547,28,Short,1900-01-01 17:53:00,1900-01-01 18:42:00,0.8166666666666667
98548,28,Short,1900-01-01 15:35:00,1900-01-01 16:23:00,0.8
98549,28,Short,1900-01-01 18:16:00,1900-01-01 19:03:00,0.7833333333333333
98550,28,Short,1900-01-01 15:48:00,1900-01-01 16:36:00,0.8
98551,28,Short,1900-01-01 18:33:00,1900-01-01 19:21:00,0.8
98552,28,Short,1900-01-01 16:16:00,1900-01-01 17:04:00,0.8
98553,28,Short,1900-01-01 18:47:00,1900-01-01 19:36:00,0.8166666666666667
98554,28,Short,1900-01-01 16:32:00,1900-01-01 17:20:00,0.8
98555,28,Short,1900-01-01 19:24:00,1900-01-01 20:12:00,0.8
98556,28,Short,1900-01-01 16:47:00,1900-01-01 17:36:00,0.8166666666666667
98557,28,Short,1900-01-01 19:47:00,1900-01-01 20:34:00,0.7833333333333333
98558,19,Short,1900-01-01 16:55:00,1900-01-01 17:25:00,0.5
98559,28,Short,1900-01-01 20:39:00,1900-01-01 21:26:00,0.7833333333333333
98560,28,Short,1900-01-01 17:08:00,1900-01-01 17:56:00,0.8
98561,28,Short,1900-01-01 21:05:00,1900-01-01 21:52:00,0.7833333333333333
98562,19,Short,1900-01-01 17:16:00,1900-01-01 17:46:00,0.5
98563,28,Short,1900-01-01 21:26:00,1900-01-01 22:14:00,0.8
98564,28,Short,1900-01-01 17:35:00,1900-01-01 18:23:00,0.8
98565,28,Short,1900-01-01 21:52:00,1900-01-01 22:39:00,0.7833333333333333
98566,28,Short,1900-01-01 18:02:00,1900-01-01 18:50:00,0.8
98567,28,Short,1900-01-01 22:09:00,1900-01-01 22:56:00,0.7833333333333333
98568,28,Short,1900-01-01 18:26:00,1900-01-01 19:16:00,0.8333333333333334
98569,28,Short,1900-01-01 22:22:00,1900-01-01 23:09:00,0.7833333333333333
98570,19,Short,1900-01-01 18:38:00,1900-01-01 19:10:00,0.5333333333333333
98571,28,Short,1900-01-01 22:38:00,1900-01-01 23:25:00,0.7833333333333333
98572,28,Short,1900-01-01 18:57:00,1900-01-01 19:47:00,0.8333333333333334
98573,28,Short,1900-01-01 23:19:00,1900-01-01 00:06:00,0.7833333333333333
98574,28,Short,1900-01-01 19:12:00,1900-01-01 20:00:00,0.8
98575,28,Short,1900-01-01 23:38:00,1900-01-01 00:25:00,0.7833333333333333
98576,28,Short,1900-01-01 19:30:00,1900-01-01 20:18:00,0.8
98577,28,Short,1900-01-01 23:55:00,1900-01-01 00:42:00,0.7833333333333333
98578,19,Short,1900-01-01 19:51:00,1900-01-01 20:21:00,0.5
98580,19,Short,1900-01-01 20:29:00,1900-01-01 21:00:00,0.5166666666666667
98600,21,Short,1900-01-01 08:00:00,1900-01-01 08:41:00,0.6833333333333333
98601,21,Short,1900-01-01 07:04:00,1900-01-01 07:48:00,0.7333333333333333
98602,21,Short,1900-01-01 08:52:00,1900-01-01 09:33:00,0.6833333333333333
98603,21,Short,1900-01-01 07:57:00,1900-01-01 08:41:00,0.7333333333333333
98604,17,Short,1900-01-01 09:09:00,1900-01-01 09:45:00,0.6
98605,17,Short,1900-01-01 08:33:00,1900-01-01 09:06:00,0.55
98700,10,Short,1900-01-01 00:55:00,1900-01-01 01:15:00,0.3333333333333333
98701,10,Short,1900-01-01 04:27:00,1900-01-01 04:47:00,0.3333333333333333
98702,10,Short,1900-01-01 05:39:00,1900-01-01 06:00:00,0.35
98703,10,Short,1900-01-01 04:55:00,1900-01-01 05:15:00,0.3333333333333333
98704,10,Short,1900-01-01 06:07:00,1900-01-01 06:28:00,0.35
98705,10,Short,1900-01-01 05:12:00,1900-01-01 05:32:00,0.3333333333333333
98706,10,Short,1900-01-01 06:31:00,1900-01-01 06:52:00,0.35
98707,10,Short,1900-01-01 05:26:00,1900-01-01 05:46:00,0.3333333333333333
98708,10,Short,1900-01-01 06:43:00,1900-01-01 07:04:00,0.35
98709,10,Short,1900-01-01 05:52:00,1900-01-01 06:12:00,0.3333333333333333
98710,10,Short,1900-01-01 07:05:00,1900-01-01 07:26:00,0.35
98711,10,Short,1900-01-01 06:16:00,1900-01-01 06:36:00,0.3333333333333333
98712,10,Short,1900-01-01 07:28:00,1900-01-01 07:49:00,0.35
98713,10,Short,1900-01-01 06:40:00,1900-01-01 07:00:00,0.3333333333333333
98714,10,Short,1900-01-01 07:52:00,1900-01-01 08:13:00,0.35
98715,10,Short,1900-01-01 07:09:00,1900-01-01 07:29:00,0.3333333333333333
98716,10,Short,1900-01-01 08:24:00,1900-01-01 08:45:00,0.35
98717,10,Short,1900-01-01 07:40:00,1900-01-01 08:00:00,0.3333333333333333
98718,10,Short,1900-01-01 08:52:00,1900-01-01 09:13:00,0.35
98719,10,Short,1900-01-01 08:01:00,1900-01-01 08:21:00,0.3333333333333333
98720,10,Short,1900-01-01 09:16:00,1900-01-01 09:37:00,0.35
98721,10,Short,1900-01-01 08:37:00,1900-01-01 08:57:00,0.3333333333333333
98722,10,Short,1900-01-01 09:40:00,1900-01-01 10:01:00,0.35
98723,10,Short,1900-01-01 09:01:00,1900-01-01 09:21:00,0.3333333333333333
98724,10,Short,1900-01-01 10:13:00,1900-01-01 10:34:00,0.35
98725,10,Short,1900-01-01 09:25:00,1900-01-01 09:45:00,0.3333333333333333
98726,10,Short,1900-01-01 10:39:00,1900-01-01 11:00:00,0.35
98727,10,Short,1900-01-01 09:53:00,1900-01-01 10:13:00,0.3333333333333333
98728,10,Short,1900-01-01 11:08:00,1900-01-01 11:29:00,0.35
98729,10,Short,1900-01-01 10:20:00,1900-01-01 10:40:00,0.3333333333333333
98730,10,Short,1900-01-01 11:33:00,1900-01-01 11:54:00,0.35
98731,10,Short,1900-01-01 10:48:00,1900-01-01 11:08:00,0.3333333333333333
98732,10,Short,1900-01-01 12:00:00,1900-01-01 12:21:00,0.35
98733,10,Short,1900-01-01 11:13:00,1900-01-01 11:33:00,0.3333333333333333
98734,10,Short,1900-01-01 12:32:00,1900-01-01 12:53:00,0.35
98735,10,Short,1900-01-01 11:45:00,1900-01-01 12:06:00,0.35
98736,10,Short,1900-01-01 13:00:00,1900-01-01 13:21:00,0.35
98737,10,Short,1900-01-01 12:13:00,1900-01-01 12:33:00,0.3333333333333333
98738,10,Short,1900-01-01 13:28:00,1900-01-01 13:49:00,0.35
98739,10,Short,1900-01-01 12:57:00,1900-01-01 13:17:00,0.3333333333333333
98740,10,Short,1900-01-01 14:16:00,1900-01-01 14:37:00,0.35
98741,10,Short,1900-01-01 13:25:00,1900-01-01 13:45:00,0.3333333333333333
98742,10,Short,1900-01-01 14:40:00,1900-01-01 15:01:00,0.35
98743,10,Short,1900-01-01 13:54:00,1900-01-01 14:14:00,0.3333333333333333
98744,10,Short,1900-01-01 15:12:00,1900-01-01 15:33:00,0.35
98745,10,Short,1900-01-01 14:25:00,1900-01-01 14:45:00,0.3333333333333333
98746,10,Short,1900-01-01 15:40:00,1900-01-01 16:00:00,0.3333333333333333
98747,10,Short,1900-01-01 14:53:00,1900-01-01 15:13:00,0.3333333333333333
98748,10,Short,1900-01-01 16:08:00,1900-01-01 16:28:00,0.3333333333333333
98749,10,Short,1900-01-01 15:21:00,1900-01-01 15:41:00,0.3333333333333333
98750,10,Short,1900-01-01 16:38:00,1900-01-01 16:59:00,0.35
98751,10,Short,1900-01-01 15:49:00,1900-01-01 16:09:00,0.3333333333333333
98752,10,Short,1900-01-01 17:03:00,1900-01-01 17:24:00,0.35
98753,10,Short,1900-01-01 16:18:00,1900-01-01 16:38:00,0.3333333333333333
98754,10,Short,1900-01-01 17:32:00,1900-01-01 17:53:00,0.35
98755,10,Short,1900-01-01 16:44:00,1900-01-01 17:04:00,0.3333333333333333
98756,10,Short,1900-01-01 17:56:00,1900-01-01 18:17:00,0.35
98757,10,Short,1900-01-01 17:12:00,1900-01-01 17:32:00,0.3333333333333333
98758,10,Short,1900-01-01 18:25:00,1900-01-01 18:46:00,0.35
98759,10,Short,1900-01-01 17:37:00,1900-01-01 17:57:00,0.3333333333333333
98760,10,Short,1900-01-01 18:49:00,1900-01-01 19:09:00,0.3333333333333333
98761,10,Short,1900-01-01 18:08:00,1900-01-01 18:28:00,0.3333333333333333
98762,10,Short,1900-01-01 19:19:00,1900-01-01 19:40:00,0.35
98763,10,Short,1900-01-01 18:36:00,1900-01-01 18:56:00,0.3333333333333333
98764,10,Short,1900-01-01 19:48:00,1900-01-01 20:08:00,0.3333333333333333
98765,10,Short,1900-01-01 18:58:00,1900-01-01 19:18:00,0.3333333333333333
98766,10,Short,1900-01-01 20:09:00,1900-01-01 20:29:00,0.3333333333333333
98767,10,Short,1900-01-01 19:12:00,1900-01-01 19:32:00,0.3333333333333333
98768,10,Short,1900-01-01 20:26:00,1900-01-01 20:48:00,0.36666666666666664
98769,10,Short,1900-01-01 19:43:00,1900-01-01 20:03:00,0.3333333333333333
98770,10,Short,1900-01-01 20:57:00,1900-01-01 21:18:00,0.35
98771,10,Short,1900-01-01 20:11:00,1900-01-01 20:31:00,0.3333333333333333
98772,10,Short,1900-01-01 21:22:00,1900-01-01 21:42:00,0.3333333333333333
98773,10,Short,1900-01-01 20:32:00,1900-01-01 20:53:00,0.35
98774,10,Short,1900-01-01 21:50:00,1900-01-01 22:10:00,0.3333333333333333
98775,10,Short,1900-01-01 21:10:00,1900-01-01 21:30:00,0.3333333333333333
98776,10,Short,1900-01-01 22:29:00,1900-01-01 22:49:00,0.3333333333333333
98777,10,Short,1900-01-01 21:46:00,1900-01-01 22:06:00,0.3333333333333333
98778,10,Short,1900-01-01 22:59:00,1900-01-01 23:19:00,0.3333333333333333
98779,10,Short,1900-01-01 22:14:00,1900-01-01 22:34:00,0.3333333333333333
98780,10,Short,1900-01-01 23:31:00,1900-01-01 23:51:00,0.3333333333333333
98781,10,Short,1900-01-01 22:41:00,1900-01-01 23:01:00,0.3333333333333333
98782,10,Short,1900-01-01 23:53:00,1900-01-01 00:13:00,0.3333333333333333
98783,10,Short,1900-01-01 23:07:00,1900-01-01 23:27:00,0.3333333333333333
98784,10,Short,1900-01-01 00:18:00,1900-01-01 00:38:00,0.3333333333333333
98785,10,Short,1900-01-01 23:43:00,1900-01-01 00:03:00,0.3333333333333333
98800,10,Short,1900-01-01 04:18:00,1900-01-01 04:39:00,0.35
98801,10,Short,1900-01-01 00:17:00,1900-01-01 00:45:00,0.4666666666666667
98802,10,Short,1900-01-01 04:38:00,1900-01-01 04:59:00,0.35
98803,10,Short,1900-01-01 00:41:00,1900-01-01 01:09:00,0.4666666666666667
98804,10,Short,1900-01-01 05:01:00,1900-01-01 05:22:00,0.35
98805,10,Short,1900-01-01 04:43:00,1900-01-01 05:03:00,0.3333333333333333
98806,10,Short,1900-01-01 05:26:00,1900-01-01 05:47:00,0.35
98807,10,Short,1900-01-01 05:04:00,1900-01-01 05:24:00,0.3333333333333333
98808,10,Short,1900-01-01 05:51:00,1900-01-01 06:12:00,0.35
98809,10,Short,1900-01-01 05:36:00,1900-01-01 05:56:00,0.3333333333333333
98810,10,Short,1900-01-01 06:23:00,1900-01-01 06:44:00,0.35
98811,10,Short,1900-01-01 06:04:00,1900-01-01 06:24:00,0.3333333333333333
98812,10,Short,1900-01-01 06:51:00,1900-01-01 07:12:00,0.35
98813,10,Short,1900-01-01 06:32:00,1900-01-01 06:52:00,0.3333333333333333
98814,10,Short,1900-01-01 07:15:00,1900-01-01 07:36:00,0.35
98815,10,Short,1900-01-01 06:56:00,1900-01-01 07:17:00,0.35
98816,10,Short,1900-01-01 07:40:00,1900-01-01 08:01:00,0.35
98817,10,Short,1900-01-01 07:26:00,1900-01-01 07:46:00,0.3333333333333333
98818,10,Short,1900-01-01 08:12:00,1900-01-01 08:33:00,0.35
98819,10,Short,1900-01-01 07:53:00,1900-01-01 08:13:00,0.3333333333333333
98820,10,Short,1900-01-01 08:36:00,1900-01-01 08:57:00,0.35
98821,10,Short,1900-01-01 08:17:00,1900-01-01 08:37:00,0.3333333333333333
98822,10,Short,1900-01-01 09:00:00,1900-01-01 09:21:00,0.35
98823,10,Short,1900-01-01 08:49:00,1900-01-01 09:09:00,0.3333333333333333
98824,10,Short,1900-01-01 09:32:00,1900-01-01 09:53:00,0.35
98825,10,Short,1900-01-01 09:13:00,1900-01-01 09:33:00,0.3333333333333333
98826,10,Short,1900-01-01 09:57:00,1900-01-01 10:19:00,0.36666666666666664
98827,10,Short,1900-01-01 09:41:00,1900-01-01 10:01:00,0.3333333333333333
98828,10,Short,1900-01-01 10:24:00,1900-01-01 10:45:00,0.35
98829,10,Short,1900-01-01 10:04:00,1900-01-01 10:24:00,0.3333333333333333
98830,10,Short,1900-01-01 10:48:00,1900-01-01 11:09:00,0.35
98831,10,Short,1900-01-01 10:37:00,1900-01-01 10:57:00,0.3333333333333333
98832,10,Short,1900-01-01 11:20:00,1900-01-01 11:41:00,0.35
98833,10,Short,1900-01-01 11:03:00,1900-01-01 11:23:00,0.3333333333333333
98834,10,Short,1900-01-01 11:48:00,1900-01-01 12:09:00,0.35
98835,10,Short,1900-01-01 11:35:00,1900-01-01 11:57:00,0.36666666666666664
98836,10,Short,1900-01-01 12:24:00,1900-01-01 12:45:00,0.35
98837,10,Short,1900-01-01 11:58:00,1900-01-01 12:18:00,0.3333333333333333
98838,10,Short,1900-01-01 12:44:00,1900-01-01 13:05:00,0.35
98839,10,Short,1900-01-01 12:25:00,1900-01-01 12:45:00,0.3333333333333333
98840,10,Short,1900-01-01 13:16:00,1900-01-01 13:37:00,0.35
98841,10,Short,1900-01-01 12:49:00,1900-01-01 13:09:00,0.3333333333333333
98842,10,Short,1900-01-01 13:37:00,1900-01-01 13:58:00,0.35
98843,10,Short,1900-01-01 13:13:00,1900-01-01 13:33:00,0.3333333333333333
98844,10,Short,1900-01-01 14:00:00,1900-01-01 14:21:00,0.35
98845,10,Short,1900-01-01 13:41:00,1900-01-01 14:01:00,0.3333333333333333
98846,10,Short,1900-01-01 14:28:00,1900-01-01 14:49:00,0.35
98847,10,Short,1900-01-01 14:06:00,1900-01-01 14:26:00,0.3333333333333333
98848,10,Short,1900-01-01 14:52:00,1900-01-01 15:13:00,0.35
98849,10,Short,1900-01-01 14:41:00,1900-01-01 15:01:00,0.3333333333333333
98850,10,Short,1900-01-01 15:25:00,1900-01-01 15:45:00,0.3333333333333333
98851,10,Short,1900-01-01 15:05:00,1900-01-01 15:25:00,0.3333333333333333
98852,10,Short,1900-01-01 15:52:00,1900-01-01 16:13:00,0.35
98853,10,Short,1900-01-01 15:33:00,1900-01-01 15:53:00,0.3333333333333333
98854,10,Short,1900-01-01 16:19:00,1900-01-01 16:40:00,0.35
98855,10,Short,1900-01-01 16:04:00,1900-01-01 16:24:00,0.3333333333333333
98856,10,Short,1900-01-01 16:46:00,1900-01-01 17:08:00,0.36666666666666664
98857,10,Short,1900-01-01 16:32:00,1900-01-01 16:52:00,0.3333333333333333
98858,10,Short,1900-01-01 17:22:00,1900-01-01 17:44:00,0.36666666666666664
98859,10,Short,1900-01-01 16:56:00,1900-01-01 17:16:00,0.3333333333333333
98860,10,Short,1900-01-01 17:43:00,1900-01-01 18:04:00,0.35
98861,10,Short,1900-01-01 17:29:00,1900-01-01 17:49:00,0.3333333333333333
98862,10,Short,1900-01-01 18:12:00,1900-01-01 18:33:00,0.35
98863,10,Short,1900-01-01 17:50:00,1900-01-01 18:10:00,0.3333333333333333
98864,10,Short,1900-01-01 18:33:00,1900-01-01 18:54:00,0.35
98865,10,Short,1900-01-01 18:21:00,1900-01-01 18:43:00,0.36666666666666664
98866,10,Short,1900-01-01 19:07:00,1900-01-01 19:28:00,0.35
98867,10,Short,1900-01-01 18:50:00,1900-01-01 19:10:00,0.3333333333333333
98868,10,Short,1900-01-01 19:33:00,1900-01-01 19:54:00,0.35
98869,10,Short,1900-01-01 19:28:00,1900-01-01 19:48:00,0.3333333333333333
98870,10,Short,1900-01-01 20:14:00,1900-01-01 20:35:00,0.35
98871,10,Short,1900-01-01 19:57:00,1900-01-01 20:17:00,0.3333333333333333
98872,10,Short,1900-01-01 20:44:00,1900-01-01 21:05:00,0.35
98873,10,Short,1900-01-01 20:22:00,1900-01-01 20:44:00,0.36666666666666664
98874,10,Short,1900-01-01 21:08:00,1900-01-01 21:30:00,0.36666666666666664
98875,10,Short,1900-01-01 20:54:00,1900-01-01 21:14:00,0.3333333333333333
98876,10,Short,1900-01-01 21:37:00,1900-01-01 21:57:00,0.3333333333333333
98877,10,Short,1900-01-01 21:22:00,1900-01-01 21:42:00,0.3333333333333333
98878,10,Short,1900-01-01 22:06:00,1900-01-01 22:26:00,0.3333333333333333
98879,10,Short,1900-01-01 21:34:00,1900-01-01 21:55:00,0.35
98880,10,Short,1900-01-01 22:18:00,1900-01-01 22:38:00,0.3333333333333333
98881,10,Short,1900-01-01 22:00:00,1900-01-01 22:20:00,0.3333333333333333
98882,10,Short,1900-01-01 22:43:00,1900-01-01 23:03:00,0.3333333333333333
98883,10,Short,1900-01-01 22:26:00,1900-01-01 22:46:00,0.3333333333333333
98884,10,Short,1900-01-01 23:16:00,1900-01-01 23:36:00,0.3333333333333333
98885,10,Short,1900-01-01 22:55:00,1900-01-01 23:15:00,0.3333333333333333
98886,10,Short,1900-01-01 23:39:00,1900-01-01 23:59:00,0.3333333333333333
98887,10,Short,1900-01-01 23:23:00,1900-01-01 23:43:00,0.3333333333333333
98900,40,Short,1900-01-01 08:04:00,1900-01-01 09:10:00,1.1
98901,39,Short,1900-01-01 05:57:00,1900-01-01 06:57:00,1.0
98902,40,Short,1900-01-01 09:08:00,1900-01-01 10:18:00,1.1666666666666667
98903,39,Short,1900-01-01 06:59:00,1900-01-01 07:58:00,0.9833333333333333
98904,40,Short,1900-01-01 10:01:00,1900-01-01 11:10:00,1.15
98905,39,Short,1900-01-01 07:40:00,1900-01-01 08:39:00,0.9833333333333333
98906,40,Short,1900-01-01 12:47:00,1900-01-01 13:53:00,1.1
98907,39,Short,1900-01-01 10:47:00,1900-01-01 11:46:00,0.9833333333333333
98908,40,Short,1900-01-01 18:39:00,1900-01-01 19:47:00,1.1333333333333333
98909,39,Short,1900-01-01 16:33:00,1900-01-01 17:33:00,1.0
98910,40,Short,1900-01-01 19:02:00,1900-01-01 20:09:00,1.1166666666666667
98911,39,Short,1900-01-01 17:01:00,1900-01-01 18:00:00,0.9833333333333333
98912,40,Short,1900-01-01 19:37:00,1900-01-01 20:47:00,1.1666666666666667
98913,40,Short,1900-01-01 17:29:00,1900-01-01 18:39:00,1.1666666666666667
98914,40,Short,1900-01-01 20:40:00,1900-01-01 21:48:00,1.1333333333333333
98915,40,Short,1900-01-01 18:31:00,1900-01-01 19:43:00,1.2
98916,40,Short,1900-01-01 21:34:00,1900-01-01 22:40:00,1.1
98917,40,Short,1900-01-01 19:30:00,1900-01-01 20:40:00,1.1666666666666667
99000,34,Short,1900-01-01 04:35:00,1900-01-01 05:29:00,0.9
99001,34,Short,1900-01-01 06:20:00,1900-01-01 07:13:00,0.8833333333333333
99002,34,Short,1900-01-01 05:33:00,1900-01-01 06:26:00,0.8833333333333333
99003,34,Short,1900-01-01 07:05:00,1900-01-01 07:58:00,0.8833333333333333
99004,34,Short,1900-01-01 06:19:00,1900-01-01 07:12:00,0.8833333333333333
99005,34,Short,1900-01-01 08:03:00,1900-01-01 08:56:00,0.8833333333333333
99006,34,Short,1900-01-01 06:55:00,1900-01-01 07:51:00,0.9333333333333333
99007,34,Short,1900-01-01 09:00:00,1900-01-01 09:49:00,0.8166666666666667
99008,34,Short,1900-01-01 07:24:00,1900-01-01 08:17:00,0.8833333333333333
99009,34,Short,1900-01-01 09:14:00,1900-01-01 10:07:00,0.8833333333333333
99010,34,Short,1900-01-01 08:06:00,1900-01-01 08:52:00,0.7666666666666667
99011,34,Short,1900-01-01 10:00:00,1900-01-01 10:53:00,0.8833333333333333
99012,34,Short,1900-01-01 09:16:00,1900-01-01 10:10:00,0.9
99013,34,Short,1900-01-01 11:11:00,1900-01-01 12:04:00,0.8833333333333333
99014,34,Short,1900-01-01 10:01:00,1900-01-01 10:55:00,0.9
99015,34,Short,1900-01-01 12:07:00,1900-01-01 13:02:00,0.9166666666666666
99016,34,Short,1900-01-01 10:28:00,1900-01-01 11:21:00,0.8833333333333333
99017,34,Short,1900-01-01 12:50:00,1900-01-01 13:43:00,0.8833333333333333
99018,34,Short,1900-01-01 11:05:00,1900-01-01 11:58:00,0.8833333333333333
99019,34,Short,1900-01-01 13:13:00,1900-01-01 14:06:00,0.8833333333333333
99020,34,Short,1900-01-01 12:13:00,1900-01-01 13:06:00,0.8833333333333333
99021,34,Short,1900-01-01 14:15:00,1900-01-01 15:11:00,0.9333333333333333
99022,34,Short,1900-01-01 13:12:00,1900-01-01 14:05:00,0.8833333333333333
99023,34,Short,1900-01-01 15:29:00,1900-01-01 16:22:00,0.8833333333333333
99024,34,Short,1900-01-01 13:56:00,1900-01-01 14:49:00,0.8833333333333333
99025,34,Short,1900-01-01 16:38:00,1900-01-01 17:31:00,0.8833333333333333
99026,34,Short,1900-01-01 14:16:00,1900-01-01 15:09:00,0.8833333333333333
99027,34,Short,1900-01-01 17:20:00,1900-01-01 18:13:00,0.8833333333333333
99028,34,Short,1900-01-01 15:19:00,1900-01-01 16:12:00,0.8833333333333333
99029,34,Short,1900-01-01 17:50:00,1900-01-01 18:43:00,0.8833333333333333
99030,34,Short,1900-01-01 16:37:00,1900-01-01 17:30:00,0.8833333333333333
99031,34,Short,1900-01-01 18:34:00,1900-01-01 19:27:00,0.8833333333333333
99032,34,Short,1900-01-01 17:42:00,1900-01-01 18:35:00,0.8833333333333333
99033,34,Short,1900-01-01 19:14:00,1900-01-01 20:03:00,0.8166666666666667
99034,34,Short,1900-01-01 18:26:00,1900-01-01 19:12:00,0.7666666666666667
99035,34,Short,1900-01-01 19:50:00,1900-01-01 20:43:00,0.8833333333333333
99036,34,Short,1900-01-01 18:52:00,1900-01-01 19:45:00,0.8833333333333333
99037,34,Short,1900-01-01 20:45:00,1900-01-01 21:39:00,0.9
99038,34,Short,1900-01-01 19:35:00,1900-01-01 20:28:00,0.8833333333333333
99039,34,Short,1900-01-01 21:34:00,1900-01-01 22:27:00,0.8833333333333333
99040,34,Short,1900-01-01 20:12:00,1900-01-01 21:05:00,0.8833333333333333
99041,34,Short,1900-01-01 22:52:00,1900-01-01 23:45:00,0.8833333333333333
99042,34,Short,1900-01-01 21:52:00,1900-01-01 22:45:00,0.8833333333333333
99100,23,Short,1900-01-01 05:09:00,1900-01-01 05:49:00,0.6666666666666666
99101,23,Short,1900-01-01 10:40:00,1900-01-01 11:19:00,0.65
99102,23,Short,1900-01-01 07:01:00,1900-01-01 07:40:00,0.65
99103,23,Short,1900-01-01 20:11:00,1900-01-01 20:50:00,0.65
99104,23,Short,1900-01-01 15:16:00,1900-01-01 15:55:00,0.65
99105,23,Short,1900-01-01 21:19:00,1900-01-01 21:59:00,0.6666666666666666
99107,23,Short,1900-01-01 23:19:00,1900-01-01 23:59:00,0.6666666666666666
99200,20,Short,1900-01-01 06:20:00,1900-01-01 06:52:00,0.5333333333333333
99201,20,Short,1900-01-01 05:40:00,1900-01-01 06:12:00,0.5333333333333333
99202,20,Short,1900-01-01 06:53:00,1900-01-01 07:25:00,0.5333333333333333
99203,20,Short,1900-01-01 06:08:00,1900-01-01 06:40:00,0.5333333333333333
99204,20,Short,1900-01-01 07:30:00,1900-01-01 08:02:00,0.5333333333333333
99205,20,Short,1900-01-01 06:45:00,1900-01-01 07:17:00,0.5333333333333333
99206,20,Short,1900-01-01 08:06:00,1900-01-01 08:38:00,0.5333333333333333
99207,20,Short,1900-01-01 07:26:00,1900-01-01 07:58:00,0.5333333333333333
99208,20,Short,1900-01-01 08:35:00,1900-01-01 09:07:00,0.5333333333333333
99209,20,Short,1900-01-01 07:47:00,1900-01-01 08:19:00,0.5333333333333333
99210,20,Short,1900-01-01 08:55:00,1900-01-01 09:27:00,0.5333333333333333
99211,20,Short,1900-01-01 08:15:00,1900-01-01 08:47:00,0.5333333333333333
99212,20,Short,1900-01-01 09:10:00,1900-01-01 09:42:00,0.5333333333333333
99213,20,Short,1900-01-01 08:29:00,1900-01-01 09:01:00,0.5333333333333333
99214,20,Short,1900-01-01 09:31:00,1900-01-01 10:03:00,0.5333333333333333
99215,20,Short,1900-01-01 08:51:00,1900-01-01 09:23:00,0.5333333333333333
99216,20,Short,1900-01-01 10:16:00,1900-01-01 10:48:00,0.5333333333333333
99217,20,Short,1900-01-01 09:34:00,1900-01-01 10:06:00,0.5333333333333333
99218,20,Short,1900-01-01 11:00:00,1900-01-01 11:32:00,0.5333333333333333
99219,20,Short,1900-01-01 10:18:00,1900-01-01 10:50:00,0.5333333333333333
99220,20,Short,1900-01-01 11:39:00,1900-01-01 12:12:00,0.55
99221,20,Short,1900-01-01 10:56:00,1900-01-01 11:28:00,0.5333333333333333
99222,20,Short,1900-01-01 12:08:00,1900-01-01 12:40:00,0.5333333333333333
99223,20,Short,1900-01-01 11:28:00,1900-01-01 12:00:00,0.5333333333333333
99224,20,Short,1900-01-01 13:02:00,1900-01-01 13:34:00,0.5333333333333333
99225,20,Short,1900-01-01 12:22:00,1900-01-01 12:54:00,0.5333333333333333
99226,20,Short,1900-01-01 14:25:00,1900-01-01 14:57:00,0.5333333333333333
99227,20,Short,1900-01-01 13:40:00,1900-01-01 14:12:00,0.5333333333333333
99228,20,Short,1900-01-01 15:17:00,1900-01-01 15:49:00,0.5333333333333333
99229,20,Short,1900-01-01 14:37:00,1900-01-01 15:09:00,0.5333333333333333
99230,20,Short,1900-01-01 15:55:00,1900-01-01 16:29:00,0.5666666666666667
99231,20,Short,1900-01-01 15:05:00,1900-01-01 15:37:00,0.5333333333333333
99232,20,Short,1900-01-01 16:35:00,1900-01-01 17:07:00,0.5333333333333333
99233,20,Short,1900-01-01 15:55:00,1900-01-01 16:27:00,0.5333333333333333
99234,20,Short,1900-01-01 16:50:00,1900-01-01 17:22:00,0.5333333333333333
99235,20,Short,1900-01-01 16:10:00,1900-01-01 16:42:00,0.5333333333333333
99236,20,Short,1900-01-01 17:32:00,1900-01-01 18:04:00,0.5333333333333333
99237,20,Short,1900-01-01 16:51:00,1900-01-01 17:23:00,0.5333333333333333
99238,20,Short,1900-01-01 17:48:00,1900-01-01 18:20:00,0.5333333333333333
99239,20,Short,1900-01-01 17:07:00,1900-01-01 17:39:00,0.5333333333333333
99240,20,Short,1900-01-01 18:23:00,1900-01-01 18:55:00,0.5333333333333333
99241,20,Short,1900-01-01 17:31:00,1900-01-01 18:03:00,0.5333333333333333
99242,20,Short,1900-01-01 18:55:00,1900-01-01 19:27:00,0.5333333333333333
99243,20,Short,1900-01-01 18:12:00,1900-01-01 18:44:00,0.5333333333333333
99244,20,Short,1900-01-01 19:33:00,1900-01-01 20:05:00,0.5333333333333333
99245,20,Short,1900-01-01 18:53:00,1900-01-01 19:25:00,0.5333333333333333
99246,20,Short,1900-01-01 20:07:00,1900-01-01 20:39:00,0.5333333333333333
99247,20,Short,1900-01-01 19:21:00,1900-01-01 19:53:00,0.5333333333333333
99248,20,Short,1900-01-01 20:22:00,1900-01-01 20:55:00,0.55
99249,20,Short,1900-01-01 19:39:00,1900-01-01 20:11:00,0.5333333333333333
99250,20,Short,1900-01-01 21:15:00,1900-01-01 21:47:00,0.5333333333333333
99251,20,Short,1900-01-01 20:35:00,1900-01-01 21:07:00,0.5333333333333333
99252,20,Short,1900-01-01 21:40:00,1900-01-01 22:12:00,0.5333333333333333
99253,20,Short,1900-01-01 20:58:00,1900-01-01 21:30:00,0.5333333333333333
99254,20,Short,1900-01-01 23:00:00,1900-01-01 23:32:00,0.5333333333333333
99255,20,Short,1900-01-01 22:15:00,1900-01-01 22:47:00,0.5333333333333333
99400,18,Short,1900-01-01 05:35:00,1900-01-01 06:03:00,0.4666666666666667
99401,18,Short,1900-01-01 05:30:00,1900-01-01 05:58:00,0.4666666666666667
99402,18,Short,1900-01-01 05:45:00,1900-01-01 06:13:00,0.4666666666666667
99403,18,Short,1900-01-01 05:56:00,1900-01-01 06:24:00,0.4666666666666667
99404,18,Short,1900-01-01 06:06:00,1900-01-01 06:34:00,0.4666666666666667
99405,18,Short,1900-01-01 06:14:00,1900-01-01 06:42:00,0.4666666666666667
99406,18,Short,1900-01-01 06:32:00,1900-01-01 07:00:00,0.4666666666666667
99407,18,Short,1900-01-01 06:40:00,1900-01-01 07:08:00,0.4666666666666667
99408,18,Short,1900-01-01 06:52:00,1900-01-01 07:20:00,0.4666666666666667
99409,18,Short,1900-01-01 06:59:00,1900-01-01 07:27:00,0.4666666666666667
99410,18,Short,1900-01-01 07:17:00,1900-01-01 07:45:00,0.4666666666666667
99411,18,Short,1900-01-01 07:17:00,1900-01-01 07:45:00,0.4666666666666667
99412,18,Short,1900-01-01 07:40:00,1900-01-01 08:08:00,0.4666666666666667
99413,18,Short,1900-01-01 07:34:00,1900-01-01 08:02:00,0.4666666666666667
99414,18,Short,1900-01-01 07:54:00,1900-01-01 08:22:00,0.4666666666666667
99415,18,Short,1900-01-01 07:55:00,1900-01-01 08:23:00,0.4666666666666667
99416,18,Short,1900-01-01 08:16:00,1900-01-01 08:44:00,0.4666666666666667
99417,18,Short,1900-01-01 08:10:00,1900-01-01 08:38:00,0.4666666666666667
99418,18,Short,1900-01-01 08:31:00,1900-01-01 08:59:00,0.4666666666666667
99419,18,Short,1900-01-01 08:24:00,1900-01-01 08:52:00,0.4666666666666667
99420,18,Short,1900-01-01 08:48:00,1900-01-01 09:17:00,0.48333333333333334
99421,18,Short,1900-01-01 08:44:00,1900-01-01 09:12:00,0.4666666666666667
99422,18,Short,1900-01-01 09:05:00,1900-01-01 09:33:00,0.4666666666666667
99423,18,Short,1900-01-01 09:08:00,1900-01-01 09:36:00,0.4666666666666667
99424,18,Short,1900-01-01 09:20:00,1900-01-01 09:48:00,0.4666666666666667
99425,18,Short,1900-01-01 09:24:00,1900-01-01 09:52:00,0.4666666666666667
99426,18,Short,1900-01-01 09:47:00,1900-01-01 10:16:00,0.48333333333333334
99427,18,Short,1900-01-01 09:39:00,1900-01-01 10:07:00,0.4666666666666667
99428,18,Short,1900-01-01 10:00:00,1900-01-01 10:28:00,0.4666666666666667
99429,18,Short,1900-01-01 09:50:00,1900-01-01 10:19:00,0.48333333333333334
99430,18,Short,1900-01-01 10:15:00,1900-01-01 10:43:00,0.4666666666666667
99431,18,Short,1900-01-01 10:11:00,1900-01-01 10:39:00,0.4666666666666667
99432,18,Short,1900-01-01 10:32:00,1900-01-01 11:00:00,0.4666666666666667
99433,18,Short,1900-01-01 10:29:00,1900-01-01 10:57:00,0.4666666666666667
99434,18,Short,1900-01-01 10:47:00,1900-01-01 11:15:00,0.4666666666666667
99435,18,Short,1900-01-01 10:49:00,1900-01-01 11:17:00,0.4666666666666667
99436,18,Short,1900-01-01 11:10:00,1900-01-01 11:38:00,0.4666666666666667
99437,18,Short,1900-01-01 11:03:00,1900-01-01 11:31:00,0.4666666666666667
99438,18,Short,1900-01-01 11:25:00,1900-01-01 11:53:00,0.4666666666666667
99439,18,Short,1900-01-01 11:22:00,1900-01-01 11:50:00,0.4666666666666667
99440,18,Short,1900-01-01 11:39:00,1900-01-01 12:07:00,0.4666666666666667
99441,18,Short,1900-01-01 11:42:00,1900-01-01 12:10:00,0.4666666666666667
99442,18,Short,1900-01-01 12:00:00,1900-01-01 12:28:00,0.4666666666666667
99443,18,Short,1900-01-01 12:00:00,1900-01-01 12:28:00,0.4666666666666667
99444,18,Short,1900-01-01 12:22:00,1900-01-01 12:50:00,0.4666666666666667
99445,18,Short,1900-01-01 12:13:00,1900-01-01 12:41:00,0.4666666666666667
99446,18,Short,1900-01-01 12:50:00,1900-01-01 13:18:00,0.4666666666666667
99447,18,Short,1900-01-01 12:35:00,1900-01-01 13:04:00,0.48333333333333334
99448,18,Short,1900-01-01 13:20:00,1900-01-01 13:48:00,0.4666666666666667
99449,18,Short,1900-01-01 13:00:00,1900-01-01 13:29:00,0.48333333333333334
99450,18,Short,1900-01-01 13:45:00,1900-01-01 14:13:00,0.4666666666666667
99451,18,Short,1900-01-01 13:27:00,1900-01-01 13:56:00,0.48333333333333334
99452,18,Short,1900-01-01 14:04:00,1900-01-01 14:32:00,0.4666666666666667
99453,18,Short,1900-01-01 14:00:00,1900-01-01 14:29:00,0.48333333333333334
99454,18,Short,1900-01-01 14:46:00,1900-01-01 15:14:00,0.4666666666666667
99455,18,Short,1900-01-01 14:20:00,1900-01-01 14:48:00,0.4666666666666667
99456,18,Short,1900-01-01 15:05:00,1900-01-01 15:33:00,0.4666666666666667
99457,18,Short,1900-01-01 14:56:00,1900-01-01 15:24:00,0.4666666666666667
99458,18,Short,1900-01-01 15:35:00,1900-01-01 16:03:00,0.4666666666666667
99459,18,Short,1900-01-01 15:20:00,1900-01-01 15:48:00,0.4666666666666667
99460,18,Short,1900-01-01 15:56:00,1900-01-01 16:24:00,0.4666666666666667
99461,18,Short,1900-01-01 15:40:00,1900-01-01 16:08:00,0.4666666666666667
99462,18,Short,1900-01-01 16:16:00,1900-01-01 16:44:00,0.4666666666666667
99463,18,Short,1900-01-01 16:05:00,1900-01-01 16:33:00,0.4666666666666667
99464,18,Short,1900-01-01 16:30:00,1900-01-01 16:58:00,0.4666666666666667
99465,18,Short,1900-01-01 16:24:00,1900-01-01 16:52:00,0.4666666666666667
99466,18,Short,1900-01-01 16:45:00,1900-01-01 17:13:00,0.4666666666666667
99467,18,Short,1900-01-01 16:43:00,1900-01-01 17:12:00,0.48333333333333334
99468,18,Short,1900-01-01 17:07:00,1900-01-01 17:35:00,0.4666666666666667
99469,18,Short,1900-01-01 17:00:00,1900-01-01 17:28:00,0.4666666666666667
99470,18,Short,1900-01-01 17:24:00,1900-01-01 17:52:00,0.4666666666666667
99471,18,Short,1900-01-01 17:25:00,1900-01-01 17:53:00,0.4666666666666667
99472,18,Short,1900-01-01 17:42:00,1900-01-01 18:10:00,0.4666666666666667
99473,18,Short,1900-01-01 17:40:00,1900-01-01 18:08:00,0.4666666666666667
99474,18,Short,1900-01-01 18:01:00,1900-01-01 18:29:00,0.4666666666666667
99475,18,Short,1900-01-01 18:00:00,1900-01-01 18:28:00,0.4666666666666667
99476,18,Short,1900-01-01 18:16:00,1900-01-01 18:44:00,0.4666666666666667
99477,18,Short,1900-01-01 18:17:00,1900-01-01 18:45:00,0.4666666666666667
99478,18,Short,1900-01-01 18:36:00,1900-01-01 19:04:00,0.4666666666666667
99479,18,Short,1900-01-01 18:29:00,1900-01-01 18:57:00,0.4666666666666667
99480,18,Short,1900-01-01 18:53:00,1900-01-01 19:21:00,0.4666666666666667
99481,18,Short,1900-01-01 18:45:00,1900-01-01 19:13:00,0.4666666666666667
99482,18,Short,1900-01-01 19:06:00,1900-01-01 19:34:00,0.4666666666666667
99483,18,Short,1900-01-01 19:05:00,1900-01-01 19:33:00,0.4666666666666667
99484,18,Short,1900-01-01 19:25:00,1900-01-01 19:53:00,0.4666666666666667
99485,18,Short,1900-01-01 19:28:00,1900-01-01 19:56:00,0.4666666666666667
99486,18,Short,1900-01-01 19:46:00,1900-01-01 20:14:00,0.4666666666666667
99487,18,Short,1900-01-01 19:45:00,1900-01-01 20:13:00,0.4666666666666667
99488,18,Short,1900-01-01 20:05:00,1900-01-01 20:33:00,0.4666666666666667
99489,18,Short,1900-01-01 20:00:00,1900-01-01 20:30:00,0.5
99490,18,Short,1900-01-01 20:22:00,1900-01-01 20:51:00,0.48333333333333334
99491,18,Short,1900-01-01 20:22:00,1900-01-01 20:50:00,0.4666666666666667
99492,18,Short,1900-01-01 20:40:00,1900-01-01 21:08:00,0.4666666666666667
99493,18,Short,1900-01-01 20:51:00,1900-01-01 21:19:00,0.4666666666666667
99494,18,Short,1900-01-01 20:59:00,1900-01-01 21:27:00,0.4666666666666667
99495,18,Short,1900-01-01 21:08:00,1900-01-01 22:37:00,1.4833333333333334
99496,18,Short,1900-01-01 21:30:00,1900-01-01 21:58:00,0.4666666666666667
99497,18,Short,1900-01-01 21:55:00,1900-01-01 22:24:00,0.48333333333333334
99498,18,Short,1900-01-01 22:00:00,1900-01-01 22:28:00,0.4666666666666667
99499,18,Short,1900-01-01 22:25:00,1900-01-01 22:54:00,0.48333333333333334
99500,18,Short,1900-01-01 22:35:00,1900-01-01 23:03:00,0.4666666666666667
99501,18,Short,1900-01-01 22:39:00,1900-01-01 23:08:00,0.48333333333333334
99502,18,Short,1900-01-01 23:10:00,1900-01-01 23:38:00,0.4666666666666667
99503,18,Short,1900-01-01 23:45:00,1900-01-01 00:14:00,0.48333333333333334
99801,63,Short,1900-01-01 05:20:00,1900-01-01 06:40:00,1.3333333333333333
99802,63,Short,1900-01-01 00:10:00,1900-01-01 01:50:00,1.6666666666666667
99803,63,Short,1900-01-01 06:30:00,1900-01-01 07:55:00,1.4166666666666667
99804,63,Short,1900-01-01 04:45:00,1900-01-01 06:05:00,1.3333333333333333
99805,63,Short,1900-01-01 07:25:00,1900-01-01 08:50:00,1.4166666666666667
99806,63,Short,1900-01-01 05:45:00,1900-01-01 07:10:00,1.4166666666666667
99807,63,Short,1900-01-01 08:20:00,1900-01-01 09:45:00,1.4166666666666667
99808,63,Short,1900-01-01 06:30:00,1900-01-01 07:55:00,1.4166666666666667
99809,63,Short,1900-01-01 10:10:00,1900-01-01 11:55:00,1.75
99810,63,Short,1900-01-01 08:05:00,1900-01-01 09:30:00,1.4166666666666667
99811,63,Short,1900-01-01 11:30:00,1900-01-01 12:55:00,1.4166666666666667
99812,63,Short,1900-01-01 09:55:00,1900-01-01 11:20:00,1.4166666666666667
99813,63,Short,1900-01-01 14:00:00,1900-01-01 15:25:00,1.4166666666666667
99814,61,Short,1900-01-01 11:20:00,1900-01-01 12:38:00,1.3
99815,63,Short,1900-01-01 14:50:00,1900-01-01 16:15:00,1.4166666666666667
99816,63,Short,1900-01-01 12:15:00,1900-01-01 13:45:00,1.5
99817,63,Short,1900-01-01 15:40:00,1900-01-01 17:05:00,1.4166666666666667
99818,63,Short,1900-01-01 13:00:00,1900-01-01 14:20:00,1.3333333333333333
99819,63,Short,1900-01-01 17:25:00,1900-01-01 18:50:00,1.4166666666666667
99820,63,Short,1900-01-01 15:00:00,1900-01-01 16:25:00,1.4166666666666667
99821,63,Short,1900-01-01 18:20:00,1900-01-01 19:45:00,1.4166666666666667
99822,63,Short,1900-01-01 16:25:00,1900-01-01 17:50:00,1.4166666666666667
99823,61,Short,1900-01-01 19:00:00,1900-01-01 20:25:00,1.4166666666666667
99824,63,Short,1900-01-01 17:15:00,1900-01-01 18:40:00,1.4166666666666667
99825,63,Short,1900-01-01 19:35:00,1900-01-01 20:55:00,1.3333333333333333
99826,63,Short,1900-01-01 18:02:00,1900-01-01 19:27:00,1.4166666666666667
99827,63,Short,1900-01-01 20:40:00,1900-01-01 22:00:00,1.3333333333333333
99828,63,Short,1900-01-01 19:05:00,1900-01-01 20:30:00,1.4166666666666667
99829,63,Short,1900-01-01 21:35:00,1900-01-01 22:55:00,1.3333333333333333
99830,63,Short,1900-01-01 20:05:00,1900-01-01 21:25:00,1.3333333333333333
99831,63,Short,1900-01-01 22:05:00,1900-01-01 23:25:00,1.3333333333333333
99832,61,Short,1900-01-01 20:35:00,1900-01-01 21:53:00,1.3
99833,63,Short,1900-01-01 22:35:00,1900-01-01 00:20:00,1.75
99834,63,Short,1900-01-01 21:02:00,1900-01-01 22:23:00,1.35
99835,63,Short,1900-01-01 23:40:00,1900-01-01 01:35:00,1.9166666666666667
99836,63,Short,1900-01-01 22:10:00,1900-01-01 23:30:00,1.3333333333333333
99901,34,Short,1900-01-01 00:05:00,1900-01-01 01:15:00,1.1666666666666667
99902,34,Short,1900-01-01 06:50:00,1900-01-01 07:40:00,0.8333333333333334
99903,34,Short,1900-01-01 07:50:00,1900-01-01 08:40:00,0.8333333333333334
99904,34,Short,1900-01-01 08:57:00,1900-01-01 09:47:00,0.8333333333333334
99905,31,Short,1900-01-01 09:57:00,1900-01-01 10:40:00,0.7166666666666667
99906,34,Short,1900-01-01 15:40:00,1900-01-01 16:30:00,0.8333333333333334
99907,34,Short,1900-01-01 16:38:00,1900-01-01 17:30:00,0.8666666666666667
99908,34,Short,1900-01-01 23:00:00,1900-01-01 23:50:00,0.8333333333333334
